block,accepted_slot,source_candidate_id,source_candidate_index
development,0,development:candidate_000000,0
development,1,development:candidate_000001,1
development,2,development:candidate_000002,2
development,3,development:candidate_000003,3
development,4,development:candidate_000004,4
development,5,development:candidate_000005,5
development,6,development:candidate_000007,7
development,7,development:candidate_000008,8
development,8,development:candidate_000009,9
development,9,development:candidate_000010,10
development,10,development:candidate_000011,11
development,11,development:candidate_000012,12
development,12,development:candidate_000013,13
development,13,development:candidate_000014,14
development,14,development:candidate_000015,15
development,15,development:candidate_000016,16
development,16,development:candidate_000017,17
development,17,development:candidate_000018,18
development,18,development:candidate_000019,19
development,19,development:candidate_000020,20
development,20,development:candidate_000021,21
development,21,development:candidate_000022,22
development,22,development:candidate_000023,23
development,23,development:candidate_000024,24
development,24,development:candidate_000025,25
development,25,development:candidate_000026,26
development,26,development:candidate_000027,27
development,27,development:candidate_000028,28
development,28,development:candidate_000029,29
development,29,development:candidate_000030,30
development,30,development:candidate_000031,31
development,31,development:candidate_000032,32
development,32,development:candidate_000033,33
development,33,development:candidate_000034,34
development,34,development:candidate_000035,35
development,35,development:candidate_000036,36
development,36,development:candidate_000037,37
development,37,development:candidate_000038,38
development,38,development:candidate_000039,39
development,39,development:candidate_000040,40
development,40,development:candidate_000041,41
development,41,development:candidate_000042,42
development,42,development:candidate_000043,43
development,43,development:candidate_000044,44
development,44,development:candidate_000045,45
development,45,development:candidate_000046,46
development,46,development:candidate_000047,47
development,47,development:candidate_000048,48
development,48,development:candidate_000049,49
development,49,development:candidate_000050,50
development,50,development:candidate_000051,51
development,51,development:candidate_000052,52
development,52,development:candidate_000053,53
development,53,development:candidate_000054,54
development,54,development:candidate_000055,55
development,55,development:candidate_000056,56
development,56,development:candidate_000057,57
development,57,development:candidate_000058,58
development,58,development:candidate_000059,59
development,59,development:candidate_000060,60
development,60,development:candidate_000061,61
development,61,development:candidate_000062,62
development,62,development:candidate_000063,63
development,63,development:candidate_000064,64
development,64,development:candidate_000065,65
development,65,development:candidate_000066,66
development,66,development:candidate_000068,68
development,67,development:candidate_000069,69
development,68,development:candidate_000070,70
development,69,development:candidate_000071,71
development,70,development:candidate_000072,72
development,71,development:candidate_000073,73
development,72,development:candidate_000074,74
development,73,development:candidate_000075,75
development,74,development:candidate_000077,77
development,75,development:candidate_000078,78
development,76,development:candidate_000079,79
development,77,development:candidate_000080,80
development,78,development:candidate_000081,81
development,79,development:candidate_000082,82
development,80,development:candidate_000083,83
development,81,development:candidate_000084,84
development,82,development:candidate_000085,85
development,83,development:candidate_000087,87
development,84,development:candidate_000088,88
development,85,development:candidate_000089,89
development,86,development:candidate_000090,90
development,87,development:candidate_000091,91
development,88,development:candidate_000092,92
development,89,development:candidate_000093,93
development,90,development:candidate_000094,94
development,91,development:candidate_000095,95
development,92,development:candidate_000096,96
development,93,development:candidate_000097,97
development,94,development:candidate_000098,98
development,95,development:candidate_000099,99
development,96,development:candidate_000100,100
development,97,development:candidate_000101,101
development,98,development:candidate_000102,102
development,99,development:candidate_000103,103
development,100,development:candidate_000105,105
development,101,development:candidate_000106,106
development,102,development:candidate_000107,107
development,103,development:candidate_000108,108
development,104,development:candidate_000110,110
development,105,development:candidate_000111,111
development,106,development:candidate_000112,112
development,107,development:candidate_000113,113
development,108,development:candidate_000114,114
development,109,development:candidate_000115,115
development,110,development:candidate_000116,116
development,111,development:candidate_000117,117
development,112,development:candidate_000118,118
development,113,development:candidate_000119,119
development,114,development:candidate_000120,120
development,115,development:candidate_000121,121
development,116,development:candidate_000122,122
development,117,development:candidate_000123,123
development,118,development:candidate_000124,124
development,119,development:candidate_000125,125
development,120,development:candidate_000126,126
development,121,development:candidate_000127,127
development,122,development:candidate_000128,128
development,123,development:candidate_000129,129
development,124,development:candidate_000130,130
development,125,development:candidate_000131,131
development,126,development:candidate_000132,132
development,127,development:candidate_000133,133
development,128,development:candidate_000134,134
development,129,development:candidate_000136,136
development,130,development:candidate_000137,137
development,131,development:candidate_000138,138
development,132,development:candidate_000139,139
development,133,development:candidate_000140,140
development,134,development:candidate_000141,141
development,135,development:candidate_000143,143
development,136,development:candidate_000144,144
development,137,development:candidate_000145,145
development,138,development:candidate_000146,146
development,139,development:candidate_000147,147
development,140,development:candidate_000148,148
development,141,development:candidate_000151,151
development,142,development:candidate_000152,152
development,143,development:candidate_000153,153
development,144,development:candidate_000154,154
development,145,development:candidate_000155,155
development,146,development:candidate_000156,156
development,147,development:candidate_000157,157
development,148,development:candidate_000158,158
development,149,development:candidate_000159,159
development,150,development:candidate_000160,160
development,151,development:candidate_000161,161
development,152,development:candidate_000162,162
development,153,development:candidate_000163,163
development,154,development:candidate_000164,164
development,155,development:candidate_000165,165
development,156,development:candidate_000166,166
development,157,development:candidate_000167,167
development,158,development:candidate_000168,168
development,159,development:candidate_000169,169
development,160,development:candidate_000170,170
development,161,development:candidate_000171,171
development,162,development:candidate_000172,172
development,163,development:candidate_000173,173
development,164,development:candidate_000174,174
development,165,development:candidate_000175,175
development,166,development:candidate_000176,176
development,167,development:candidate_000177,177
development,168,development:candidate_000179,179
development,169,development:candidate_000180,180
development,170,development:candidate_000181,181
development,171,development:candidate_000182,182
development,172,development:candidate_000183,183
development,173,development:candidate_000184,184
development,174,development:candidate_000185,185
development,175,development:candidate_000186,186
development,176,development:candidate_000187,187
development,177,development:candidate_000188,188
development,178,development:candidate_000189,189
development,179,development:candidate_000190,190
development,180,development:candidate_000192,192
development,181,development:candidate_000193,193
development,182,development:candidate_000194,194
development,183,development:candidate_000195,195
development,184,development:candidate_000196,196
development,185,development:candidate_000197,197
development,186,development:candidate_000198,198
development,187,development:candidate_000199,199
development,188,development:candidate_000200,200
development,189,development:candidate_000201,201
development,190,development:candidate_000202,202
development,191,development:candidate_000203,203
development,192,development:candidate_000204,204
development,193,development:candidate_000205,205
development,194,development:candidate_000206,206
development,195,development:candidate_000207,207
development,196,development:candidate_000208,208
development,197,development:candidate_000209,209
development,198,development:candidate_000210,210
development,199,development:candidate_000211,211
development,200,development:candidate_000212,212
development,201,development:candidate_000213,213
development,202,development:candidate_000214,214
development,203,development:candidate_000215,215
development,204,development:candidate_000216,216
development,205,development:candidate_000217,217
development,206,development:candidate_000218,218
development,207,development:candidate_000219,219
development,208,development:candidate_000220,220
development,209,development:candidate_000221,221
development,210,development:candidate_000222,222
development,211,development:candidate_000223,223
development,212,development:candidate_000224,224
development,213,development:candidate_000225,225
development,214,development:candidate_000226,226
development,215,development:candidate_000227,227
development,216,development:candidate_000228,228
development,217,development:candidate_000229,229
development,218,development:candidate_000231,231
development,219,development:candidate_000233,233
development,220,development:candidate_000234,234
development,221,development:candidate_000235,235
development,222,development:candidate_000236,236
development,223,development:candidate_000237,237
development,224,development:candidate_000238,238
development,225,development:candidate_000239,239
development,226,development:candidate_000241,241
development,227,development:candidate_000242,242
development,228,development:candidate_000245,245
development,229,development:candidate_000248,248
development,230,development:candidate_000249,249
development,231,development:candidate_000250,250
development,232,development:candidate_000251,251
development,233,development:candidate_000252,252
development,234,development:candidate_000253,253
development,235,development:candidate_000254,254
development,236,development:candidate_000255,255
development,237,development:candidate_000256,256
development,238,development:candidate_000257,257
development,239,development:candidate_000258,258
development,240,development:candidate_000259,259
development,241,development:candidate_000260,260
development,242,development:candidate_000261,261
development,243,development:candidate_000263,263
development,244,development:candidate_000264,264
development,245,development:candidate_000265,265
development,246,development:candidate_000266,266
development,247,development:candidate_000267,267
development,248,development:candidate_000268,268
development,249,development:candidate_000269,269
development,250,development:candidate_000270,270
development,251,development:candidate_000271,271
development,252,development:candidate_000272,272
development,253,development:candidate_000273,273
development,254,development:candidate_000274,274
development,255,development:candidate_000275,275
development,256,development:candidate_000276,276
development,257,development:candidate_000277,277
development,258,development:candidate_000279,279
development,259,development:candidate_000280,280
development,260,development:candidate_000281,281
development,261,development:candidate_000282,282
development,262,development:candidate_000283,283
development,263,development:candidate_000284,284
development,264,development:candidate_000285,285
development,265,development:candidate_000286,286
development,266,development:candidate_000287,287
development,267,development:candidate_000288,288
development,268,development:candidate_000290,290
development,269,development:candidate_000291,291
development,270,development:candidate_000292,292
development,271,development:candidate_000293,293
development,272,development:candidate_000294,294
development,273,development:candidate_000295,295
development,274,development:candidate_000296,296
development,275,development:candidate_000297,297
development,276,development:candidate_000298,298
development,277,development:candidate_000299,299
development,278,development:candidate_000300,300
development,279,development:candidate_000301,301
development,280,development:candidate_000302,302
development,281,development:candidate_000303,303
development,282,development:candidate_000305,305
development,283,development:candidate_000306,306
development,284,development:candidate_000307,307
development,285,development:candidate_000308,308
development,286,development:candidate_000309,309
development,287,development:candidate_000310,310
development,288,development:candidate_000311,311
development,289,development:candidate_000312,312
development,290,development:candidate_000314,314
development,291,development:candidate_000315,315
development,292,development:candidate_000316,316
development,293,development:candidate_000317,317
development,294,development:candidate_000318,318
development,295,development:candidate_000319,319
development,296,development:candidate_000320,320
development,297,development:candidate_000321,321
development,298,development:candidate_000322,322
development,299,development:candidate_000323,323
development,300,development:candidate_000324,324
development,301,development:candidate_000325,325
development,302,development:candidate_000326,326
development,303,development:candidate_000327,327
development,304,development:candidate_000328,328
development,305,development:candidate_000329,329
development,306,development:candidate_000330,330
development,307,development:candidate_000331,331
development,308,development:candidate_000332,332
development,309,development:candidate_000333,333
development,310,development:candidate_000334,334
development,311,development:candidate_000335,335
development,312,development:candidate_000336,336
development,313,development:candidate_000337,337
development,314,development:candidate_000338,338
development,315,development:candidate_000339,339
development,316,development:candidate_000340,340
development,317,development:candidate_000341,341
development,318,development:candidate_000342,342
development,319,development:candidate_000343,343
development,320,development:candidate_000344,344
development,321,development:candidate_000346,346
development,322,development:candidate_000347,347
development,323,development:candidate_000348,348
development,324,development:candidate_000350,350
development,325,development:candidate_000351,351
development,326,development:candidate_000352,352
development,327,development:candidate_000353,353
development,328,development:candidate_000354,354
development,329,development:candidate_000355,355
development,330,development:candidate_000356,356
development,331,development:candidate_000357,357
development,332,development:candidate_000358,358
development,333,development:candidate_000359,359
development,334,development:candidate_000361,361
development,335,development:candidate_000362,362
development,336,development:candidate_000363,363
development,337,development:candidate_000364,364
development,338,development:candidate_000365,365
development,339,development:candidate_000366,366
development,340,development:candidate_000367,367
development,341,development:candidate_000368,368
development,342,development:candidate_000369,369
development,343,development:candidate_000370,370
development,344,development:candidate_000371,371
development,345,development:candidate_000372,372
development,346,development:candidate_000373,373
development,347,development:candidate_000374,374
development,348,development:candidate_000375,375
development,349,development:candidate_000376,376
development,350,development:candidate_000377,377
development,351,development:candidate_000378,378
development,352,development:candidate_000379,379
development,353,development:candidate_000380,380
development,354,development:candidate_000381,381
development,355,development:candidate_000382,382
development,356,development:candidate_000383,383
development,357,development:candidate_000384,384
development,358,development:candidate_000385,385
development,359,development:candidate_000387,387
development,360,development:candidate_000388,388
development,361,development:candidate_000389,389
development,362,development:candidate_000390,390
development,363,development:candidate_000391,391
development,364,development:candidate_000392,392
development,365,development:candidate_000393,393
development,366,development:candidate_000394,394
development,367,development:candidate_000395,395
development,368,development:candidate_000396,396
development,369,development:candidate_000397,397
development,370,development:candidate_000398,398
development,371,development:candidate_000399,399
development,372,development:candidate_000400,400
development,373,development:candidate_000401,401
development,374,development:candidate_000403,403
development,375,development:candidate_000404,404
development,376,development:candidate_000405,405
development,377,development:candidate_000406,406
development,378,development:candidate_000407,407
development,379,development:candidate_000408,408
development,380,development:candidate_000409,409
development,381,development:candidate_000410,410
development,382,development:candidate_000411,411
development,383,development:candidate_000413,413
development,384,development:candidate_000414,414
development,385,development:candidate_000415,415
development,386,development:candidate_000416,416
development,387,development:candidate_000417,417
development,388,development:candidate_000418,418
development,389,development:candidate_000419,419
development,390,development:candidate_000420,420
development,391,development:candidate_000421,421
development,392,development:candidate_000422,422
development,393,development:candidate_000423,423
development,394,development:candidate_000424,424
development,395,development:candidate_000426,426
development,396,development:candidate_000427,427
development,397,development:candidate_000428,428
development,398,development:candidate_000429,429
development,399,development:candidate_000430,430
development,400,development:candidate_000431,431
development,401,development:candidate_000432,432
development,402,development:candidate_000433,433
development,403,development:candidate_000434,434
development,404,development:candidate_000435,435
development,405,development:candidate_000436,436
development,406,development:candidate_000437,437
development,407,development:candidate_000438,438
development,408,development:candidate_000439,439
development,409,development:candidate_000440,440
development,410,development:candidate_000441,441
development,411,development:candidate_000442,442
development,412,development:candidate_000443,443
development,413,development:candidate_000444,444
development,414,development:candidate_000445,445
development,415,development:candidate_000446,446
development,416,development:candidate_000447,447
development,417,development:candidate_000448,448
development,418,development:candidate_000449,449
development,419,development:candidate_000450,450
development,420,development:candidate_000451,451
development,421,development:candidate_000452,452
development,422,development:candidate_000453,453
development,423,development:candidate_000454,454
development,424,development:candidate_000456,456
development,425,development:candidate_000457,457
development,426,development:candidate_000458,458
development,427,development:candidate_000459,459
development,428,development:candidate_000460,460
development,429,development:candidate_000461,461
development,430,development:candidate_000462,462
development,431,development:candidate_000463,463
development,432,development:candidate_000464,464
development,433,development:candidate_000465,465
development,434,development:candidate_000466,466
development,435,development:candidate_000467,467
development,436,development:candidate_000468,468
development,437,development:candidate_000469,469
development,438,development:candidate_000470,470
development,439,development:candidate_000471,471
development,440,development:candidate_000472,472
development,441,development:candidate_000473,473
development,442,development:candidate_000474,474
development,443,development:candidate_000475,475
development,444,development:candidate_000476,476
development,445,development:candidate_000477,477
development,446,development:candidate_000478,478
development,447,development:candidate_000479,479
development,448,development:candidate_000480,480
development,449,development:candidate_000481,481
development,450,development:candidate_000482,482
development,451,development:candidate_000483,483
development,452,development:candidate_000484,484
development,453,development:candidate_000485,485
development,454,development:candidate_000486,486
development,455,development:candidate_000487,487
development,456,development:candidate_000489,489
development,457,development:candidate_000490,490
development,458,development:candidate_000491,491
development,459,development:candidate_000492,492
development,460,development:candidate_000493,493
development,461,development:candidate_000494,494
development,462,development:candidate_000495,495
development,463,development:candidate_000496,496
development,464,development:candidate_000497,497
development,465,development:candidate_000498,498
development,466,development:candidate_000499,499
development,467,development:candidate_000501,501
development,468,development:candidate_000502,502
development,469,development:candidate_000504,504
development,470,development:candidate_000505,505
development,471,development:candidate_000506,506
development,472,development:candidate_000507,507
development,473,development:candidate_000508,508
development,474,development:candidate_000509,509
development,475,development:candidate_000511,511
development,476,development:candidate_000512,512
development,477,development:candidate_000513,513
development,478,development:candidate_000514,514
development,479,development:candidate_000515,515
development,480,development:candidate_000516,516
development,481,development:candidate_000517,517
development,482,development:candidate_000518,518
development,483,development:candidate_000519,519
development,484,development:candidate_000520,520
development,485,development:candidate_000521,521
development,486,development:candidate_000522,522
development,487,development:candidate_000523,523
development,488,development:candidate_000524,524
development,489,development:candidate_000525,525
development,490,development:candidate_000526,526
development,491,development:candidate_000527,527
development,492,development:candidate_000528,528
development,493,development:candidate_000529,529
development,494,development:candidate_000530,530
development,495,development:candidate_000531,531
development,496,development:candidate_000532,532
development,497,development:candidate_000533,533
development,498,development:candidate_000534,534
development,499,development:candidate_000535,535
development,500,development:candidate_000536,536
development,501,development:candidate_000537,537
development,502,development:candidate_000538,538
development,503,development:candidate_000539,539
development,504,development:candidate_000540,540
development,505,development:candidate_000541,541
development,506,development:candidate_000542,542
development,507,development:candidate_000543,543
development,508,development:candidate_000544,544
development,509,development:candidate_000545,545
development,510,development:candidate_000546,546
development,511,development:candidate_000547,547
development,512,development:candidate_000549,549
development,513,development:candidate_000550,550
development,514,development:candidate_000551,551
development,515,development:candidate_000552,552
development,516,development:candidate_000553,553
development,517,development:candidate_000554,554
development,518,development:candidate_000555,555
development,519,development:candidate_000556,556
development,520,development:candidate_000557,557
development,521,development:candidate_000558,558
development,522,development:candidate_000559,559
development,523,development:candidate_000560,560
development,524,development:candidate_000561,561
development,525,development:candidate_000562,562
development,526,development:candidate_000563,563
development,527,development:candidate_000564,564
development,528,development:candidate_000565,565
development,529,development:candidate_000566,566
development,530,development:candidate_000567,567
development,531,development:candidate_000568,568
development,532,development:candidate_000569,569
development,533,development:candidate_000570,570
development,534,development:candidate_000571,571
development,535,development:candidate_000572,572
development,536,development:candidate_000573,573
development,537,development:candidate_000574,574
development,538,development:candidate_000575,575
development,539,development:candidate_000576,576
development,540,development:candidate_000577,577
development,541,development:candidate_000578,578
development,542,development:candidate_000579,579
development,543,development:candidate_000580,580
development,544,development:candidate_000581,581
development,545,development:candidate_000582,582
development,546,development:candidate_000583,583
development,547,development:candidate_000584,584
development,548,development:candidate_000585,585
development,549,development:candidate_000586,586
development,550,development:candidate_000587,587
development,551,development:candidate_000590,590
development,552,development:candidate_000591,591
development,553,development:candidate_000592,592
development,554,development:candidate_000593,593
development,555,development:candidate_000594,594
development,556,development:candidate_000595,595
development,557,development:candidate_000596,596
development,558,development:candidate_000597,597
development,559,development:candidate_000598,598
development,560,development:candidate_000599,599
development,561,development:candidate_000600,600
development,562,development:candidate_000602,602
development,563,development:candidate_000603,603
development,564,development:candidate_000604,604
development,565,development:candidate_000605,605
development,566,development:candidate_000606,606
development,567,development:candidate_000607,607
development,568,development:candidate_000608,608
development,569,development:candidate_000609,609
development,570,development:candidate_000610,610
development,571,development:candidate_000611,611
development,572,development:candidate_000612,612
development,573,development:candidate_000613,613
development,574,development:candidate_000614,614
development,575,development:candidate_000615,615
development,576,development:candidate_000616,616
development,577,development:candidate_000617,617
development,578,development:candidate_000618,618
development,579,development:candidate_000619,619
development,580,development:candidate_000620,620
development,581,development:candidate_000622,622
development,582,development:candidate_000624,624
development,583,development:candidate_000625,625
development,584,development:candidate_000626,626
development,585,development:candidate_000627,627
development,586,development:candidate_000628,628
development,587,development:candidate_000629,629
development,588,development:candidate_000630,630
development,589,development:candidate_000631,631
development,590,development:candidate_000632,632
development,591,development:candidate_000633,633
development,592,development:candidate_000634,634
development,593,development:candidate_000635,635
development,594,development:candidate_000636,636
development,595,development:candidate_000637,637
development,596,development:candidate_000639,639
development,597,development:candidate_000640,640
development,598,development:candidate_000641,641
development,599,development:candidate_000642,642
development,600,development:candidate_000643,643
development,601,development:candidate_000644,644
development,602,development:candidate_000645,645
development,603,development:candidate_000646,646
development,604,development:candidate_000647,647
development,605,development:candidate_000648,648
development,606,development:candidate_000649,649
development,607,development:candidate_000650,650
development,608,development:candidate_000651,651
development,609,development:candidate_000652,652
development,610,development:candidate_000653,653
development,611,development:candidate_000654,654
development,612,development:candidate_000655,655
development,613,development:candidate_000656,656
development,614,development:candidate_000658,658
development,615,development:candidate_000659,659
development,616,development:candidate_000660,660
development,617,development:candidate_000661,661
development,618,development:candidate_000662,662
development,619,development:candidate_000663,663
development,620,development:candidate_000664,664
development,621,development:candidate_000665,665
development,622,development:candidate_000666,666
development,623,development:candidate_000667,667
development,624,development:candidate_000668,668
development,625,development:candidate_000669,669
development,626,development:candidate_000670,670
development,627,development:candidate_000671,671
development,628,development:candidate_000672,672
development,629,development:candidate_000673,673
development,630,development:candidate_000674,674
development,631,development:candidate_000676,676
development,632,development:candidate_000677,677
development,633,development:candidate_000678,678
development,634,development:candidate_000679,679
development,635,development:candidate_000680,680
development,636,development:candidate_000681,681
development,637,development:candidate_000682,682
development,638,development:candidate_000685,685
development,639,development:candidate_000686,686
development,640,development:candidate_000687,687
development,641,development:candidate_000688,688
development,642,development:candidate_000689,689
development,643,development:candidate_000690,690
development,644,development:candidate_000691,691
development,645,development:candidate_000692,692
development,646,development:candidate_000693,693
development,647,development:candidate_000694,694
development,648,development:candidate_000695,695
development,649,development:candidate_000697,697
development,650,development:candidate_000698,698
development,651,development:candidate_000699,699
development,652,development:candidate_000700,700
development,653,development:candidate_000702,702
development,654,development:candidate_000703,703
development,655,development:candidate_000704,704
development,656,development:candidate_000705,705
development,657,development:candidate_000706,706
development,658,development:candidate_000707,707
development,659,development:candidate_000708,708
development,660,development:candidate_000709,709
development,661,development:candidate_000710,710
development,662,development:candidate_000712,712
development,663,development:candidate_000713,713
development,664,development:candidate_000715,715
development,665,development:candidate_000716,716
development,666,development:candidate_000717,717
development,667,development:candidate_000718,718
development,668,development:candidate_000719,719
development,669,development:candidate_000721,721
development,670,development:candidate_000722,722
development,671,development:candidate_000723,723
development,672,development:candidate_000724,724
development,673,development:candidate_000725,725
development,674,development:candidate_000726,726
development,675,development:candidate_000727,727
development,676,development:candidate_000728,728
development,677,development:candidate_000730,730
development,678,development:candidate_000731,731
development,679,development:candidate_000732,732
development,680,development:candidate_000733,733
development,681,development:candidate_000735,735
development,682,development:candidate_000737,737
development,683,development:candidate_000738,738
development,684,development:candidate_000739,739
development,685,development:candidate_000740,740
development,686,development:candidate_000741,741
development,687,development:candidate_000742,742
development,688,development:candidate_000743,743
development,689,development:candidate_000744,744
development,690,development:candidate_000745,745
development,691,development:candidate_000747,747
development,692,development:candidate_000748,748
development,693,development:candidate_000751,751
development,694,development:candidate_000752,752
development,695,development:candidate_000753,753
development,696,development:candidate_000754,754
development,697,development:candidate_000755,755
development,698,development:candidate_000756,756
development,699,development:candidate_000757,757
development,700,development:candidate_000758,758
development,701,development:candidate_000759,759
development,702,development:candidate_000760,760
development,703,development:candidate_000761,761
development,704,development:candidate_000762,762
development,705,development:candidate_000763,763
development,706,development:candidate_000764,764
development,707,development:candidate_000765,765
development,708,development:candidate_000766,766
development,709,development:candidate_000767,767
development,710,development:candidate_000768,768
development,711,development:candidate_000770,770
development,712,development:candidate_000771,771
development,713,development:candidate_000772,772
development,714,development:candidate_000773,773
development,715,development:candidate_000774,774
development,716,development:candidate_000775,775
development,717,development:candidate_000776,776
development,718,development:candidate_000777,777
development,719,development:candidate_000778,778
development,720,development:candidate_000780,780
development,721,development:candidate_000781,781
development,722,development:candidate_000782,782
development,723,development:candidate_000783,783
development,724,development:candidate_000784,784
development,725,development:candidate_000785,785
development,726,development:candidate_000786,786
development,727,development:candidate_000787,787
development,728,development:candidate_000788,788
development,729,development:candidate_000789,789
development,730,development:candidate_000790,790
development,731,development:candidate_000791,791
development,732,development:candidate_000792,792
development,733,development:candidate_000793,793
development,734,development:candidate_000794,794
development,735,development:candidate_000795,795
development,736,development:candidate_000796,796
development,737,development:candidate_000797,797
development,738,development:candidate_000798,798
development,739,development:candidate_000800,800
development,740,development:candidate_000801,801
development,741,development:candidate_000802,802
development,742,development:candidate_000803,803
development,743,development:candidate_000804,804
development,744,development:candidate_000805,805
development,745,development:candidate_000806,806
development,746,development:candidate_000807,807
development,747,development:candidate_000808,808
development,748,development:candidate_000809,809
development,749,development:candidate_000810,810
development,750,development:candidate_000811,811
development,751,development:candidate_000812,812
development,752,development:candidate_000813,813
development,753,development:candidate_000814,814
development,754,development:candidate_000815,815
development,755,development:candidate_000816,816
development,756,development:candidate_000817,817
development,757,development:candidate_000818,818
development,758,development:candidate_000819,819
development,759,development:candidate_000820,820
development,760,development:candidate_000821,821
development,761,development:candidate_000822,822
development,762,development:candidate_000823,823
development,763,development:candidate_000824,824
development,764,development:candidate_000825,825
development,765,development:candidate_000826,826
development,766,development:candidate_000827,827
development,767,development:candidate_000828,828
development,768,development:candidate_000829,829
development,769,development:candidate_000830,830
development,770,development:candidate_000831,831
development,771,development:candidate_000832,832
development,772,development:candidate_000833,833
development,773,development:candidate_000834,834
development,774,development:candidate_000835,835
development,775,development:candidate_000836,836
development,776,development:candidate_000837,837
development,777,development:candidate_000838,838
development,778,development:candidate_000840,840
development,779,development:candidate_000842,842
development,780,development:candidate_000843,843
development,781,development:candidate_000844,844
development,782,development:candidate_000845,845
development,783,development:candidate_000846,846
development,784,development:candidate_000847,847
development,785,development:candidate_000848,848
development,786,development:candidate_000850,850
development,787,development:candidate_000851,851
development,788,development:candidate_000852,852
development,789,development:candidate_000853,853
development,790,development:candidate_000854,854
development,791,development:candidate_000855,855
development,792,development:candidate_000856,856
development,793,development:candidate_000857,857
development,794,development:candidate_000858,858
development,795,development:candidate_000859,859
development,796,development:candidate_000860,860
development,797,development:candidate_000861,861
development,798,development:candidate_000862,862
development,799,development:candidate_000863,863
development,800,development:candidate_000864,864
development,801,development:candidate_000865,865
development,802,development:candidate_000866,866
development,803,development:candidate_000867,867
development,804,development:candidate_000868,868
development,805,development:candidate_000869,869
development,806,development:candidate_000870,870
development,807,development:candidate_000871,871
development,808,development:candidate_000872,872
development,809,development:candidate_000873,873
development,810,development:candidate_000874,874
development,811,development:candidate_000875,875
development,812,development:candidate_000876,876
development,813,development:candidate_000877,877
development,814,development:candidate_000878,878
development,815,development:candidate_000879,879
development,816,development:candidate_000880,880
development,817,development:candidate_000881,881
development,818,development:candidate_000882,882
development,819,development:candidate_000883,883
development,820,development:candidate_000884,884
development,821,development:candidate_000885,885
development,822,development:candidate_000887,887
development,823,development:candidate_000889,889
development,824,development:candidate_000890,890
development,825,development:candidate_000891,891
development,826,development:candidate_000892,892
development,827,development:candidate_000894,894
development,828,development:candidate_000895,895
development,829,development:candidate_000896,896
development,830,development:candidate_000897,897
development,831,development:candidate_000898,898
development,832,development:candidate_000899,899
development,833,development:candidate_000900,900
development,834,development:candidate_000902,902
development,835,development:candidate_000903,903
development,836,development:candidate_000904,904
development,837,development:candidate_000905,905
development,838,development:candidate_000906,906
development,839,development:candidate_000907,907
development,840,development:candidate_000908,908
development,841,development:candidate_000909,909
development,842,development:candidate_000910,910
development,843,development:candidate_000911,911
development,844,development:candidate_000912,912
development,845,development:candidate_000913,913
development,846,development:candidate_000914,914
development,847,development:candidate_000915,915
development,848,development:candidate_000916,916
development,849,development:candidate_000917,917
development,850,development:candidate_000918,918
development,851,development:candidate_000919,919
development,852,development:candidate_000920,920
development,853,development:candidate_000921,921
development,854,development:candidate_000922,922
development,855,development:candidate_000923,923
development,856,development:candidate_000924,924
development,857,development:candidate_000925,925
development,858,development:candidate_000926,926
development,859,development:candidate_000927,927
development,860,development:candidate_000928,928
development,861,development:candidate_000930,930
development,862,development:candidate_000931,931
development,863,development:candidate_000932,932
development,864,development:candidate_000933,933
development,865,development:candidate_000934,934
development,866,development:candidate_000935,935
development,867,development:candidate_000936,936
development,868,development:candidate_000937,937
development,869,development:candidate_000938,938
development,870,development:candidate_000939,939
development,871,development:candidate_000940,940
development,872,development:candidate_000941,941
development,873,development:candidate_000942,942
development,874,development:candidate_000943,943
development,875,development:candidate_000944,944
development,876,development:candidate_000945,945
development,877,development:candidate_000946,946
development,878,development:candidate_000947,947
development,879,development:candidate_000948,948
development,880,development:candidate_000950,950
development,881,development:candidate_000951,951
development,882,development:candidate_000952,952
development,883,development:candidate_000953,953
development,884,development:candidate_000954,954
development,885,development:candidate_000955,955
development,886,development:candidate_000956,956
development,887,development:candidate_000957,957
development,888,development:candidate_000958,958
development,889,development:candidate_000959,959
development,890,development:candidate_000962,962
development,891,development:candidate_000964,964
development,892,development:candidate_000965,965
development,893,development:candidate_000966,966
development,894,development:candidate_000967,967
development,895,development:candidate_000968,968
development,896,development:candidate_000969,969
development,897,development:candidate_000970,970
development,898,development:candidate_000971,971
development,899,development:candidate_000972,972
development,900,development:candidate_000973,973
development,901,development:candidate_000974,974
development,902,development:candidate_000975,975
development,903,development:candidate_000976,976
development,904,development:candidate_000977,977
development,905,development:candidate_000978,978
development,906,development:candidate_000979,979
development,907,development:candidate_000980,980
development,908,development:candidate_000981,981
development,909,development:candidate_000982,982
development,910,development:candidate_000983,983
development,911,development:candidate_000984,984
development,912,development:candidate_000985,985
development,913,development:candidate_000986,986
development,914,development:candidate_000987,987
development,915,development:candidate_000988,988
development,916,development:candidate_000989,989
development,917,development:candidate_000990,990
development,918,development:candidate_000991,991
development,919,development:candidate_000992,992
development,920,development:candidate_000993,993
development,921,development:candidate_000994,994
development,922,development:candidate_000996,996
development,923,development:candidate_000998,998
development,924,development:candidate_000999,999
development,925,development:candidate_001000,1000
development,926,development:candidate_001001,1001
development,927,development:candidate_001002,1002
development,928,development:candidate_001003,1003
development,929,development:candidate_001004,1004
development,930,development:candidate_001005,1005
development,931,development:candidate_001006,1006
development,932,development:candidate_001007,1007
development,933,development:candidate_001008,1008
development,934,development:candidate_001009,1009
development,935,development:candidate_001010,1010
development,936,development:candidate_001011,1011
development,937,development:candidate_001012,1012
development,938,development:candidate_001013,1013
development,939,development:candidate_001014,1014
development,940,development:candidate_001015,1015
development,941,development:candidate_001016,1016
development,942,development:candidate_001017,1017
development,943,development:candidate_001018,1018
development,944,development:candidate_001019,1019
development,945,development:candidate_001021,1021
development,946,development:candidate_001023,1023
development,947,development:candidate_001024,1024
development,948,development:candidate_001025,1025
development,949,development:candidate_001026,1026
development,950,development:candidate_001027,1027
development,951,development:candidate_001028,1028
development,952,development:candidate_001029,1029
development,953,development:candidate_001030,1030
development,954,development:candidate_001031,1031
development,955,development:candidate_001032,1032
development,956,development:candidate_001033,1033
development,957,development:candidate_001034,1034
development,958,development:candidate_001035,1035
development,959,development:candidate_001036,1036
development,960,development:candidate_001037,1037
development,961,development:candidate_001038,1038
development,962,development:candidate_001040,1040
development,963,development:candidate_001041,1041
development,964,development:candidate_001042,1042
development,965,development:candidate_001043,1043
development,966,development:candidate_001045,1045
development,967,development:candidate_001046,1046
development,968,development:candidate_001047,1047
development,969,development:candidate_001048,1048
development,970,development:candidate_001049,1049
development,971,development:candidate_001050,1050
development,972,development:candidate_001051,1051
development,973,development:candidate_001052,1052
development,974,development:candidate_001053,1053
development,975,development:candidate_001054,1054
development,976,development:candidate_001055,1055
development,977,development:candidate_001056,1056
development,978,development:candidate_001057,1057
development,979,development:candidate_001058,1058
development,980,development:candidate_001059,1059
development,981,development:candidate_001060,1060
development,982,development:candidate_001061,1061
development,983,development:candidate_001062,1062
development,984,development:candidate_001063,1063
development,985,development:candidate_001064,1064
development,986,development:candidate_001065,1065
development,987,development:candidate_001066,1066
development,988,development:candidate_001067,1067
development,989,development:candidate_001068,1068
development,990,development:candidate_001069,1069
development,991,development:candidate_001070,1070
development,992,development:candidate_001071,1071
development,993,development:candidate_001072,1072
development,994,development:candidate_001073,1073
development,995,development:candidate_001075,1075
development,996,development:candidate_001076,1076
development,997,development:candidate_001077,1077
development,998,development:candidate_001078,1078
development,999,development:candidate_001079,1079
development,1000,development:candidate_001080,1080
development,1001,development:candidate_001081,1081
development,1002,development:candidate_001083,1083
development,1003,development:candidate_001084,1084
development,1004,development:candidate_001085,1085
development,1005,development:candidate_001086,1086
development,1006,development:candidate_001087,1087
development,1007,development:candidate_001088,1088
development,1008,development:candidate_001089,1089
development,1009,development:candidate_001090,1090
development,1010,development:candidate_001091,1091
development,1011,development:candidate_001092,1092
development,1012,development:candidate_001093,1093
development,1013,development:candidate_001094,1094
development,1014,development:candidate_001095,1095
development,1015,development:candidate_001096,1096
development,1016,development:candidate_001098,1098
development,1017,development:candidate_001099,1099
development,1018,development:candidate_001100,1100
development,1019,development:candidate_001101,1101
development,1020,development:candidate_001102,1102
development,1021,development:candidate_001103,1103
development,1022,development:candidate_001104,1104
development,1023,development:candidate_001105,1105
development,1024,development:candidate_001106,1106
development,1025,development:candidate_001107,1107
development,1026,development:candidate_001108,1108
development,1027,development:candidate_001109,1109
development,1028,development:candidate_001110,1110
development,1029,development:candidate_001112,1112
development,1030,development:candidate_001113,1113
development,1031,development:candidate_001114,1114
development,1032,development:candidate_001115,1115
development,1033,development:candidate_001117,1117
development,1034,development:candidate_001118,1118
development,1035,development:candidate_001120,1120
development,1036,development:candidate_001121,1121
development,1037,development:candidate_001122,1122
development,1038,development:candidate_001123,1123
development,1039,development:candidate_001124,1124
development,1040,development:candidate_001125,1125
development,1041,development:candidate_001126,1126
development,1042,development:candidate_001127,1127
development,1043,development:candidate_001128,1128
development,1044,development:candidate_001129,1129
development,1045,development:candidate_001130,1130
development,1046,development:candidate_001131,1131
development,1047,development:candidate_001133,1133
development,1048,development:candidate_001134,1134
development,1049,development:candidate_001136,1136
development,1050,development:candidate_001137,1137
development,1051,development:candidate_001138,1138
development,1052,development:candidate_001139,1139
development,1053,development:candidate_001140,1140
development,1054,development:candidate_001141,1141
development,1055,development:candidate_001142,1142
development,1056,development:candidate_001143,1143
development,1057,development:candidate_001144,1144
development,1058,development:candidate_001145,1145
development,1059,development:candidate_001146,1146
development,1060,development:candidate_001147,1147
development,1061,development:candidate_001148,1148
development,1062,development:candidate_001149,1149
development,1063,development:candidate_001150,1150
development,1064,development:candidate_001151,1151
development,1065,development:candidate_001152,1152
development,1066,development:candidate_001153,1153
development,1067,development:candidate_001154,1154
development,1068,development:candidate_001155,1155
development,1069,development:candidate_001156,1156
development,1070,development:candidate_001157,1157
development,1071,development:candidate_001158,1158
development,1072,development:candidate_001159,1159
development,1073,development:candidate_001160,1160
development,1074,development:candidate_001161,1161
development,1075,development:candidate_001162,1162
development,1076,development:candidate_001163,1163
development,1077,development:candidate_001164,1164
development,1078,development:candidate_001165,1165
development,1079,development:candidate_001166,1166
development,1080,development:candidate_001167,1167
development,1081,development:candidate_001168,1168
development,1082,development:candidate_001169,1169
development,1083,development:candidate_001170,1170
development,1084,development:candidate_001171,1171
development,1085,development:candidate_001172,1172
development,1086,development:candidate_001173,1173
development,1087,development:candidate_001174,1174
development,1088,development:candidate_001175,1175
development,1089,development:candidate_001176,1176
development,1090,development:candidate_001177,1177
development,1091,development:candidate_001178,1178
development,1092,development:candidate_001179,1179
development,1093,development:candidate_001180,1180
development,1094,development:candidate_001181,1181
development,1095,development:candidate_001182,1182
development,1096,development:candidate_001183,1183
development,1097,development:candidate_001184,1184
development,1098,development:candidate_001185,1185
development,1099,development:candidate_001186,1186
development,1100,development:candidate_001187,1187
development,1101,development:candidate_001188,1188
development,1102,development:candidate_001190,1190
development,1103,development:candidate_001191,1191
development,1104,development:candidate_001192,1192
development,1105,development:candidate_001193,1193
development,1106,development:candidate_001194,1194
development,1107,development:candidate_001195,1195
development,1108,development:candidate_001196,1196
development,1109,development:candidate_001198,1198
development,1110,development:candidate_001199,1199
development,1111,development:candidate_001200,1200
development,1112,development:candidate_001201,1201
development,1113,development:candidate_001202,1202
development,1114,development:candidate_001203,1203
development,1115,development:candidate_001204,1204
development,1116,development:candidate_001205,1205
development,1117,development:candidate_001206,1206
development,1118,development:candidate_001207,1207
development,1119,development:candidate_001208,1208
development,1120,development:candidate_001209,1209
development,1121,development:candidate_001210,1210
development,1122,development:candidate_001212,1212
development,1123,development:candidate_001213,1213
development,1124,development:candidate_001214,1214
development,1125,development:candidate_001215,1215
development,1126,development:candidate_001216,1216
development,1127,development:candidate_001217,1217
development,1128,development:candidate_001218,1218
development,1129,development:candidate_001219,1219
development,1130,development:candidate_001220,1220
development,1131,development:candidate_001221,1221
development,1132,development:candidate_001222,1222
development,1133,development:candidate_001223,1223
development,1134,development:candidate_001224,1224
development,1135,development:candidate_001225,1225
development,1136,development:candidate_001226,1226
development,1137,development:candidate_001227,1227
development,1138,development:candidate_001228,1228
development,1139,development:candidate_001229,1229
development,1140,development:candidate_001230,1230
development,1141,development:candidate_001231,1231
development,1142,development:candidate_001232,1232
development,1143,development:candidate_001234,1234
development,1144,development:candidate_001235,1235
development,1145,development:candidate_001236,1236
development,1146,development:candidate_001237,1237
development,1147,development:candidate_001238,1238
development,1148,development:candidate_001239,1239
development,1149,development:candidate_001240,1240
development,1150,development:candidate_001241,1241
development,1151,development:candidate_001242,1242
development,1152,development:candidate_001243,1243
development,1153,development:candidate_001245,1245
development,1154,development:candidate_001246,1246
development,1155,development:candidate_001247,1247
development,1156,development:candidate_001248,1248
development,1157,development:candidate_001249,1249
development,1158,development:candidate_001250,1250
development,1159,development:candidate_001251,1251
development,1160,development:candidate_001252,1252
development,1161,development:candidate_001253,1253
development,1162,development:candidate_001254,1254
development,1163,development:candidate_001255,1255
development,1164,development:candidate_001256,1256
development,1165,development:candidate_001257,1257
development,1166,development:candidate_001258,1258
development,1167,development:candidate_001259,1259
development,1168,development:candidate_001260,1260
development,1169,development:candidate_001261,1261
development,1170,development:candidate_001262,1262
development,1171,development:candidate_001263,1263
development,1172,development:candidate_001264,1264
development,1173,development:candidate_001265,1265
development,1174,development:candidate_001266,1266
development,1175,development:candidate_001267,1267
development,1176,development:candidate_001268,1268
development,1177,development:candidate_001269,1269
development,1178,development:candidate_001270,1270
development,1179,development:candidate_001271,1271
development,1180,development:candidate_001272,1272
development,1181,development:candidate_001273,1273
development,1182,development:candidate_001274,1274
development,1183,development:candidate_001275,1275
development,1184,development:candidate_001276,1276
development,1185,development:candidate_001277,1277
development,1186,development:candidate_001278,1278
development,1187,development:candidate_001280,1280
development,1188,development:candidate_001281,1281
development,1189,development:candidate_001282,1282
development,1190,development:candidate_001283,1283
development,1191,development:candidate_001284,1284
development,1192,development:candidate_001285,1285
development,1193,development:candidate_001286,1286
development,1194,development:candidate_001287,1287
development,1195,development:candidate_001288,1288
development,1196,development:candidate_001289,1289
development,1197,development:candidate_001290,1290
development,1198,development:candidate_001291,1291
development,1199,development:candidate_001292,1292
development,1200,development:candidate_001293,1293
development,1201,development:candidate_001294,1294
development,1202,development:candidate_001295,1295
development,1203,development:candidate_001296,1296
development,1204,development:candidate_001297,1297
development,1205,development:candidate_001298,1298
development,1206,development:candidate_001299,1299
development,1207,development:candidate_001300,1300
development,1208,development:candidate_001301,1301
development,1209,development:candidate_001302,1302
development,1210,development:candidate_001304,1304
development,1211,development:candidate_001305,1305
development,1212,development:candidate_001306,1306
development,1213,development:candidate_001307,1307
development,1214,development:candidate_001308,1308
development,1215,development:candidate_001309,1309
development,1216,development:candidate_001310,1310
development,1217,development:candidate_001311,1311
development,1218,development:candidate_001312,1312
development,1219,development:candidate_001313,1313
development,1220,development:candidate_001314,1314
development,1221,development:candidate_001315,1315
development,1222,development:candidate_001316,1316
development,1223,development:candidate_001317,1317
development,1224,development:candidate_001318,1318
development,1225,development:candidate_001319,1319
development,1226,development:candidate_001320,1320
development,1227,development:candidate_001321,1321
development,1228,development:candidate_001322,1322
development,1229,development:candidate_001323,1323
development,1230,development:candidate_001324,1324
development,1231,development:candidate_001325,1325
development,1232,development:candidate_001326,1326
development,1233,development:candidate_001327,1327
development,1234,development:candidate_001328,1328
development,1235,development:candidate_001329,1329
development,1236,development:candidate_001331,1331
development,1237,development:candidate_001332,1332
development,1238,development:candidate_001333,1333
development,1239,development:candidate_001334,1334
development,1240,development:candidate_001335,1335
development,1241,development:candidate_001336,1336
development,1242,development:candidate_001337,1337
development,1243,development:candidate_001338,1338
development,1244,development:candidate_001339,1339
development,1245,development:candidate_001340,1340
development,1246,development:candidate_001341,1341
development,1247,development:candidate_001343,1343
development,1248,development:candidate_001344,1344
development,1249,development:candidate_001345,1345
development,1250,development:candidate_001347,1347
development,1251,development:candidate_001348,1348
development,1252,development:candidate_001349,1349
development,1253,development:candidate_001350,1350
development,1254,development:candidate_001351,1351
development,1255,development:candidate_001352,1352
development,1256,development:candidate_001353,1353
development,1257,development:candidate_001354,1354
development,1258,development:candidate_001355,1355
development,1259,development:candidate_001356,1356
development,1260,development:candidate_001357,1357
development,1261,development:candidate_001358,1358
development,1262,development:candidate_001359,1359
development,1263,development:candidate_001360,1360
development,1264,development:candidate_001361,1361
development,1265,development:candidate_001362,1362
development,1266,development:candidate_001363,1363
development,1267,development:candidate_001365,1365
development,1268,development:candidate_001366,1366
development,1269,development:candidate_001367,1367
development,1270,development:candidate_001368,1368
development,1271,development:candidate_001369,1369
development,1272,development:candidate_001370,1370
development,1273,development:candidate_001371,1371
development,1274,development:candidate_001372,1372
development,1275,development:candidate_001373,1373
development,1276,development:candidate_001374,1374
development,1277,development:candidate_001375,1375
development,1278,development:candidate_001376,1376
development,1279,development:candidate_001377,1377
development,1280,development:candidate_001378,1378
development,1281,development:candidate_001379,1379
development,1282,development:candidate_001380,1380
development,1283,development:candidate_001381,1381
development,1284,development:candidate_001382,1382
development,1285,development:candidate_001383,1383
development,1286,development:candidate_001384,1384
development,1287,development:candidate_001385,1385
development,1288,development:candidate_001386,1386
development,1289,development:candidate_001387,1387
development,1290,development:candidate_001388,1388
development,1291,development:candidate_001389,1389
development,1292,development:candidate_001390,1390
development,1293,development:candidate_001391,1391
development,1294,development:candidate_001392,1392
development,1295,development:candidate_001393,1393
development,1296,development:candidate_001394,1394
development,1297,development:candidate_001395,1395
development,1298,development:candidate_001396,1396
development,1299,development:candidate_001397,1397
development,1300,development:candidate_001398,1398
development,1301,development:candidate_001399,1399
development,1302,development:candidate_001400,1400
development,1303,development:candidate_001401,1401
development,1304,development:candidate_001402,1402
development,1305,development:candidate_001404,1404
development,1306,development:candidate_001406,1406
development,1307,development:candidate_001407,1407
development,1308,development:candidate_001408,1408
development,1309,development:candidate_001412,1412
development,1310,development:candidate_001413,1413
development,1311,development:candidate_001414,1414
development,1312,development:candidate_001415,1415
development,1313,development:candidate_001416,1416
development,1314,development:candidate_001417,1417
development,1315,development:candidate_001418,1418
development,1316,development:candidate_001419,1419
development,1317,development:candidate_001421,1421
development,1318,development:candidate_001422,1422
development,1319,development:candidate_001423,1423
development,1320,development:candidate_001424,1424
development,1321,development:candidate_001425,1425
development,1322,development:candidate_001426,1426
development,1323,development:candidate_001427,1427
development,1324,development:candidate_001428,1428
development,1325,development:candidate_001429,1429
development,1326,development:candidate_001430,1430
development,1327,development:candidate_001431,1431
development,1328,development:candidate_001432,1432
development,1329,development:candidate_001433,1433
development,1330,development:candidate_001434,1434
development,1331,development:candidate_001435,1435
development,1332,development:candidate_001438,1438
development,1333,development:candidate_001439,1439
development,1334,development:candidate_001440,1440
development,1335,development:candidate_001441,1441
development,1336,development:candidate_001442,1442
development,1337,development:candidate_001443,1443
development,1338,development:candidate_001444,1444
development,1339,development:candidate_001445,1445
development,1340,development:candidate_001446,1446
development,1341,development:candidate_001447,1447
development,1342,development:candidate_001448,1448
development,1343,development:candidate_001449,1449
development,1344,development:candidate_001450,1450
development,1345,development:candidate_001452,1452
development,1346,development:candidate_001453,1453
development,1347,development:candidate_001454,1454
development,1348,development:candidate_001455,1455
development,1349,development:candidate_001456,1456
development,1350,development:candidate_001458,1458
development,1351,development:candidate_001459,1459
development,1352,development:candidate_001460,1460
development,1353,development:candidate_001461,1461
development,1354,development:candidate_001462,1462
development,1355,development:candidate_001463,1463
development,1356,development:candidate_001464,1464
development,1357,development:candidate_001465,1465
development,1358,development:candidate_001467,1467
development,1359,development:candidate_001468,1468
development,1360,development:candidate_001470,1470
development,1361,development:candidate_001471,1471
development,1362,development:candidate_001472,1472
development,1363,development:candidate_001473,1473
development,1364,development:candidate_001474,1474
development,1365,development:candidate_001475,1475
development,1366,development:candidate_001476,1476
development,1367,development:candidate_001477,1477
development,1368,development:candidate_001478,1478
development,1369,development:candidate_001479,1479
development,1370,development:candidate_001480,1480
development,1371,development:candidate_001481,1481
development,1372,development:candidate_001482,1482
development,1373,development:candidate_001483,1483
development,1374,development:candidate_001484,1484
development,1375,development:candidate_001485,1485
development,1376,development:candidate_001486,1486
development,1377,development:candidate_001487,1487
development,1378,development:candidate_001488,1488
development,1379,development:candidate_001489,1489
development,1380,development:candidate_001490,1490
development,1381,development:candidate_001491,1491
development,1382,development:candidate_001492,1492
development,1383,development:candidate_001493,1493
development,1384,development:candidate_001494,1494
development,1385,development:candidate_001496,1496
development,1386,development:candidate_001497,1497
development,1387,development:candidate_001498,1498
development,1388,development:candidate_001499,1499
development,1389,development:candidate_001500,1500
development,1390,development:candidate_001501,1501
development,1391,development:candidate_001502,1502
development,1392,development:candidate_001503,1503
development,1393,development:candidate_001504,1504
development,1394,development:candidate_001505,1505
development,1395,development:candidate_001506,1506
development,1396,development:candidate_001507,1507
development,1397,development:candidate_001508,1508
development,1398,development:candidate_001509,1509
development,1399,development:candidate_001510,1510
development,1400,development:candidate_001511,1511
development,1401,development:candidate_001512,1512
development,1402,development:candidate_001513,1513
development,1403,development:candidate_001514,1514
development,1404,development:candidate_001515,1515
development,1405,development:candidate_001516,1516
development,1406,development:candidate_001517,1517
development,1407,development:candidate_001518,1518
development,1408,development:candidate_001519,1519
development,1409,development:candidate_001520,1520
development,1410,development:candidate_001521,1521
development,1411,development:candidate_001522,1522
development,1412,development:candidate_001523,1523
development,1413,development:candidate_001524,1524
development,1414,development:candidate_001525,1525
development,1415,development:candidate_001527,1527
development,1416,development:candidate_001528,1528
development,1417,development:candidate_001529,1529
development,1418,development:candidate_001530,1530
development,1419,development:candidate_001531,1531
development,1420,development:candidate_001532,1532
development,1421,development:candidate_001533,1533
development,1422,development:candidate_001534,1534
development,1423,development:candidate_001535,1535
development,1424,development:candidate_001536,1536
development,1425,development:candidate_001537,1537
development,1426,development:candidate_001538,1538
development,1427,development:candidate_001539,1539
development,1428,development:candidate_001540,1540
development,1429,development:candidate_001541,1541
development,1430,development:candidate_001542,1542
development,1431,development:candidate_001543,1543
development,1432,development:candidate_001544,1544
development,1433,development:candidate_001545,1545
development,1434,development:candidate_001546,1546
development,1435,development:candidate_001547,1547
development,1436,development:candidate_001548,1548
development,1437,development:candidate_001549,1549
development,1438,development:candidate_001550,1550
development,1439,development:candidate_001552,1552
development,1440,development:candidate_001553,1553
development,1441,development:candidate_001554,1554
development,1442,development:candidate_001555,1555
development,1443,development:candidate_001556,1556
development,1444,development:candidate_001557,1557
development,1445,development:candidate_001558,1558
development,1446,development:candidate_001559,1559
development,1447,development:candidate_001560,1560
development,1448,development:candidate_001561,1561
development,1449,development:candidate_001562,1562
development,1450,development:candidate_001563,1563
development,1451,development:candidate_001564,1564
development,1452,development:candidate_001565,1565
development,1453,development:candidate_001566,1566
development,1454,development:candidate_001567,1567
development,1455,development:candidate_001568,1568
development,1456,development:candidate_001569,1569
development,1457,development:candidate_001570,1570
development,1458,development:candidate_001571,1571
development,1459,development:candidate_001572,1572
development,1460,development:candidate_001573,1573
development,1461,development:candidate_001574,1574
development,1462,development:candidate_001575,1575
development,1463,development:candidate_001576,1576
development,1464,development:candidate_001577,1577
development,1465,development:candidate_001578,1578
development,1466,development:candidate_001579,1579
development,1467,development:candidate_001581,1581
development,1468,development:candidate_001582,1582
development,1469,development:candidate_001583,1583
development,1470,development:candidate_001584,1584
development,1471,development:candidate_001585,1585
development,1472,development:candidate_001586,1586
development,1473,development:candidate_001587,1587
development,1474,development:candidate_001588,1588
development,1475,development:candidate_001589,1589
development,1476,development:candidate_001590,1590
development,1477,development:candidate_001591,1591
development,1478,development:candidate_001592,1592
development,1479,development:candidate_001593,1593
development,1480,development:candidate_001594,1594
development,1481,development:candidate_001595,1595
development,1482,development:candidate_001597,1597
development,1483,development:candidate_001598,1598
development,1484,development:candidate_001599,1599
development,1485,development:candidate_001600,1600
development,1486,development:candidate_001601,1601
development,1487,development:candidate_001602,1602
development,1488,development:candidate_001603,1603
development,1489,development:candidate_001604,1604
development,1490,development:candidate_001605,1605
development,1491,development:candidate_001606,1606
development,1492,development:candidate_001607,1607
development,1493,development:candidate_001608,1608
development,1494,development:candidate_001609,1609
development,1495,development:candidate_001610,1610
development,1496,development:candidate_001611,1611
development,1497,development:candidate_001612,1612
development,1498,development:candidate_001613,1613
development,1499,development:candidate_001614,1614
development,1500,development:candidate_001615,1615
development,1501,development:candidate_001616,1616
development,1502,development:candidate_001617,1617
development,1503,development:candidate_001618,1618
development,1504,development:candidate_001619,1619
development,1505,development:candidate_001620,1620
development,1506,development:candidate_001621,1621
development,1507,development:candidate_001622,1622
development,1508,development:candidate_001623,1623
development,1509,development:candidate_001624,1624
development,1510,development:candidate_001625,1625
development,1511,development:candidate_001627,1627
development,1512,development:candidate_001628,1628
development,1513,development:candidate_001629,1629
development,1514,development:candidate_001630,1630
development,1515,development:candidate_001631,1631
development,1516,development:candidate_001632,1632
development,1517,development:candidate_001633,1633
development,1518,development:candidate_001634,1634
development,1519,development:candidate_001635,1635
development,1520,development:candidate_001636,1636
development,1521,development:candidate_001637,1637
development,1522,development:candidate_001638,1638
development,1523,development:candidate_001639,1639
development,1524,development:candidate_001641,1641
development,1525,development:candidate_001643,1643
development,1526,development:candidate_001645,1645
development,1527,development:candidate_001646,1646
development,1528,development:candidate_001647,1647
development,1529,development:candidate_001648,1648
development,1530,development:candidate_001649,1649
development,1531,development:candidate_001650,1650
development,1532,development:candidate_001651,1651
development,1533,development:candidate_001652,1652
development,1534,development:candidate_001653,1653
development,1535,development:candidate_001654,1654
development,1536,development:candidate_001655,1655
development,1537,development:candidate_001656,1656
development,1538,development:candidate_001657,1657
development,1539,development:candidate_001658,1658
development,1540,development:candidate_001659,1659
development,1541,development:candidate_001660,1660
development,1542,development:candidate_001661,1661
development,1543,development:candidate_001662,1662
development,1544,development:candidate_001663,1663
development,1545,development:candidate_001664,1664
development,1546,development:candidate_001665,1665
development,1547,development:candidate_001666,1666
development,1548,development:candidate_001667,1667
development,1549,development:candidate_001668,1668
development,1550,development:candidate_001669,1669
development,1551,development:candidate_001670,1670
development,1552,development:candidate_001671,1671
development,1553,development:candidate_001672,1672
development,1554,development:candidate_001673,1673
development,1555,development:candidate_001674,1674
development,1556,development:candidate_001675,1675
development,1557,development:candidate_001676,1676
development,1558,development:candidate_001677,1677
development,1559,development:candidate_001678,1678
development,1560,development:candidate_001679,1679
development,1561,development:candidate_001680,1680
development,1562,development:candidate_001681,1681
development,1563,development:candidate_001682,1682
development,1564,development:candidate_001683,1683
development,1565,development:candidate_001684,1684
development,1566,development:candidate_001685,1685
development,1567,development:candidate_001686,1686
development,1568,development:candidate_001687,1687
development,1569,development:candidate_001688,1688
development,1570,development:candidate_001689,1689
development,1571,development:candidate_001691,1691
development,1572,development:candidate_001692,1692
development,1573,development:candidate_001693,1693
development,1574,development:candidate_001694,1694
development,1575,development:candidate_001695,1695
development,1576,development:candidate_001696,1696
development,1577,development:candidate_001697,1697
development,1578,development:candidate_001698,1698
development,1579,development:candidate_001699,1699
development,1580,development:candidate_001700,1700
development,1581,development:candidate_001701,1701
development,1582,development:candidate_001702,1702
development,1583,development:candidate_001703,1703
development,1584,development:candidate_001704,1704
development,1585,development:candidate_001705,1705
development,1586,development:candidate_001706,1706
development,1587,development:candidate_001707,1707
development,1588,development:candidate_001708,1708
development,1589,development:candidate_001709,1709
development,1590,development:candidate_001710,1710
development,1591,development:candidate_001711,1711
development,1592,development:candidate_001712,1712
development,1593,development:candidate_001713,1713
development,1594,development:candidate_001714,1714
development,1595,development:candidate_001715,1715
development,1596,development:candidate_001716,1716
development,1597,development:candidate_001717,1717
development,1598,development:candidate_001718,1718
development,1599,development:candidate_001719,1719
development,1600,development:candidate_001720,1720
development,1601,development:candidate_001721,1721
development,1602,development:candidate_001722,1722
development,1603,development:candidate_001723,1723
development,1604,development:candidate_001724,1724
development,1605,development:candidate_001725,1725
development,1606,development:candidate_001727,1727
development,1607,development:candidate_001728,1728
development,1608,development:candidate_001730,1730
development,1609,development:candidate_001731,1731
development,1610,development:candidate_001732,1732
development,1611,development:candidate_001733,1733
development,1612,development:candidate_001734,1734
development,1613,development:candidate_001735,1735
development,1614,development:candidate_001736,1736
development,1615,development:candidate_001737,1737
development,1616,development:candidate_001739,1739
development,1617,development:candidate_001740,1740
development,1618,development:candidate_001741,1741
development,1619,development:candidate_001742,1742
development,1620,development:candidate_001743,1743
development,1621,development:candidate_001744,1744
development,1622,development:candidate_001745,1745
development,1623,development:candidate_001746,1746
development,1624,development:candidate_001747,1747
development,1625,development:candidate_001749,1749
development,1626,development:candidate_001750,1750
development,1627,development:candidate_001751,1751
development,1628,development:candidate_001752,1752
development,1629,development:candidate_001753,1753
development,1630,development:candidate_001755,1755
development,1631,development:candidate_001756,1756
development,1632,development:candidate_001757,1757
development,1633,development:candidate_001758,1758
development,1634,development:candidate_001759,1759
development,1635,development:candidate_001760,1760
development,1636,development:candidate_001761,1761
development,1637,development:candidate_001762,1762
development,1638,development:candidate_001763,1763
development,1639,development:candidate_001764,1764
development,1640,development:candidate_001765,1765
development,1641,development:candidate_001766,1766
development,1642,development:candidate_001767,1767
development,1643,development:candidate_001768,1768
development,1644,development:candidate_001769,1769
development,1645,development:candidate_001770,1770
development,1646,development:candidate_001771,1771
development,1647,development:candidate_001772,1772
development,1648,development:candidate_001773,1773
development,1649,development:candidate_001774,1774
development,1650,development:candidate_001775,1775
development,1651,development:candidate_001776,1776
development,1652,development:candidate_001777,1777
development,1653,development:candidate_001778,1778
development,1654,development:candidate_001780,1780
development,1655,development:candidate_001781,1781
development,1656,development:candidate_001784,1784
development,1657,development:candidate_001785,1785
development,1658,development:candidate_001786,1786
development,1659,development:candidate_001787,1787
development,1660,development:candidate_001788,1788
development,1661,development:candidate_001789,1789
development,1662,development:candidate_001790,1790
development,1663,development:candidate_001792,1792
development,1664,development:candidate_001793,1793
development,1665,development:candidate_001795,1795
development,1666,development:candidate_001796,1796
development,1667,development:candidate_001797,1797
development,1668,development:candidate_001798,1798
development,1669,development:candidate_001799,1799
development,1670,development:candidate_001800,1800
development,1671,development:candidate_001801,1801
development,1672,development:candidate_001802,1802
development,1673,development:candidate_001803,1803
development,1674,development:candidate_001804,1804
development,1675,development:candidate_001805,1805
development,1676,development:candidate_001806,1806
development,1677,development:candidate_001807,1807
development,1678,development:candidate_001808,1808
development,1679,development:candidate_001809,1809
development,1680,development:candidate_001810,1810
development,1681,development:candidate_001811,1811
development,1682,development:candidate_001812,1812
development,1683,development:candidate_001813,1813
development,1684,development:candidate_001814,1814
development,1685,development:candidate_001815,1815
development,1686,development:candidate_001816,1816
development,1687,development:candidate_001817,1817
development,1688,development:candidate_001819,1819
development,1689,development:candidate_001821,1821
development,1690,development:candidate_001822,1822
development,1691,development:candidate_001823,1823
development,1692,development:candidate_001824,1824
development,1693,development:candidate_001825,1825
development,1694,development:candidate_001826,1826
development,1695,development:candidate_001827,1827
development,1696,development:candidate_001828,1828
development,1697,development:candidate_001830,1830
development,1698,development:candidate_001831,1831
development,1699,development:candidate_001832,1832
development,1700,development:candidate_001833,1833
development,1701,development:candidate_001834,1834
development,1702,development:candidate_001835,1835
development,1703,development:candidate_001836,1836
development,1704,development:candidate_001837,1837
development,1705,development:candidate_001838,1838
development,1706,development:candidate_001839,1839
development,1707,development:candidate_001840,1840
development,1708,development:candidate_001841,1841
development,1709,development:candidate_001842,1842
development,1710,development:candidate_001843,1843
development,1711,development:candidate_001844,1844
development,1712,development:candidate_001845,1845
development,1713,development:candidate_001846,1846
development,1714,development:candidate_001847,1847
development,1715,development:candidate_001848,1848
development,1716,development:candidate_001849,1849
development,1717,development:candidate_001850,1850
development,1718,development:candidate_001851,1851
development,1719,development:candidate_001852,1852
development,1720,development:candidate_001853,1853
development,1721,development:candidate_001854,1854
development,1722,development:candidate_001855,1855
development,1723,development:candidate_001856,1856
development,1724,development:candidate_001857,1857
development,1725,development:candidate_001858,1858
development,1726,development:candidate_001859,1859
development,1727,development:candidate_001860,1860
development,1728,development:candidate_001861,1861
development,1729,development:candidate_001862,1862
development,1730,development:candidate_001863,1863
development,1731,development:candidate_001864,1864
development,1732,development:candidate_001865,1865
development,1733,development:candidate_001866,1866
development,1734,development:candidate_001867,1867
development,1735,development:candidate_001868,1868
development,1736,development:candidate_001869,1869
development,1737,development:candidate_001870,1870
development,1738,development:candidate_001871,1871
development,1739,development:candidate_001872,1872
development,1740,development:candidate_001873,1873
development,1741,development:candidate_001874,1874
development,1742,development:candidate_001875,1875
development,1743,development:candidate_001876,1876
development,1744,development:candidate_001877,1877
development,1745,development:candidate_001878,1878
development,1746,development:candidate_001879,1879
development,1747,development:candidate_001880,1880
development,1748,development:candidate_001881,1881
development,1749,development:candidate_001882,1882
development,1750,development:candidate_001883,1883
development,1751,development:candidate_001884,1884
development,1752,development:candidate_001885,1885
development,1753,development:candidate_001886,1886
development,1754,development:candidate_001887,1887
development,1755,development:candidate_001888,1888
development,1756,development:candidate_001889,1889
development,1757,development:candidate_001890,1890
development,1758,development:candidate_001891,1891
development,1759,development:candidate_001893,1893
development,1760,development:candidate_001894,1894
development,1761,development:candidate_001895,1895
development,1762,development:candidate_001896,1896
development,1763,development:candidate_001897,1897
development,1764,development:candidate_001898,1898
development,1765,development:candidate_001899,1899
development,1766,development:candidate_001900,1900
development,1767,development:candidate_001901,1901
development,1768,development:candidate_001902,1902
development,1769,development:candidate_001903,1903
development,1770,development:candidate_001904,1904
development,1771,development:candidate_001905,1905
development,1772,development:candidate_001906,1906
development,1773,development:candidate_001907,1907
development,1774,development:candidate_001908,1908
development,1775,development:candidate_001909,1909
development,1776,development:candidate_001910,1910
development,1777,development:candidate_001911,1911
development,1778,development:candidate_001912,1912
development,1779,development:candidate_001913,1913
development,1780,development:candidate_001915,1915
development,1781,development:candidate_001916,1916
development,1782,development:candidate_001917,1917
development,1783,development:candidate_001919,1919
development,1784,development:candidate_001920,1920
development,1785,development:candidate_001921,1921
development,1786,development:candidate_001922,1922
development,1787,development:candidate_001923,1923
development,1788,development:candidate_001924,1924
development,1789,development:candidate_001925,1925
development,1790,development:candidate_001926,1926
development,1791,development:candidate_001927,1927
development,1792,development:candidate_001928,1928
development,1793,development:candidate_001929,1929
development,1794,development:candidate_001930,1930
development,1795,development:candidate_001931,1931
development,1796,development:candidate_001932,1932
development,1797,development:candidate_001933,1933
development,1798,development:candidate_001934,1934
development,1799,development:candidate_001936,1936
development,1800,development:candidate_001937,1937
development,1801,development:candidate_001938,1938
development,1802,development:candidate_001939,1939
development,1803,development:candidate_001940,1940
development,1804,development:candidate_001941,1941
development,1805,development:candidate_001942,1942
development,1806,development:candidate_001943,1943
development,1807,development:candidate_001944,1944
development,1808,development:candidate_001945,1945
development,1809,development:candidate_001946,1946
development,1810,development:candidate_001947,1947
development,1811,development:candidate_001948,1948
development,1812,development:candidate_001949,1949
development,1813,development:candidate_001950,1950
development,1814,development:candidate_001951,1951
development,1815,development:candidate_001953,1953
development,1816,development:candidate_001954,1954
development,1817,development:candidate_001956,1956
development,1818,development:candidate_001957,1957
development,1819,development:candidate_001958,1958
development,1820,development:candidate_001959,1959
development,1821,development:candidate_001960,1960
development,1822,development:candidate_001961,1961
development,1823,development:candidate_001962,1962
development,1824,development:candidate_001963,1963
development,1825,development:candidate_001965,1965
development,1826,development:candidate_001966,1966
development,1827,development:candidate_001967,1967
development,1828,development:candidate_001968,1968
development,1829,development:candidate_001969,1969
development,1830,development:candidate_001970,1970
development,1831,development:candidate_001971,1971
development,1832,development:candidate_001972,1972
development,1833,development:candidate_001973,1973
development,1834,development:candidate_001974,1974
development,1835,development:candidate_001975,1975
development,1836,development:candidate_001976,1976
development,1837,development:candidate_001978,1978
development,1838,development:candidate_001979,1979
development,1839,development:candidate_001980,1980
development,1840,development:candidate_001981,1981
development,1841,development:candidate_001982,1982
development,1842,development:candidate_001983,1983
development,1843,development:candidate_001984,1984
development,1844,development:candidate_001985,1985
development,1845,development:candidate_001986,1986
development,1846,development:candidate_001987,1987
development,1847,development:candidate_001988,1988
development,1848,development:candidate_001989,1989
development,1849,development:candidate_001990,1990
development,1850,development:candidate_001992,1992
development,1851,development:candidate_001993,1993
development,1852,development:candidate_001994,1994
development,1853,development:candidate_001995,1995
development,1854,development:candidate_001996,1996
development,1855,development:candidate_001997,1997
development,1856,development:candidate_001998,1998
development,1857,development:candidate_001999,1999
development,1858,development:candidate_002000,2000
development,1859,development:candidate_002001,2001
development,1860,development:candidate_002002,2002
development,1861,development:candidate_002003,2003
development,1862,development:candidate_002004,2004
development,1863,development:candidate_002005,2005
development,1864,development:candidate_002007,2007
development,1865,development:candidate_002008,2008
development,1866,development:candidate_002009,2009
development,1867,development:candidate_002010,2010
development,1868,development:candidate_002011,2011
development,1869,development:candidate_002012,2012
development,1870,development:candidate_002013,2013
development,1871,development:candidate_002014,2014
development,1872,development:candidate_002015,2015
development,1873,development:candidate_002016,2016
development,1874,development:candidate_002018,2018
development,1875,development:candidate_002019,2019
development,1876,development:candidate_002020,2020
development,1877,development:candidate_002022,2022
development,1878,development:candidate_002023,2023
development,1879,development:candidate_002024,2024
development,1880,development:candidate_002025,2025
development,1881,development:candidate_002026,2026
development,1882,development:candidate_002028,2028
development,1883,development:candidate_002029,2029
development,1884,development:candidate_002030,2030
development,1885,development:candidate_002031,2031
development,1886,development:candidate_002032,2032
development,1887,development:candidate_002033,2033
development,1888,development:candidate_002034,2034
development,1889,development:candidate_002035,2035
development,1890,development:candidate_002037,2037
development,1891,development:candidate_002038,2038
development,1892,development:candidate_002039,2039
development,1893,development:candidate_002040,2040
development,1894,development:candidate_002041,2041
development,1895,development:candidate_002042,2042
development,1896,development:candidate_002043,2043
development,1897,development:candidate_002044,2044
development,1898,development:candidate_002045,2045
development,1899,development:candidate_002048,2048
development,1900,development:candidate_002049,2049
development,1901,development:candidate_002050,2050
development,1902,development:candidate_002051,2051
development,1903,development:candidate_002052,2052
development,1904,development:candidate_002053,2053
development,1905,development:candidate_002054,2054
development,1906,development:candidate_002055,2055
development,1907,development:candidate_002056,2056
development,1908,development:candidate_002058,2058
development,1909,development:candidate_002059,2059
development,1910,development:candidate_002060,2060
development,1911,development:candidate_002061,2061
development,1912,development:candidate_002062,2062
development,1913,development:candidate_002063,2063
development,1914,development:candidate_002064,2064
development,1915,development:candidate_002065,2065
development,1916,development:candidate_002066,2066
development,1917,development:candidate_002067,2067
development,1918,development:candidate_002068,2068
development,1919,development:candidate_002070,2070
development,1920,development:candidate_002072,2072
development,1921,development:candidate_002073,2073
development,1922,development:candidate_002074,2074
development,1923,development:candidate_002075,2075
development,1924,development:candidate_002076,2076
development,1925,development:candidate_002077,2077
development,1926,development:candidate_002078,2078
development,1927,development:candidate_002079,2079
development,1928,development:candidate_002080,2080
development,1929,development:candidate_002081,2081
development,1930,development:candidate_002082,2082
development,1931,development:candidate_002085,2085
development,1932,development:candidate_002086,2086
development,1933,development:candidate_002087,2087
development,1934,development:candidate_002090,2090
development,1935,development:candidate_002091,2091
development,1936,development:candidate_002092,2092
development,1937,development:candidate_002093,2093
development,1938,development:candidate_002094,2094
development,1939,development:candidate_002095,2095
development,1940,development:candidate_002096,2096
development,1941,development:candidate_002097,2097
development,1942,development:candidate_002098,2098
development,1943,development:candidate_002099,2099
development,1944,development:candidate_002100,2100
development,1945,development:candidate_002101,2101
development,1946,development:candidate_002102,2102
development,1947,development:candidate_002103,2103
development,1948,development:candidate_002104,2104
development,1949,development:candidate_002106,2106
development,1950,development:candidate_002107,2107
development,1951,development:candidate_002108,2108
development,1952,development:candidate_002109,2109
development,1953,development:candidate_002110,2110
development,1954,development:candidate_002111,2111
development,1955,development:candidate_002112,2112
development,1956,development:candidate_002113,2113
development,1957,development:candidate_002114,2114
development,1958,development:candidate_002115,2115
development,1959,development:candidate_002117,2117
development,1960,development:candidate_002118,2118
development,1961,development:candidate_002119,2119
development,1962,development:candidate_002120,2120
development,1963,development:candidate_002121,2121
development,1964,development:candidate_002122,2122
development,1965,development:candidate_002123,2123
development,1966,development:candidate_002124,2124
development,1967,development:candidate_002125,2125
development,1968,development:candidate_002126,2126
development,1969,development:candidate_002127,2127
development,1970,development:candidate_002128,2128
development,1971,development:candidate_002129,2129
development,1972,development:candidate_002130,2130
development,1973,development:candidate_002131,2131
development,1974,development:candidate_002133,2133
development,1975,development:candidate_002134,2134
development,1976,development:candidate_002135,2135
development,1977,development:candidate_002136,2136
development,1978,development:candidate_002137,2137
development,1979,development:candidate_002138,2138
development,1980,development:candidate_002139,2139
development,1981,development:candidate_002140,2140
development,1982,development:candidate_002141,2141
development,1983,development:candidate_002142,2142
development,1984,development:candidate_002143,2143
development,1985,development:candidate_002144,2144
development,1986,development:candidate_002145,2145
development,1987,development:candidate_002146,2146
development,1988,development:candidate_002147,2147
development,1989,development:candidate_002148,2148
development,1990,development:candidate_002149,2149
development,1991,development:candidate_002150,2150
development,1992,development:candidate_002151,2151
development,1993,development:candidate_002152,2152
development,1994,development:candidate_002153,2153
development,1995,development:candidate_002154,2154
development,1996,development:candidate_002155,2155
development,1997,development:candidate_002156,2156
development,1998,development:candidate_002157,2157
development,1999,development:candidate_002158,2158
development,2000,development:candidate_002159,2159
development,2001,development:candidate_002160,2160
development,2002,development:candidate_002161,2161
development,2003,development:candidate_002162,2162
development,2004,development:candidate_002163,2163
development,2005,development:candidate_002164,2164
development,2006,development:candidate_002165,2165
development,2007,development:candidate_002166,2166
development,2008,development:candidate_002167,2167
development,2009,development:candidate_002168,2168
development,2010,development:candidate_002169,2169
development,2011,development:candidate_002170,2170
development,2012,development:candidate_002171,2171
development,2013,development:candidate_002172,2172
development,2014,development:candidate_002173,2173
development,2015,development:candidate_002174,2174
development,2016,development:candidate_002175,2175
development,2017,development:candidate_002176,2176
development,2018,development:candidate_002177,2177
development,2019,development:candidate_002178,2178
development,2020,development:candidate_002179,2179
development,2021,development:candidate_002180,2180
development,2022,development:candidate_002181,2181
development,2023,development:candidate_002183,2183
development,2024,development:candidate_002184,2184
development,2025,development:candidate_002185,2185
development,2026,development:candidate_002186,2186
development,2027,development:candidate_002187,2187
development,2028,development:candidate_002188,2188
development,2029,development:candidate_002189,2189
development,2030,development:candidate_002190,2190
development,2031,development:candidate_002191,2191
development,2032,development:candidate_002192,2192
development,2033,development:candidate_002193,2193
development,2034,development:candidate_002194,2194
development,2035,development:candidate_002195,2195
development,2036,development:candidate_002196,2196
development,2037,development:candidate_002197,2197
development,2038,development:candidate_002198,2198
development,2039,development:candidate_002199,2199
development,2040,development:candidate_002200,2200
development,2041,development:candidate_002201,2201
development,2042,development:candidate_002202,2202
development,2043,development:candidate_002203,2203
development,2044,development:candidate_002204,2204
development,2045,development:candidate_002205,2205
development,2046,development:candidate_002206,2206
development,2047,development:candidate_002207,2207
development,2048,development:candidate_002208,2208
development,2049,development:candidate_002209,2209
development,2050,development:candidate_002210,2210
development,2051,development:candidate_002211,2211
development,2052,development:candidate_002212,2212
development,2053,development:candidate_002213,2213
development,2054,development:candidate_002214,2214
development,2055,development:candidate_002215,2215
development,2056,development:candidate_002216,2216
development,2057,development:candidate_002217,2217
development,2058,development:candidate_002218,2218
development,2059,development:candidate_002219,2219
development,2060,development:candidate_002220,2220
development,2061,development:candidate_002221,2221
development,2062,development:candidate_002222,2222
development,2063,development:candidate_002224,2224
development,2064,development:candidate_002225,2225
development,2065,development:candidate_002228,2228
development,2066,development:candidate_002229,2229
development,2067,development:candidate_002230,2230
development,2068,development:candidate_002231,2231
development,2069,development:candidate_002232,2232
development,2070,development:candidate_002233,2233
development,2071,development:candidate_002234,2234
development,2072,development:candidate_002235,2235
development,2073,development:candidate_002237,2237
development,2074,development:candidate_002238,2238
development,2075,development:candidate_002239,2239
development,2076,development:candidate_002240,2240
development,2077,development:candidate_002241,2241
development,2078,development:candidate_002242,2242
development,2079,development:candidate_002244,2244
development,2080,development:candidate_002245,2245
development,2081,development:candidate_002246,2246
development,2082,development:candidate_002248,2248
development,2083,development:candidate_002249,2249
development,2084,development:candidate_002250,2250
development,2085,development:candidate_002251,2251
development,2086,development:candidate_002252,2252
development,2087,development:candidate_002253,2253
development,2088,development:candidate_002254,2254
development,2089,development:candidate_002255,2255
development,2090,development:candidate_002256,2256
development,2091,development:candidate_002257,2257
development,2092,development:candidate_002258,2258
development,2093,development:candidate_002259,2259
development,2094,development:candidate_002260,2260
development,2095,development:candidate_002261,2261
development,2096,development:candidate_002262,2262
development,2097,development:candidate_002263,2263
development,2098,development:candidate_002264,2264
development,2099,development:candidate_002265,2265
development,2100,development:candidate_002266,2266
development,2101,development:candidate_002267,2267
development,2102,development:candidate_002268,2268
development,2103,development:candidate_002269,2269
development,2104,development:candidate_002270,2270
development,2105,development:candidate_002271,2271
development,2106,development:candidate_002272,2272
development,2107,development:candidate_002273,2273
development,2108,development:candidate_002274,2274
development,2109,development:candidate_002275,2275
development,2110,development:candidate_002276,2276
development,2111,development:candidate_002277,2277
development,2112,development:candidate_002278,2278
development,2113,development:candidate_002279,2279
development,2114,development:candidate_002280,2280
development,2115,development:candidate_002281,2281
development,2116,development:candidate_002282,2282
development,2117,development:candidate_002283,2283
development,2118,development:candidate_002284,2284
development,2119,development:candidate_002285,2285
development,2120,development:candidate_002286,2286
development,2121,development:candidate_002287,2287
development,2122,development:candidate_002288,2288
development,2123,development:candidate_002289,2289
development,2124,development:candidate_002290,2290
development,2125,development:candidate_002291,2291
development,2126,development:candidate_002292,2292
development,2127,development:candidate_002293,2293
development,2128,development:candidate_002294,2294
development,2129,development:candidate_002295,2295
development,2130,development:candidate_002296,2296
development,2131,development:candidate_002297,2297
development,2132,development:candidate_002298,2298
development,2133,development:candidate_002299,2299
development,2134,development:candidate_002300,2300
development,2135,development:candidate_002301,2301
development,2136,development:candidate_002302,2302
development,2137,development:candidate_002303,2303
development,2138,development:candidate_002304,2304
development,2139,development:candidate_002305,2305
development,2140,development:candidate_002306,2306
development,2141,development:candidate_002307,2307
development,2142,development:candidate_002308,2308
development,2143,development:candidate_002311,2311
development,2144,development:candidate_002312,2312
development,2145,development:candidate_002313,2313
development,2146,development:candidate_002314,2314
development,2147,development:candidate_002315,2315
development,2148,development:candidate_002317,2317
development,2149,development:candidate_002319,2319
development,2150,development:candidate_002320,2320
development,2151,development:candidate_002321,2321
development,2152,development:candidate_002322,2322
development,2153,development:candidate_002323,2323
development,2154,development:candidate_002325,2325
development,2155,development:candidate_002326,2326
development,2156,development:candidate_002327,2327
development,2157,development:candidate_002328,2328
development,2158,development:candidate_002329,2329
development,2159,development:candidate_002332,2332
development,2160,development:candidate_002333,2333
development,2161,development:candidate_002334,2334
development,2162,development:candidate_002335,2335
development,2163,development:candidate_002336,2336
development,2164,development:candidate_002337,2337
development,2165,development:candidate_002338,2338
development,2166,development:candidate_002339,2339
development,2167,development:candidate_002340,2340
development,2168,development:candidate_002341,2341
development,2169,development:candidate_002342,2342
development,2170,development:candidate_002343,2343
development,2171,development:candidate_002344,2344
development,2172,development:candidate_002345,2345
development,2173,development:candidate_002346,2346
development,2174,development:candidate_002348,2348
development,2175,development:candidate_002349,2349
development,2176,development:candidate_002351,2351
development,2177,development:candidate_002352,2352
development,2178,development:candidate_002353,2353
development,2179,development:candidate_002354,2354
development,2180,development:candidate_002356,2356
development,2181,development:candidate_002357,2357
development,2182,development:candidate_002358,2358
development,2183,development:candidate_002359,2359
development,2184,development:candidate_002360,2360
development,2185,development:candidate_002361,2361
development,2186,development:candidate_002362,2362
development,2187,development:candidate_002363,2363
development,2188,development:candidate_002364,2364
development,2189,development:candidate_002365,2365
development,2190,development:candidate_002366,2366
development,2191,development:candidate_002367,2367
development,2192,development:candidate_002368,2368
development,2193,development:candidate_002369,2369
development,2194,development:candidate_002370,2370
development,2195,development:candidate_002371,2371
development,2196,development:candidate_002372,2372
development,2197,development:candidate_002373,2373
development,2198,development:candidate_002374,2374
development,2199,development:candidate_002375,2375
development,2200,development:candidate_002376,2376
development,2201,development:candidate_002377,2377
development,2202,development:candidate_002378,2378
development,2203,development:candidate_002379,2379
development,2204,development:candidate_002380,2380
development,2205,development:candidate_002381,2381
development,2206,development:candidate_002382,2382
development,2207,development:candidate_002383,2383
development,2208,development:candidate_002384,2384
development,2209,development:candidate_002386,2386
development,2210,development:candidate_002387,2387
development,2211,development:candidate_002388,2388
development,2212,development:candidate_002389,2389
development,2213,development:candidate_002390,2390
development,2214,development:candidate_002391,2391
development,2215,development:candidate_002392,2392
development,2216,development:candidate_002393,2393
development,2217,development:candidate_002394,2394
development,2218,development:candidate_002395,2395
development,2219,development:candidate_002396,2396
development,2220,development:candidate_002397,2397
development,2221,development:candidate_002398,2398
development,2222,development:candidate_002399,2399
development,2223,development:candidate_002401,2401
development,2224,development:candidate_002402,2402
development,2225,development:candidate_002403,2403
development,2226,development:candidate_002404,2404
development,2227,development:candidate_002406,2406
development,2228,development:candidate_002407,2407
development,2229,development:candidate_002408,2408
development,2230,development:candidate_002409,2409
development,2231,development:candidate_002410,2410
development,2232,development:candidate_002411,2411
development,2233,development:candidate_002412,2412
development,2234,development:candidate_002413,2413
development,2235,development:candidate_002414,2414
development,2236,development:candidate_002415,2415
development,2237,development:candidate_002416,2416
development,2238,development:candidate_002417,2417
development,2239,development:candidate_002418,2418
development,2240,development:candidate_002419,2419
development,2241,development:candidate_002420,2420
development,2242,development:candidate_002421,2421
development,2243,development:candidate_002422,2422
development,2244,development:candidate_002423,2423
development,2245,development:candidate_002424,2424
development,2246,development:candidate_002426,2426
development,2247,development:candidate_002427,2427
development,2248,development:candidate_002428,2428
development,2249,development:candidate_002429,2429
development,2250,development:candidate_002430,2430
development,2251,development:candidate_002431,2431
development,2252,development:candidate_002432,2432
development,2253,development:candidate_002433,2433
development,2254,development:candidate_002434,2434
development,2255,development:candidate_002435,2435
development,2256,development:candidate_002436,2436
development,2257,development:candidate_002437,2437
development,2258,development:candidate_002438,2438
development,2259,development:candidate_002439,2439
development,2260,development:candidate_002440,2440
development,2261,development:candidate_002441,2441
development,2262,development:candidate_002442,2442
development,2263,development:candidate_002443,2443
development,2264,development:candidate_002444,2444
development,2265,development:candidate_002445,2445
development,2266,development:candidate_002446,2446
development,2267,development:candidate_002447,2447
development,2268,development:candidate_002448,2448
development,2269,development:candidate_002450,2450
development,2270,development:candidate_002451,2451
development,2271,development:candidate_002452,2452
development,2272,development:candidate_002453,2453
development,2273,development:candidate_002454,2454
development,2274,development:candidate_002455,2455
development,2275,development:candidate_002456,2456
development,2276,development:candidate_002457,2457
development,2277,development:candidate_002458,2458
development,2278,development:candidate_002459,2459
development,2279,development:candidate_002460,2460
development,2280,development:candidate_002461,2461
development,2281,development:candidate_002463,2463
development,2282,development:candidate_002464,2464
development,2283,development:candidate_002465,2465
development,2284,development:candidate_002466,2466
development,2285,development:candidate_002467,2467
development,2286,development:candidate_002468,2468
development,2287,development:candidate_002469,2469
development,2288,development:candidate_002470,2470
development,2289,development:candidate_002471,2471
development,2290,development:candidate_002472,2472
development,2291,development:candidate_002473,2473
development,2292,development:candidate_002474,2474
development,2293,development:candidate_002475,2475
development,2294,development:candidate_002476,2476
development,2295,development:candidate_002477,2477
development,2296,development:candidate_002478,2478
development,2297,development:candidate_002479,2479
development,2298,development:candidate_002480,2480
development,2299,development:candidate_002481,2481
development,2300,development:candidate_002482,2482
development,2301,development:candidate_002483,2483
development,2302,development:candidate_002484,2484
development,2303,development:candidate_002485,2485
development,2304,development:candidate_002487,2487
development,2305,development:candidate_002489,2489
development,2306,development:candidate_002490,2490
development,2307,development:candidate_002491,2491
development,2308,development:candidate_002492,2492
development,2309,development:candidate_002493,2493
development,2310,development:candidate_002494,2494
development,2311,development:candidate_002495,2495
development,2312,development:candidate_002496,2496
development,2313,development:candidate_002497,2497
development,2314,development:candidate_002498,2498
development,2315,development:candidate_002499,2499
development,2316,development:candidate_002500,2500
development,2317,development:candidate_002501,2501
development,2318,development:candidate_002502,2502
development,2319,development:candidate_002503,2503
development,2320,development:candidate_002504,2504
development,2321,development:candidate_002505,2505
development,2322,development:candidate_002506,2506
development,2323,development:candidate_002507,2507
development,2324,development:candidate_002508,2508
development,2325,development:candidate_002509,2509
development,2326,development:candidate_002510,2510
development,2327,development:candidate_002511,2511
development,2328,development:candidate_002512,2512
development,2329,development:candidate_002513,2513
development,2330,development:candidate_002514,2514
development,2331,development:candidate_002515,2515
development,2332,development:candidate_002516,2516
development,2333,development:candidate_002517,2517
development,2334,development:candidate_002518,2518
development,2335,development:candidate_002519,2519
development,2336,development:candidate_002520,2520
development,2337,development:candidate_002521,2521
development,2338,development:candidate_002522,2522
development,2339,development:candidate_002523,2523
development,2340,development:candidate_002524,2524
development,2341,development:candidate_002525,2525
development,2342,development:candidate_002526,2526
development,2343,development:candidate_002527,2527
development,2344,development:candidate_002528,2528
development,2345,development:candidate_002529,2529
development,2346,development:candidate_002530,2530
development,2347,development:candidate_002531,2531
development,2348,development:candidate_002532,2532
development,2349,development:candidate_002533,2533
development,2350,development:candidate_002534,2534
development,2351,development:candidate_002535,2535
development,2352,development:candidate_002536,2536
development,2353,development:candidate_002537,2537
development,2354,development:candidate_002538,2538
development,2355,development:candidate_002539,2539
development,2356,development:candidate_002540,2540
development,2357,development:candidate_002542,2542
development,2358,development:candidate_002543,2543
development,2359,development:candidate_002544,2544
development,2360,development:candidate_002545,2545
development,2361,development:candidate_002546,2546
development,2362,development:candidate_002547,2547
development,2363,development:candidate_002548,2548
development,2364,development:candidate_002549,2549
development,2365,development:candidate_002550,2550
development,2366,development:candidate_002551,2551
development,2367,development:candidate_002552,2552
development,2368,development:candidate_002553,2553
development,2369,development:candidate_002554,2554
development,2370,development:candidate_002555,2555
development,2371,development:candidate_002556,2556
development,2372,development:candidate_002558,2558
development,2373,development:candidate_002559,2559
development,2374,development:candidate_002560,2560
development,2375,development:candidate_002562,2562
development,2376,development:candidate_002563,2563
development,2377,development:candidate_002564,2564
development,2378,development:candidate_002565,2565
development,2379,development:candidate_002566,2566
development,2380,development:candidate_002567,2567
development,2381,development:candidate_002568,2568
development,2382,development:candidate_002569,2569
development,2383,development:candidate_002570,2570
development,2384,development:candidate_002571,2571
development,2385,development:candidate_002572,2572
development,2386,development:candidate_002575,2575
development,2387,development:candidate_002576,2576
development,2388,development:candidate_002577,2577
development,2389,development:candidate_002578,2578
development,2390,development:candidate_002579,2579
development,2391,development:candidate_002580,2580
development,2392,development:candidate_002581,2581
development,2393,development:candidate_002582,2582
development,2394,development:candidate_002583,2583
development,2395,development:candidate_002584,2584
development,2396,development:candidate_002585,2585
development,2397,development:candidate_002586,2586
development,2398,development:candidate_002587,2587
development,2399,development:candidate_002589,2589
development,2400,development:candidate_002590,2590
development,2401,development:candidate_002591,2591
development,2402,development:candidate_002592,2592
development,2403,development:candidate_002593,2593
development,2404,development:candidate_002594,2594
development,2405,development:candidate_002595,2595
development,2406,development:candidate_002596,2596
development,2407,development:candidate_002597,2597
development,2408,development:candidate_002598,2598
development,2409,development:candidate_002600,2600
development,2410,development:candidate_002601,2601
development,2411,development:candidate_002603,2603
development,2412,development:candidate_002604,2604
development,2413,development:candidate_002605,2605
development,2414,development:candidate_002606,2606
development,2415,development:candidate_002607,2607
development,2416,development:candidate_002608,2608
development,2417,development:candidate_002609,2609
development,2418,development:candidate_002610,2610
development,2419,development:candidate_002611,2611
development,2420,development:candidate_002612,2612
development,2421,development:candidate_002613,2613
development,2422,development:candidate_002614,2614
development,2423,development:candidate_002615,2615
development,2424,development:candidate_002616,2616
development,2425,development:candidate_002617,2617
development,2426,development:candidate_002618,2618
development,2427,development:candidate_002620,2620
development,2428,development:candidate_002621,2621
development,2429,development:candidate_002622,2622
development,2430,development:candidate_002623,2623
development,2431,development:candidate_002624,2624
development,2432,development:candidate_002625,2625
development,2433,development:candidate_002626,2626
development,2434,development:candidate_002627,2627
development,2435,development:candidate_002628,2628
development,2436,development:candidate_002629,2629
development,2437,development:candidate_002630,2630
development,2438,development:candidate_002631,2631
development,2439,development:candidate_002632,2632
development,2440,development:candidate_002633,2633
development,2441,development:candidate_002634,2634
development,2442,development:candidate_002635,2635
development,2443,development:candidate_002636,2636
development,2444,development:candidate_002637,2637
development,2445,development:candidate_002638,2638
development,2446,development:candidate_002639,2639
development,2447,development:candidate_002640,2640
development,2448,development:candidate_002641,2641
development,2449,development:candidate_002642,2642
development,2450,development:candidate_002643,2643
development,2451,development:candidate_002644,2644
development,2452,development:candidate_002645,2645
development,2453,development:candidate_002646,2646
development,2454,development:candidate_002647,2647
development,2455,development:candidate_002648,2648
development,2456,development:candidate_002649,2649
development,2457,development:candidate_002650,2650
development,2458,development:candidate_002651,2651
development,2459,development:candidate_002652,2652
development,2460,development:candidate_002653,2653
development,2461,development:candidate_002654,2654
development,2462,development:candidate_002655,2655
development,2463,development:candidate_002656,2656
development,2464,development:candidate_002657,2657
development,2465,development:candidate_002658,2658
development,2466,development:candidate_002659,2659
development,2467,development:candidate_002660,2660
development,2468,development:candidate_002661,2661
development,2469,development:candidate_002662,2662
development,2470,development:candidate_002663,2663
development,2471,development:candidate_002664,2664
development,2472,development:candidate_002665,2665
development,2473,development:candidate_002666,2666
development,2474,development:candidate_002667,2667
development,2475,development:candidate_002668,2668
development,2476,development:candidate_002669,2669
development,2477,development:candidate_002670,2670
development,2478,development:candidate_002671,2671
development,2479,development:candidate_002672,2672
development,2480,development:candidate_002673,2673
development,2481,development:candidate_002674,2674
development,2482,development:candidate_002675,2675
development,2483,development:candidate_002676,2676
development,2484,development:candidate_002677,2677
development,2485,development:candidate_002678,2678
development,2486,development:candidate_002679,2679
development,2487,development:candidate_002680,2680
development,2488,development:candidate_002681,2681
development,2489,development:candidate_002682,2682
development,2490,development:candidate_002683,2683
development,2491,development:candidate_002684,2684
development,2492,development:candidate_002685,2685
development,2493,development:candidate_002686,2686
development,2494,development:candidate_002687,2687
development,2495,development:candidate_002688,2688
development,2496,development:candidate_002690,2690
development,2497,development:candidate_002692,2692
development,2498,development:candidate_002693,2693
development,2499,development:candidate_002694,2694
development,2500,development:candidate_002695,2695
development,2501,development:candidate_002696,2696
development,2502,development:candidate_002697,2697
development,2503,development:candidate_002698,2698
development,2504,development:candidate_002699,2699
development,2505,development:candidate_002700,2700
development,2506,development:candidate_002701,2701
development,2507,development:candidate_002702,2702
development,2508,development:candidate_002703,2703
development,2509,development:candidate_002704,2704
development,2510,development:candidate_002705,2705
development,2511,development:candidate_002706,2706
development,2512,development:candidate_002707,2707
development,2513,development:candidate_002708,2708
development,2514,development:candidate_002709,2709
development,2515,development:candidate_002710,2710
development,2516,development:candidate_002711,2711
development,2517,development:candidate_002712,2712
development,2518,development:candidate_002713,2713
development,2519,development:candidate_002714,2714
development,2520,development:candidate_002715,2715
development,2521,development:candidate_002716,2716
development,2522,development:candidate_002717,2717
development,2523,development:candidate_002718,2718
development,2524,development:candidate_002719,2719
development,2525,development:candidate_002720,2720
development,2526,development:candidate_002721,2721
development,2527,development:candidate_002722,2722
development,2528,development:candidate_002723,2723
development,2529,development:candidate_002724,2724
development,2530,development:candidate_002725,2725
development,2531,development:candidate_002726,2726
development,2532,development:candidate_002727,2727
development,2533,development:candidate_002728,2728
development,2534,development:candidate_002729,2729
development,2535,development:candidate_002730,2730
development,2536,development:candidate_002731,2731
development,2537,development:candidate_002732,2732
development,2538,development:candidate_002733,2733
development,2539,development:candidate_002734,2734
development,2540,development:candidate_002735,2735
development,2541,development:candidate_002736,2736
development,2542,development:candidate_002738,2738
development,2543,development:candidate_002739,2739
development,2544,development:candidate_002740,2740
development,2545,development:candidate_002741,2741
development,2546,development:candidate_002743,2743
development,2547,development:candidate_002744,2744
development,2548,development:candidate_002745,2745
development,2549,development:candidate_002746,2746
development,2550,development:candidate_002747,2747
development,2551,development:candidate_002748,2748
development,2552,development:candidate_002749,2749
development,2553,development:candidate_002750,2750
development,2554,development:candidate_002751,2751
development,2555,development:candidate_002752,2752
development,2556,development:candidate_002753,2753
development,2557,development:candidate_002754,2754
development,2558,development:candidate_002755,2755
development,2559,development:candidate_002756,2756
development,2560,development:candidate_002758,2758
development,2561,development:candidate_002759,2759
development,2562,development:candidate_002761,2761
development,2563,development:candidate_002762,2762
development,2564,development:candidate_002763,2763
development,2565,development:candidate_002764,2764
development,2566,development:candidate_002765,2765
development,2567,development:candidate_002766,2766
development,2568,development:candidate_002767,2767
development,2569,development:candidate_002768,2768
development,2570,development:candidate_002769,2769
development,2571,development:candidate_002770,2770
development,2572,development:candidate_002771,2771
development,2573,development:candidate_002772,2772
development,2574,development:candidate_002773,2773
development,2575,development:candidate_002774,2774
development,2576,development:candidate_002775,2775
development,2577,development:candidate_002776,2776
development,2578,development:candidate_002778,2778
development,2579,development:candidate_002779,2779
development,2580,development:candidate_002780,2780
development,2581,development:candidate_002781,2781
development,2582,development:candidate_002782,2782
development,2583,development:candidate_002783,2783
development,2584,development:candidate_002784,2784
development,2585,development:candidate_002785,2785
development,2586,development:candidate_002786,2786
development,2587,development:candidate_002787,2787
development,2588,development:candidate_002788,2788
development,2589,development:candidate_002789,2789
development,2590,development:candidate_002790,2790
development,2591,development:candidate_002791,2791
development,2592,development:candidate_002792,2792
development,2593,development:candidate_002793,2793
development,2594,development:candidate_002794,2794
development,2595,development:candidate_002795,2795
development,2596,development:candidate_002796,2796
development,2597,development:candidate_002797,2797
development,2598,development:candidate_002798,2798
development,2599,development:candidate_002799,2799
development,2600,development:candidate_002800,2800
development,2601,development:candidate_002801,2801
development,2602,development:candidate_002802,2802
development,2603,development:candidate_002804,2804
development,2604,development:candidate_002805,2805
development,2605,development:candidate_002806,2806
development,2606,development:candidate_002807,2807
development,2607,development:candidate_002808,2808
development,2608,development:candidate_002810,2810
development,2609,development:candidate_002811,2811
development,2610,development:candidate_002812,2812
development,2611,development:candidate_002813,2813
development,2612,development:candidate_002814,2814
development,2613,development:candidate_002815,2815
development,2614,development:candidate_002816,2816
development,2615,development:candidate_002817,2817
development,2616,development:candidate_002818,2818
development,2617,development:candidate_002820,2820
development,2618,development:candidate_002821,2821
development,2619,development:candidate_002822,2822
development,2620,development:candidate_002823,2823
development,2621,development:candidate_002824,2824
development,2622,development:candidate_002825,2825
development,2623,development:candidate_002826,2826
development,2624,development:candidate_002827,2827
development,2625,development:candidate_002829,2829
development,2626,development:candidate_002830,2830
development,2627,development:candidate_002831,2831
development,2628,development:candidate_002832,2832
development,2629,development:candidate_002833,2833
development,2630,development:candidate_002834,2834
development,2631,development:candidate_002835,2835
development,2632,development:candidate_002836,2836
development,2633,development:candidate_002837,2837
development,2634,development:candidate_002838,2838
development,2635,development:candidate_002839,2839
development,2636,development:candidate_002840,2840
development,2637,development:candidate_002841,2841
development,2638,development:candidate_002842,2842
development,2639,development:candidate_002843,2843
development,2640,development:candidate_002844,2844
development,2641,development:candidate_002845,2845
development,2642,development:candidate_002846,2846
development,2643,development:candidate_002847,2847
development,2644,development:candidate_002848,2848
development,2645,development:candidate_002849,2849
development,2646,development:candidate_002850,2850
development,2647,development:candidate_002851,2851
development,2648,development:candidate_002852,2852
development,2649,development:candidate_002853,2853
development,2650,development:candidate_002854,2854
development,2651,development:candidate_002855,2855
development,2652,development:candidate_002856,2856
development,2653,development:candidate_002857,2857
development,2654,development:candidate_002858,2858
development,2655,development:candidate_002859,2859
development,2656,development:candidate_002860,2860
development,2657,development:candidate_002861,2861
development,2658,development:candidate_002862,2862
development,2659,development:candidate_002863,2863
development,2660,development:candidate_002864,2864
development,2661,development:candidate_002865,2865
development,2662,development:candidate_002866,2866
development,2663,development:candidate_002867,2867
development,2664,development:candidate_002868,2868
development,2665,development:candidate_002869,2869
development,2666,development:candidate_002870,2870
development,2667,development:candidate_002871,2871
development,2668,development:candidate_002872,2872
development,2669,development:candidate_002873,2873
development,2670,development:candidate_002874,2874
development,2671,development:candidate_002875,2875
development,2672,development:candidate_002876,2876
development,2673,development:candidate_002877,2877
development,2674,development:candidate_002879,2879
development,2675,development:candidate_002880,2880
development,2676,development:candidate_002881,2881
development,2677,development:candidate_002882,2882
development,2678,development:candidate_002883,2883
development,2679,development:candidate_002885,2885
development,2680,development:candidate_002886,2886
development,2681,development:candidate_002887,2887
development,2682,development:candidate_002888,2888
development,2683,development:candidate_002890,2890
development,2684,development:candidate_002891,2891
development,2685,development:candidate_002892,2892
development,2686,development:candidate_002893,2893
development,2687,development:candidate_002894,2894
development,2688,development:candidate_002896,2896
development,2689,development:candidate_002897,2897
development,2690,development:candidate_002898,2898
development,2691,development:candidate_002899,2899
development,2692,development:candidate_002900,2900
development,2693,development:candidate_002901,2901
development,2694,development:candidate_002902,2902
development,2695,development:candidate_002903,2903
development,2696,development:candidate_002904,2904
development,2697,development:candidate_002905,2905
development,2698,development:candidate_002906,2906
development,2699,development:candidate_002907,2907
development,2700,development:candidate_002908,2908
development,2701,development:candidate_002909,2909
development,2702,development:candidate_002910,2910
development,2703,development:candidate_002911,2911
development,2704,development:candidate_002912,2912
development,2705,development:candidate_002913,2913
development,2706,development:candidate_002915,2915
development,2707,development:candidate_002916,2916
development,2708,development:candidate_002917,2917
development,2709,development:candidate_002918,2918
development,2710,development:candidate_002919,2919
development,2711,development:candidate_002920,2920
development,2712,development:candidate_002921,2921
development,2713,development:candidate_002922,2922
development,2714,development:candidate_002923,2923
development,2715,development:candidate_002924,2924
development,2716,development:candidate_002925,2925
development,2717,development:candidate_002926,2926
development,2718,development:candidate_002928,2928
development,2719,development:candidate_002929,2929
development,2720,development:candidate_002930,2930
development,2721,development:candidate_002931,2931
development,2722,development:candidate_002932,2932
development,2723,development:candidate_002933,2933
development,2724,development:candidate_002934,2934
development,2725,development:candidate_002935,2935
development,2726,development:candidate_002936,2936
development,2727,development:candidate_002937,2937
development,2728,development:candidate_002938,2938
development,2729,development:candidate_002939,2939
development,2730,development:candidate_002940,2940
development,2731,development:candidate_002941,2941
development,2732,development:candidate_002942,2942
development,2733,development:candidate_002943,2943
development,2734,development:candidate_002944,2944
development,2735,development:candidate_002945,2945
development,2736,development:candidate_002947,2947
development,2737,development:candidate_002948,2948
development,2738,development:candidate_002949,2949
development,2739,development:candidate_002950,2950
development,2740,development:candidate_002951,2951
development,2741,development:candidate_002953,2953
development,2742,development:candidate_002954,2954
development,2743,development:candidate_002955,2955
development,2744,development:candidate_002956,2956
development,2745,development:candidate_002957,2957
development,2746,development:candidate_002958,2958
development,2747,development:candidate_002959,2959
development,2748,development:candidate_002960,2960
development,2749,development:candidate_002961,2961
development,2750,development:candidate_002962,2962
development,2751,development:candidate_002963,2963
development,2752,development:candidate_002964,2964
development,2753,development:candidate_002965,2965
development,2754,development:candidate_002966,2966
development,2755,development:candidate_002967,2967
development,2756,development:candidate_002968,2968
development,2757,development:candidate_002969,2969
development,2758,development:candidate_002970,2970
development,2759,development:candidate_002971,2971
development,2760,development:candidate_002974,2974
development,2761,development:candidate_002975,2975
development,2762,development:candidate_002976,2976
development,2763,development:candidate_002977,2977
development,2764,development:candidate_002978,2978
development,2765,development:candidate_002979,2979
development,2766,development:candidate_002981,2981
development,2767,development:candidate_002982,2982
development,2768,development:candidate_002983,2983
development,2769,development:candidate_002984,2984
development,2770,development:candidate_002985,2985
development,2771,development:candidate_002986,2986
development,2772,development:candidate_002987,2987
development,2773,development:candidate_002988,2988
development,2774,development:candidate_002989,2989
development,2775,development:candidate_002990,2990
development,2776,development:candidate_002991,2991
development,2777,development:candidate_002992,2992
development,2778,development:candidate_002993,2993
development,2779,development:candidate_002994,2994
development,2780,development:candidate_002995,2995
development,2781,development:candidate_002996,2996
development,2782,development:candidate_002997,2997
development,2783,development:candidate_002998,2998
development,2784,development:candidate_002999,2999
development,2785,development:candidate_003000,3000
development,2786,development:candidate_003001,3001
development,2787,development:candidate_003002,3002
development,2788,development:candidate_003003,3003
development,2789,development:candidate_003004,3004
development,2790,development:candidate_003005,3005
development,2791,development:candidate_003008,3008
development,2792,development:candidate_003009,3009
development,2793,development:candidate_003011,3011
development,2794,development:candidate_003012,3012
development,2795,development:candidate_003013,3013
development,2796,development:candidate_003014,3014
development,2797,development:candidate_003015,3015
development,2798,development:candidate_003016,3016
development,2799,development:candidate_003017,3017
development,2800,development:candidate_003018,3018
development,2801,development:candidate_003020,3020
development,2802,development:candidate_003022,3022
development,2803,development:candidate_003023,3023
development,2804,development:candidate_003024,3024
development,2805,development:candidate_003025,3025
development,2806,development:candidate_003026,3026
development,2807,development:candidate_003027,3027
development,2808,development:candidate_003028,3028
development,2809,development:candidate_003029,3029
development,2810,development:candidate_003030,3030
development,2811,development:candidate_003032,3032
development,2812,development:candidate_003033,3033
development,2813,development:candidate_003034,3034
development,2814,development:candidate_003035,3035
development,2815,development:candidate_003036,3036
development,2816,development:candidate_003037,3037
development,2817,development:candidate_003039,3039
development,2818,development:candidate_003040,3040
development,2819,development:candidate_003041,3041
development,2820,development:candidate_003042,3042
development,2821,development:candidate_003043,3043
development,2822,development:candidate_003044,3044
development,2823,development:candidate_003046,3046
development,2824,development:candidate_003047,3047
development,2825,development:candidate_003048,3048
development,2826,development:candidate_003050,3050
development,2827,development:candidate_003051,3051
development,2828,development:candidate_003052,3052
development,2829,development:candidate_003053,3053
development,2830,development:candidate_003054,3054
development,2831,development:candidate_003055,3055
development,2832,development:candidate_003056,3056
development,2833,development:candidate_003057,3057
development,2834,development:candidate_003058,3058
development,2835,development:candidate_003059,3059
development,2836,development:candidate_003060,3060
development,2837,development:candidate_003061,3061
development,2838,development:candidate_003062,3062
development,2839,development:candidate_003064,3064
development,2840,development:candidate_003065,3065
development,2841,development:candidate_003066,3066
development,2842,development:candidate_003067,3067
development,2843,development:candidate_003068,3068
development,2844,development:candidate_003069,3069
development,2845,development:candidate_003070,3070
development,2846,development:candidate_003071,3071
development,2847,development:candidate_003072,3072
development,2848,development:candidate_003073,3073
development,2849,development:candidate_003074,3074
development,2850,development:candidate_003075,3075
development,2851,development:candidate_003076,3076
development,2852,development:candidate_003078,3078
development,2853,development:candidate_003080,3080
development,2854,development:candidate_003081,3081
development,2855,development:candidate_003082,3082
development,2856,development:candidate_003083,3083
development,2857,development:candidate_003084,3084
development,2858,development:candidate_003085,3085
development,2859,development:candidate_003086,3086
development,2860,development:candidate_003087,3087
development,2861,development:candidate_003088,3088
development,2862,development:candidate_003089,3089
development,2863,development:candidate_003090,3090
development,2864,development:candidate_003091,3091
development,2865,development:candidate_003092,3092
development,2866,development:candidate_003093,3093
development,2867,development:candidate_003094,3094
development,2868,development:candidate_003096,3096
development,2869,development:candidate_003097,3097
development,2870,development:candidate_003098,3098
development,2871,development:candidate_003099,3099
development,2872,development:candidate_003100,3100
development,2873,development:candidate_003101,3101
development,2874,development:candidate_003102,3102
development,2875,development:candidate_003103,3103
development,2876,development:candidate_003104,3104
development,2877,development:candidate_003105,3105
development,2878,development:candidate_003106,3106
development,2879,development:candidate_003107,3107
development,2880,development:candidate_003108,3108
development,2881,development:candidate_003109,3109
development,2882,development:candidate_003110,3110
development,2883,development:candidate_003111,3111
development,2884,development:candidate_003112,3112
development,2885,development:candidate_003113,3113
development,2886,development:candidate_003114,3114
development,2887,development:candidate_003115,3115
development,2888,development:candidate_003116,3116
development,2889,development:candidate_003117,3117
development,2890,development:candidate_003118,3118
development,2891,development:candidate_003119,3119
development,2892,development:candidate_003120,3120
development,2893,development:candidate_003121,3121
development,2894,development:candidate_003122,3122
development,2895,development:candidate_003123,3123
development,2896,development:candidate_003124,3124
development,2897,development:candidate_003125,3125
development,2898,development:candidate_003126,3126
development,2899,development:candidate_003127,3127
development,2900,development:candidate_003128,3128
development,2901,development:candidate_003129,3129
development,2902,development:candidate_003130,3130
development,2903,development:candidate_003131,3131
development,2904,development:candidate_003132,3132
development,2905,development:candidate_003133,3133
development,2906,development:candidate_003134,3134
development,2907,development:candidate_003135,3135
development,2908,development:candidate_003136,3136
development,2909,development:candidate_003137,3137
development,2910,development:candidate_003138,3138
development,2911,development:candidate_003140,3140
development,2912,development:candidate_003141,3141
development,2913,development:candidate_003142,3142
development,2914,development:candidate_003143,3143
development,2915,development:candidate_003145,3145
development,2916,development:candidate_003146,3146
development,2917,development:candidate_003147,3147
development,2918,development:candidate_003148,3148
development,2919,development:candidate_003149,3149
development,2920,development:candidate_003150,3150
development,2921,development:candidate_003151,3151
development,2922,development:candidate_003152,3152
development,2923,development:candidate_003153,3153
development,2924,development:candidate_003154,3154
development,2925,development:candidate_003155,3155
development,2926,development:candidate_003156,3156
development,2927,development:candidate_003157,3157
development,2928,development:candidate_003158,3158
development,2929,development:candidate_003159,3159
development,2930,development:candidate_003160,3160
development,2931,development:candidate_003161,3161
development,2932,development:candidate_003162,3162
development,2933,development:candidate_003164,3164
development,2934,development:candidate_003165,3165
development,2935,development:candidate_003166,3166
development,2936,development:candidate_003167,3167
development,2937,development:candidate_003168,3168
development,2938,development:candidate_003169,3169
development,2939,development:candidate_003170,3170
development,2940,development:candidate_003171,3171
development,2941,development:candidate_003172,3172
development,2942,development:candidate_003173,3173
development,2943,development:candidate_003174,3174
development,2944,development:candidate_003175,3175
development,2945,development:candidate_003176,3176
development,2946,development:candidate_003177,3177
development,2947,development:candidate_003178,3178
development,2948,development:candidate_003179,3179
development,2949,development:candidate_003180,3180
development,2950,development:candidate_003181,3181
development,2951,development:candidate_003182,3182
development,2952,development:candidate_003183,3183
development,2953,development:candidate_003184,3184
development,2954,development:candidate_003185,3185
development,2955,development:candidate_003186,3186
development,2956,development:candidate_003187,3187
development,2957,development:candidate_003188,3188
development,2958,development:candidate_003189,3189
development,2959,development:candidate_003190,3190
development,2960,development:candidate_003191,3191
development,2961,development:candidate_003192,3192
development,2962,development:candidate_003193,3193
development,2963,development:candidate_003194,3194
development,2964,development:candidate_003195,3195
development,2965,development:candidate_003197,3197
development,2966,development:candidate_003198,3198
development,2967,development:candidate_003199,3199
development,2968,development:candidate_003200,3200
development,2969,development:candidate_003201,3201
development,2970,development:candidate_003202,3202
development,2971,development:candidate_003203,3203
development,2972,development:candidate_003204,3204
development,2973,development:candidate_003205,3205
development,2974,development:candidate_003206,3206
development,2975,development:candidate_003207,3207
development,2976,development:candidate_003209,3209
development,2977,development:candidate_003210,3210
development,2978,development:candidate_003211,3211
development,2979,development:candidate_003212,3212
development,2980,development:candidate_003213,3213
development,2981,development:candidate_003214,3214
development,2982,development:candidate_003216,3216
development,2983,development:candidate_003217,3217
development,2984,development:candidate_003218,3218
development,2985,development:candidate_003220,3220
development,2986,development:candidate_003221,3221
development,2987,development:candidate_003222,3222
development,2988,development:candidate_003223,3223
development,2989,development:candidate_003224,3224
development,2990,development:candidate_003226,3226
development,2991,development:candidate_003228,3228
development,2992,development:candidate_003230,3230
development,2993,development:candidate_003231,3231
development,2994,development:candidate_003232,3232
development,2995,development:candidate_003233,3233
development,2996,development:candidate_003235,3235
development,2997,development:candidate_003236,3236
development,2998,development:candidate_003238,3238
development,2999,development:candidate_003239,3239
development,3000,development:candidate_003240,3240
development,3001,development:candidate_003241,3241
development,3002,development:candidate_003242,3242
development,3003,development:candidate_003243,3243
development,3004,development:candidate_003245,3245
development,3005,development:candidate_003246,3246
development,3006,development:candidate_003247,3247
development,3007,development:candidate_003248,3248
development,3008,development:candidate_003249,3249
development,3009,development:candidate_003250,3250
development,3010,development:candidate_003251,3251
development,3011,development:candidate_003252,3252
development,3012,development:candidate_003253,3253
development,3013,development:candidate_003254,3254
development,3014,development:candidate_003255,3255
development,3015,development:candidate_003256,3256
development,3016,development:candidate_003257,3257
development,3017,development:candidate_003258,3258
development,3018,development:candidate_003259,3259
development,3019,development:candidate_003260,3260
development,3020,development:candidate_003261,3261
development,3021,development:candidate_003262,3262
development,3022,development:candidate_003263,3263
development,3023,development:candidate_003264,3264
development,3024,development:candidate_003265,3265
development,3025,development:candidate_003266,3266
development,3026,development:candidate_003267,3267
development,3027,development:candidate_003268,3268
development,3028,development:candidate_003270,3270
development,3029,development:candidate_003271,3271
development,3030,development:candidate_003272,3272
development,3031,development:candidate_003273,3273
development,3032,development:candidate_003274,3274
development,3033,development:candidate_003275,3275
development,3034,development:candidate_003276,3276
development,3035,development:candidate_003277,3277
development,3036,development:candidate_003278,3278
development,3037,development:candidate_003279,3279
development,3038,development:candidate_003280,3280
development,3039,development:candidate_003281,3281
development,3040,development:candidate_003282,3282
development,3041,development:candidate_003283,3283
development,3042,development:candidate_003284,3284
development,3043,development:candidate_003285,3285
development,3044,development:candidate_003286,3286
development,3045,development:candidate_003287,3287
development,3046,development:candidate_003288,3288
development,3047,development:candidate_003289,3289
development,3048,development:candidate_003290,3290
development,3049,development:candidate_003291,3291
development,3050,development:candidate_003292,3292
development,3051,development:candidate_003293,3293
development,3052,development:candidate_003294,3294
development,3053,development:candidate_003295,3295
development,3054,development:candidate_003296,3296
development,3055,development:candidate_003297,3297
development,3056,development:candidate_003298,3298
development,3057,development:candidate_003299,3299
development,3058,development:candidate_003300,3300
development,3059,development:candidate_003301,3301
development,3060,development:candidate_003302,3302
development,3061,development:candidate_003303,3303
development,3062,development:candidate_003304,3304
development,3063,development:candidate_003305,3305
development,3064,development:candidate_003306,3306
development,3065,development:candidate_003307,3307
development,3066,development:candidate_003308,3308
development,3067,development:candidate_003309,3309
development,3068,development:candidate_003310,3310
development,3069,development:candidate_003311,3311
development,3070,development:candidate_003312,3312
development,3071,development:candidate_003313,3313
development,3072,development:candidate_003314,3314
development,3073,development:candidate_003316,3316
development,3074,development:candidate_003317,3317
development,3075,development:candidate_003318,3318
development,3076,development:candidate_003319,3319
development,3077,development:candidate_003320,3320
development,3078,development:candidate_003322,3322
development,3079,development:candidate_003323,3323
development,3080,development:candidate_003324,3324
development,3081,development:candidate_003325,3325
development,3082,development:candidate_003327,3327
development,3083,development:candidate_003328,3328
development,3084,development:candidate_003330,3330
development,3085,development:candidate_003331,3331
development,3086,development:candidate_003332,3332
development,3087,development:candidate_003333,3333
development,3088,development:candidate_003334,3334
development,3089,development:candidate_003335,3335
development,3090,development:candidate_003336,3336
development,3091,development:candidate_003337,3337
development,3092,development:candidate_003338,3338
development,3093,development:candidate_003339,3339
development,3094,development:candidate_003340,3340
development,3095,development:candidate_003341,3341
development,3096,development:candidate_003342,3342
development,3097,development:candidate_003343,3343
development,3098,development:candidate_003344,3344
development,3099,development:candidate_003345,3345
development,3100,development:candidate_003346,3346
development,3101,development:candidate_003347,3347
development,3102,development:candidate_003348,3348
development,3103,development:candidate_003349,3349
development,3104,development:candidate_003350,3350
development,3105,development:candidate_003351,3351
development,3106,development:candidate_003352,3352
development,3107,development:candidate_003353,3353
development,3108,development:candidate_003354,3354
development,3109,development:candidate_003355,3355
development,3110,development:candidate_003356,3356
development,3111,development:candidate_003357,3357
development,3112,development:candidate_003358,3358
development,3113,development:candidate_003359,3359
development,3114,development:candidate_003360,3360
development,3115,development:candidate_003364,3364
development,3116,development:candidate_003365,3365
development,3117,development:candidate_003366,3366
development,3118,development:candidate_003367,3367
development,3119,development:candidate_003368,3368
development,3120,development:candidate_003369,3369
development,3121,development:candidate_003370,3370
development,3122,development:candidate_003371,3371
development,3123,development:candidate_003372,3372
development,3124,development:candidate_003373,3373
development,3125,development:candidate_003374,3374
development,3126,development:candidate_003375,3375
development,3127,development:candidate_003377,3377
development,3128,development:candidate_003378,3378
development,3129,development:candidate_003379,3379
development,3130,development:candidate_003380,3380
development,3131,development:candidate_003381,3381
development,3132,development:candidate_003382,3382
development,3133,development:candidate_003383,3383
development,3134,development:candidate_003384,3384
development,3135,development:candidate_003385,3385
development,3136,development:candidate_003386,3386
development,3137,development:candidate_003387,3387
development,3138,development:candidate_003388,3388
development,3139,development:candidate_003389,3389
development,3140,development:candidate_003391,3391
development,3141,development:candidate_003392,3392
development,3142,development:candidate_003393,3393
development,3143,development:candidate_003394,3394
development,3144,development:candidate_003395,3395
development,3145,development:candidate_003396,3396
development,3146,development:candidate_003397,3397
development,3147,development:candidate_003398,3398
development,3148,development:candidate_003399,3399
development,3149,development:candidate_003400,3400
development,3150,development:candidate_003401,3401
development,3151,development:candidate_003402,3402
development,3152,development:candidate_003404,3404
development,3153,development:candidate_003405,3405
development,3154,development:candidate_003406,3406
development,3155,development:candidate_003407,3407
development,3156,development:candidate_003408,3408
development,3157,development:candidate_003409,3409
development,3158,development:candidate_003410,3410
development,3159,development:candidate_003412,3412
development,3160,development:candidate_003413,3413
development,3161,development:candidate_003414,3414
development,3162,development:candidate_003415,3415
development,3163,development:candidate_003416,3416
development,3164,development:candidate_003417,3417
development,3165,development:candidate_003418,3418
development,3166,development:candidate_003419,3419
development,3167,development:candidate_003420,3420
development,3168,development:candidate_003422,3422
development,3169,development:candidate_003423,3423
development,3170,development:candidate_003424,3424
development,3171,development:candidate_003425,3425
development,3172,development:candidate_003426,3426
development,3173,development:candidate_003427,3427
development,3174,development:candidate_003428,3428
development,3175,development:candidate_003429,3429
development,3176,development:candidate_003430,3430
development,3177,development:candidate_003431,3431
development,3178,development:candidate_003432,3432
development,3179,development:candidate_003433,3433
development,3180,development:candidate_003434,3434
development,3181,development:candidate_003435,3435
development,3182,development:candidate_003436,3436
development,3183,development:candidate_003437,3437
development,3184,development:candidate_003439,3439
development,3185,development:candidate_003440,3440
development,3186,development:candidate_003441,3441
development,3187,development:candidate_003442,3442
development,3188,development:candidate_003443,3443
development,3189,development:candidate_003444,3444
development,3190,development:candidate_003445,3445
development,3191,development:candidate_003446,3446
development,3192,development:candidate_003447,3447
development,3193,development:candidate_003448,3448
development,3194,development:candidate_003449,3449
development,3195,development:candidate_003450,3450
development,3196,development:candidate_003451,3451
development,3197,development:candidate_003452,3452
development,3198,development:candidate_003453,3453
development,3199,development:candidate_003454,3454
development,3200,development:candidate_003455,3455
development,3201,development:candidate_003456,3456
development,3202,development:candidate_003457,3457
development,3203,development:candidate_003458,3458
development,3204,development:candidate_003459,3459
development,3205,development:candidate_003460,3460
development,3206,development:candidate_003462,3462
development,3207,development:candidate_003463,3463
development,3208,development:candidate_003464,3464
development,3209,development:candidate_003465,3465
development,3210,development:candidate_003467,3467
development,3211,development:candidate_003468,3468
development,3212,development:candidate_003469,3469
development,3213,development:candidate_003470,3470
development,3214,development:candidate_003471,3471
development,3215,development:candidate_003472,3472
development,3216,development:candidate_003473,3473
development,3217,development:candidate_003474,3474
development,3218,development:candidate_003475,3475
development,3219,development:candidate_003477,3477
development,3220,development:candidate_003478,3478
development,3221,development:candidate_003479,3479
development,3222,development:candidate_003480,3480
development,3223,development:candidate_003481,3481
development,3224,development:candidate_003482,3482
development,3225,development:candidate_003483,3483
development,3226,development:candidate_003484,3484
development,3227,development:candidate_003485,3485
development,3228,development:candidate_003486,3486
development,3229,development:candidate_003487,3487
development,3230,development:candidate_003488,3488
development,3231,development:candidate_003489,3489
development,3232,development:candidate_003490,3490
development,3233,development:candidate_003491,3491
development,3234,development:candidate_003492,3492
development,3235,development:candidate_003493,3493
development,3236,development:candidate_003494,3494
development,3237,development:candidate_003495,3495
development,3238,development:candidate_003496,3496
development,3239,development:candidate_003498,3498
development,3240,development:candidate_003499,3499
development,3241,development:candidate_003500,3500
development,3242,development:candidate_003501,3501
development,3243,development:candidate_003502,3502
development,3244,development:candidate_003503,3503
development,3245,development:candidate_003504,3504
development,3246,development:candidate_003505,3505
development,3247,development:candidate_003506,3506
development,3248,development:candidate_003507,3507
development,3249,development:candidate_003508,3508
development,3250,development:candidate_003509,3509
development,3251,development:candidate_003510,3510
development,3252,development:candidate_003511,3511
development,3253,development:candidate_003512,3512
development,3254,development:candidate_003513,3513
development,3255,development:candidate_003514,3514
development,3256,development:candidate_003515,3515
development,3257,development:candidate_003516,3516
development,3258,development:candidate_003517,3517
development,3259,development:candidate_003518,3518
development,3260,development:candidate_003519,3519
development,3261,development:candidate_003520,3520
development,3262,development:candidate_003521,3521
development,3263,development:candidate_003522,3522
development,3264,development:candidate_003523,3523
development,3265,development:candidate_003524,3524
development,3266,development:candidate_003525,3525
development,3267,development:candidate_003526,3526
development,3268,development:candidate_003527,3527
development,3269,development:candidate_003528,3528
development,3270,development:candidate_003529,3529
development,3271,development:candidate_003530,3530
development,3272,development:candidate_003531,3531
development,3273,development:candidate_003532,3532
development,3274,development:candidate_003533,3533
development,3275,development:candidate_003534,3534
development,3276,development:candidate_003535,3535
development,3277,development:candidate_003536,3536
development,3278,development:candidate_003537,3537
development,3279,development:candidate_003538,3538
development,3280,development:candidate_003539,3539
development,3281,development:candidate_003540,3540
development,3282,development:candidate_003541,3541
development,3283,development:candidate_003542,3542
development,3284,development:candidate_003543,3543
development,3285,development:candidate_003544,3544
development,3286,development:candidate_003545,3545
development,3287,development:candidate_003546,3546
development,3288,development:candidate_003547,3547
development,3289,development:candidate_003548,3548
development,3290,development:candidate_003549,3549
development,3291,development:candidate_003550,3550
development,3292,development:candidate_003551,3551
development,3293,development:candidate_003552,3552
development,3294,development:candidate_003553,3553
development,3295,development:candidate_003554,3554
development,3296,development:candidate_003555,3555
development,3297,development:candidate_003556,3556
development,3298,development:candidate_003557,3557
development,3299,development:candidate_003558,3558
development,3300,development:candidate_003559,3559
development,3301,development:candidate_003560,3560
development,3302,development:candidate_003561,3561
development,3303,development:candidate_003562,3562
development,3304,development:candidate_003564,3564
development,3305,development:candidate_003565,3565
development,3306,development:candidate_003566,3566
development,3307,development:candidate_003567,3567
development,3308,development:candidate_003568,3568
development,3309,development:candidate_003569,3569
development,3310,development:candidate_003570,3570
development,3311,development:candidate_003571,3571
development,3312,development:candidate_003572,3572
development,3313,development:candidate_003573,3573
development,3314,development:candidate_003574,3574
development,3315,development:candidate_003575,3575
development,3316,development:candidate_003576,3576
development,3317,development:candidate_003578,3578
development,3318,development:candidate_003579,3579
development,3319,development:candidate_003580,3580
development,3320,development:candidate_003581,3581
development,3321,development:candidate_003582,3582
development,3322,development:candidate_003583,3583
development,3323,development:candidate_003584,3584
development,3324,development:candidate_003585,3585
development,3325,development:candidate_003586,3586
development,3326,development:candidate_003587,3587
development,3327,development:candidate_003588,3588
development,3328,development:candidate_003589,3589
development,3329,development:candidate_003590,3590
development,3330,development:candidate_003591,3591
development,3331,development:candidate_003592,3592
development,3332,development:candidate_003593,3593
development,3333,development:candidate_003594,3594
development,3334,development:candidate_003595,3595
development,3335,development:candidate_003596,3596
development,3336,development:candidate_003597,3597
development,3337,development:candidate_003598,3598
development,3338,development:candidate_003599,3599
development,3339,development:candidate_003600,3600
development,3340,development:candidate_003601,3601
development,3341,development:candidate_003602,3602
development,3342,development:candidate_003603,3603
development,3343,development:candidate_003604,3604
development,3344,development:candidate_003605,3605
development,3345,development:candidate_003606,3606
development,3346,development:candidate_003607,3607
development,3347,development:candidate_003608,3608
development,3348,development:candidate_003609,3609
development,3349,development:candidate_003610,3610
development,3350,development:candidate_003611,3611
development,3351,development:candidate_003612,3612
development,3352,development:candidate_003613,3613
development,3353,development:candidate_003614,3614
development,3354,development:candidate_003615,3615
development,3355,development:candidate_003616,3616
development,3356,development:candidate_003617,3617
development,3357,development:candidate_003618,3618
development,3358,development:candidate_003619,3619
development,3359,development:candidate_003620,3620
development,3360,development:candidate_003621,3621
development,3361,development:candidate_003622,3622
development,3362,development:candidate_003623,3623
development,3363,development:candidate_003624,3624
development,3364,development:candidate_003625,3625
development,3365,development:candidate_003626,3626
development,3366,development:candidate_003627,3627
development,3367,development:candidate_003628,3628
development,3368,development:candidate_003629,3629
development,3369,development:candidate_003631,3631
development,3370,development:candidate_003633,3633
development,3371,development:candidate_003634,3634
development,3372,development:candidate_003635,3635
development,3373,development:candidate_003636,3636
development,3374,development:candidate_003637,3637
development,3375,development:candidate_003638,3638
development,3376,development:candidate_003639,3639
development,3377,development:candidate_003641,3641
development,3378,development:candidate_003642,3642
development,3379,development:candidate_003643,3643
development,3380,development:candidate_003644,3644
development,3381,development:candidate_003645,3645
development,3382,development:candidate_003646,3646
development,3383,development:candidate_003647,3647
development,3384,development:candidate_003649,3649
development,3385,development:candidate_003650,3650
development,3386,development:candidate_003651,3651
development,3387,development:candidate_003652,3652
development,3388,development:candidate_003653,3653
development,3389,development:candidate_003654,3654
development,3390,development:candidate_003655,3655
development,3391,development:candidate_003656,3656
development,3392,development:candidate_003657,3657
development,3393,development:candidate_003658,3658
development,3394,development:candidate_003659,3659
development,3395,development:candidate_003660,3660
development,3396,development:candidate_003661,3661
development,3397,development:candidate_003662,3662
development,3398,development:candidate_003664,3664
development,3399,development:candidate_003665,3665
development,3400,development:candidate_003666,3666
development,3401,development:candidate_003667,3667
development,3402,development:candidate_003668,3668
development,3403,development:candidate_003669,3669
development,3404,development:candidate_003670,3670
development,3405,development:candidate_003672,3672
development,3406,development:candidate_003673,3673
development,3407,development:candidate_003674,3674
development,3408,development:candidate_003675,3675
development,3409,development:candidate_003676,3676
development,3410,development:candidate_003677,3677
development,3411,development:candidate_003678,3678
development,3412,development:candidate_003679,3679
development,3413,development:candidate_003680,3680
development,3414,development:candidate_003681,3681
development,3415,development:candidate_003682,3682
development,3416,development:candidate_003683,3683
development,3417,development:candidate_003684,3684
development,3418,development:candidate_003685,3685
development,3419,development:candidate_003686,3686
development,3420,development:candidate_003687,3687
development,3421,development:candidate_003688,3688
development,3422,development:candidate_003689,3689
development,3423,development:candidate_003690,3690
development,3424,development:candidate_003691,3691
development,3425,development:candidate_003692,3692
development,3426,development:candidate_003693,3693
development,3427,development:candidate_003694,3694
development,3428,development:candidate_003695,3695
development,3429,development:candidate_003697,3697
development,3430,development:candidate_003698,3698
development,3431,development:candidate_003699,3699
development,3432,development:candidate_003700,3700
development,3433,development:candidate_003701,3701
development,3434,development:candidate_003702,3702
development,3435,development:candidate_003703,3703
development,3436,development:candidate_003704,3704
development,3437,development:candidate_003705,3705
development,3438,development:candidate_003706,3706
development,3439,development:candidate_003707,3707
development,3440,development:candidate_003708,3708
development,3441,development:candidate_003709,3709
development,3442,development:candidate_003710,3710
development,3443,development:candidate_003711,3711
development,3444,development:candidate_003713,3713
development,3445,development:candidate_003714,3714
development,3446,development:candidate_003715,3715
development,3447,development:candidate_003716,3716
development,3448,development:candidate_003717,3717
development,3449,development:candidate_003718,3718
development,3450,development:candidate_003719,3719
development,3451,development:candidate_003720,3720
development,3452,development:candidate_003721,3721
development,3453,development:candidate_003722,3722
development,3454,development:candidate_003723,3723
development,3455,development:candidate_003724,3724
development,3456,development:candidate_003725,3725
development,3457,development:candidate_003726,3726
development,3458,development:candidate_003727,3727
development,3459,development:candidate_003729,3729
development,3460,development:candidate_003730,3730
development,3461,development:candidate_003731,3731
development,3462,development:candidate_003732,3732
development,3463,development:candidate_003733,3733
development,3464,development:candidate_003734,3734
development,3465,development:candidate_003735,3735
development,3466,development:candidate_003736,3736
development,3467,development:candidate_003737,3737
development,3468,development:candidate_003738,3738
development,3469,development:candidate_003739,3739
development,3470,development:candidate_003740,3740
development,3471,development:candidate_003741,3741
development,3472,development:candidate_003742,3742
development,3473,development:candidate_003743,3743
development,3474,development:candidate_003744,3744
development,3475,development:candidate_003745,3745
development,3476,development:candidate_003746,3746
development,3477,development:candidate_003748,3748
development,3478,development:candidate_003749,3749
development,3479,development:candidate_003750,3750
development,3480,development:candidate_003752,3752
development,3481,development:candidate_003753,3753
development,3482,development:candidate_003755,3755
development,3483,development:candidate_003756,3756
development,3484,development:candidate_003757,3757
development,3485,development:candidate_003758,3758
development,3486,development:candidate_003759,3759
development,3487,development:candidate_003760,3760
development,3488,development:candidate_003761,3761
development,3489,development:candidate_003762,3762
development,3490,development:candidate_003763,3763
development,3491,development:candidate_003765,3765
development,3492,development:candidate_003766,3766
development,3493,development:candidate_003767,3767
development,3494,development:candidate_003768,3768
development,3495,development:candidate_003769,3769
development,3496,development:candidate_003770,3770
development,3497,development:candidate_003771,3771
development,3498,development:candidate_003772,3772
development,3499,development:candidate_003773,3773
development,3500,development:candidate_003774,3774
development,3501,development:candidate_003775,3775
development,3502,development:candidate_003777,3777
development,3503,development:candidate_003778,3778
development,3504,development:candidate_003779,3779
development,3505,development:candidate_003780,3780
development,3506,development:candidate_003781,3781
development,3507,development:candidate_003783,3783
development,3508,development:candidate_003784,3784
development,3509,development:candidate_003785,3785
development,3510,development:candidate_003786,3786
development,3511,development:candidate_003787,3787
development,3512,development:candidate_003788,3788
development,3513,development:candidate_003789,3789
development,3514,development:candidate_003791,3791
development,3515,development:candidate_003792,3792
development,3516,development:candidate_003793,3793
development,3517,development:candidate_003794,3794
development,3518,development:candidate_003795,3795
development,3519,development:candidate_003796,3796
development,3520,development:candidate_003797,3797
development,3521,development:candidate_003798,3798
development,3522,development:candidate_003800,3800
development,3523,development:candidate_003801,3801
development,3524,development:candidate_003802,3802
development,3525,development:candidate_003803,3803
development,3526,development:candidate_003804,3804
development,3527,development:candidate_003805,3805
development,3528,development:candidate_003806,3806
development,3529,development:candidate_003807,3807
development,3530,development:candidate_003809,3809
development,3531,development:candidate_003810,3810
development,3532,development:candidate_003811,3811
development,3533,development:candidate_003812,3812
development,3534,development:candidate_003813,3813
development,3535,development:candidate_003814,3814
development,3536,development:candidate_003815,3815
development,3537,development:candidate_003816,3816
development,3538,development:candidate_003817,3817
development,3539,development:candidate_003818,3818
development,3540,development:candidate_003819,3819
development,3541,development:candidate_003820,3820
development,3542,development:candidate_003821,3821
development,3543,development:candidate_003822,3822
development,3544,development:candidate_003824,3824
development,3545,development:candidate_003825,3825
development,3546,development:candidate_003826,3826
development,3547,development:candidate_003827,3827
development,3548,development:candidate_003828,3828
development,3549,development:candidate_003829,3829
development,3550,development:candidate_003830,3830
development,3551,development:candidate_003831,3831
development,3552,development:candidate_003833,3833
development,3553,development:candidate_003834,3834
development,3554,development:candidate_003835,3835
development,3555,development:candidate_003836,3836
development,3556,development:candidate_003837,3837
development,3557,development:candidate_003838,3838
development,3558,development:candidate_003839,3839
development,3559,development:candidate_003840,3840
development,3560,development:candidate_003841,3841
development,3561,development:candidate_003842,3842
development,3562,development:candidate_003843,3843
development,3563,development:candidate_003844,3844
development,3564,development:candidate_003845,3845
development,3565,development:candidate_003847,3847
development,3566,development:candidate_003848,3848
development,3567,development:candidate_003849,3849
development,3568,development:candidate_003850,3850
development,3569,development:candidate_003851,3851
development,3570,development:candidate_003852,3852
development,3571,development:candidate_003853,3853
development,3572,development:candidate_003854,3854
development,3573,development:candidate_003855,3855
development,3574,development:candidate_003856,3856
development,3575,development:candidate_003857,3857
development,3576,development:candidate_003858,3858
development,3577,development:candidate_003859,3859
development,3578,development:candidate_003860,3860
development,3579,development:candidate_003861,3861
development,3580,development:candidate_003862,3862
development,3581,development:candidate_003863,3863
development,3582,development:candidate_003864,3864
development,3583,development:candidate_003865,3865
development,3584,development:candidate_003866,3866
development,3585,development:candidate_003868,3868
development,3586,development:candidate_003869,3869
development,3587,development:candidate_003870,3870
development,3588,development:candidate_003871,3871
development,3589,development:candidate_003872,3872
development,3590,development:candidate_003873,3873
development,3591,development:candidate_003874,3874
development,3592,development:candidate_003875,3875
development,3593,development:candidate_003876,3876
development,3594,development:candidate_003877,3877
development,3595,development:candidate_003879,3879
development,3596,development:candidate_003880,3880
development,3597,development:candidate_003881,3881
development,3598,development:candidate_003882,3882
development,3599,development:candidate_003883,3883
development,3600,development:candidate_003884,3884
development,3601,development:candidate_003885,3885
development,3602,development:candidate_003886,3886
development,3603,development:candidate_003887,3887
development,3604,development:candidate_003888,3888
development,3605,development:candidate_003889,3889
development,3606,development:candidate_003890,3890
development,3607,development:candidate_003891,3891
development,3608,development:candidate_003892,3892
development,3609,development:candidate_003893,3893
development,3610,development:candidate_003894,3894
development,3611,development:candidate_003895,3895
development,3612,development:candidate_003897,3897
development,3613,development:candidate_003898,3898
development,3614,development:candidate_003899,3899
development,3615,development:candidate_003900,3900
development,3616,development:candidate_003901,3901
development,3617,development:candidate_003902,3902
development,3618,development:candidate_003903,3903
development,3619,development:candidate_003904,3904
development,3620,development:candidate_003905,3905
development,3621,development:candidate_003906,3906
development,3622,development:candidate_003907,3907
development,3623,development:candidate_003908,3908
development,3624,development:candidate_003909,3909
development,3625,development:candidate_003910,3910
development,3626,development:candidate_003911,3911
development,3627,development:candidate_003912,3912
development,3628,development:candidate_003913,3913
development,3629,development:candidate_003914,3914
development,3630,development:candidate_003915,3915
development,3631,development:candidate_003916,3916
development,3632,development:candidate_003917,3917
development,3633,development:candidate_003919,3919
development,3634,development:candidate_003920,3920
development,3635,development:candidate_003921,3921
development,3636,development:candidate_003922,3922
development,3637,development:candidate_003923,3923
development,3638,development:candidate_003924,3924
development,3639,development:candidate_003925,3925
development,3640,development:candidate_003926,3926
development,3641,development:candidate_003927,3927
development,3642,development:candidate_003928,3928
development,3643,development:candidate_003929,3929
development,3644,development:candidate_003930,3930
development,3645,development:candidate_003931,3931
development,3646,development:candidate_003932,3932
development,3647,development:candidate_003933,3933
development,3648,development:candidate_003934,3934
development,3649,development:candidate_003935,3935
development,3650,development:candidate_003936,3936
development,3651,development:candidate_003937,3937
development,3652,development:candidate_003938,3938
development,3653,development:candidate_003940,3940
development,3654,development:candidate_003941,3941
development,3655,development:candidate_003942,3942
development,3656,development:candidate_003943,3943
development,3657,development:candidate_003945,3945
development,3658,development:candidate_003946,3946
development,3659,development:candidate_003947,3947
development,3660,development:candidate_003948,3948
development,3661,development:candidate_003949,3949
development,3662,development:candidate_003950,3950
development,3663,development:candidate_003951,3951
development,3664,development:candidate_003952,3952
development,3665,development:candidate_003954,3954
development,3666,development:candidate_003956,3956
development,3667,development:candidate_003958,3958
development,3668,development:candidate_003959,3959
development,3669,development:candidate_003960,3960
development,3670,development:candidate_003961,3961
development,3671,development:candidate_003962,3962
development,3672,development:candidate_003963,3963
development,3673,development:candidate_003964,3964
development,3674,development:candidate_003965,3965
development,3675,development:candidate_003966,3966
development,3676,development:candidate_003967,3967
development,3677,development:candidate_003968,3968
development,3678,development:candidate_003969,3969
development,3679,development:candidate_003970,3970
development,3680,development:candidate_003972,3972
development,3681,development:candidate_003973,3973
development,3682,development:candidate_003974,3974
development,3683,development:candidate_003975,3975
development,3684,development:candidate_003978,3978
development,3685,development:candidate_003979,3979
development,3686,development:candidate_003980,3980
development,3687,development:candidate_003981,3981
development,3688,development:candidate_003982,3982
development,3689,development:candidate_003983,3983
development,3690,development:candidate_003984,3984
development,3691,development:candidate_003985,3985
development,3692,development:candidate_003986,3986
development,3693,development:candidate_003987,3987
development,3694,development:candidate_003988,3988
development,3695,development:candidate_003989,3989
development,3696,development:candidate_003990,3990
development,3697,development:candidate_003991,3991
development,3698,development:candidate_003993,3993
development,3699,development:candidate_003994,3994
development,3700,development:candidate_003995,3995
development,3701,development:candidate_003996,3996
development,3702,development:candidate_003997,3997
development,3703,development:candidate_003998,3998
development,3704,development:candidate_003999,3999
development,3705,development:candidate_004000,4000
development,3706,development:candidate_004001,4001
development,3707,development:candidate_004002,4002
development,3708,development:candidate_004003,4003
development,3709,development:candidate_004004,4004
development,3710,development:candidate_004005,4005
development,3711,development:candidate_004006,4006
development,3712,development:candidate_004007,4007
development,3713,development:candidate_004009,4009
development,3714,development:candidate_004010,4010
development,3715,development:candidate_004011,4011
development,3716,development:candidate_004013,4013
development,3717,development:candidate_004014,4014
development,3718,development:candidate_004015,4015
development,3719,development:candidate_004016,4016
development,3720,development:candidate_004017,4017
development,3721,development:candidate_004018,4018
development,3722,development:candidate_004019,4019
development,3723,development:candidate_004020,4020
development,3724,development:candidate_004021,4021
development,3725,development:candidate_004022,4022
development,3726,development:candidate_004023,4023
development,3727,development:candidate_004024,4024
development,3728,development:candidate_004025,4025
development,3729,development:candidate_004026,4026
development,3730,development:candidate_004027,4027
development,3731,development:candidate_004028,4028
development,3732,development:candidate_004030,4030
development,3733,development:candidate_004031,4031
development,3734,development:candidate_004032,4032
development,3735,development:candidate_004033,4033
development,3736,development:candidate_004034,4034
development,3737,development:candidate_004035,4035
development,3738,development:candidate_004036,4036
development,3739,development:candidate_004037,4037
development,3740,development:candidate_004038,4038
development,3741,development:candidate_004039,4039
development,3742,development:candidate_004041,4041
development,3743,development:candidate_004042,4042
development,3744,development:candidate_004043,4043
development,3745,development:candidate_004044,4044
development,3746,development:candidate_004045,4045
development,3747,development:candidate_004046,4046
development,3748,development:candidate_004047,4047
development,3749,development:candidate_004049,4049
development,3750,development:candidate_004050,4050
development,3751,development:candidate_004052,4052
development,3752,development:candidate_004053,4053
development,3753,development:candidate_004054,4054
development,3754,development:candidate_004055,4055
development,3755,development:candidate_004056,4056
development,3756,development:candidate_004057,4057
development,3757,development:candidate_004058,4058
development,3758,development:candidate_004059,4059
development,3759,development:candidate_004061,4061
development,3760,development:candidate_004062,4062
development,3761,development:candidate_004063,4063
development,3762,development:candidate_004064,4064
development,3763,development:candidate_004065,4065
development,3764,development:candidate_004066,4066
development,3765,development:candidate_004067,4067
development,3766,development:candidate_004068,4068
development,3767,development:candidate_004069,4069
development,3768,development:candidate_004070,4070
development,3769,development:candidate_004071,4071
development,3770,development:candidate_004072,4072
development,3771,development:candidate_004073,4073
development,3772,development:candidate_004074,4074
development,3773,development:candidate_004075,4075
development,3774,development:candidate_004076,4076
development,3775,development:candidate_004078,4078
development,3776,development:candidate_004080,4080
development,3777,development:candidate_004081,4081
development,3778,development:candidate_004082,4082
development,3779,development:candidate_004083,4083
development,3780,development:candidate_004084,4084
development,3781,development:candidate_004085,4085
development,3782,development:candidate_004086,4086
development,3783,development:candidate_004087,4087
development,3784,development:candidate_004088,4088
development,3785,development:candidate_004089,4089
development,3786,development:candidate_004090,4090
development,3787,development:candidate_004091,4091
development,3788,development:candidate_004092,4092
development,3789,development:candidate_004093,4093
development,3790,development:candidate_004094,4094
development,3791,development:candidate_004095,4095
development,3792,development:candidate_004096,4096
development,3793,development:candidate_004097,4097
development,3794,development:candidate_004098,4098
development,3795,development:candidate_004099,4099
development,3796,development:candidate_004100,4100
development,3797,development:candidate_004101,4101
development,3798,development:candidate_004102,4102
development,3799,development:candidate_004103,4103
development,3800,development:candidate_004104,4104
development,3801,development:candidate_004105,4105
development,3802,development:candidate_004106,4106
development,3803,development:candidate_004107,4107
development,3804,development:candidate_004108,4108
development,3805,development:candidate_004109,4109
development,3806,development:candidate_004110,4110
development,3807,development:candidate_004111,4111
development,3808,development:candidate_004112,4112
development,3809,development:candidate_004113,4113
development,3810,development:candidate_004114,4114
development,3811,development:candidate_004115,4115
development,3812,development:candidate_004116,4116
development,3813,development:candidate_004117,4117
development,3814,development:candidate_004118,4118
development,3815,development:candidate_004119,4119
development,3816,development:candidate_004120,4120
development,3817,development:candidate_004121,4121
development,3818,development:candidate_004122,4122
development,3819,development:candidate_004123,4123
development,3820,development:candidate_004124,4124
development,3821,development:candidate_004125,4125
development,3822,development:candidate_004126,4126
development,3823,development:candidate_004127,4127
development,3824,development:candidate_004128,4128
development,3825,development:candidate_004129,4129
development,3826,development:candidate_004130,4130
development,3827,development:candidate_004131,4131
development,3828,development:candidate_004132,4132
development,3829,development:candidate_004133,4133
development,3830,development:candidate_004134,4134
development,3831,development:candidate_004135,4135
development,3832,development:candidate_004137,4137
development,3833,development:candidate_004138,4138
development,3834,development:candidate_004139,4139
development,3835,development:candidate_004140,4140
development,3836,development:candidate_004142,4142
development,3837,development:candidate_004143,4143
development,3838,development:candidate_004144,4144
development,3839,development:candidate_004145,4145
development,3840,development:candidate_004146,4146
development,3841,development:candidate_004147,4147
development,3842,development:candidate_004148,4148
development,3843,development:candidate_004149,4149
development,3844,development:candidate_004150,4150
development,3845,development:candidate_004151,4151
development,3846,development:candidate_004152,4152
development,3847,development:candidate_004153,4153
development,3848,development:candidate_004154,4154
development,3849,development:candidate_004155,4155
development,3850,development:candidate_004156,4156
development,3851,development:candidate_004157,4157
development,3852,development:candidate_004158,4158
development,3853,development:candidate_004159,4159
development,3854,development:candidate_004160,4160
development,3855,development:candidate_004161,4161
development,3856,development:candidate_004162,4162
development,3857,development:candidate_004163,4163
development,3858,development:candidate_004164,4164
development,3859,development:candidate_004165,4165
development,3860,development:candidate_004166,4166
development,3861,development:candidate_004167,4167
development,3862,development:candidate_004168,4168
development,3863,development:candidate_004169,4169
development,3864,development:candidate_004170,4170
development,3865,development:candidate_004171,4171
development,3866,development:candidate_004172,4172
development,3867,development:candidate_004173,4173
development,3868,development:candidate_004174,4174
development,3869,development:candidate_004175,4175
development,3870,development:candidate_004176,4176
development,3871,development:candidate_004177,4177
development,3872,development:candidate_004178,4178
development,3873,development:candidate_004179,4179
development,3874,development:candidate_004180,4180
development,3875,development:candidate_004181,4181
development,3876,development:candidate_004182,4182
development,3877,development:candidate_004183,4183
development,3878,development:candidate_004185,4185
development,3879,development:candidate_004186,4186
development,3880,development:candidate_004187,4187
development,3881,development:candidate_004188,4188
development,3882,development:candidate_004190,4190
development,3883,development:candidate_004191,4191
development,3884,development:candidate_004192,4192
development,3885,development:candidate_004193,4193
development,3886,development:candidate_004194,4194
development,3887,development:candidate_004195,4195
development,3888,development:candidate_004196,4196
development,3889,development:candidate_004197,4197
development,3890,development:candidate_004198,4198
development,3891,development:candidate_004199,4199
development,3892,development:candidate_004200,4200
development,3893,development:candidate_004201,4201
development,3894,development:candidate_004203,4203
development,3895,development:candidate_004205,4205
development,3896,development:candidate_004206,4206
development,3897,development:candidate_004208,4208
development,3898,development:candidate_004209,4209
development,3899,development:candidate_004210,4210
development,3900,development:candidate_004211,4211
development,3901,development:candidate_004212,4212
development,3902,development:candidate_004213,4213
development,3903,development:candidate_004214,4214
development,3904,development:candidate_004216,4216
development,3905,development:candidate_004217,4217
development,3906,development:candidate_004218,4218
development,3907,development:candidate_004219,4219
development,3908,development:candidate_004220,4220
development,3909,development:candidate_004221,4221
development,3910,development:candidate_004222,4222
development,3911,development:candidate_004223,4223
development,3912,development:candidate_004224,4224
development,3913,development:candidate_004225,4225
development,3914,development:candidate_004226,4226
development,3915,development:candidate_004227,4227
development,3916,development:candidate_004228,4228
development,3917,development:candidate_004229,4229
development,3918,development:candidate_004230,4230
development,3919,development:candidate_004232,4232
development,3920,development:candidate_004233,4233
development,3921,development:candidate_004234,4234
development,3922,development:candidate_004235,4235
development,3923,development:candidate_004236,4236
development,3924,development:candidate_004237,4237
development,3925,development:candidate_004238,4238
development,3926,development:candidate_004239,4239
development,3927,development:candidate_004240,4240
development,3928,development:candidate_004241,4241
development,3929,development:candidate_004242,4242
development,3930,development:candidate_004243,4243
development,3931,development:candidate_004244,4244
development,3932,development:candidate_004245,4245
development,3933,development:candidate_004246,4246
development,3934,development:candidate_004247,4247
development,3935,development:candidate_004248,4248
development,3936,development:candidate_004250,4250
development,3937,development:candidate_004251,4251
development,3938,development:candidate_004252,4252
development,3939,development:candidate_004253,4253
development,3940,development:candidate_004254,4254
development,3941,development:candidate_004256,4256
development,3942,development:candidate_004257,4257
development,3943,development:candidate_004258,4258
development,3944,development:candidate_004259,4259
development,3945,development:candidate_004260,4260
development,3946,development:candidate_004261,4261
development,3947,development:candidate_004262,4262
development,3948,development:candidate_004263,4263
development,3949,development:candidate_004264,4264
development,3950,development:candidate_004265,4265
development,3951,development:candidate_004267,4267
development,3952,development:candidate_004268,4268
development,3953,development:candidate_004269,4269
development,3954,development:candidate_004270,4270
development,3955,development:candidate_004271,4271
development,3956,development:candidate_004272,4272
development,3957,development:candidate_004273,4273
development,3958,development:candidate_004274,4274
development,3959,development:candidate_004275,4275
development,3960,development:candidate_004276,4276
development,3961,development:candidate_004277,4277
development,3962,development:candidate_004278,4278
development,3963,development:candidate_004279,4279
development,3964,development:candidate_004280,4280
development,3965,development:candidate_004281,4281
development,3966,development:candidate_004282,4282
development,3967,development:candidate_004283,4283
development,3968,development:candidate_004284,4284
development,3969,development:candidate_004285,4285
development,3970,development:candidate_004286,4286
development,3971,development:candidate_004287,4287
development,3972,development:candidate_004288,4288
development,3973,development:candidate_004289,4289
development,3974,development:candidate_004290,4290
development,3975,development:candidate_004291,4291
development,3976,development:candidate_004292,4292
development,3977,development:candidate_004293,4293
development,3978,development:candidate_004294,4294
development,3979,development:candidate_004295,4295
development,3980,development:candidate_004296,4296
development,3981,development:candidate_004297,4297
development,3982,development:candidate_004298,4298
development,3983,development:candidate_004299,4299
development,3984,development:candidate_004300,4300
development,3985,development:candidate_004301,4301
development,3986,development:candidate_004302,4302
development,3987,development:candidate_004303,4303
development,3988,development:candidate_004304,4304
development,3989,development:candidate_004305,4305
development,3990,development:candidate_004306,4306
development,3991,development:candidate_004307,4307
development,3992,development:candidate_004308,4308
development,3993,development:candidate_004309,4309
development,3994,development:candidate_004310,4310
development,3995,development:candidate_004311,4311
development,3996,development:candidate_004312,4312
development,3997,development:candidate_004313,4313
development,3998,development:candidate_004314,4314
development,3999,development:candidate_004315,4315
development,4000,development:candidate_004316,4316
development,4001,development:candidate_004317,4317
development,4002,development:candidate_004318,4318
development,4003,development:candidate_004319,4319
development,4004,development:candidate_004320,4320
development,4005,development:candidate_004321,4321
development,4006,development:candidate_004322,4322
development,4007,development:candidate_004323,4323
development,4008,development:candidate_004324,4324
development,4009,development:candidate_004325,4325
development,4010,development:candidate_004326,4326
development,4011,development:candidate_004327,4327
development,4012,development:candidate_004328,4328
development,4013,development:candidate_004329,4329
development,4014,development:candidate_004330,4330
development,4015,development:candidate_004331,4331
development,4016,development:candidate_004332,4332
development,4017,development:candidate_004333,4333
development,4018,development:candidate_004334,4334
development,4019,development:candidate_004335,4335
development,4020,development:candidate_004336,4336
development,4021,development:candidate_004337,4337
development,4022,development:candidate_004338,4338
development,4023,development:candidate_004339,4339
development,4024,development:candidate_004340,4340
development,4025,development:candidate_004341,4341
development,4026,development:candidate_004342,4342
development,4027,development:candidate_004343,4343
development,4028,development:candidate_004344,4344
development,4029,development:candidate_004345,4345
development,4030,development:candidate_004346,4346
development,4031,development:candidate_004347,4347
development,4032,development:candidate_004348,4348
development,4033,development:candidate_004349,4349
development,4034,development:candidate_004350,4350
development,4035,development:candidate_004351,4351
development,4036,development:candidate_004352,4352
development,4037,development:candidate_004353,4353
development,4038,development:candidate_004354,4354
development,4039,development:candidate_004355,4355
development,4040,development:candidate_004356,4356
development,4041,development:candidate_004357,4357
development,4042,development:candidate_004358,4358
development,4043,development:candidate_004359,4359
development,4044,development:candidate_004360,4360
development,4045,development:candidate_004361,4361
development,4046,development:candidate_004362,4362
development,4047,development:candidate_004363,4363
development,4048,development:candidate_004364,4364
development,4049,development:candidate_004365,4365
development,4050,development:candidate_004366,4366
development,4051,development:candidate_004367,4367
development,4052,development:candidate_004368,4368
development,4053,development:candidate_004369,4369
development,4054,development:candidate_004370,4370
development,4055,development:candidate_004371,4371
development,4056,development:candidate_004372,4372
development,4057,development:candidate_004373,4373
development,4058,development:candidate_004375,4375
development,4059,development:candidate_004376,4376
development,4060,development:candidate_004377,4377
development,4061,development:candidate_004378,4378
development,4062,development:candidate_004379,4379
development,4063,development:candidate_004380,4380
development,4064,development:candidate_004381,4381
development,4065,development:candidate_004382,4382
development,4066,development:candidate_004383,4383
development,4067,development:candidate_004384,4384
development,4068,development:candidate_004385,4385
development,4069,development:candidate_004386,4386
development,4070,development:candidate_004387,4387
development,4071,development:candidate_004388,4388
development,4072,development:candidate_004389,4389
development,4073,development:candidate_004390,4390
development,4074,development:candidate_004391,4391
development,4075,development:candidate_004392,4392
development,4076,development:candidate_004393,4393
development,4077,development:candidate_004394,4394
development,4078,development:candidate_004395,4395
development,4079,development:candidate_004397,4397
development,4080,development:candidate_004398,4398
development,4081,development:candidate_004399,4399
development,4082,development:candidate_004400,4400
development,4083,development:candidate_004401,4401
development,4084,development:candidate_004402,4402
development,4085,development:candidate_004403,4403
development,4086,development:candidate_004404,4404
development,4087,development:candidate_004405,4405
development,4088,development:candidate_004406,4406
development,4089,development:candidate_004407,4407
development,4090,development:candidate_004408,4408
development,4091,development:candidate_004409,4409
development,4092,development:candidate_004410,4410
development,4093,development:candidate_004411,4411
development,4094,development:candidate_004412,4412
development,4095,development:candidate_004413,4413
development,4096,development:candidate_004414,4414
development,4097,development:candidate_004415,4415
development,4098,development:candidate_004416,4416
development,4099,development:candidate_004418,4418
development,4100,development:candidate_004419,4419
development,4101,development:candidate_004420,4420
development,4102,development:candidate_004421,4421
development,4103,development:candidate_004422,4422
development,4104,development:candidate_004423,4423
development,4105,development:candidate_004424,4424
development,4106,development:candidate_004425,4425
development,4107,development:candidate_004426,4426
development,4108,development:candidate_004427,4427
development,4109,development:candidate_004428,4428
development,4110,development:candidate_004429,4429
development,4111,development:candidate_004430,4430
development,4112,development:candidate_004432,4432
development,4113,development:candidate_004433,4433
development,4114,development:candidate_004434,4434
development,4115,development:candidate_004435,4435
development,4116,development:candidate_004436,4436
development,4117,development:candidate_004437,4437
development,4118,development:candidate_004438,4438
development,4119,development:candidate_004439,4439
development,4120,development:candidate_004441,4441
development,4121,development:candidate_004442,4442
development,4122,development:candidate_004444,4444
development,4123,development:candidate_004445,4445
development,4124,development:candidate_004446,4446
development,4125,development:candidate_004447,4447
development,4126,development:candidate_004448,4448
development,4127,development:candidate_004449,4449
development,4128,development:candidate_004450,4450
development,4129,development:candidate_004451,4451
development,4130,development:candidate_004452,4452
development,4131,development:candidate_004453,4453
development,4132,development:candidate_004454,4454
development,4133,development:candidate_004455,4455
development,4134,development:candidate_004456,4456
development,4135,development:candidate_004457,4457
development,4136,development:candidate_004458,4458
development,4137,development:candidate_004459,4459
development,4138,development:candidate_004460,4460
development,4139,development:candidate_004461,4461
development,4140,development:candidate_004462,4462
development,4141,development:candidate_004463,4463
development,4142,development:candidate_004465,4465
development,4143,development:candidate_004466,4466
development,4144,development:candidate_004468,4468
development,4145,development:candidate_004469,4469
development,4146,development:candidate_004470,4470
development,4147,development:candidate_004471,4471
development,4148,development:candidate_004472,4472
development,4149,development:candidate_004473,4473
development,4150,development:candidate_004474,4474
development,4151,development:candidate_004475,4475
development,4152,development:candidate_004476,4476
development,4153,development:candidate_004478,4478
development,4154,development:candidate_004479,4479
development,4155,development:candidate_004480,4480
development,4156,development:candidate_004481,4481
development,4157,development:candidate_004482,4482
development,4158,development:candidate_004483,4483
development,4159,development:candidate_004484,4484
development,4160,development:candidate_004485,4485
development,4161,development:candidate_004486,4486
development,4162,development:candidate_004487,4487
development,4163,development:candidate_004488,4488
development,4164,development:candidate_004490,4490
development,4165,development:candidate_004491,4491
development,4166,development:candidate_004492,4492
development,4167,development:candidate_004493,4493
development,4168,development:candidate_004494,4494
development,4169,development:candidate_004495,4495
development,4170,development:candidate_004496,4496
development,4171,development:candidate_004497,4497
development,4172,development:candidate_004498,4498
development,4173,development:candidate_004499,4499
development,4174,development:candidate_004500,4500
development,4175,development:candidate_004501,4501
development,4176,development:candidate_004502,4502
development,4177,development:candidate_004503,4503
development,4178,development:candidate_004504,4504
development,4179,development:candidate_004505,4505
development,4180,development:candidate_004506,4506
development,4181,development:candidate_004507,4507
development,4182,development:candidate_004508,4508
development,4183,development:candidate_004509,4509
development,4184,development:candidate_004510,4510
development,4185,development:candidate_004511,4511
development,4186,development:candidate_004512,4512
development,4187,development:candidate_004513,4513
development,4188,development:candidate_004514,4514
development,4189,development:candidate_004516,4516
development,4190,development:candidate_004517,4517
development,4191,development:candidate_004518,4518
development,4192,development:candidate_004519,4519
development,4193,development:candidate_004520,4520
development,4194,development:candidate_004521,4521
development,4195,development:candidate_004522,4522
development,4196,development:candidate_004523,4523
development,4197,development:candidate_004524,4524
development,4198,development:candidate_004525,4525
development,4199,development:candidate_004526,4526
development,4200,development:candidate_004527,4527
development,4201,development:candidate_004528,4528
development,4202,development:candidate_004529,4529
development,4203,development:candidate_004530,4530
development,4204,development:candidate_004531,4531
development,4205,development:candidate_004532,4532
development,4206,development:candidate_004533,4533
development,4207,development:candidate_004534,4534
development,4208,development:candidate_004535,4535
development,4209,development:candidate_004536,4536
development,4210,development:candidate_004537,4537
development,4211,development:candidate_004538,4538
development,4212,development:candidate_004539,4539
development,4213,development:candidate_004540,4540
development,4214,development:candidate_004541,4541
development,4215,development:candidate_004542,4542
development,4216,development:candidate_004543,4543
development,4217,development:candidate_004544,4544
development,4218,development:candidate_004545,4545
development,4219,development:candidate_004546,4546
development,4220,development:candidate_004547,4547
development,4221,development:candidate_004548,4548
development,4222,development:candidate_004549,4549
development,4223,development:candidate_004550,4550
development,4224,development:candidate_004551,4551
development,4225,development:candidate_004552,4552
development,4226,development:candidate_004553,4553
development,4227,development:candidate_004554,4554
development,4228,development:candidate_004555,4555
development,4229,development:candidate_004556,4556
development,4230,development:candidate_004557,4557
development,4231,development:candidate_004558,4558
development,4232,development:candidate_004560,4560
development,4233,development:candidate_004561,4561
development,4234,development:candidate_004562,4562
development,4235,development:candidate_004564,4564
development,4236,development:candidate_004565,4565
development,4237,development:candidate_004566,4566
development,4238,development:candidate_004567,4567
development,4239,development:candidate_004568,4568
development,4240,development:candidate_004570,4570
development,4241,development:candidate_004571,4571
development,4242,development:candidate_004572,4572
development,4243,development:candidate_004573,4573
development,4244,development:candidate_004574,4574
development,4245,development:candidate_004575,4575
development,4246,development:candidate_004576,4576
development,4247,development:candidate_004577,4577
development,4248,development:candidate_004578,4578
development,4249,development:candidate_004580,4580
development,4250,development:candidate_004581,4581
development,4251,development:candidate_004582,4582
development,4252,development:candidate_004583,4583
development,4253,development:candidate_004584,4584
development,4254,development:candidate_004585,4585
development,4255,development:candidate_004587,4587
development,4256,development:candidate_004588,4588
development,4257,development:candidate_004589,4589
development,4258,development:candidate_004590,4590
development,4259,development:candidate_004591,4591
development,4260,development:candidate_004592,4592
development,4261,development:candidate_004593,4593
development,4262,development:candidate_004594,4594
development,4263,development:candidate_004595,4595
development,4264,development:candidate_004596,4596
development,4265,development:candidate_004597,4597
development,4266,development:candidate_004598,4598
development,4267,development:candidate_004599,4599
development,4268,development:candidate_004600,4600
development,4269,development:candidate_004601,4601
development,4270,development:candidate_004602,4602
development,4271,development:candidate_004603,4603
development,4272,development:candidate_004604,4604
development,4273,development:candidate_004605,4605
development,4274,development:candidate_004606,4606
development,4275,development:candidate_004607,4607
development,4276,development:candidate_004608,4608
development,4277,development:candidate_004609,4609
development,4278,development:candidate_004610,4610
development,4279,development:candidate_004611,4611
development,4280,development:candidate_004612,4612
development,4281,development:candidate_004613,4613
development,4282,development:candidate_004614,4614
development,4283,development:candidate_004616,4616
development,4284,development:candidate_004617,4617
development,4285,development:candidate_004618,4618
development,4286,development:candidate_004619,4619
development,4287,development:candidate_004620,4620
development,4288,development:candidate_004621,4621
development,4289,development:candidate_004622,4622
development,4290,development:candidate_004623,4623
development,4291,development:candidate_004624,4624
development,4292,development:candidate_004626,4626
development,4293,development:candidate_004627,4627
development,4294,development:candidate_004628,4628
development,4295,development:candidate_004629,4629
development,4296,development:candidate_004630,4630
development,4297,development:candidate_004631,4631
development,4298,development:candidate_004632,4632
development,4299,development:candidate_004634,4634
development,4300,development:candidate_004635,4635
development,4301,development:candidate_004636,4636
development,4302,development:candidate_004637,4637
development,4303,development:candidate_004638,4638
development,4304,development:candidate_004639,4639
development,4305,development:candidate_004640,4640
development,4306,development:candidate_004641,4641
development,4307,development:candidate_004643,4643
development,4308,development:candidate_004644,4644
development,4309,development:candidate_004645,4645
development,4310,development:candidate_004646,4646
development,4311,development:candidate_004647,4647
development,4312,development:candidate_004648,4648
development,4313,development:candidate_004649,4649
development,4314,development:candidate_004650,4650
development,4315,development:candidate_004651,4651
development,4316,development:candidate_004653,4653
development,4317,development:candidate_004654,4654
development,4318,development:candidate_004655,4655
development,4319,development:candidate_004656,4656
development,4320,development:candidate_004658,4658
development,4321,development:candidate_004659,4659
development,4322,development:candidate_004661,4661
development,4323,development:candidate_004662,4662
development,4324,development:candidate_004663,4663
development,4325,development:candidate_004664,4664
development,4326,development:candidate_004665,4665
development,4327,development:candidate_004666,4666
development,4328,development:candidate_004667,4667
development,4329,development:candidate_004668,4668
development,4330,development:candidate_004669,4669
development,4331,development:candidate_004670,4670
development,4332,development:candidate_004671,4671
development,4333,development:candidate_004673,4673
development,4334,development:candidate_004674,4674
development,4335,development:candidate_004676,4676
development,4336,development:candidate_004677,4677
development,4337,development:candidate_004678,4678
development,4338,development:candidate_004679,4679
development,4339,development:candidate_004680,4680
development,4340,development:candidate_004682,4682
development,4341,development:candidate_004683,4683
development,4342,development:candidate_004685,4685
development,4343,development:candidate_004686,4686
development,4344,development:candidate_004687,4687
development,4345,development:candidate_004688,4688
development,4346,development:candidate_004689,4689
development,4347,development:candidate_004690,4690
development,4348,development:candidate_004692,4692
development,4349,development:candidate_004693,4693
development,4350,development:candidate_004694,4694
development,4351,development:candidate_004695,4695
development,4352,development:candidate_004696,4696
development,4353,development:candidate_004697,4697
development,4354,development:candidate_004698,4698
development,4355,development:candidate_004699,4699
development,4356,development:candidate_004700,4700
development,4357,development:candidate_004701,4701
development,4358,development:candidate_004702,4702
development,4359,development:candidate_004703,4703
development,4360,development:candidate_004705,4705
development,4361,development:candidate_004706,4706
development,4362,development:candidate_004707,4707
development,4363,development:candidate_004708,4708
development,4364,development:candidate_004709,4709
development,4365,development:candidate_004710,4710
development,4366,development:candidate_004712,4712
development,4367,development:candidate_004713,4713
development,4368,development:candidate_004714,4714
development,4369,development:candidate_004716,4716
development,4370,development:candidate_004717,4717
development,4371,development:candidate_004718,4718
development,4372,development:candidate_004719,4719
development,4373,development:candidate_004720,4720
development,4374,development:candidate_004722,4722
development,4375,development:candidate_004723,4723
development,4376,development:candidate_004724,4724
development,4377,development:candidate_004725,4725
development,4378,development:candidate_004726,4726
development,4379,development:candidate_004727,4727
development,4380,development:candidate_004728,4728
development,4381,development:candidate_004729,4729
development,4382,development:candidate_004730,4730
development,4383,development:candidate_004731,4731
development,4384,development:candidate_004733,4733
development,4385,development:candidate_004735,4735
development,4386,development:candidate_004736,4736
development,4387,development:candidate_004737,4737
development,4388,development:candidate_004738,4738
development,4389,development:candidate_004739,4739
development,4390,development:candidate_004740,4740
development,4391,development:candidate_004741,4741
development,4392,development:candidate_004742,4742
development,4393,development:candidate_004743,4743
development,4394,development:candidate_004744,4744
development,4395,development:candidate_004745,4745
development,4396,development:candidate_004746,4746
development,4397,development:candidate_004747,4747
development,4398,development:candidate_004748,4748
development,4399,development:candidate_004749,4749
development,4400,development:candidate_004750,4750
development,4401,development:candidate_004751,4751
development,4402,development:candidate_004752,4752
development,4403,development:candidate_004753,4753
development,4404,development:candidate_004754,4754
development,4405,development:candidate_004755,4755
development,4406,development:candidate_004756,4756
development,4407,development:candidate_004757,4757
development,4408,development:candidate_004758,4758
development,4409,development:candidate_004759,4759
development,4410,development:candidate_004760,4760
development,4411,development:candidate_004762,4762
development,4412,development:candidate_004763,4763
development,4413,development:candidate_004764,4764
development,4414,development:candidate_004765,4765
development,4415,development:candidate_004766,4766
development,4416,development:candidate_004767,4767
development,4417,development:candidate_004768,4768
development,4418,development:candidate_004770,4770
development,4419,development:candidate_004771,4771
development,4420,development:candidate_004772,4772
development,4421,development:candidate_004774,4774
development,4422,development:candidate_004775,4775
development,4423,development:candidate_004776,4776
development,4424,development:candidate_004777,4777
development,4425,development:candidate_004778,4778
development,4426,development:candidate_004779,4779
development,4427,development:candidate_004780,4780
development,4428,development:candidate_004781,4781
development,4429,development:candidate_004782,4782
development,4430,development:candidate_004783,4783
development,4431,development:candidate_004784,4784
development,4432,development:candidate_004785,4785
development,4433,development:candidate_004786,4786
development,4434,development:candidate_004787,4787
development,4435,development:candidate_004788,4788
development,4436,development:candidate_004789,4789
development,4437,development:candidate_004790,4790
development,4438,development:candidate_004791,4791
development,4439,development:candidate_004792,4792
development,4440,development:candidate_004793,4793
development,4441,development:candidate_004794,4794
development,4442,development:candidate_004795,4795
development,4443,development:candidate_004796,4796
development,4444,development:candidate_004797,4797
development,4445,development:candidate_004798,4798
development,4446,development:candidate_004799,4799
development,4447,development:candidate_004800,4800
development,4448,development:candidate_004801,4801
development,4449,development:candidate_004802,4802
development,4450,development:candidate_004803,4803
development,4451,development:candidate_004804,4804
development,4452,development:candidate_004805,4805
development,4453,development:candidate_004806,4806
development,4454,development:candidate_004807,4807
development,4455,development:candidate_004808,4808
development,4456,development:candidate_004809,4809
development,4457,development:candidate_004810,4810
development,4458,development:candidate_004811,4811
development,4459,development:candidate_004812,4812
development,4460,development:candidate_004813,4813
development,4461,development:candidate_004814,4814
development,4462,development:candidate_004815,4815
development,4463,development:candidate_004816,4816
development,4464,development:candidate_004817,4817
development,4465,development:candidate_004818,4818
development,4466,development:candidate_004819,4819
development,4467,development:candidate_004821,4821
development,4468,development:candidate_004822,4822
development,4469,development:candidate_004823,4823
development,4470,development:candidate_004824,4824
development,4471,development:candidate_004825,4825
development,4472,development:candidate_004826,4826
development,4473,development:candidate_004827,4827
development,4474,development:candidate_004828,4828
development,4475,development:candidate_004829,4829
development,4476,development:candidate_004830,4830
development,4477,development:candidate_004831,4831
development,4478,development:candidate_004832,4832
development,4479,development:candidate_004833,4833
development,4480,development:candidate_004834,4834
development,4481,development:candidate_004835,4835
development,4482,development:candidate_004836,4836
development,4483,development:candidate_004837,4837
development,4484,development:candidate_004838,4838
development,4485,development:candidate_004839,4839
development,4486,development:candidate_004840,4840
development,4487,development:candidate_004841,4841
development,4488,development:candidate_004842,4842
development,4489,development:candidate_004843,4843
development,4490,development:candidate_004845,4845
development,4491,development:candidate_004846,4846
development,4492,development:candidate_004847,4847
development,4493,development:candidate_004848,4848
development,4494,development:candidate_004849,4849
development,4495,development:candidate_004850,4850
development,4496,development:candidate_004851,4851
development,4497,development:candidate_004852,4852
development,4498,development:candidate_004853,4853
development,4499,development:candidate_004854,4854
development,4500,development:candidate_004855,4855
development,4501,development:candidate_004856,4856
development,4502,development:candidate_004857,4857
development,4503,development:candidate_004858,4858
development,4504,development:candidate_004859,4859
development,4505,development:candidate_004860,4860
development,4506,development:candidate_004861,4861
development,4507,development:candidate_004864,4864
development,4508,development:candidate_004865,4865
development,4509,development:candidate_004866,4866
development,4510,development:candidate_004867,4867
development,4511,development:candidate_004868,4868
development,4512,development:candidate_004869,4869
development,4513,development:candidate_004870,4870
development,4514,development:candidate_004871,4871
development,4515,development:candidate_004872,4872
development,4516,development:candidate_004873,4873
development,4517,development:candidate_004874,4874
development,4518,development:candidate_004875,4875
development,4519,development:candidate_004876,4876
development,4520,development:candidate_004877,4877
development,4521,development:candidate_004878,4878
development,4522,development:candidate_004879,4879
development,4523,development:candidate_004880,4880
development,4524,development:candidate_004881,4881
development,4525,development:candidate_004882,4882
development,4526,development:candidate_004883,4883
development,4527,development:candidate_004884,4884
development,4528,development:candidate_004885,4885
development,4529,development:candidate_004886,4886
development,4530,development:candidate_004887,4887
development,4531,development:candidate_004888,4888
development,4532,development:candidate_004890,4890
development,4533,development:candidate_004892,4892
development,4534,development:candidate_004893,4893
development,4535,development:candidate_004894,4894
development,4536,development:candidate_004895,4895
development,4537,development:candidate_004896,4896
development,4538,development:candidate_004897,4897
development,4539,development:candidate_004899,4899
development,4540,development:candidate_004900,4900
development,4541,development:candidate_004901,4901
development,4542,development:candidate_004902,4902
development,4543,development:candidate_004903,4903
development,4544,development:candidate_004904,4904
development,4545,development:candidate_004905,4905
development,4546,development:candidate_004906,4906
development,4547,development:candidate_004907,4907
development,4548,development:candidate_004908,4908
development,4549,development:candidate_004909,4909
development,4550,development:candidate_004910,4910
development,4551,development:candidate_004911,4911
development,4552,development:candidate_004912,4912
development,4553,development:candidate_004913,4913
development,4554,development:candidate_004914,4914
development,4555,development:candidate_004915,4915
development,4556,development:candidate_004916,4916
development,4557,development:candidate_004917,4917
development,4558,development:candidate_004918,4918
development,4559,development:candidate_004919,4919
development,4560,development:candidate_004920,4920
development,4561,development:candidate_004921,4921
development,4562,development:candidate_004922,4922
development,4563,development:candidate_004923,4923
development,4564,development:candidate_004924,4924
development,4565,development:candidate_004925,4925
development,4566,development:candidate_004926,4926
development,4567,development:candidate_004927,4927
development,4568,development:candidate_004928,4928
development,4569,development:candidate_004929,4929
development,4570,development:candidate_004930,4930
development,4571,development:candidate_004931,4931
development,4572,development:candidate_004932,4932
development,4573,development:candidate_004933,4933
development,4574,development:candidate_004935,4935
development,4575,development:candidate_004936,4936
development,4576,development:candidate_004937,4937
development,4577,development:candidate_004938,4938
development,4578,development:candidate_004939,4939
development,4579,development:candidate_004940,4940
development,4580,development:candidate_004941,4941
development,4581,development:candidate_004942,4942
development,4582,development:candidate_004943,4943
development,4583,development:candidate_004944,4944
development,4584,development:candidate_004945,4945
development,4585,development:candidate_004946,4946
development,4586,development:candidate_004947,4947
development,4587,development:candidate_004948,4948
development,4588,development:candidate_004949,4949
development,4589,development:candidate_004950,4950
development,4590,development:candidate_004951,4951
development,4591,development:candidate_004952,4952
development,4592,development:candidate_004953,4953
development,4593,development:candidate_004954,4954
development,4594,development:candidate_004955,4955
development,4595,development:candidate_004956,4956
development,4596,development:candidate_004957,4957
development,4597,development:candidate_004958,4958
development,4598,development:candidate_004959,4959
development,4599,development:candidate_004960,4960
development,4600,development:candidate_004961,4961
development,4601,development:candidate_004962,4962
development,4602,development:candidate_004963,4963
development,4603,development:candidate_004964,4964
development,4604,development:candidate_004965,4965
development,4605,development:candidate_004966,4966
development,4606,development:candidate_004967,4967
development,4607,development:candidate_004968,4968
development,4608,development:candidate_004969,4969
development,4609,development:candidate_004970,4970
development,4610,development:candidate_004971,4971
development,4611,development:candidate_004972,4972
development,4612,development:candidate_004973,4973
development,4613,development:candidate_004974,4974
development,4614,development:candidate_004975,4975
development,4615,development:candidate_004976,4976
development,4616,development:candidate_004977,4977
development,4617,development:candidate_004978,4978
development,4618,development:candidate_004979,4979
development,4619,development:candidate_004980,4980
development,4620,development:candidate_004981,4981
development,4621,development:candidate_004982,4982
development,4622,development:candidate_004983,4983
development,4623,development:candidate_004984,4984
development,4624,development:candidate_004985,4985
development,4625,development:candidate_004986,4986
development,4626,development:candidate_004987,4987
development,4627,development:candidate_004988,4988
development,4628,development:candidate_004989,4989
development,4629,development:candidate_004990,4990
development,4630,development:candidate_004991,4991
development,4631,development:candidate_004992,4992
development,4632,development:candidate_004993,4993
development,4633,development:candidate_004994,4994
development,4634,development:candidate_004995,4995
development,4635,development:candidate_004996,4996
development,4636,development:candidate_004997,4997
development,4637,development:candidate_004998,4998
development,4638,development:candidate_004999,4999
development,4639,development:candidate_005000,5000
development,4640,development:candidate_005001,5001
development,4641,development:candidate_005002,5002
development,4642,development:candidate_005003,5003
development,4643,development:candidate_005004,5004
development,4644,development:candidate_005005,5005
development,4645,development:candidate_005006,5006
development,4646,development:candidate_005007,5007
development,4647,development:candidate_005008,5008
development,4648,development:candidate_005009,5009
development,4649,development:candidate_005010,5010
development,4650,development:candidate_005011,5011
development,4651,development:candidate_005012,5012
development,4652,development:candidate_005013,5013
development,4653,development:candidate_005014,5014
development,4654,development:candidate_005015,5015
development,4655,development:candidate_005016,5016
development,4656,development:candidate_005017,5017
development,4657,development:candidate_005018,5018
development,4658,development:candidate_005019,5019
development,4659,development:candidate_005020,5020
development,4660,development:candidate_005022,5022
development,4661,development:candidate_005023,5023
development,4662,development:candidate_005024,5024
development,4663,development:candidate_005025,5025
development,4664,development:candidate_005026,5026
development,4665,development:candidate_005027,5027
development,4666,development:candidate_005028,5028
development,4667,development:candidate_005029,5029
development,4668,development:candidate_005030,5030
development,4669,development:candidate_005032,5032
development,4670,development:candidate_005033,5033
development,4671,development:candidate_005034,5034
development,4672,development:candidate_005035,5035
development,4673,development:candidate_005036,5036
development,4674,development:candidate_005037,5037
development,4675,development:candidate_005038,5038
development,4676,development:candidate_005039,5039
development,4677,development:candidate_005040,5040
development,4678,development:candidate_005041,5041
development,4679,development:candidate_005042,5042
development,4680,development:candidate_005043,5043
development,4681,development:candidate_005044,5044
development,4682,development:candidate_005045,5045
development,4683,development:candidate_005046,5046
development,4684,development:candidate_005047,5047
development,4685,development:candidate_005048,5048
development,4686,development:candidate_005049,5049
development,4687,development:candidate_005050,5050
development,4688,development:candidate_005051,5051
development,4689,development:candidate_005052,5052
development,4690,development:candidate_005053,5053
development,4691,development:candidate_005054,5054
development,4692,development:candidate_005055,5055
development,4693,development:candidate_005056,5056
development,4694,development:candidate_005057,5057
development,4695,development:candidate_005058,5058
development,4696,development:candidate_005059,5059
development,4697,development:candidate_005060,5060
development,4698,development:candidate_005061,5061
development,4699,development:candidate_005062,5062
development,4700,development:candidate_005063,5063
development,4701,development:candidate_005064,5064
development,4702,development:candidate_005065,5065
development,4703,development:candidate_005066,5066
development,4704,development:candidate_005067,5067
development,4705,development:candidate_005068,5068
development,4706,development:candidate_005069,5069
development,4707,development:candidate_005071,5071
development,4708,development:candidate_005073,5073
development,4709,development:candidate_005075,5075
development,4710,development:candidate_005076,5076
development,4711,development:candidate_005078,5078
development,4712,development:candidate_005079,5079
development,4713,development:candidate_005080,5080
development,4714,development:candidate_005081,5081
development,4715,development:candidate_005082,5082
development,4716,development:candidate_005083,5083
development,4717,development:candidate_005084,5084
development,4718,development:candidate_005086,5086
development,4719,development:candidate_005087,5087
development,4720,development:candidate_005088,5088
development,4721,development:candidate_005089,5089
development,4722,development:candidate_005090,5090
development,4723,development:candidate_005091,5091
development,4724,development:candidate_005092,5092
development,4725,development:candidate_005093,5093
development,4726,development:candidate_005094,5094
development,4727,development:candidate_005095,5095
development,4728,development:candidate_005096,5096
development,4729,development:candidate_005097,5097
development,4730,development:candidate_005098,5098
development,4731,development:candidate_005099,5099
development,4732,development:candidate_005100,5100
development,4733,development:candidate_005101,5101
development,4734,development:candidate_005102,5102
development,4735,development:candidate_005103,5103
development,4736,development:candidate_005104,5104
development,4737,development:candidate_005105,5105
development,4738,development:candidate_005107,5107
development,4739,development:candidate_005108,5108
development,4740,development:candidate_005109,5109
development,4741,development:candidate_005110,5110
development,4742,development:candidate_005111,5111
development,4743,development:candidate_005114,5114
development,4744,development:candidate_005115,5115
development,4745,development:candidate_005116,5116
development,4746,development:candidate_005117,5117
development,4747,development:candidate_005119,5119
development,4748,development:candidate_005122,5122
development,4749,development:candidate_005123,5123
development,4750,development:candidate_005124,5124
development,4751,development:candidate_005125,5125
development,4752,development:candidate_005127,5127
development,4753,development:candidate_005128,5128
development,4754,development:candidate_005129,5129
development,4755,development:candidate_005130,5130
development,4756,development:candidate_005131,5131
development,4757,development:candidate_005132,5132
development,4758,development:candidate_005133,5133
development,4759,development:candidate_005135,5135
development,4760,development:candidate_005136,5136
development,4761,development:candidate_005137,5137
development,4762,development:candidate_005138,5138
development,4763,development:candidate_005139,5139
development,4764,development:candidate_005140,5140
development,4765,development:candidate_005141,5141
development,4766,development:candidate_005142,5142
development,4767,development:candidate_005143,5143
development,4768,development:candidate_005144,5144
development,4769,development:candidate_005145,5145
development,4770,development:candidate_005146,5146
development,4771,development:candidate_005147,5147
development,4772,development:candidate_005148,5148
development,4773,development:candidate_005149,5149
development,4774,development:candidate_005150,5150
development,4775,development:candidate_005152,5152
development,4776,development:candidate_005153,5153
development,4777,development:candidate_005154,5154
development,4778,development:candidate_005155,5155
development,4779,development:candidate_005156,5156
development,4780,development:candidate_005157,5157
development,4781,development:candidate_005158,5158
development,4782,development:candidate_005159,5159
development,4783,development:candidate_005161,5161
development,4784,development:candidate_005162,5162
development,4785,development:candidate_005163,5163
development,4786,development:candidate_005164,5164
development,4787,development:candidate_005165,5165
development,4788,development:candidate_005166,5166
development,4789,development:candidate_005168,5168
development,4790,development:candidate_005169,5169
development,4791,development:candidate_005170,5170
development,4792,development:candidate_005171,5171
development,4793,development:candidate_005172,5172
development,4794,development:candidate_005173,5173
development,4795,development:candidate_005174,5174
development,4796,development:candidate_005175,5175
development,4797,development:candidate_005176,5176
development,4798,development:candidate_005177,5177
development,4799,development:candidate_005178,5178
development,4800,development:candidate_005179,5179
development,4801,development:candidate_005180,5180
development,4802,development:candidate_005181,5181
development,4803,development:candidate_005182,5182
development,4804,development:candidate_005183,5183
development,4805,development:candidate_005184,5184
development,4806,development:candidate_005185,5185
development,4807,development:candidate_005186,5186
development,4808,development:candidate_005187,5187
development,4809,development:candidate_005188,5188
development,4810,development:candidate_005189,5189
development,4811,development:candidate_005190,5190
development,4812,development:candidate_005191,5191
development,4813,development:candidate_005192,5192
development,4814,development:candidate_005194,5194
development,4815,development:candidate_005195,5195
development,4816,development:candidate_005196,5196
development,4817,development:candidate_005197,5197
development,4818,development:candidate_005198,5198
development,4819,development:candidate_005199,5199
development,4820,development:candidate_005200,5200
development,4821,development:candidate_005202,5202
development,4822,development:candidate_005203,5203
development,4823,development:candidate_005204,5204
development,4824,development:candidate_005205,5205
development,4825,development:candidate_005206,5206
development,4826,development:candidate_005207,5207
development,4827,development:candidate_005208,5208
development,4828,development:candidate_005209,5209
development,4829,development:candidate_005210,5210
development,4830,development:candidate_005211,5211
development,4831,development:candidate_005212,5212
development,4832,development:candidate_005213,5213
development,4833,development:candidate_005214,5214
development,4834,development:candidate_005215,5215
development,4835,development:candidate_005216,5216
development,4836,development:candidate_005217,5217
development,4837,development:candidate_005218,5218
development,4838,development:candidate_005219,5219
development,4839,development:candidate_005220,5220
development,4840,development:candidate_005221,5221
development,4841,development:candidate_005222,5222
development,4842,development:candidate_005223,5223
development,4843,development:candidate_005224,5224
development,4844,development:candidate_005225,5225
development,4845,development:candidate_005226,5226
development,4846,development:candidate_005227,5227
development,4847,development:candidate_005228,5228
development,4848,development:candidate_005229,5229
development,4849,development:candidate_005230,5230
development,4850,development:candidate_005231,5231
development,4851,development:candidate_005232,5232
development,4852,development:candidate_005233,5233
development,4853,development:candidate_005234,5234
development,4854,development:candidate_005235,5235
development,4855,development:candidate_005236,5236
development,4856,development:candidate_005237,5237
development,4857,development:candidate_005238,5238
development,4858,development:candidate_005239,5239
development,4859,development:candidate_005240,5240
development,4860,development:candidate_005241,5241
development,4861,development:candidate_005242,5242
development,4862,development:candidate_005244,5244
development,4863,development:candidate_005245,5245
development,4864,development:candidate_005246,5246
development,4865,development:candidate_005247,5247
development,4866,development:candidate_005248,5248
development,4867,development:candidate_005249,5249
development,4868,development:candidate_005250,5250
development,4869,development:candidate_005251,5251
development,4870,development:candidate_005252,5252
development,4871,development:candidate_005253,5253
development,4872,development:candidate_005254,5254
development,4873,development:candidate_005255,5255
development,4874,development:candidate_005256,5256
development,4875,development:candidate_005257,5257
development,4876,development:candidate_005258,5258
development,4877,development:candidate_005259,5259
development,4878,development:candidate_005260,5260
development,4879,development:candidate_005261,5261
development,4880,development:candidate_005262,5262
development,4881,development:candidate_005263,5263
development,4882,development:candidate_005264,5264
development,4883,development:candidate_005265,5265
development,4884,development:candidate_005266,5266
development,4885,development:candidate_005269,5269
development,4886,development:candidate_005270,5270
development,4887,development:candidate_005271,5271
development,4888,development:candidate_005272,5272
development,4889,development:candidate_005273,5273
development,4890,development:candidate_005274,5274
development,4891,development:candidate_005275,5275
development,4892,development:candidate_005276,5276
development,4893,development:candidate_005279,5279
development,4894,development:candidate_005280,5280
development,4895,development:candidate_005281,5281
development,4896,development:candidate_005282,5282
development,4897,development:candidate_005283,5283
development,4898,development:candidate_005284,5284
development,4899,development:candidate_005285,5285
development,4900,development:candidate_005286,5286
development,4901,development:candidate_005287,5287
development,4902,development:candidate_005288,5288
development,4903,development:candidate_005289,5289
development,4904,development:candidate_005290,5290
development,4905,development:candidate_005291,5291
development,4906,development:candidate_005292,5292
development,4907,development:candidate_005293,5293
development,4908,development:candidate_005294,5294
development,4909,development:candidate_005295,5295
development,4910,development:candidate_005296,5296
development,4911,development:candidate_005297,5297
development,4912,development:candidate_005298,5298
development,4913,development:candidate_005299,5299
development,4914,development:candidate_005300,5300
development,4915,development:candidate_005301,5301
development,4916,development:candidate_005303,5303
development,4917,development:candidate_005304,5304
development,4918,development:candidate_005305,5305
development,4919,development:candidate_005306,5306
development,4920,development:candidate_005307,5307
development,4921,development:candidate_005308,5308
development,4922,development:candidate_005309,5309
development,4923,development:candidate_005310,5310
development,4924,development:candidate_005312,5312
development,4925,development:candidate_005313,5313
development,4926,development:candidate_005314,5314
development,4927,development:candidate_005315,5315
development,4928,development:candidate_005316,5316
development,4929,development:candidate_005318,5318
development,4930,development:candidate_005319,5319
development,4931,development:candidate_005320,5320
development,4932,development:candidate_005321,5321
development,4933,development:candidate_005322,5322
development,4934,development:candidate_005323,5323
development,4935,development:candidate_005324,5324
development,4936,development:candidate_005325,5325
development,4937,development:candidate_005326,5326
development,4938,development:candidate_005327,5327
development,4939,development:candidate_005328,5328
development,4940,development:candidate_005330,5330
development,4941,development:candidate_005331,5331
development,4942,development:candidate_005332,5332
development,4943,development:candidate_005333,5333
development,4944,development:candidate_005334,5334
development,4945,development:candidate_005335,5335
development,4946,development:candidate_005336,5336
development,4947,development:candidate_005337,5337
development,4948,development:candidate_005338,5338
development,4949,development:candidate_005339,5339
development,4950,development:candidate_005340,5340
development,4951,development:candidate_005341,5341
development,4952,development:candidate_005342,5342
development,4953,development:candidate_005343,5343
development,4954,development:candidate_005344,5344
development,4955,development:candidate_005345,5345
development,4956,development:candidate_005346,5346
development,4957,development:candidate_005347,5347
development,4958,development:candidate_005348,5348
development,4959,development:candidate_005349,5349
development,4960,development:candidate_005350,5350
development,4961,development:candidate_005352,5352
development,4962,development:candidate_005354,5354
development,4963,development:candidate_005355,5355
development,4964,development:candidate_005357,5357
development,4965,development:candidate_005358,5358
development,4966,development:candidate_005359,5359
development,4967,development:candidate_005360,5360
development,4968,development:candidate_005361,5361
development,4969,development:candidate_005362,5362
development,4970,development:candidate_005363,5363
development,4971,development:candidate_005364,5364
development,4972,development:candidate_005366,5366
development,4973,development:candidate_005367,5367
development,4974,development:candidate_005368,5368
development,4975,development:candidate_005369,5369
development,4976,development:candidate_005371,5371
development,4977,development:candidate_005372,5372
development,4978,development:candidate_005373,5373
development,4979,development:candidate_005375,5375
development,4980,development:candidate_005376,5376
development,4981,development:candidate_005377,5377
development,4982,development:candidate_005378,5378
development,4983,development:candidate_005379,5379
development,4984,development:candidate_005380,5380
development,4985,development:candidate_005381,5381
development,4986,development:candidate_005382,5382
development,4987,development:candidate_005383,5383
development,4988,development:candidate_005384,5384
development,4989,development:candidate_005385,5385
development,4990,development:candidate_005387,5387
development,4991,development:candidate_005388,5388
development,4992,development:candidate_005389,5389
development,4993,development:candidate_005390,5390
development,4994,development:candidate_005391,5391
development,4995,development:candidate_005392,5392
development,4996,development:candidate_005394,5394
development,4997,development:candidate_005395,5395
development,4998,development:candidate_005396,5396
development,4999,development:candidate_005397,5397
development,5000,development:candidate_005398,5398
development,5001,development:candidate_005399,5399
development,5002,development:candidate_005400,5400
development,5003,development:candidate_005401,5401
development,5004,development:candidate_005402,5402
development,5005,development:candidate_005403,5403
development,5006,development:candidate_005404,5404
development,5007,development:candidate_005405,5405
development,5008,development:candidate_005406,5406
development,5009,development:candidate_005407,5407
development,5010,development:candidate_005408,5408
development,5011,development:candidate_005409,5409
development,5012,development:candidate_005410,5410
development,5013,development:candidate_005411,5411
development,5014,development:candidate_005412,5412
development,5015,development:candidate_005413,5413
development,5016,development:candidate_005414,5414
development,5017,development:candidate_005415,5415
development,5018,development:candidate_005417,5417
development,5019,development:candidate_005418,5418
development,5020,development:candidate_005419,5419
development,5021,development:candidate_005420,5420
development,5022,development:candidate_005421,5421
development,5023,development:candidate_005422,5422
development,5024,development:candidate_005423,5423
development,5025,development:candidate_005424,5424
development,5026,development:candidate_005425,5425
development,5027,development:candidate_005426,5426
development,5028,development:candidate_005427,5427
development,5029,development:candidate_005428,5428
development,5030,development:candidate_005429,5429
development,5031,development:candidate_005430,5430
development,5032,development:candidate_005432,5432
development,5033,development:candidate_005433,5433
development,5034,development:candidate_005434,5434
development,5035,development:candidate_005435,5435
development,5036,development:candidate_005437,5437
development,5037,development:candidate_005438,5438
development,5038,development:candidate_005439,5439
development,5039,development:candidate_005440,5440
development,5040,development:candidate_005441,5441
development,5041,development:candidate_005443,5443
development,5042,development:candidate_005444,5444
development,5043,development:candidate_005445,5445
development,5044,development:candidate_005446,5446
development,5045,development:candidate_005447,5447
development,5046,development:candidate_005448,5448
development,5047,development:candidate_005449,5449
development,5048,development:candidate_005450,5450
development,5049,development:candidate_005451,5451
development,5050,development:candidate_005452,5452
development,5051,development:candidate_005454,5454
development,5052,development:candidate_005455,5455
development,5053,development:candidate_005456,5456
development,5054,development:candidate_005457,5457
development,5055,development:candidate_005458,5458
development,5056,development:candidate_005459,5459
development,5057,development:candidate_005460,5460
development,5058,development:candidate_005461,5461
development,5059,development:candidate_005462,5462
development,5060,development:candidate_005463,5463
development,5061,development:candidate_005464,5464
development,5062,development:candidate_005465,5465
development,5063,development:candidate_005466,5466
development,5064,development:candidate_005467,5467
development,5065,development:candidate_005468,5468
development,5066,development:candidate_005469,5469
development,5067,development:candidate_005470,5470
development,5068,development:candidate_005471,5471
development,5069,development:candidate_005472,5472
development,5070,development:candidate_005473,5473
development,5071,development:candidate_005474,5474
development,5072,development:candidate_005475,5475
development,5073,development:candidate_005476,5476
development,5074,development:candidate_005477,5477
development,5075,development:candidate_005478,5478
development,5076,development:candidate_005479,5479
development,5077,development:candidate_005480,5480
development,5078,development:candidate_005481,5481
development,5079,development:candidate_005482,5482
development,5080,development:candidate_005483,5483
development,5081,development:candidate_005485,5485
development,5082,development:candidate_005486,5486
development,5083,development:candidate_005487,5487
development,5084,development:candidate_005488,5488
development,5085,development:candidate_005489,5489
development,5086,development:candidate_005490,5490
development,5087,development:candidate_005491,5491
development,5088,development:candidate_005492,5492
development,5089,development:candidate_005493,5493
development,5090,development:candidate_005494,5494
development,5091,development:candidate_005495,5495
development,5092,development:candidate_005496,5496
development,5093,development:candidate_005497,5497
development,5094,development:candidate_005498,5498
development,5095,development:candidate_005499,5499
development,5096,development:candidate_005500,5500
development,5097,development:candidate_005501,5501
development,5098,development:candidate_005502,5502
development,5099,development:candidate_005503,5503
development,5100,development:candidate_005504,5504
development,5101,development:candidate_005505,5505
development,5102,development:candidate_005506,5506
development,5103,development:candidate_005507,5507
development,5104,development:candidate_005508,5508
development,5105,development:candidate_005509,5509
development,5106,development:candidate_005510,5510
development,5107,development:candidate_005511,5511
development,5108,development:candidate_005512,5512
development,5109,development:candidate_005513,5513
development,5110,development:candidate_005514,5514
development,5111,development:candidate_005515,5515
development,5112,development:candidate_005516,5516
development,5113,development:candidate_005517,5517
development,5114,development:candidate_005518,5518
development,5115,development:candidate_005519,5519
development,5116,development:candidate_005521,5521
development,5117,development:candidate_005522,5522
development,5118,development:candidate_005523,5523
development,5119,development:candidate_005524,5524
development,5120,development:candidate_005525,5525
development,5121,development:candidate_005526,5526
development,5122,development:candidate_005527,5527
development,5123,development:candidate_005528,5528
development,5124,development:candidate_005529,5529
development,5125,development:candidate_005530,5530
development,5126,development:candidate_005531,5531
development,5127,development:candidate_005532,5532
development,5128,development:candidate_005533,5533
development,5129,development:candidate_005535,5535
development,5130,development:candidate_005536,5536
development,5131,development:candidate_005537,5537
development,5132,development:candidate_005538,5538
development,5133,development:candidate_005540,5540
development,5134,development:candidate_005541,5541
development,5135,development:candidate_005542,5542
development,5136,development:candidate_005543,5543
development,5137,development:candidate_005544,5544
development,5138,development:candidate_005545,5545
development,5139,development:candidate_005546,5546
development,5140,development:candidate_005547,5547
development,5141,development:candidate_005548,5548
development,5142,development:candidate_005549,5549
development,5143,development:candidate_005550,5550
development,5144,development:candidate_005551,5551
development,5145,development:candidate_005552,5552
development,5146,development:candidate_005553,5553
development,5147,development:candidate_005554,5554
development,5148,development:candidate_005555,5555
development,5149,development:candidate_005556,5556
development,5150,development:candidate_005557,5557
development,5151,development:candidate_005558,5558
development,5152,development:candidate_005559,5559
development,5153,development:candidate_005560,5560
development,5154,development:candidate_005561,5561
development,5155,development:candidate_005562,5562
development,5156,development:candidate_005563,5563
development,5157,development:candidate_005564,5564
development,5158,development:candidate_005565,5565
development,5159,development:candidate_005566,5566
development,5160,development:candidate_005568,5568
development,5161,development:candidate_005569,5569
development,5162,development:candidate_005570,5570
development,5163,development:candidate_005571,5571
development,5164,development:candidate_005572,5572
development,5165,development:candidate_005573,5573
development,5166,development:candidate_005574,5574
development,5167,development:candidate_005575,5575
development,5168,development:candidate_005576,5576
development,5169,development:candidate_005577,5577
development,5170,development:candidate_005578,5578
development,5171,development:candidate_005579,5579
development,5172,development:candidate_005580,5580
development,5173,development:candidate_005581,5581
development,5174,development:candidate_005582,5582
development,5175,development:candidate_005583,5583
development,5176,development:candidate_005584,5584
development,5177,development:candidate_005585,5585
development,5178,development:candidate_005586,5586
development,5179,development:candidate_005587,5587
development,5180,development:candidate_005588,5588
development,5181,development:candidate_005589,5589
development,5182,development:candidate_005591,5591
development,5183,development:candidate_005592,5592
development,5184,development:candidate_005593,5593
development,5185,development:candidate_005594,5594
development,5186,development:candidate_005595,5595
development,5187,development:candidate_005596,5596
development,5188,development:candidate_005597,5597
development,5189,development:candidate_005598,5598
development,5190,development:candidate_005599,5599
development,5191,development:candidate_005600,5600
development,5192,development:candidate_005602,5602
development,5193,development:candidate_005603,5603
development,5194,development:candidate_005604,5604
development,5195,development:candidate_005605,5605
development,5196,development:candidate_005606,5606
development,5197,development:candidate_005608,5608
development,5198,development:candidate_005610,5610
development,5199,development:candidate_005611,5611
development,5200,development:candidate_005612,5612
development,5201,development:candidate_005613,5613
development,5202,development:candidate_005615,5615
development,5203,development:candidate_005616,5616
development,5204,development:candidate_005617,5617
development,5205,development:candidate_005618,5618
development,5206,development:candidate_005619,5619
development,5207,development:candidate_005620,5620
development,5208,development:candidate_005621,5621
development,5209,development:candidate_005622,5622
development,5210,development:candidate_005623,5623
development,5211,development:candidate_005624,5624
development,5212,development:candidate_005625,5625
development,5213,development:candidate_005626,5626
development,5214,development:candidate_005627,5627
development,5215,development:candidate_005628,5628
development,5216,development:candidate_005629,5629
development,5217,development:candidate_005630,5630
development,5218,development:candidate_005631,5631
development,5219,development:candidate_005632,5632
development,5220,development:candidate_005633,5633
development,5221,development:candidate_005634,5634
development,5222,development:candidate_005635,5635
development,5223,development:candidate_005636,5636
development,5224,development:candidate_005637,5637
development,5225,development:candidate_005638,5638
development,5226,development:candidate_005639,5639
development,5227,development:candidate_005640,5640
development,5228,development:candidate_005641,5641
development,5229,development:candidate_005642,5642
development,5230,development:candidate_005643,5643
development,5231,development:candidate_005644,5644
development,5232,development:candidate_005645,5645
development,5233,development:candidate_005646,5646
development,5234,development:candidate_005648,5648
development,5235,development:candidate_005649,5649
development,5236,development:candidate_005650,5650
development,5237,development:candidate_005651,5651
development,5238,development:candidate_005652,5652
development,5239,development:candidate_005653,5653
development,5240,development:candidate_005654,5654
development,5241,development:candidate_005655,5655
development,5242,development:candidate_005656,5656
development,5243,development:candidate_005658,5658
development,5244,development:candidate_005660,5660
development,5245,development:candidate_005661,5661
development,5246,development:candidate_005663,5663
development,5247,development:candidate_005664,5664
development,5248,development:candidate_005665,5665
development,5249,development:candidate_005666,5666
development,5250,development:candidate_005667,5667
development,5251,development:candidate_005668,5668
development,5252,development:candidate_005669,5669
development,5253,development:candidate_005670,5670
development,5254,development:candidate_005671,5671
development,5255,development:candidate_005672,5672
development,5256,development:candidate_005673,5673
development,5257,development:candidate_005674,5674
development,5258,development:candidate_005675,5675
development,5259,development:candidate_005676,5676
development,5260,development:candidate_005677,5677
development,5261,development:candidate_005678,5678
development,5262,development:candidate_005679,5679
development,5263,development:candidate_005681,5681
development,5264,development:candidate_005682,5682
development,5265,development:candidate_005683,5683
development,5266,development:candidate_005684,5684
development,5267,development:candidate_005685,5685
development,5268,development:candidate_005686,5686
development,5269,development:candidate_005687,5687
development,5270,development:candidate_005688,5688
development,5271,development:candidate_005689,5689
development,5272,development:candidate_005690,5690
development,5273,development:candidate_005691,5691
development,5274,development:candidate_005692,5692
development,5275,development:candidate_005693,5693
development,5276,development:candidate_005694,5694
development,5277,development:candidate_005695,5695
development,5278,development:candidate_005696,5696
development,5279,development:candidate_005697,5697
development,5280,development:candidate_005698,5698
development,5281,development:candidate_005699,5699
development,5282,development:candidate_005700,5700
development,5283,development:candidate_005701,5701
development,5284,development:candidate_005702,5702
development,5285,development:candidate_005703,5703
development,5286,development:candidate_005704,5704
development,5287,development:candidate_005706,5706
development,5288,development:candidate_005707,5707
development,5289,development:candidate_005708,5708
development,5290,development:candidate_005709,5709
development,5291,development:candidate_005710,5710
development,5292,development:candidate_005711,5711
development,5293,development:candidate_005712,5712
development,5294,development:candidate_005713,5713
development,5295,development:candidate_005714,5714
development,5296,development:candidate_005715,5715
development,5297,development:candidate_005716,5716
development,5298,development:candidate_005717,5717
development,5299,development:candidate_005718,5718
development,5300,development:candidate_005719,5719
development,5301,development:candidate_005720,5720
development,5302,development:candidate_005722,5722
development,5303,development:candidate_005723,5723
development,5304,development:candidate_005725,5725
development,5305,development:candidate_005726,5726
development,5306,development:candidate_005727,5727
development,5307,development:candidate_005728,5728
development,5308,development:candidate_005729,5729
development,5309,development:candidate_005730,5730
development,5310,development:candidate_005731,5731
development,5311,development:candidate_005732,5732
development,5312,development:candidate_005733,5733
development,5313,development:candidate_005734,5734
development,5314,development:candidate_005735,5735
development,5315,development:candidate_005736,5736
development,5316,development:candidate_005737,5737
development,5317,development:candidate_005738,5738
development,5318,development:candidate_005739,5739
development,5319,development:candidate_005740,5740
development,5320,development:candidate_005741,5741
development,5321,development:candidate_005742,5742
development,5322,development:candidate_005743,5743
development,5323,development:candidate_005744,5744
development,5324,development:candidate_005745,5745
development,5325,development:candidate_005746,5746
development,5326,development:candidate_005747,5747
development,5327,development:candidate_005749,5749
development,5328,development:candidate_005750,5750
development,5329,development:candidate_005752,5752
development,5330,development:candidate_005754,5754
development,5331,development:candidate_005755,5755
development,5332,development:candidate_005756,5756
development,5333,development:candidate_005757,5757
development,5334,development:candidate_005758,5758
development,5335,development:candidate_005759,5759
development,5336,development:candidate_005760,5760
development,5337,development:candidate_005761,5761
development,5338,development:candidate_005762,5762
development,5339,development:candidate_005763,5763
development,5340,development:candidate_005765,5765
development,5341,development:candidate_005766,5766
development,5342,development:candidate_005767,5767
development,5343,development:candidate_005768,5768
development,5344,development:candidate_005769,5769
development,5345,development:candidate_005770,5770
development,5346,development:candidate_005771,5771
development,5347,development:candidate_005772,5772
development,5348,development:candidate_005773,5773
development,5349,development:candidate_005774,5774
development,5350,development:candidate_005775,5775
development,5351,development:candidate_005776,5776
development,5352,development:candidate_005777,5777
development,5353,development:candidate_005778,5778
development,5354,development:candidate_005779,5779
development,5355,development:candidate_005780,5780
development,5356,development:candidate_005781,5781
development,5357,development:candidate_005782,5782
development,5358,development:candidate_005784,5784
development,5359,development:candidate_005786,5786
development,5360,development:candidate_005787,5787
development,5361,development:candidate_005788,5788
development,5362,development:candidate_005789,5789
development,5363,development:candidate_005790,5790
development,5364,development:candidate_005791,5791
development,5365,development:candidate_005792,5792
development,5366,development:candidate_005793,5793
development,5367,development:candidate_005794,5794
development,5368,development:candidate_005795,5795
development,5369,development:candidate_005796,5796
development,5370,development:candidate_005797,5797
development,5371,development:candidate_005798,5798
development,5372,development:candidate_005799,5799
development,5373,development:candidate_005801,5801
development,5374,development:candidate_005802,5802
development,5375,development:candidate_005804,5804
development,5376,development:candidate_005805,5805
development,5377,development:candidate_005806,5806
development,5378,development:candidate_005807,5807
development,5379,development:candidate_005808,5808
development,5380,development:candidate_005809,5809
development,5381,development:candidate_005810,5810
development,5382,development:candidate_005811,5811
development,5383,development:candidate_005812,5812
development,5384,development:candidate_005813,5813
development,5385,development:candidate_005814,5814
development,5386,development:candidate_005815,5815
development,5387,development:candidate_005816,5816
development,5388,development:candidate_005817,5817
development,5389,development:candidate_005818,5818
development,5390,development:candidate_005820,5820
development,5391,development:candidate_005822,5822
development,5392,development:candidate_005823,5823
development,5393,development:candidate_005824,5824
development,5394,development:candidate_005825,5825
development,5395,development:candidate_005826,5826
development,5396,development:candidate_005827,5827
development,5397,development:candidate_005828,5828
development,5398,development:candidate_005829,5829
development,5399,development:candidate_005830,5830
development,5400,development:candidate_005831,5831
development,5401,development:candidate_005832,5832
development,5402,development:candidate_005833,5833
development,5403,development:candidate_005834,5834
development,5404,development:candidate_005835,5835
development,5405,development:candidate_005837,5837
development,5406,development:candidate_005838,5838
development,5407,development:candidate_005839,5839
development,5408,development:candidate_005840,5840
development,5409,development:candidate_005841,5841
development,5410,development:candidate_005842,5842
development,5411,development:candidate_005843,5843
development,5412,development:candidate_005844,5844
development,5413,development:candidate_005846,5846
development,5414,development:candidate_005847,5847
development,5415,development:candidate_005848,5848
development,5416,development:candidate_005849,5849
development,5417,development:candidate_005850,5850
development,5418,development:candidate_005851,5851
development,5419,development:candidate_005853,5853
development,5420,development:candidate_005854,5854
development,5421,development:candidate_005855,5855
development,5422,development:candidate_005856,5856
development,5423,development:candidate_005857,5857
development,5424,development:candidate_005858,5858
development,5425,development:candidate_005859,5859
development,5426,development:candidate_005860,5860
development,5427,development:candidate_005861,5861
development,5428,development:candidate_005862,5862
development,5429,development:candidate_005863,5863
development,5430,development:candidate_005865,5865
development,5431,development:candidate_005866,5866
development,5432,development:candidate_005867,5867
development,5433,development:candidate_005868,5868
development,5434,development:candidate_005869,5869
development,5435,development:candidate_005870,5870
development,5436,development:candidate_005871,5871
development,5437,development:candidate_005872,5872
development,5438,development:candidate_005873,5873
development,5439,development:candidate_005874,5874
development,5440,development:candidate_005875,5875
development,5441,development:candidate_005876,5876
development,5442,development:candidate_005877,5877
development,5443,development:candidate_005878,5878
development,5444,development:candidate_005879,5879
development,5445,development:candidate_005880,5880
development,5446,development:candidate_005881,5881
development,5447,development:candidate_005882,5882
development,5448,development:candidate_005883,5883
development,5449,development:candidate_005884,5884
development,5450,development:candidate_005886,5886
development,5451,development:candidate_005887,5887
development,5452,development:candidate_005889,5889
development,5453,development:candidate_005890,5890
development,5454,development:candidate_005891,5891
development,5455,development:candidate_005892,5892
development,5456,development:candidate_005894,5894
development,5457,development:candidate_005895,5895
development,5458,development:candidate_005896,5896
development,5459,development:candidate_005897,5897
development,5460,development:candidate_005898,5898
development,5461,development:candidate_005899,5899
development,5462,development:candidate_005900,5900
development,5463,development:candidate_005901,5901
development,5464,development:candidate_005902,5902
development,5465,development:candidate_005903,5903
development,5466,development:candidate_005904,5904
development,5467,development:candidate_005905,5905
development,5468,development:candidate_005907,5907
development,5469,development:candidate_005908,5908
development,5470,development:candidate_005909,5909
development,5471,development:candidate_005910,5910
development,5472,development:candidate_005911,5911
development,5473,development:candidate_005912,5912
development,5474,development:candidate_005913,5913
development,5475,development:candidate_005914,5914
development,5476,development:candidate_005915,5915
development,5477,development:candidate_005916,5916
development,5478,development:candidate_005917,5917
development,5479,development:candidate_005918,5918
development,5480,development:candidate_005919,5919
development,5481,development:candidate_005920,5920
development,5482,development:candidate_005921,5921
development,5483,development:candidate_005922,5922
development,5484,development:candidate_005923,5923
development,5485,development:candidate_005924,5924
development,5486,development:candidate_005925,5925
development,5487,development:candidate_005926,5926
development,5488,development:candidate_005927,5927
development,5489,development:candidate_005928,5928
development,5490,development:candidate_005929,5929
development,5491,development:candidate_005930,5930
development,5492,development:candidate_005931,5931
development,5493,development:candidate_005932,5932
development,5494,development:candidate_005933,5933
development,5495,development:candidate_005934,5934
development,5496,development:candidate_005935,5935
development,5497,development:candidate_005936,5936
development,5498,development:candidate_005937,5937
development,5499,development:candidate_005938,5938
development,5500,development:candidate_005939,5939
development,5501,development:candidate_005940,5940
development,5502,development:candidate_005941,5941
development,5503,development:candidate_005942,5942
development,5504,development:candidate_005943,5943
development,5505,development:candidate_005944,5944
development,5506,development:candidate_005945,5945
development,5507,development:candidate_005946,5946
development,5508,development:candidate_005947,5947
development,5509,development:candidate_005948,5948
development,5510,development:candidate_005949,5949
development,5511,development:candidate_005950,5950
development,5512,development:candidate_005951,5951
development,5513,development:candidate_005952,5952
development,5514,development:candidate_005953,5953
development,5515,development:candidate_005954,5954
development,5516,development:candidate_005955,5955
development,5517,development:candidate_005956,5956
development,5518,development:candidate_005957,5957
development,5519,development:candidate_005958,5958
development,5520,development:candidate_005959,5959
development,5521,development:candidate_005960,5960
development,5522,development:candidate_005961,5961
development,5523,development:candidate_005962,5962
development,5524,development:candidate_005963,5963
development,5525,development:candidate_005964,5964
development,5526,development:candidate_005965,5965
development,5527,development:candidate_005966,5966
development,5528,development:candidate_005967,5967
development,5529,development:candidate_005968,5968
development,5530,development:candidate_005969,5969
development,5531,development:candidate_005970,5970
development,5532,development:candidate_005971,5971
development,5533,development:candidate_005972,5972
development,5534,development:candidate_005974,5974
development,5535,development:candidate_005975,5975
development,5536,development:candidate_005977,5977
development,5537,development:candidate_005978,5978
development,5538,development:candidate_005979,5979
development,5539,development:candidate_005980,5980
development,5540,development:candidate_005981,5981
development,5541,development:candidate_005982,5982
development,5542,development:candidate_005983,5983
development,5543,development:candidate_005984,5984
development,5544,development:candidate_005985,5985
development,5545,development:candidate_005986,5986
development,5546,development:candidate_005987,5987
development,5547,development:candidate_005988,5988
development,5548,development:candidate_005989,5989
development,5549,development:candidate_005990,5990
development,5550,development:candidate_005991,5991
development,5551,development:candidate_005992,5992
development,5552,development:candidate_005993,5993
development,5553,development:candidate_005994,5994
development,5554,development:candidate_005995,5995
development,5555,development:candidate_005996,5996
development,5556,development:candidate_005997,5997
development,5557,development:candidate_005998,5998
development,5558,development:candidate_005999,5999
development,5559,development:candidate_006000,6000
development,5560,development:candidate_006001,6001
development,5561,development:candidate_006003,6003
development,5562,development:candidate_006004,6004
development,5563,development:candidate_006005,6005
development,5564,development:candidate_006006,6006
development,5565,development:candidate_006007,6007
development,5566,development:candidate_006008,6008
development,5567,development:candidate_006009,6009
development,5568,development:candidate_006010,6010
development,5569,development:candidate_006011,6011
development,5570,development:candidate_006012,6012
development,5571,development:candidate_006013,6013
development,5572,development:candidate_006014,6014
development,5573,development:candidate_006015,6015
development,5574,development:candidate_006016,6016
development,5575,development:candidate_006017,6017
development,5576,development:candidate_006018,6018
development,5577,development:candidate_006019,6019
development,5578,development:candidate_006020,6020
development,5579,development:candidate_006021,6021
development,5580,development:candidate_006022,6022
development,5581,development:candidate_006023,6023
development,5582,development:candidate_006025,6025
development,5583,development:candidate_006026,6026
development,5584,development:candidate_006027,6027
development,5585,development:candidate_006028,6028
development,5586,development:candidate_006029,6029
development,5587,development:candidate_006030,6030
development,5588,development:candidate_006031,6031
development,5589,development:candidate_006032,6032
development,5590,development:candidate_006034,6034
development,5591,development:candidate_006036,6036
development,5592,development:candidate_006038,6038
development,5593,development:candidate_006039,6039
development,5594,development:candidate_006040,6040
development,5595,development:candidate_006042,6042
development,5596,development:candidate_006043,6043
development,5597,development:candidate_006045,6045
development,5598,development:candidate_006046,6046
development,5599,development:candidate_006047,6047
development,5600,development:candidate_006048,6048
development,5601,development:candidate_006049,6049
development,5602,development:candidate_006050,6050
development,5603,development:candidate_006051,6051
development,5604,development:candidate_006052,6052
development,5605,development:candidate_006053,6053
development,5606,development:candidate_006054,6054
development,5607,development:candidate_006055,6055
development,5608,development:candidate_006057,6057
development,5609,development:candidate_006058,6058
development,5610,development:candidate_006059,6059
development,5611,development:candidate_006060,6060
development,5612,development:candidate_006061,6061
development,5613,development:candidate_006062,6062
development,5614,development:candidate_006063,6063
development,5615,development:candidate_006064,6064
development,5616,development:candidate_006065,6065
development,5617,development:candidate_006066,6066
development,5618,development:candidate_006067,6067
development,5619,development:candidate_006068,6068
development,5620,development:candidate_006069,6069
development,5621,development:candidate_006070,6070
development,5622,development:candidate_006071,6071
development,5623,development:candidate_006072,6072
development,5624,development:candidate_006073,6073
development,5625,development:candidate_006074,6074
development,5626,development:candidate_006075,6075
development,5627,development:candidate_006076,6076
development,5628,development:candidate_006077,6077
development,5629,development:candidate_006078,6078
development,5630,development:candidate_006079,6079
development,5631,development:candidate_006080,6080
development,5632,development:candidate_006081,6081
development,5633,development:candidate_006082,6082
development,5634,development:candidate_006083,6083
development,5635,development:candidate_006084,6084
development,5636,development:candidate_006085,6085
development,5637,development:candidate_006086,6086
development,5638,development:candidate_006088,6088
development,5639,development:candidate_006089,6089
development,5640,development:candidate_006090,6090
development,5641,development:candidate_006091,6091
development,5642,development:candidate_006092,6092
development,5643,development:candidate_006093,6093
development,5644,development:candidate_006094,6094
development,5645,development:candidate_006095,6095
development,5646,development:candidate_006096,6096
development,5647,development:candidate_006097,6097
development,5648,development:candidate_006098,6098
development,5649,development:candidate_006099,6099
development,5650,development:candidate_006100,6100
development,5651,development:candidate_006101,6101
development,5652,development:candidate_006102,6102
development,5653,development:candidate_006103,6103
development,5654,development:candidate_006104,6104
development,5655,development:candidate_006105,6105
development,5656,development:candidate_006106,6106
development,5657,development:candidate_006107,6107
development,5658,development:candidate_006108,6108
development,5659,development:candidate_006109,6109
development,5660,development:candidate_006110,6110
development,5661,development:candidate_006111,6111
development,5662,development:candidate_006112,6112
development,5663,development:candidate_006113,6113
development,5664,development:candidate_006114,6114
development,5665,development:candidate_006115,6115
development,5666,development:candidate_006116,6116
development,5667,development:candidate_006117,6117
development,5668,development:candidate_006118,6118
development,5669,development:candidate_006119,6119
development,5670,development:candidate_006120,6120
development,5671,development:candidate_006121,6121
development,5672,development:candidate_006122,6122
development,5673,development:candidate_006123,6123
development,5674,development:candidate_006124,6124
development,5675,development:candidate_006126,6126
development,5676,development:candidate_006128,6128
development,5677,development:candidate_006129,6129
development,5678,development:candidate_006132,6132
development,5679,development:candidate_006133,6133
development,5680,development:candidate_006134,6134
development,5681,development:candidate_006135,6135
development,5682,development:candidate_006136,6136
development,5683,development:candidate_006137,6137
development,5684,development:candidate_006138,6138
development,5685,development:candidate_006139,6139
development,5686,development:candidate_006140,6140
development,5687,development:candidate_006141,6141
development,5688,development:candidate_006142,6142
development,5689,development:candidate_006143,6143
development,5690,development:candidate_006144,6144
development,5691,development:candidate_006145,6145
development,5692,development:candidate_006146,6146
development,5693,development:candidate_006147,6147
development,5694,development:candidate_006148,6148
development,5695,development:candidate_006150,6150
development,5696,development:candidate_006151,6151
development,5697,development:candidate_006152,6152
development,5698,development:candidate_006153,6153
development,5699,development:candidate_006154,6154
development,5700,development:candidate_006155,6155
development,5701,development:candidate_006156,6156
development,5702,development:candidate_006157,6157
development,5703,development:candidate_006158,6158
development,5704,development:candidate_006159,6159
development,5705,development:candidate_006160,6160
development,5706,development:candidate_006161,6161
development,5707,development:candidate_006162,6162
development,5708,development:candidate_006163,6163
development,5709,development:candidate_006164,6164
development,5710,development:candidate_006165,6165
development,5711,development:candidate_006166,6166
development,5712,development:candidate_006167,6167
development,5713,development:candidate_006168,6168
development,5714,development:candidate_006169,6169
development,5715,development:candidate_006170,6170
development,5716,development:candidate_006174,6174
development,5717,development:candidate_006175,6175
development,5718,development:candidate_006176,6176
development,5719,development:candidate_006177,6177
development,5720,development:candidate_006178,6178
development,5721,development:candidate_006179,6179
development,5722,development:candidate_006181,6181
development,5723,development:candidate_006183,6183
development,5724,development:candidate_006184,6184
development,5725,development:candidate_006185,6185
development,5726,development:candidate_006186,6186
development,5727,development:candidate_006187,6187
development,5728,development:candidate_006188,6188
development,5729,development:candidate_006189,6189
development,5730,development:candidate_006190,6190
development,5731,development:candidate_006191,6191
development,5732,development:candidate_006192,6192
development,5733,development:candidate_006193,6193
development,5734,development:candidate_006195,6195
development,5735,development:candidate_006196,6196
development,5736,development:candidate_006197,6197
development,5737,development:candidate_006198,6198
development,5738,development:candidate_006199,6199
development,5739,development:candidate_006200,6200
development,5740,development:candidate_006201,6201
development,5741,development:candidate_006202,6202
development,5742,development:candidate_006203,6203
development,5743,development:candidate_006204,6204
development,5744,development:candidate_006205,6205
development,5745,development:candidate_006207,6207
development,5746,development:candidate_006208,6208
development,5747,development:candidate_006209,6209
development,5748,development:candidate_006210,6210
development,5749,development:candidate_006211,6211
development,5750,development:candidate_006212,6212
development,5751,development:candidate_006213,6213
development,5752,development:candidate_006214,6214
development,5753,development:candidate_006215,6215
development,5754,development:candidate_006216,6216
development,5755,development:candidate_006217,6217
development,5756,development:candidate_006218,6218
development,5757,development:candidate_006219,6219
development,5758,development:candidate_006220,6220
development,5759,development:candidate_006222,6222
development,5760,development:candidate_006223,6223
development,5761,development:candidate_006224,6224
development,5762,development:candidate_006225,6225
development,5763,development:candidate_006226,6226
development,5764,development:candidate_006227,6227
development,5765,development:candidate_006228,6228
development,5766,development:candidate_006229,6229
development,5767,development:candidate_006231,6231
development,5768,development:candidate_006232,6232
development,5769,development:candidate_006233,6233
development,5770,development:candidate_006234,6234
development,5771,development:candidate_006236,6236
development,5772,development:candidate_006237,6237
development,5773,development:candidate_006238,6238
development,5774,development:candidate_006239,6239
development,5775,development:candidate_006240,6240
development,5776,development:candidate_006241,6241
development,5777,development:candidate_006242,6242
development,5778,development:candidate_006243,6243
development,5779,development:candidate_006244,6244
development,5780,development:candidate_006245,6245
development,5781,development:candidate_006246,6246
development,5782,development:candidate_006247,6247
development,5783,development:candidate_006248,6248
development,5784,development:candidate_006249,6249
development,5785,development:candidate_006250,6250
development,5786,development:candidate_006251,6251
development,5787,development:candidate_006252,6252
development,5788,development:candidate_006253,6253
development,5789,development:candidate_006254,6254
development,5790,development:candidate_006255,6255
development,5791,development:candidate_006257,6257
development,5792,development:candidate_006258,6258
development,5793,development:candidate_006259,6259
development,5794,development:candidate_006260,6260
development,5795,development:candidate_006261,6261
development,5796,development:candidate_006262,6262
development,5797,development:candidate_006263,6263
development,5798,development:candidate_006264,6264
development,5799,development:candidate_006265,6265
development,5800,development:candidate_006266,6266
development,5801,development:candidate_006267,6267
development,5802,development:candidate_006268,6268
development,5803,development:candidate_006269,6269
development,5804,development:candidate_006270,6270
development,5805,development:candidate_006271,6271
development,5806,development:candidate_006272,6272
development,5807,development:candidate_006273,6273
development,5808,development:candidate_006274,6274
development,5809,development:candidate_006276,6276
development,5810,development:candidate_006277,6277
development,5811,development:candidate_006278,6278
development,5812,development:candidate_006279,6279
development,5813,development:candidate_006280,6280
development,5814,development:candidate_006281,6281
development,5815,development:candidate_006282,6282
development,5816,development:candidate_006283,6283
development,5817,development:candidate_006284,6284
development,5818,development:candidate_006286,6286
development,5819,development:candidate_006287,6287
development,5820,development:candidate_006288,6288
development,5821,development:candidate_006289,6289
development,5822,development:candidate_006290,6290
development,5823,development:candidate_006291,6291
development,5824,development:candidate_006292,6292
development,5825,development:candidate_006293,6293
development,5826,development:candidate_006294,6294
development,5827,development:candidate_006295,6295
development,5828,development:candidate_006296,6296
development,5829,development:candidate_006297,6297
development,5830,development:candidate_006298,6298
development,5831,development:candidate_006299,6299
development,5832,development:candidate_006300,6300
development,5833,development:candidate_006301,6301
development,5834,development:candidate_006302,6302
development,5835,development:candidate_006303,6303
development,5836,development:candidate_006305,6305
development,5837,development:candidate_006306,6306
development,5838,development:candidate_006307,6307
development,5839,development:candidate_006308,6308
development,5840,development:candidate_006309,6309
development,5841,development:candidate_006310,6310
development,5842,development:candidate_006311,6311
development,5843,development:candidate_006312,6312
development,5844,development:candidate_006314,6314
development,5845,development:candidate_006315,6315
development,5846,development:candidate_006316,6316
development,5847,development:candidate_006317,6317
development,5848,development:candidate_006318,6318
development,5849,development:candidate_006319,6319
development,5850,development:candidate_006320,6320
development,5851,development:candidate_006321,6321
development,5852,development:candidate_006322,6322
development,5853,development:candidate_006323,6323
development,5854,development:candidate_006324,6324
development,5855,development:candidate_006325,6325
development,5856,development:candidate_006326,6326
development,5857,development:candidate_006327,6327
development,5858,development:candidate_006329,6329
development,5859,development:candidate_006330,6330
development,5860,development:candidate_006331,6331
development,5861,development:candidate_006332,6332
development,5862,development:candidate_006333,6333
development,5863,development:candidate_006334,6334
development,5864,development:candidate_006335,6335
development,5865,development:candidate_006336,6336
development,5866,development:candidate_006337,6337
development,5867,development:candidate_006338,6338
development,5868,development:candidate_006339,6339
development,5869,development:candidate_006340,6340
development,5870,development:candidate_006341,6341
development,5871,development:candidate_006342,6342
development,5872,development:candidate_006343,6343
development,5873,development:candidate_006344,6344
development,5874,development:candidate_006345,6345
development,5875,development:candidate_006346,6346
development,5876,development:candidate_006347,6347
development,5877,development:candidate_006348,6348
development,5878,development:candidate_006349,6349
development,5879,development:candidate_006350,6350
development,5880,development:candidate_006351,6351
development,5881,development:candidate_006352,6352
development,5882,development:candidate_006353,6353
development,5883,development:candidate_006354,6354
development,5884,development:candidate_006355,6355
development,5885,development:candidate_006356,6356
development,5886,development:candidate_006357,6357
development,5887,development:candidate_006358,6358
development,5888,development:candidate_006359,6359
development,5889,development:candidate_006360,6360
development,5890,development:candidate_006361,6361
development,5891,development:candidate_006362,6362
development,5892,development:candidate_006364,6364
development,5893,development:candidate_006365,6365
development,5894,development:candidate_006366,6366
development,5895,development:candidate_006367,6367
development,5896,development:candidate_006368,6368
development,5897,development:candidate_006370,6370
development,5898,development:candidate_006371,6371
development,5899,development:candidate_006372,6372
development,5900,development:candidate_006373,6373
development,5901,development:candidate_006374,6374
development,5902,development:candidate_006375,6375
development,5903,development:candidate_006376,6376
development,5904,development:candidate_006377,6377
development,5905,development:candidate_006378,6378
development,5906,development:candidate_006379,6379
development,5907,development:candidate_006380,6380
development,5908,development:candidate_006381,6381
development,5909,development:candidate_006382,6382
development,5910,development:candidate_006383,6383
development,5911,development:candidate_006385,6385
development,5912,development:candidate_006386,6386
development,5913,development:candidate_006387,6387
development,5914,development:candidate_006388,6388
development,5915,development:candidate_006389,6389
development,5916,development:candidate_006390,6390
development,5917,development:candidate_006391,6391
development,5918,development:candidate_006392,6392
development,5919,development:candidate_006393,6393
development,5920,development:candidate_006394,6394
development,5921,development:candidate_006395,6395
development,5922,development:candidate_006396,6396
development,5923,development:candidate_006397,6397
development,5924,development:candidate_006399,6399
development,5925,development:candidate_006400,6400
development,5926,development:candidate_006402,6402
development,5927,development:candidate_006404,6404
development,5928,development:candidate_006405,6405
development,5929,development:candidate_006406,6406
development,5930,development:candidate_006407,6407
development,5931,development:candidate_006408,6408
development,5932,development:candidate_006409,6409
development,5933,development:candidate_006411,6411
development,5934,development:candidate_006412,6412
development,5935,development:candidate_006413,6413
development,5936,development:candidate_006414,6414
development,5937,development:candidate_006415,6415
development,5938,development:candidate_006416,6416
development,5939,development:candidate_006418,6418
development,5940,development:candidate_006419,6419
development,5941,development:candidate_006420,6420
development,5942,development:candidate_006421,6421
development,5943,development:candidate_006422,6422
development,5944,development:candidate_006423,6423
development,5945,development:candidate_006424,6424
development,5946,development:candidate_006425,6425
development,5947,development:candidate_006426,6426
development,5948,development:candidate_006427,6427
development,5949,development:candidate_006428,6428
development,5950,development:candidate_006430,6430
development,5951,development:candidate_006431,6431
development,5952,development:candidate_006432,6432
development,5953,development:candidate_006433,6433
development,5954,development:candidate_006434,6434
development,5955,development:candidate_006435,6435
development,5956,development:candidate_006437,6437
development,5957,development:candidate_006438,6438
development,5958,development:candidate_006439,6439
development,5959,development:candidate_006440,6440
development,5960,development:candidate_006441,6441
development,5961,development:candidate_006442,6442
development,5962,development:candidate_006443,6443
development,5963,development:candidate_006444,6444
development,5964,development:candidate_006445,6445
development,5965,development:candidate_006446,6446
development,5966,development:candidate_006447,6447
development,5967,development:candidate_006448,6448
development,5968,development:candidate_006449,6449
development,5969,development:candidate_006450,6450
development,5970,development:candidate_006451,6451
development,5971,development:candidate_006452,6452
development,5972,development:candidate_006453,6453
development,5973,development:candidate_006454,6454
development,5974,development:candidate_006455,6455
development,5975,development:candidate_006456,6456
development,5976,development:candidate_006457,6457
development,5977,development:candidate_006458,6458
development,5978,development:candidate_006460,6460
development,5979,development:candidate_006461,6461
development,5980,development:candidate_006462,6462
development,5981,development:candidate_006463,6463
development,5982,development:candidate_006464,6464
development,5983,development:candidate_006465,6465
development,5984,development:candidate_006466,6466
development,5985,development:candidate_006467,6467
development,5986,development:candidate_006468,6468
development,5987,development:candidate_006469,6469
development,5988,development:candidate_006470,6470
development,5989,development:candidate_006471,6471
development,5990,development:candidate_006472,6472
development,5991,development:candidate_006473,6473
development,5992,development:candidate_006474,6474
development,5993,development:candidate_006475,6475
development,5994,development:candidate_006476,6476
development,5995,development:candidate_006477,6477
development,5996,development:candidate_006478,6478
development,5997,development:candidate_006479,6479
development,5998,development:candidate_006480,6480
development,5999,development:candidate_006481,6481
development,6000,development:candidate_006482,6482
development,6001,development:candidate_006483,6483
development,6002,development:candidate_006484,6484
development,6003,development:candidate_006485,6485
development,6004,development:candidate_006487,6487
development,6005,development:candidate_006488,6488
development,6006,development:candidate_006489,6489
development,6007,development:candidate_006490,6490
development,6008,development:candidate_006491,6491
development,6009,development:candidate_006493,6493
development,6010,development:candidate_006494,6494
development,6011,development:candidate_006495,6495
development,6012,development:candidate_006496,6496
development,6013,development:candidate_006497,6497
development,6014,development:candidate_006498,6498
development,6015,development:candidate_006500,6500
development,6016,development:candidate_006501,6501
development,6017,development:candidate_006502,6502
development,6018,development:candidate_006504,6504
development,6019,development:candidate_006505,6505
development,6020,development:candidate_006506,6506
development,6021,development:candidate_006507,6507
development,6022,development:candidate_006508,6508
development,6023,development:candidate_006509,6509
development,6024,development:candidate_006511,6511
development,6025,development:candidate_006512,6512
development,6026,development:candidate_006513,6513
development,6027,development:candidate_006514,6514
development,6028,development:candidate_006515,6515
development,6029,development:candidate_006516,6516
development,6030,development:candidate_006517,6517
development,6031,development:candidate_006518,6518
development,6032,development:candidate_006519,6519
development,6033,development:candidate_006521,6521
development,6034,development:candidate_006522,6522
development,6035,development:candidate_006523,6523
development,6036,development:candidate_006524,6524
development,6037,development:candidate_006525,6525
development,6038,development:candidate_006526,6526
development,6039,development:candidate_006527,6527
development,6040,development:candidate_006528,6528
development,6041,development:candidate_006529,6529
development,6042,development:candidate_006530,6530
development,6043,development:candidate_006531,6531
development,6044,development:candidate_006532,6532
development,6045,development:candidate_006533,6533
development,6046,development:candidate_006534,6534
development,6047,development:candidate_006535,6535
development,6048,development:candidate_006536,6536
development,6049,development:candidate_006537,6537
development,6050,development:candidate_006538,6538
development,6051,development:candidate_006539,6539
development,6052,development:candidate_006540,6540
development,6053,development:candidate_006541,6541
development,6054,development:candidate_006543,6543
development,6055,development:candidate_006544,6544
development,6056,development:candidate_006545,6545
development,6057,development:candidate_006546,6546
development,6058,development:candidate_006547,6547
development,6059,development:candidate_006548,6548
development,6060,development:candidate_006549,6549
development,6061,development:candidate_006550,6550
development,6062,development:candidate_006551,6551
development,6063,development:candidate_006552,6552
development,6064,development:candidate_006553,6553
development,6065,development:candidate_006554,6554
development,6066,development:candidate_006555,6555
development,6067,development:candidate_006557,6557
development,6068,development:candidate_006558,6558
development,6069,development:candidate_006559,6559
development,6070,development:candidate_006560,6560
development,6071,development:candidate_006561,6561
development,6072,development:candidate_006562,6562
development,6073,development:candidate_006563,6563
development,6074,development:candidate_006564,6564
development,6075,development:candidate_006565,6565
development,6076,development:candidate_006566,6566
development,6077,development:candidate_006568,6568
development,6078,development:candidate_006569,6569
development,6079,development:candidate_006570,6570
development,6080,development:candidate_006571,6571
development,6081,development:candidate_006572,6572
development,6082,development:candidate_006573,6573
development,6083,development:candidate_006574,6574
development,6084,development:candidate_006575,6575
development,6085,development:candidate_006576,6576
development,6086,development:candidate_006577,6577
development,6087,development:candidate_006578,6578
development,6088,development:candidate_006579,6579
development,6089,development:candidate_006580,6580
development,6090,development:candidate_006582,6582
development,6091,development:candidate_006583,6583
development,6092,development:candidate_006584,6584
development,6093,development:candidate_006585,6585
development,6094,development:candidate_006586,6586
development,6095,development:candidate_006587,6587
development,6096,development:candidate_006589,6589
development,6097,development:candidate_006590,6590
development,6098,development:candidate_006591,6591
development,6099,development:candidate_006592,6592
development,6100,development:candidate_006593,6593
development,6101,development:candidate_006594,6594
development,6102,development:candidate_006595,6595
development,6103,development:candidate_006596,6596
development,6104,development:candidate_006597,6597
development,6105,development:candidate_006598,6598
development,6106,development:candidate_006600,6600
development,6107,development:candidate_006601,6601
development,6108,development:candidate_006602,6602
development,6109,development:candidate_006603,6603
development,6110,development:candidate_006604,6604
development,6111,development:candidate_006605,6605
development,6112,development:candidate_006606,6606
development,6113,development:candidate_006607,6607
development,6114,development:candidate_006608,6608
development,6115,development:candidate_006609,6609
development,6116,development:candidate_006610,6610
development,6117,development:candidate_006611,6611
development,6118,development:candidate_006612,6612
development,6119,development:candidate_006613,6613
development,6120,development:candidate_006614,6614
development,6121,development:candidate_006615,6615
development,6122,development:candidate_006616,6616
development,6123,development:candidate_006617,6617
development,6124,development:candidate_006618,6618
development,6125,development:candidate_006619,6619
development,6126,development:candidate_006620,6620
development,6127,development:candidate_006621,6621
development,6128,development:candidate_006622,6622
development,6129,development:candidate_006623,6623
development,6130,development:candidate_006624,6624
development,6131,development:candidate_006625,6625
development,6132,development:candidate_006626,6626
development,6133,development:candidate_006627,6627
development,6134,development:candidate_006628,6628
development,6135,development:candidate_006629,6629
development,6136,development:candidate_006630,6630
development,6137,development:candidate_006631,6631
development,6138,development:candidate_006633,6633
development,6139,development:candidate_006634,6634
development,6140,development:candidate_006635,6635
development,6141,development:candidate_006636,6636
development,6142,development:candidate_006637,6637
development,6143,development:candidate_006638,6638
development,6144,development:candidate_006639,6639
development,6145,development:candidate_006640,6640
development,6146,development:candidate_006641,6641
development,6147,development:candidate_006643,6643
development,6148,development:candidate_006644,6644
development,6149,development:candidate_006646,6646
development,6150,development:candidate_006647,6647
development,6151,development:candidate_006648,6648
development,6152,development:candidate_006649,6649
development,6153,development:candidate_006651,6651
development,6154,development:candidate_006652,6652
development,6155,development:candidate_006653,6653
development,6156,development:candidate_006654,6654
development,6157,development:candidate_006655,6655
development,6158,development:candidate_006656,6656
development,6159,development:candidate_006658,6658
development,6160,development:candidate_006659,6659
development,6161,development:candidate_006660,6660
development,6162,development:candidate_006661,6661
development,6163,development:candidate_006662,6662
development,6164,development:candidate_006663,6663
development,6165,development:candidate_006664,6664
development,6166,development:candidate_006665,6665
development,6167,development:candidate_006667,6667
development,6168,development:candidate_006668,6668
development,6169,development:candidate_006670,6670
development,6170,development:candidate_006671,6671
development,6171,development:candidate_006672,6672
development,6172,development:candidate_006673,6673
development,6173,development:candidate_006674,6674
development,6174,development:candidate_006676,6676
development,6175,development:candidate_006677,6677
development,6176,development:candidate_006678,6678
development,6177,development:candidate_006679,6679
development,6178,development:candidate_006680,6680
development,6179,development:candidate_006681,6681
development,6180,development:candidate_006682,6682
development,6181,development:candidate_006685,6685
development,6182,development:candidate_006686,6686
development,6183,development:candidate_006687,6687
development,6184,development:candidate_006688,6688
development,6185,development:candidate_006689,6689
development,6186,development:candidate_006690,6690
development,6187,development:candidate_006691,6691
development,6188,development:candidate_006692,6692
development,6189,development:candidate_006693,6693
development,6190,development:candidate_006694,6694
development,6191,development:candidate_006695,6695
development,6192,development:candidate_006696,6696
development,6193,development:candidate_006697,6697
development,6194,development:candidate_006699,6699
development,6195,development:candidate_006700,6700
development,6196,development:candidate_006701,6701
development,6197,development:candidate_006703,6703
development,6198,development:candidate_006704,6704
development,6199,development:candidate_006705,6705
development,6200,development:candidate_006706,6706
development,6201,development:candidate_006707,6707
development,6202,development:candidate_006708,6708
development,6203,development:candidate_006709,6709
development,6204,development:candidate_006711,6711
development,6205,development:candidate_006712,6712
development,6206,development:candidate_006713,6713
development,6207,development:candidate_006714,6714
development,6208,development:candidate_006715,6715
development,6209,development:candidate_006716,6716
development,6210,development:candidate_006717,6717
development,6211,development:candidate_006718,6718
development,6212,development:candidate_006719,6719
development,6213,development:candidate_006720,6720
development,6214,development:candidate_006721,6721
development,6215,development:candidate_006722,6722
development,6216,development:candidate_006723,6723
development,6217,development:candidate_006724,6724
development,6218,development:candidate_006725,6725
development,6219,development:candidate_006726,6726
development,6220,development:candidate_006727,6727
development,6221,development:candidate_006728,6728
development,6222,development:candidate_006729,6729
development,6223,development:candidate_006732,6732
development,6224,development:candidate_006733,6733
development,6225,development:candidate_006734,6734
development,6226,development:candidate_006735,6735
development,6227,development:candidate_006736,6736
development,6228,development:candidate_006737,6737
development,6229,development:candidate_006738,6738
development,6230,development:candidate_006739,6739
development,6231,development:candidate_006740,6740
development,6232,development:candidate_006741,6741
development,6233,development:candidate_006742,6742
development,6234,development:candidate_006743,6743
development,6235,development:candidate_006744,6744
development,6236,development:candidate_006745,6745
development,6237,development:candidate_006746,6746
development,6238,development:candidate_006747,6747
development,6239,development:candidate_006748,6748
development,6240,development:candidate_006750,6750
development,6241,development:candidate_006751,6751
development,6242,development:candidate_006752,6752
development,6243,development:candidate_006753,6753
development,6244,development:candidate_006755,6755
development,6245,development:candidate_006756,6756
development,6246,development:candidate_006757,6757
development,6247,development:candidate_006758,6758
development,6248,development:candidate_006759,6759
development,6249,development:candidate_006760,6760
development,6250,development:candidate_006761,6761
development,6251,development:candidate_006762,6762
development,6252,development:candidate_006763,6763
development,6253,development:candidate_006764,6764
development,6254,development:candidate_006765,6765
development,6255,development:candidate_006766,6766
development,6256,development:candidate_006767,6767
development,6257,development:candidate_006768,6768
development,6258,development:candidate_006769,6769
development,6259,development:candidate_006770,6770
development,6260,development:candidate_006771,6771
development,6261,development:candidate_006772,6772
development,6262,development:candidate_006773,6773
development,6263,development:candidate_006774,6774
development,6264,development:candidate_006775,6775
development,6265,development:candidate_006776,6776
development,6266,development:candidate_006777,6777
development,6267,development:candidate_006778,6778
development,6268,development:candidate_006779,6779
development,6269,development:candidate_006780,6780
development,6270,development:candidate_006781,6781
development,6271,development:candidate_006782,6782
development,6272,development:candidate_006783,6783
development,6273,development:candidate_006784,6784
development,6274,development:candidate_006785,6785
development,6275,development:candidate_006786,6786
development,6276,development:candidate_006787,6787
development,6277,development:candidate_006788,6788
development,6278,development:candidate_006789,6789
development,6279,development:candidate_006790,6790
development,6280,development:candidate_006792,6792
development,6281,development:candidate_006793,6793
development,6282,development:candidate_006794,6794
development,6283,development:candidate_006795,6795
development,6284,development:candidate_006796,6796
development,6285,development:candidate_006797,6797
development,6286,development:candidate_006798,6798
development,6287,development:candidate_006799,6799
development,6288,development:candidate_006800,6800
development,6289,development:candidate_006801,6801
development,6290,development:candidate_006802,6802
development,6291,development:candidate_006803,6803
development,6292,development:candidate_006805,6805
development,6293,development:candidate_006806,6806
development,6294,development:candidate_006807,6807
development,6295,development:candidate_006808,6808
development,6296,development:candidate_006809,6809
development,6297,development:candidate_006810,6810
development,6298,development:candidate_006811,6811
development,6299,development:candidate_006812,6812
development,6300,development:candidate_006813,6813
development,6301,development:candidate_006814,6814
development,6302,development:candidate_006815,6815
development,6303,development:candidate_006817,6817
development,6304,development:candidate_006818,6818
development,6305,development:candidate_006819,6819
development,6306,development:candidate_006820,6820
development,6307,development:candidate_006821,6821
development,6308,development:candidate_006822,6822
development,6309,development:candidate_006823,6823
development,6310,development:candidate_006824,6824
development,6311,development:candidate_006825,6825
development,6312,development:candidate_006826,6826
development,6313,development:candidate_006827,6827
development,6314,development:candidate_006828,6828
development,6315,development:candidate_006829,6829
development,6316,development:candidate_006830,6830
development,6317,development:candidate_006831,6831
development,6318,development:candidate_006832,6832
development,6319,development:candidate_006833,6833
development,6320,development:candidate_006834,6834
development,6321,development:candidate_006835,6835
development,6322,development:candidate_006836,6836
development,6323,development:candidate_006837,6837
development,6324,development:candidate_006838,6838
development,6325,development:candidate_006839,6839
development,6326,development:candidate_006840,6840
development,6327,development:candidate_006841,6841
development,6328,development:candidate_006843,6843
development,6329,development:candidate_006844,6844
development,6330,development:candidate_006845,6845
development,6331,development:candidate_006846,6846
development,6332,development:candidate_006847,6847
development,6333,development:candidate_006848,6848
development,6334,development:candidate_006849,6849
development,6335,development:candidate_006850,6850
development,6336,development:candidate_006851,6851
development,6337,development:candidate_006852,6852
development,6338,development:candidate_006853,6853
development,6339,development:candidate_006854,6854
development,6340,development:candidate_006855,6855
development,6341,development:candidate_006856,6856
development,6342,development:candidate_006857,6857
development,6343,development:candidate_006858,6858
development,6344,development:candidate_006859,6859
development,6345,development:candidate_006860,6860
development,6346,development:candidate_006861,6861
development,6347,development:candidate_006862,6862
development,6348,development:candidate_006863,6863
development,6349,development:candidate_006864,6864
development,6350,development:candidate_006866,6866
development,6351,development:candidate_006867,6867
development,6352,development:candidate_006868,6868
development,6353,development:candidate_006869,6869
development,6354,development:candidate_006870,6870
development,6355,development:candidate_006871,6871
development,6356,development:candidate_006872,6872
development,6357,development:candidate_006873,6873
development,6358,development:candidate_006874,6874
development,6359,development:candidate_006875,6875
development,6360,development:candidate_006876,6876
development,6361,development:candidate_006877,6877
development,6362,development:candidate_006878,6878
development,6363,development:candidate_006879,6879
development,6364,development:candidate_006880,6880
development,6365,development:candidate_006881,6881
development,6366,development:candidate_006882,6882
development,6367,development:candidate_006883,6883
development,6368,development:candidate_006884,6884
development,6369,development:candidate_006885,6885
development,6370,development:candidate_006886,6886
development,6371,development:candidate_006887,6887
development,6372,development:candidate_006888,6888
development,6373,development:candidate_006889,6889
development,6374,development:candidate_006890,6890
development,6375,development:candidate_006891,6891
development,6376,development:candidate_006893,6893
development,6377,development:candidate_006894,6894
development,6378,development:candidate_006896,6896
development,6379,development:candidate_006897,6897
development,6380,development:candidate_006898,6898
development,6381,development:candidate_006899,6899
development,6382,development:candidate_006900,6900
development,6383,development:candidate_006901,6901
development,6384,development:candidate_006902,6902
development,6385,development:candidate_006903,6903
development,6386,development:candidate_006904,6904
development,6387,development:candidate_006905,6905
development,6388,development:candidate_006906,6906
development,6389,development:candidate_006907,6907
development,6390,development:candidate_006908,6908
development,6391,development:candidate_006909,6909
development,6392,development:candidate_006910,6910
development,6393,development:candidate_006911,6911
development,6394,development:candidate_006912,6912
development,6395,development:candidate_006913,6913
development,6396,development:candidate_006914,6914
development,6397,development:candidate_006915,6915
development,6398,development:candidate_006916,6916
development,6399,development:candidate_006917,6917
development,6400,development:candidate_006918,6918
development,6401,development:candidate_006919,6919
development,6402,development:candidate_006920,6920
development,6403,development:candidate_006921,6921
development,6404,development:candidate_006922,6922
development,6405,development:candidate_006923,6923
development,6406,development:candidate_006924,6924
development,6407,development:candidate_006925,6925
development,6408,development:candidate_006926,6926
development,6409,development:candidate_006927,6927
development,6410,development:candidate_006928,6928
development,6411,development:candidate_006929,6929
development,6412,development:candidate_006930,6930
development,6413,development:candidate_006931,6931
development,6414,development:candidate_006932,6932
development,6415,development:candidate_006933,6933
development,6416,development:candidate_006934,6934
development,6417,development:candidate_006935,6935
development,6418,development:candidate_006936,6936
development,6419,development:candidate_006937,6937
development,6420,development:candidate_006938,6938
development,6421,development:candidate_006939,6939
development,6422,development:candidate_006940,6940
development,6423,development:candidate_006941,6941
development,6424,development:candidate_006942,6942
development,6425,development:candidate_006944,6944
development,6426,development:candidate_006946,6946
development,6427,development:candidate_006947,6947
development,6428,development:candidate_006948,6948
development,6429,development:candidate_006949,6949
development,6430,development:candidate_006950,6950
development,6431,development:candidate_006951,6951
development,6432,development:candidate_006952,6952
development,6433,development:candidate_006954,6954
development,6434,development:candidate_006955,6955
development,6435,development:candidate_006956,6956
development,6436,development:candidate_006957,6957
development,6437,development:candidate_006958,6958
development,6438,development:candidate_006959,6959
development,6439,development:candidate_006960,6960
development,6440,development:candidate_006961,6961
development,6441,development:candidate_006962,6962
development,6442,development:candidate_006963,6963
development,6443,development:candidate_006964,6964
development,6444,development:candidate_006965,6965
development,6445,development:candidate_006966,6966
development,6446,development:candidate_006967,6967
development,6447,development:candidate_006968,6968
development,6448,development:candidate_006969,6969
development,6449,development:candidate_006970,6970
development,6450,development:candidate_006971,6971
development,6451,development:candidate_006972,6972
development,6452,development:candidate_006973,6973
development,6453,development:candidate_006974,6974
development,6454,development:candidate_006975,6975
development,6455,development:candidate_006976,6976
development,6456,development:candidate_006977,6977
development,6457,development:candidate_006978,6978
development,6458,development:candidate_006979,6979
development,6459,development:candidate_006980,6980
development,6460,development:candidate_006982,6982
development,6461,development:candidate_006983,6983
development,6462,development:candidate_006984,6984
development,6463,development:candidate_006985,6985
development,6464,development:candidate_006986,6986
development,6465,development:candidate_006987,6987
development,6466,development:candidate_006988,6988
development,6467,development:candidate_006989,6989
development,6468,development:candidate_006990,6990
development,6469,development:candidate_006991,6991
development,6470,development:candidate_006992,6992
development,6471,development:candidate_006993,6993
development,6472,development:candidate_006994,6994
development,6473,development:candidate_006995,6995
development,6474,development:candidate_006996,6996
development,6475,development:candidate_006997,6997
development,6476,development:candidate_006998,6998
development,6477,development:candidate_006999,6999
development,6478,development:candidate_007000,7000
development,6479,development:candidate_007001,7001
development,6480,development:candidate_007002,7002
development,6481,development:candidate_007003,7003
development,6482,development:candidate_007004,7004
development,6483,development:candidate_007005,7005
development,6484,development:candidate_007006,7006
development,6485,development:candidate_007007,7007
development,6486,development:candidate_007008,7008
development,6487,development:candidate_007009,7009
development,6488,development:candidate_007010,7010
development,6489,development:candidate_007013,7013
development,6490,development:candidate_007014,7014
development,6491,development:candidate_007015,7015
development,6492,development:candidate_007016,7016
development,6493,development:candidate_007017,7017
development,6494,development:candidate_007018,7018
development,6495,development:candidate_007019,7019
development,6496,development:candidate_007020,7020
development,6497,development:candidate_007021,7021
development,6498,development:candidate_007023,7023
development,6499,development:candidate_007025,7025
development,6500,development:candidate_007026,7026
development,6501,development:candidate_007027,7027
development,6502,development:candidate_007028,7028
development,6503,development:candidate_007029,7029
development,6504,development:candidate_007030,7030
development,6505,development:candidate_007031,7031
development,6506,development:candidate_007032,7032
development,6507,development:candidate_007033,7033
development,6508,development:candidate_007035,7035
development,6509,development:candidate_007036,7036
development,6510,development:candidate_007037,7037
development,6511,development:candidate_007039,7039
development,6512,development:candidate_007040,7040
development,6513,development:candidate_007041,7041
development,6514,development:candidate_007042,7042
development,6515,development:candidate_007043,7043
development,6516,development:candidate_007044,7044
development,6517,development:candidate_007045,7045
development,6518,development:candidate_007046,7046
development,6519,development:candidate_007047,7047
development,6520,development:candidate_007049,7049
development,6521,development:candidate_007050,7050
development,6522,development:candidate_007051,7051
development,6523,development:candidate_007053,7053
development,6524,development:candidate_007055,7055
development,6525,development:candidate_007056,7056
development,6526,development:candidate_007057,7057
development,6527,development:candidate_007058,7058
development,6528,development:candidate_007059,7059
development,6529,development:candidate_007061,7061
development,6530,development:candidate_007062,7062
development,6531,development:candidate_007063,7063
development,6532,development:candidate_007064,7064
development,6533,development:candidate_007065,7065
development,6534,development:candidate_007067,7067
development,6535,development:candidate_007068,7068
development,6536,development:candidate_007069,7069
development,6537,development:candidate_007070,7070
development,6538,development:candidate_007071,7071
development,6539,development:candidate_007072,7072
development,6540,development:candidate_007073,7073
development,6541,development:candidate_007074,7074
development,6542,development:candidate_007076,7076
development,6543,development:candidate_007077,7077
development,6544,development:candidate_007078,7078
development,6545,development:candidate_007079,7079
development,6546,development:candidate_007080,7080
development,6547,development:candidate_007081,7081
development,6548,development:candidate_007082,7082
development,6549,development:candidate_007083,7083
development,6550,development:candidate_007084,7084
development,6551,development:candidate_007085,7085
development,6552,development:candidate_007086,7086
development,6553,development:candidate_007088,7088
development,6554,development:candidate_007089,7089
development,6555,development:candidate_007090,7090
development,6556,development:candidate_007091,7091
development,6557,development:candidate_007092,7092
development,6558,development:candidate_007093,7093
development,6559,development:candidate_007094,7094
development,6560,development:candidate_007095,7095
development,6561,development:candidate_007096,7096
development,6562,development:candidate_007097,7097
development,6563,development:candidate_007098,7098
development,6564,development:candidate_007099,7099
development,6565,development:candidate_007101,7101
development,6566,development:candidate_007102,7102
development,6567,development:candidate_007103,7103
development,6568,development:candidate_007104,7104
development,6569,development:candidate_007105,7105
development,6570,development:candidate_007106,7106
development,6571,development:candidate_007107,7107
development,6572,development:candidate_007108,7108
development,6573,development:candidate_007109,7109
development,6574,development:candidate_007110,7110
development,6575,development:candidate_007111,7111
development,6576,development:candidate_007112,7112
development,6577,development:candidate_007113,7113
development,6578,development:candidate_007114,7114
development,6579,development:candidate_007115,7115
development,6580,development:candidate_007116,7116
development,6581,development:candidate_007117,7117
development,6582,development:candidate_007118,7118
development,6583,development:candidate_007119,7119
development,6584,development:candidate_007120,7120
development,6585,development:candidate_007121,7121
development,6586,development:candidate_007122,7122
development,6587,development:candidate_007123,7123
development,6588,development:candidate_007124,7124
development,6589,development:candidate_007125,7125
development,6590,development:candidate_007126,7126
development,6591,development:candidate_007127,7127
development,6592,development:candidate_007128,7128
development,6593,development:candidate_007129,7129
development,6594,development:candidate_007130,7130
development,6595,development:candidate_007131,7131
development,6596,development:candidate_007132,7132
development,6597,development:candidate_007134,7134
development,6598,development:candidate_007135,7135
development,6599,development:candidate_007136,7136
development,6600,development:candidate_007137,7137
development,6601,development:candidate_007138,7138
development,6602,development:candidate_007139,7139
development,6603,development:candidate_007140,7140
development,6604,development:candidate_007141,7141
development,6605,development:candidate_007142,7142
development,6606,development:candidate_007143,7143
development,6607,development:candidate_007145,7145
development,6608,development:candidate_007146,7146
development,6609,development:candidate_007147,7147
development,6610,development:candidate_007148,7148
development,6611,development:candidate_007149,7149
development,6612,development:candidate_007150,7150
development,6613,development:candidate_007151,7151
development,6614,development:candidate_007152,7152
development,6615,development:candidate_007153,7153
development,6616,development:candidate_007155,7155
development,6617,development:candidate_007156,7156
development,6618,development:candidate_007158,7158
development,6619,development:candidate_007159,7159
development,6620,development:candidate_007161,7161
development,6621,development:candidate_007162,7162
development,6622,development:candidate_007163,7163
development,6623,development:candidate_007164,7164
development,6624,development:candidate_007165,7165
development,6625,development:candidate_007167,7167
development,6626,development:candidate_007168,7168
development,6627,development:candidate_007169,7169
development,6628,development:candidate_007170,7170
development,6629,development:candidate_007171,7171
development,6630,development:candidate_007172,7172
development,6631,development:candidate_007173,7173
development,6632,development:candidate_007174,7174
development,6633,development:candidate_007175,7175
development,6634,development:candidate_007176,7176
development,6635,development:candidate_007177,7177
development,6636,development:candidate_007178,7178
development,6637,development:candidate_007179,7179
development,6638,development:candidate_007180,7180
development,6639,development:candidate_007181,7181
development,6640,development:candidate_007182,7182
development,6641,development:candidate_007183,7183
development,6642,development:candidate_007184,7184
development,6643,development:candidate_007185,7185
development,6644,development:candidate_007186,7186
development,6645,development:candidate_007187,7187
development,6646,development:candidate_007188,7188
development,6647,development:candidate_007189,7189
development,6648,development:candidate_007190,7190
development,6649,development:candidate_007191,7191
development,6650,development:candidate_007192,7192
development,6651,development:candidate_007193,7193
development,6652,development:candidate_007194,7194
development,6653,development:candidate_007195,7195
development,6654,development:candidate_007196,7196
development,6655,development:candidate_007197,7197
development,6656,development:candidate_007198,7198
development,6657,development:candidate_007199,7199
development,6658,development:candidate_007200,7200
development,6659,development:candidate_007201,7201
development,6660,development:candidate_007202,7202
development,6661,development:candidate_007203,7203
development,6662,development:candidate_007205,7205
development,6663,development:candidate_007206,7206
development,6664,development:candidate_007207,7207
development,6665,development:candidate_007208,7208
development,6666,development:candidate_007209,7209
development,6667,development:candidate_007210,7210
development,6668,development:candidate_007212,7212
development,6669,development:candidate_007213,7213
development,6670,development:candidate_007214,7214
development,6671,development:candidate_007215,7215
development,6672,development:candidate_007216,7216
development,6673,development:candidate_007217,7217
development,6674,development:candidate_007218,7218
development,6675,development:candidate_007219,7219
development,6676,development:candidate_007220,7220
development,6677,development:candidate_007221,7221
development,6678,development:candidate_007222,7222
development,6679,development:candidate_007223,7223
development,6680,development:candidate_007224,7224
development,6681,development:candidate_007225,7225
development,6682,development:candidate_007226,7226
development,6683,development:candidate_007227,7227
development,6684,development:candidate_007228,7228
development,6685,development:candidate_007229,7229
development,6686,development:candidate_007230,7230
development,6687,development:candidate_007231,7231
development,6688,development:candidate_007232,7232
development,6689,development:candidate_007233,7233
development,6690,development:candidate_007234,7234
development,6691,development:candidate_007235,7235
development,6692,development:candidate_007236,7236
development,6693,development:candidate_007237,7237
development,6694,development:candidate_007238,7238
development,6695,development:candidate_007239,7239
development,6696,development:candidate_007240,7240
development,6697,development:candidate_007241,7241
development,6698,development:candidate_007242,7242
development,6699,development:candidate_007244,7244
development,6700,development:candidate_007245,7245
development,6701,development:candidate_007246,7246
development,6702,development:candidate_007247,7247
development,6703,development:candidate_007248,7248
development,6704,development:candidate_007249,7249
development,6705,development:candidate_007250,7250
development,6706,development:candidate_007251,7251
development,6707,development:candidate_007252,7252
development,6708,development:candidate_007253,7253
development,6709,development:candidate_007254,7254
development,6710,development:candidate_007255,7255
development,6711,development:candidate_007256,7256
development,6712,development:candidate_007257,7257
development,6713,development:candidate_007258,7258
development,6714,development:candidate_007259,7259
development,6715,development:candidate_007260,7260
development,6716,development:candidate_007261,7261
development,6717,development:candidate_007262,7262
development,6718,development:candidate_007263,7263
development,6719,development:candidate_007264,7264
development,6720,development:candidate_007266,7266
development,6721,development:candidate_007267,7267
development,6722,development:candidate_007268,7268
development,6723,development:candidate_007269,7269
development,6724,development:candidate_007270,7270
development,6725,development:candidate_007271,7271
development,6726,development:candidate_007272,7272
development,6727,development:candidate_007273,7273
development,6728,development:candidate_007274,7274
development,6729,development:candidate_007275,7275
development,6730,development:candidate_007276,7276
development,6731,development:candidate_007277,7277
development,6732,development:candidate_007278,7278
development,6733,development:candidate_007279,7279
development,6734,development:candidate_007280,7280
development,6735,development:candidate_007281,7281
development,6736,development:candidate_007282,7282
development,6737,development:candidate_007283,7283
development,6738,development:candidate_007284,7284
development,6739,development:candidate_007285,7285
development,6740,development:candidate_007286,7286
development,6741,development:candidate_007287,7287
development,6742,development:candidate_007288,7288
development,6743,development:candidate_007289,7289
development,6744,development:candidate_007290,7290
development,6745,development:candidate_007292,7292
development,6746,development:candidate_007293,7293
development,6747,development:candidate_007296,7296
development,6748,development:candidate_007297,7297
development,6749,development:candidate_007298,7298
development,6750,development:candidate_007299,7299
development,6751,development:candidate_007300,7300
development,6752,development:candidate_007301,7301
development,6753,development:candidate_007302,7302
development,6754,development:candidate_007303,7303
development,6755,development:candidate_007304,7304
development,6756,development:candidate_007305,7305
development,6757,development:candidate_007307,7307
development,6758,development:candidate_007308,7308
development,6759,development:candidate_007309,7309
development,6760,development:candidate_007310,7310
development,6761,development:candidate_007311,7311
development,6762,development:candidate_007312,7312
development,6763,development:candidate_007313,7313
development,6764,development:candidate_007314,7314
development,6765,development:candidate_007315,7315
development,6766,development:candidate_007316,7316
development,6767,development:candidate_007317,7317
development,6768,development:candidate_007318,7318
development,6769,development:candidate_007319,7319
development,6770,development:candidate_007320,7320
development,6771,development:candidate_007321,7321
development,6772,development:candidate_007322,7322
development,6773,development:candidate_007323,7323
development,6774,development:candidate_007324,7324
development,6775,development:candidate_007326,7326
development,6776,development:candidate_007327,7327
development,6777,development:candidate_007328,7328
development,6778,development:candidate_007329,7329
development,6779,development:candidate_007330,7330
development,6780,development:candidate_007331,7331
development,6781,development:candidate_007333,7333
development,6782,development:candidate_007334,7334
development,6783,development:candidate_007335,7335
development,6784,development:candidate_007337,7337
development,6785,development:candidate_007338,7338
development,6786,development:candidate_007339,7339
development,6787,development:candidate_007340,7340
development,6788,development:candidate_007341,7341
development,6789,development:candidate_007342,7342
development,6790,development:candidate_007343,7343
development,6791,development:candidate_007344,7344
development,6792,development:candidate_007346,7346
development,6793,development:candidate_007347,7347
development,6794,development:candidate_007348,7348
development,6795,development:candidate_007350,7350
development,6796,development:candidate_007351,7351
development,6797,development:candidate_007352,7352
development,6798,development:candidate_007353,7353
development,6799,development:candidate_007354,7354
development,6800,development:candidate_007355,7355
development,6801,development:candidate_007356,7356
development,6802,development:candidate_007359,7359
development,6803,development:candidate_007360,7360
development,6804,development:candidate_007361,7361
development,6805,development:candidate_007362,7362
development,6806,development:candidate_007363,7363
development,6807,development:candidate_007365,7365
development,6808,development:candidate_007366,7366
development,6809,development:candidate_007367,7367
development,6810,development:candidate_007368,7368
development,6811,development:candidate_007369,7369
development,6812,development:candidate_007370,7370
development,6813,development:candidate_007371,7371
development,6814,development:candidate_007372,7372
development,6815,development:candidate_007373,7373
development,6816,development:candidate_007374,7374
development,6817,development:candidate_007375,7375
development,6818,development:candidate_007376,7376
development,6819,development:candidate_007377,7377
development,6820,development:candidate_007378,7378
development,6821,development:candidate_007380,7380
development,6822,development:candidate_007381,7381
development,6823,development:candidate_007382,7382
development,6824,development:candidate_007383,7383
development,6825,development:candidate_007384,7384
development,6826,development:candidate_007386,7386
development,6827,development:candidate_007387,7387
development,6828,development:candidate_007389,7389
development,6829,development:candidate_007390,7390
development,6830,development:candidate_007391,7391
development,6831,development:candidate_007392,7392
development,6832,development:candidate_007393,7393
development,6833,development:candidate_007394,7394
development,6834,development:candidate_007395,7395
development,6835,development:candidate_007397,7397
development,6836,development:candidate_007398,7398
development,6837,development:candidate_007399,7399
development,6838,development:candidate_007400,7400
development,6839,development:candidate_007401,7401
development,6840,development:candidate_007402,7402
development,6841,development:candidate_007403,7403
development,6842,development:candidate_007404,7404
development,6843,development:candidate_007405,7405
development,6844,development:candidate_007407,7407
development,6845,development:candidate_007408,7408
development,6846,development:candidate_007410,7410
development,6847,development:candidate_007411,7411
development,6848,development:candidate_007412,7412
development,6849,development:candidate_007413,7413
development,6850,development:candidate_007414,7414
development,6851,development:candidate_007415,7415
development,6852,development:candidate_007416,7416
development,6853,development:candidate_007417,7417
development,6854,development:candidate_007418,7418
development,6855,development:candidate_007419,7419
development,6856,development:candidate_007420,7420
development,6857,development:candidate_007421,7421
development,6858,development:candidate_007422,7422
development,6859,development:candidate_007424,7424
development,6860,development:candidate_007425,7425
development,6861,development:candidate_007428,7428
development,6862,development:candidate_007429,7429
development,6863,development:candidate_007430,7430
development,6864,development:candidate_007431,7431
development,6865,development:candidate_007432,7432
development,6866,development:candidate_007433,7433
development,6867,development:candidate_007434,7434
development,6868,development:candidate_007435,7435
development,6869,development:candidate_007436,7436
development,6870,development:candidate_007437,7437
development,6871,development:candidate_007438,7438
development,6872,development:candidate_007439,7439
development,6873,development:candidate_007440,7440
development,6874,development:candidate_007441,7441
development,6875,development:candidate_007442,7442
development,6876,development:candidate_007444,7444
development,6877,development:candidate_007445,7445
development,6878,development:candidate_007446,7446
development,6879,development:candidate_007447,7447
development,6880,development:candidate_007448,7448
development,6881,development:candidate_007449,7449
development,6882,development:candidate_007450,7450
development,6883,development:candidate_007451,7451
development,6884,development:candidate_007452,7452
development,6885,development:candidate_007453,7453
development,6886,development:candidate_007454,7454
development,6887,development:candidate_007455,7455
development,6888,development:candidate_007456,7456
development,6889,development:candidate_007457,7457
development,6890,development:candidate_007458,7458
development,6891,development:candidate_007459,7459
development,6892,development:candidate_007460,7460
development,6893,development:candidate_007461,7461
development,6894,development:candidate_007462,7462
development,6895,development:candidate_007463,7463
development,6896,development:candidate_007464,7464
development,6897,development:candidate_007465,7465
development,6898,development:candidate_007466,7466
development,6899,development:candidate_007467,7467
development,6900,development:candidate_007468,7468
development,6901,development:candidate_007469,7469
development,6902,development:candidate_007470,7470
development,6903,development:candidate_007471,7471
development,6904,development:candidate_007472,7472
development,6905,development:candidate_007473,7473
development,6906,development:candidate_007474,7474
development,6907,development:candidate_007476,7476
development,6908,development:candidate_007477,7477
development,6909,development:candidate_007478,7478
development,6910,development:candidate_007479,7479
development,6911,development:candidate_007480,7480
development,6912,development:candidate_007481,7481
development,6913,development:candidate_007483,7483
development,6914,development:candidate_007484,7484
development,6915,development:candidate_007485,7485
development,6916,development:candidate_007487,7487
development,6917,development:candidate_007488,7488
development,6918,development:candidate_007489,7489
development,6919,development:candidate_007490,7490
development,6920,development:candidate_007491,7491
development,6921,development:candidate_007492,7492
development,6922,development:candidate_007493,7493
development,6923,development:candidate_007494,7494
development,6924,development:candidate_007495,7495
development,6925,development:candidate_007496,7496
development,6926,development:candidate_007497,7497
development,6927,development:candidate_007498,7498
development,6928,development:candidate_007499,7499
development,6929,development:candidate_007500,7500
development,6930,development:candidate_007501,7501
development,6931,development:candidate_007502,7502
development,6932,development:candidate_007503,7503
development,6933,development:candidate_007504,7504
development,6934,development:candidate_007506,7506
development,6935,development:candidate_007507,7507
development,6936,development:candidate_007508,7508
development,6937,development:candidate_007509,7509
development,6938,development:candidate_007510,7510
development,6939,development:candidate_007511,7511
development,6940,development:candidate_007512,7512
development,6941,development:candidate_007513,7513
development,6942,development:candidate_007514,7514
development,6943,development:candidate_007515,7515
development,6944,development:candidate_007516,7516
development,6945,development:candidate_007517,7517
development,6946,development:candidate_007519,7519
development,6947,development:candidate_007520,7520
development,6948,development:candidate_007521,7521
development,6949,development:candidate_007522,7522
development,6950,development:candidate_007523,7523
development,6951,development:candidate_007524,7524
development,6952,development:candidate_007525,7525
development,6953,development:candidate_007526,7526
development,6954,development:candidate_007527,7527
development,6955,development:candidate_007529,7529
development,6956,development:candidate_007530,7530
development,6957,development:candidate_007531,7531
development,6958,development:candidate_007532,7532
development,6959,development:candidate_007533,7533
development,6960,development:candidate_007534,7534
development,6961,development:candidate_007535,7535
development,6962,development:candidate_007536,7536
development,6963,development:candidate_007537,7537
development,6964,development:candidate_007538,7538
development,6965,development:candidate_007539,7539
development,6966,development:candidate_007540,7540
development,6967,development:candidate_007541,7541
development,6968,development:candidate_007542,7542
development,6969,development:candidate_007544,7544
development,6970,development:candidate_007545,7545
development,6971,development:candidate_007546,7546
development,6972,development:candidate_007547,7547
development,6973,development:candidate_007548,7548
development,6974,development:candidate_007549,7549
development,6975,development:candidate_007550,7550
development,6976,development:candidate_007551,7551
development,6977,development:candidate_007553,7553
development,6978,development:candidate_007554,7554
development,6979,development:candidate_007555,7555
development,6980,development:candidate_007556,7556
development,6981,development:candidate_007557,7557
development,6982,development:candidate_007558,7558
development,6983,development:candidate_007559,7559
development,6984,development:candidate_007560,7560
development,6985,development:candidate_007561,7561
development,6986,development:candidate_007562,7562
development,6987,development:candidate_007563,7563
development,6988,development:candidate_007564,7564
development,6989,development:candidate_007565,7565
development,6990,development:candidate_007566,7566
development,6991,development:candidate_007567,7567
development,6992,development:candidate_007568,7568
development,6993,development:candidate_007569,7569
development,6994,development:candidate_007570,7570
development,6995,development:candidate_007571,7571
development,6996,development:candidate_007572,7572
development,6997,development:candidate_007573,7573
development,6998,development:candidate_007574,7574
development,6999,development:candidate_007575,7575
development,7000,development:candidate_007576,7576
development,7001,development:candidate_007577,7577
development,7002,development:candidate_007578,7578
development,7003,development:candidate_007579,7579
development,7004,development:candidate_007580,7580
development,7005,development:candidate_007581,7581
development,7006,development:candidate_007582,7582
development,7007,development:candidate_007583,7583
development,7008,development:candidate_007584,7584
development,7009,development:candidate_007585,7585
development,7010,development:candidate_007586,7586
development,7011,development:candidate_007587,7587
development,7012,development:candidate_007588,7588
development,7013,development:candidate_007590,7590
development,7014,development:candidate_007591,7591
development,7015,development:candidate_007592,7592
development,7016,development:candidate_007593,7593
development,7017,development:candidate_007594,7594
development,7018,development:candidate_007595,7595
development,7019,development:candidate_007596,7596
development,7020,development:candidate_007597,7597
development,7021,development:candidate_007598,7598
development,7022,development:candidate_007599,7599
development,7023,development:candidate_007600,7600
development,7024,development:candidate_007601,7601
development,7025,development:candidate_007602,7602
development,7026,development:candidate_007604,7604
development,7027,development:candidate_007605,7605
development,7028,development:candidate_007607,7607
development,7029,development:candidate_007608,7608
development,7030,development:candidate_007609,7609
development,7031,development:candidate_007610,7610
development,7032,development:candidate_007611,7611
development,7033,development:candidate_007612,7612
development,7034,development:candidate_007613,7613
development,7035,development:candidate_007614,7614
development,7036,development:candidate_007615,7615
development,7037,development:candidate_007616,7616
development,7038,development:candidate_007618,7618
development,7039,development:candidate_007619,7619
development,7040,development:candidate_007620,7620
development,7041,development:candidate_007621,7621
development,7042,development:candidate_007622,7622
development,7043,development:candidate_007623,7623
development,7044,development:candidate_007624,7624
development,7045,development:candidate_007625,7625
development,7046,development:candidate_007626,7626
development,7047,development:candidate_007627,7627
development,7048,development:candidate_007628,7628
development,7049,development:candidate_007629,7629
development,7050,development:candidate_007630,7630
development,7051,development:candidate_007631,7631
development,7052,development:candidate_007632,7632
development,7053,development:candidate_007633,7633
development,7054,development:candidate_007634,7634
development,7055,development:candidate_007635,7635
development,7056,development:candidate_007636,7636
development,7057,development:candidate_007637,7637
development,7058,development:candidate_007638,7638
development,7059,development:candidate_007639,7639
development,7060,development:candidate_007640,7640
development,7061,development:candidate_007641,7641
development,7062,development:candidate_007642,7642
development,7063,development:candidate_007644,7644
development,7064,development:candidate_007645,7645
development,7065,development:candidate_007646,7646
development,7066,development:candidate_007647,7647
development,7067,development:candidate_007648,7648
development,7068,development:candidate_007649,7649
development,7069,development:candidate_007650,7650
development,7070,development:candidate_007651,7651
development,7071,development:candidate_007652,7652
development,7072,development:candidate_007654,7654
development,7073,development:candidate_007655,7655
development,7074,development:candidate_007656,7656
development,7075,development:candidate_007657,7657
development,7076,development:candidate_007658,7658
development,7077,development:candidate_007659,7659
development,7078,development:candidate_007661,7661
development,7079,development:candidate_007662,7662
development,7080,development:candidate_007663,7663
development,7081,development:candidate_007664,7664
development,7082,development:candidate_007665,7665
development,7083,development:candidate_007666,7666
development,7084,development:candidate_007667,7667
development,7085,development:candidate_007668,7668
development,7086,development:candidate_007669,7669
development,7087,development:candidate_007671,7671
development,7088,development:candidate_007672,7672
development,7089,development:candidate_007673,7673
development,7090,development:candidate_007674,7674
development,7091,development:candidate_007675,7675
development,7092,development:candidate_007676,7676
development,7093,development:candidate_007677,7677
development,7094,development:candidate_007679,7679
development,7095,development:candidate_007680,7680
development,7096,development:candidate_007681,7681
development,7097,development:candidate_007682,7682
development,7098,development:candidate_007683,7683
development,7099,development:candidate_007684,7684
development,7100,development:candidate_007687,7687
development,7101,development:candidate_007688,7688
development,7102,development:candidate_007689,7689
development,7103,development:candidate_007690,7690
development,7104,development:candidate_007691,7691
development,7105,development:candidate_007692,7692
development,7106,development:candidate_007693,7693
development,7107,development:candidate_007694,7694
development,7108,development:candidate_007695,7695
development,7109,development:candidate_007696,7696
development,7110,development:candidate_007697,7697
development,7111,development:candidate_007698,7698
development,7112,development:candidate_007699,7699
development,7113,development:candidate_007700,7700
development,7114,development:candidate_007701,7701
development,7115,development:candidate_007702,7702
development,7116,development:candidate_007703,7703
development,7117,development:candidate_007704,7704
development,7118,development:candidate_007705,7705
development,7119,development:candidate_007707,7707
development,7120,development:candidate_007708,7708
development,7121,development:candidate_007709,7709
development,7122,development:candidate_007710,7710
development,7123,development:candidate_007711,7711
development,7124,development:candidate_007713,7713
development,7125,development:candidate_007714,7714
development,7126,development:candidate_007715,7715
development,7127,development:candidate_007716,7716
development,7128,development:candidate_007717,7717
development,7129,development:candidate_007718,7718
development,7130,development:candidate_007719,7719
development,7131,development:candidate_007720,7720
development,7132,development:candidate_007721,7721
development,7133,development:candidate_007724,7724
development,7134,development:candidate_007725,7725
development,7135,development:candidate_007726,7726
development,7136,development:candidate_007727,7727
development,7137,development:candidate_007728,7728
development,7138,development:candidate_007729,7729
development,7139,development:candidate_007730,7730
development,7140,development:candidate_007731,7731
development,7141,development:candidate_007732,7732
development,7142,development:candidate_007734,7734
development,7143,development:candidate_007735,7735
development,7144,development:candidate_007736,7736
development,7145,development:candidate_007737,7737
development,7146,development:candidate_007738,7738
development,7147,development:candidate_007739,7739
development,7148,development:candidate_007740,7740
development,7149,development:candidate_007741,7741
development,7150,development:candidate_007742,7742
development,7151,development:candidate_007743,7743
development,7152,development:candidate_007744,7744
development,7153,development:candidate_007745,7745
development,7154,development:candidate_007746,7746
development,7155,development:candidate_007747,7747
development,7156,development:candidate_007748,7748
development,7157,development:candidate_007749,7749
development,7158,development:candidate_007751,7751
development,7159,development:candidate_007752,7752
development,7160,development:candidate_007753,7753
development,7161,development:candidate_007754,7754
development,7162,development:candidate_007755,7755
development,7163,development:candidate_007756,7756
development,7164,development:candidate_007757,7757
development,7165,development:candidate_007758,7758
development,7166,development:candidate_007759,7759
development,7167,development:candidate_007760,7760
development,7168,development:candidate_007761,7761
development,7169,development:candidate_007762,7762
development,7170,development:candidate_007763,7763
development,7171,development:candidate_007764,7764
development,7172,development:candidate_007765,7765
development,7173,development:candidate_007766,7766
development,7174,development:candidate_007768,7768
development,7175,development:candidate_007769,7769
development,7176,development:candidate_007770,7770
development,7177,development:candidate_007771,7771
development,7178,development:candidate_007772,7772
development,7179,development:candidate_007773,7773
development,7180,development:candidate_007774,7774
development,7181,development:candidate_007775,7775
development,7182,development:candidate_007776,7776
development,7183,development:candidate_007777,7777
development,7184,development:candidate_007778,7778
development,7185,development:candidate_007779,7779
development,7186,development:candidate_007780,7780
development,7187,development:candidate_007781,7781
development,7188,development:candidate_007782,7782
development,7189,development:candidate_007783,7783
development,7190,development:candidate_007785,7785
development,7191,development:candidate_007786,7786
development,7192,development:candidate_007787,7787
development,7193,development:candidate_007788,7788
development,7194,development:candidate_007789,7789
development,7195,development:candidate_007790,7790
development,7196,development:candidate_007791,7791
development,7197,development:candidate_007792,7792
development,7198,development:candidate_007793,7793
development,7199,development:candidate_007794,7794
development,7200,development:candidate_007796,7796
development,7201,development:candidate_007797,7797
development,7202,development:candidate_007798,7798
development,7203,development:candidate_007802,7802
development,7204,development:candidate_007803,7803
development,7205,development:candidate_007804,7804
development,7206,development:candidate_007805,7805
development,7207,development:candidate_007806,7806
development,7208,development:candidate_007807,7807
development,7209,development:candidate_007808,7808
development,7210,development:candidate_007809,7809
development,7211,development:candidate_007810,7810
development,7212,development:candidate_007811,7811
development,7213,development:candidate_007813,7813
development,7214,development:candidate_007814,7814
development,7215,development:candidate_007815,7815
development,7216,development:candidate_007816,7816
development,7217,development:candidate_007817,7817
development,7218,development:candidate_007818,7818
development,7219,development:candidate_007819,7819
development,7220,development:candidate_007820,7820
development,7221,development:candidate_007821,7821
development,7222,development:candidate_007822,7822
development,7223,development:candidate_007823,7823
development,7224,development:candidate_007824,7824
development,7225,development:candidate_007825,7825
development,7226,development:candidate_007826,7826
development,7227,development:candidate_007827,7827
development,7228,development:candidate_007828,7828
development,7229,development:candidate_007829,7829
development,7230,development:candidate_007830,7830
development,7231,development:candidate_007831,7831
development,7232,development:candidate_007832,7832
development,7233,development:candidate_007833,7833
development,7234,development:candidate_007834,7834
development,7235,development:candidate_007835,7835
development,7236,development:candidate_007837,7837
development,7237,development:candidate_007838,7838
development,7238,development:candidate_007840,7840
development,7239,development:candidate_007841,7841
development,7240,development:candidate_007842,7842
development,7241,development:candidate_007843,7843
development,7242,development:candidate_007844,7844
development,7243,development:candidate_007846,7846
development,7244,development:candidate_007847,7847
development,7245,development:candidate_007848,7848
development,7246,development:candidate_007851,7851
development,7247,development:candidate_007852,7852
development,7248,development:candidate_007853,7853
development,7249,development:candidate_007854,7854
development,7250,development:candidate_007855,7855
development,7251,development:candidate_007856,7856
development,7252,development:candidate_007857,7857
development,7253,development:candidate_007858,7858
development,7254,development:candidate_007859,7859
development,7255,development:candidate_007860,7860
development,7256,development:candidate_007861,7861
development,7257,development:candidate_007862,7862
development,7258,development:candidate_007863,7863
development,7259,development:candidate_007864,7864
development,7260,development:candidate_007865,7865
development,7261,development:candidate_007866,7866
development,7262,development:candidate_007867,7867
development,7263,development:candidate_007868,7868
development,7264,development:candidate_007869,7869
development,7265,development:candidate_007870,7870
development,7266,development:candidate_007871,7871
development,7267,development:candidate_007872,7872
development,7268,development:candidate_007873,7873
development,7269,development:candidate_007874,7874
development,7270,development:candidate_007875,7875
development,7271,development:candidate_007876,7876
development,7272,development:candidate_007877,7877
development,7273,development:candidate_007878,7878
development,7274,development:candidate_007879,7879
development,7275,development:candidate_007880,7880
development,7276,development:candidate_007881,7881
development,7277,development:candidate_007882,7882
development,7278,development:candidate_007883,7883
development,7279,development:candidate_007884,7884
development,7280,development:candidate_007885,7885
development,7281,development:candidate_007886,7886
development,7282,development:candidate_007889,7889
development,7283,development:candidate_007890,7890
development,7284,development:candidate_007891,7891
development,7285,development:candidate_007892,7892
development,7286,development:candidate_007893,7893
development,7287,development:candidate_007894,7894
development,7288,development:candidate_007895,7895
development,7289,development:candidate_007896,7896
development,7290,development:candidate_007897,7897
development,7291,development:candidate_007898,7898
development,7292,development:candidate_007899,7899
development,7293,development:candidate_007900,7900
development,7294,development:candidate_007901,7901
development,7295,development:candidate_007902,7902
development,7296,development:candidate_007903,7903
development,7297,development:candidate_007904,7904
development,7298,development:candidate_007905,7905
development,7299,development:candidate_007906,7906
development,7300,development:candidate_007907,7907
development,7301,development:candidate_007908,7908
development,7302,development:candidate_007909,7909
development,7303,development:candidate_007910,7910
development,7304,development:candidate_007911,7911
development,7305,development:candidate_007912,7912
development,7306,development:candidate_007913,7913
development,7307,development:candidate_007914,7914
development,7308,development:candidate_007915,7915
development,7309,development:candidate_007917,7917
development,7310,development:candidate_007919,7919
development,7311,development:candidate_007920,7920
development,7312,development:candidate_007921,7921
development,7313,development:candidate_007922,7922
development,7314,development:candidate_007923,7923
development,7315,development:candidate_007924,7924
development,7316,development:candidate_007925,7925
development,7317,development:candidate_007926,7926
development,7318,development:candidate_007927,7927
development,7319,development:candidate_007928,7928
development,7320,development:candidate_007929,7929
development,7321,development:candidate_007930,7930
development,7322,development:candidate_007931,7931
development,7323,development:candidate_007932,7932
development,7324,development:candidate_007933,7933
development,7325,development:candidate_007934,7934
development,7326,development:candidate_007935,7935
development,7327,development:candidate_007936,7936
development,7328,development:candidate_007937,7937
development,7329,development:candidate_007938,7938
development,7330,development:candidate_007939,7939
development,7331,development:candidate_007940,7940
development,7332,development:candidate_007942,7942
development,7333,development:candidate_007943,7943
development,7334,development:candidate_007944,7944
development,7335,development:candidate_007945,7945
development,7336,development:candidate_007946,7946
development,7337,development:candidate_007947,7947
development,7338,development:candidate_007948,7948
development,7339,development:candidate_007949,7949
development,7340,development:candidate_007950,7950
development,7341,development:candidate_007951,7951
development,7342,development:candidate_007952,7952
development,7343,development:candidate_007953,7953
development,7344,development:candidate_007954,7954
development,7345,development:candidate_007955,7955
development,7346,development:candidate_007956,7956
development,7347,development:candidate_007957,7957
development,7348,development:candidate_007958,7958
development,7349,development:candidate_007961,7961
development,7350,development:candidate_007962,7962
development,7351,development:candidate_007963,7963
development,7352,development:candidate_007964,7964
development,7353,development:candidate_007965,7965
development,7354,development:candidate_007966,7966
development,7355,development:candidate_007967,7967
development,7356,development:candidate_007968,7968
development,7357,development:candidate_007969,7969
development,7358,development:candidate_007970,7970
development,7359,development:candidate_007971,7971
development,7360,development:candidate_007972,7972
development,7361,development:candidate_007973,7973
development,7362,development:candidate_007974,7974
development,7363,development:candidate_007976,7976
development,7364,development:candidate_007977,7977
development,7365,development:candidate_007978,7978
development,7366,development:candidate_007979,7979
development,7367,development:candidate_007980,7980
development,7368,development:candidate_007981,7981
development,7369,development:candidate_007982,7982
development,7370,development:candidate_007983,7983
development,7371,development:candidate_007985,7985
development,7372,development:candidate_007986,7986
development,7373,development:candidate_007987,7987
development,7374,development:candidate_007988,7988
development,7375,development:candidate_007989,7989
development,7376,development:candidate_007990,7990
development,7377,development:candidate_007991,7991
development,7378,development:candidate_007992,7992
development,7379,development:candidate_007993,7993
development,7380,development:candidate_007994,7994
development,7381,development:candidate_007995,7995
development,7382,development:candidate_007996,7996
development,7383,development:candidate_007997,7997
development,7384,development:candidate_007998,7998
development,7385,development:candidate_007999,7999
holdout,0,holdout:candidate_000000,0
holdout,1,holdout:candidate_000002,2
holdout,2,holdout:candidate_000003,3
holdout,3,holdout:candidate_000004,4
holdout,4,holdout:candidate_000005,5
holdout,5,holdout:candidate_000006,6
holdout,6,holdout:candidate_000007,7
holdout,7,holdout:candidate_000008,8
holdout,8,holdout:candidate_000009,9
holdout,9,holdout:candidate_000012,12
holdout,10,holdout:candidate_000013,13
holdout,11,holdout:candidate_000014,14
holdout,12,holdout:candidate_000015,15
holdout,13,holdout:candidate_000017,17
holdout,14,holdout:candidate_000018,18
holdout,15,holdout:candidate_000019,19
holdout,16,holdout:candidate_000020,20
holdout,17,holdout:candidate_000021,21
holdout,18,holdout:candidate_000022,22
holdout,19,holdout:candidate_000023,23
holdout,20,holdout:candidate_000024,24
holdout,21,holdout:candidate_000025,25
holdout,22,holdout:candidate_000026,26
holdout,23,holdout:candidate_000027,27
holdout,24,holdout:candidate_000028,28
holdout,25,holdout:candidate_000029,29
holdout,26,holdout:candidate_000030,30
holdout,27,holdout:candidate_000031,31
holdout,28,holdout:candidate_000032,32
holdout,29,holdout:candidate_000033,33
holdout,30,holdout:candidate_000034,34
holdout,31,holdout:candidate_000035,35
holdout,32,holdout:candidate_000036,36
holdout,33,holdout:candidate_000037,37
holdout,34,holdout:candidate_000038,38
holdout,35,holdout:candidate_000040,40
holdout,36,holdout:candidate_000041,41
holdout,37,holdout:candidate_000042,42
holdout,38,holdout:candidate_000043,43
holdout,39,holdout:candidate_000044,44
holdout,40,holdout:candidate_000045,45
holdout,41,holdout:candidate_000046,46
holdout,42,holdout:candidate_000047,47
holdout,43,holdout:candidate_000048,48
holdout,44,holdout:candidate_000049,49
holdout,45,holdout:candidate_000050,50
holdout,46,holdout:candidate_000051,51
holdout,47,holdout:candidate_000052,52
holdout,48,holdout:candidate_000053,53
holdout,49,holdout:candidate_000054,54
holdout,50,holdout:candidate_000055,55
holdout,51,holdout:candidate_000056,56
holdout,52,holdout:candidate_000057,57
holdout,53,holdout:candidate_000058,58
holdout,54,holdout:candidate_000059,59
holdout,55,holdout:candidate_000060,60
holdout,56,holdout:candidate_000061,61
holdout,57,holdout:candidate_000062,62
holdout,58,holdout:candidate_000063,63
holdout,59,holdout:candidate_000064,64
holdout,60,holdout:candidate_000065,65
holdout,61,holdout:candidate_000066,66
holdout,62,holdout:candidate_000067,67
holdout,63,holdout:candidate_000068,68
holdout,64,holdout:candidate_000069,69
holdout,65,holdout:candidate_000070,70
holdout,66,holdout:candidate_000071,71
holdout,67,holdout:candidate_000072,72
holdout,68,holdout:candidate_000075,75
holdout,69,holdout:candidate_000076,76
holdout,70,holdout:candidate_000077,77
holdout,71,holdout:candidate_000078,78
holdout,72,holdout:candidate_000079,79
holdout,73,holdout:candidate_000080,80
holdout,74,holdout:candidate_000081,81
holdout,75,holdout:candidate_000082,82
holdout,76,holdout:candidate_000083,83
holdout,77,holdout:candidate_000085,85
holdout,78,holdout:candidate_000086,86
holdout,79,holdout:candidate_000088,88
holdout,80,holdout:candidate_000089,89
holdout,81,holdout:candidate_000090,90
holdout,82,holdout:candidate_000091,91
holdout,83,holdout:candidate_000092,92
holdout,84,holdout:candidate_000093,93
holdout,85,holdout:candidate_000094,94
holdout,86,holdout:candidate_000095,95
holdout,87,holdout:candidate_000096,96
holdout,88,holdout:candidate_000097,97
holdout,89,holdout:candidate_000099,99
holdout,90,holdout:candidate_000100,100
holdout,91,holdout:candidate_000101,101
holdout,92,holdout:candidate_000102,102
holdout,93,holdout:candidate_000103,103
holdout,94,holdout:candidate_000104,104
holdout,95,holdout:candidate_000105,105
holdout,96,holdout:candidate_000106,106
holdout,97,holdout:candidate_000107,107
holdout,98,holdout:candidate_000108,108
holdout,99,holdout:candidate_000109,109
holdout,100,holdout:candidate_000110,110
holdout,101,holdout:candidate_000111,111
holdout,102,holdout:candidate_000112,112
holdout,103,holdout:candidate_000113,113
holdout,104,holdout:candidate_000115,115
holdout,105,holdout:candidate_000116,116
holdout,106,holdout:candidate_000117,117
holdout,107,holdout:candidate_000118,118
holdout,108,holdout:candidate_000119,119
holdout,109,holdout:candidate_000120,120
holdout,110,holdout:candidate_000121,121
holdout,111,holdout:candidate_000122,122
holdout,112,holdout:candidate_000123,123
holdout,113,holdout:candidate_000124,124
holdout,114,holdout:candidate_000125,125
holdout,115,holdout:candidate_000126,126
holdout,116,holdout:candidate_000127,127
holdout,117,holdout:candidate_000128,128
holdout,118,holdout:candidate_000129,129
holdout,119,holdout:candidate_000130,130
holdout,120,holdout:candidate_000131,131
holdout,121,holdout:candidate_000132,132
holdout,122,holdout:candidate_000133,133
holdout,123,holdout:candidate_000135,135
holdout,124,holdout:candidate_000136,136
holdout,125,holdout:candidate_000137,137
holdout,126,holdout:candidate_000138,138
holdout,127,holdout:candidate_000139,139
holdout,128,holdout:candidate_000140,140
holdout,129,holdout:candidate_000141,141
holdout,130,holdout:candidate_000142,142
holdout,131,holdout:candidate_000143,143
holdout,132,holdout:candidate_000144,144
holdout,133,holdout:candidate_000145,145
holdout,134,holdout:candidate_000147,147
holdout,135,holdout:candidate_000148,148
holdout,136,holdout:candidate_000149,149
holdout,137,holdout:candidate_000150,150
holdout,138,holdout:candidate_000151,151
holdout,139,holdout:candidate_000152,152
holdout,140,holdout:candidate_000154,154
holdout,141,holdout:candidate_000155,155
holdout,142,holdout:candidate_000157,157
holdout,143,holdout:candidate_000158,158
holdout,144,holdout:candidate_000159,159
holdout,145,holdout:candidate_000160,160
holdout,146,holdout:candidate_000161,161
holdout,147,holdout:candidate_000162,162
holdout,148,holdout:candidate_000163,163
holdout,149,holdout:candidate_000164,164
holdout,150,holdout:candidate_000165,165
holdout,151,holdout:candidate_000166,166
holdout,152,holdout:candidate_000168,168
holdout,153,holdout:candidate_000169,169
holdout,154,holdout:candidate_000170,170
holdout,155,holdout:candidate_000171,171
holdout,156,holdout:candidate_000172,172
holdout,157,holdout:candidate_000173,173
holdout,158,holdout:candidate_000175,175
holdout,159,holdout:candidate_000177,177
holdout,160,holdout:candidate_000179,179
holdout,161,holdout:candidate_000181,181
holdout,162,holdout:candidate_000182,182
holdout,163,holdout:candidate_000184,184
holdout,164,holdout:candidate_000185,185
holdout,165,holdout:candidate_000187,187
holdout,166,holdout:candidate_000188,188
holdout,167,holdout:candidate_000189,189
holdout,168,holdout:candidate_000190,190
holdout,169,holdout:candidate_000191,191
holdout,170,holdout:candidate_000192,192
holdout,171,holdout:candidate_000193,193
holdout,172,holdout:candidate_000194,194
holdout,173,holdout:candidate_000195,195
holdout,174,holdout:candidate_000196,196
holdout,175,holdout:candidate_000197,197
holdout,176,holdout:candidate_000198,198
holdout,177,holdout:candidate_000199,199
holdout,178,holdout:candidate_000200,200
holdout,179,holdout:candidate_000201,201
holdout,180,holdout:candidate_000202,202
holdout,181,holdout:candidate_000203,203
holdout,182,holdout:candidate_000204,204
holdout,183,holdout:candidate_000206,206
holdout,184,holdout:candidate_000207,207
holdout,185,holdout:candidate_000208,208
holdout,186,holdout:candidate_000209,209
holdout,187,holdout:candidate_000210,210
holdout,188,holdout:candidate_000211,211
holdout,189,holdout:candidate_000212,212
holdout,190,holdout:candidate_000213,213
holdout,191,holdout:candidate_000215,215
holdout,192,holdout:candidate_000216,216
holdout,193,holdout:candidate_000217,217
holdout,194,holdout:candidate_000218,218
holdout,195,holdout:candidate_000219,219
holdout,196,holdout:candidate_000220,220
holdout,197,holdout:candidate_000221,221
holdout,198,holdout:candidate_000222,222
holdout,199,holdout:candidate_000223,223
holdout,200,holdout:candidate_000224,224
holdout,201,holdout:candidate_000225,225
holdout,202,holdout:candidate_000226,226
holdout,203,holdout:candidate_000228,228
holdout,204,holdout:candidate_000229,229
holdout,205,holdout:candidate_000230,230
holdout,206,holdout:candidate_000231,231
holdout,207,holdout:candidate_000232,232
holdout,208,holdout:candidate_000235,235
holdout,209,holdout:candidate_000236,236
holdout,210,holdout:candidate_000237,237
holdout,211,holdout:candidate_000238,238
holdout,212,holdout:candidate_000239,239
holdout,213,holdout:candidate_000240,240
holdout,214,holdout:candidate_000241,241
holdout,215,holdout:candidate_000242,242
holdout,216,holdout:candidate_000243,243
holdout,217,holdout:candidate_000244,244
holdout,218,holdout:candidate_000245,245
holdout,219,holdout:candidate_000246,246
holdout,220,holdout:candidate_000247,247
holdout,221,holdout:candidate_000248,248
holdout,222,holdout:candidate_000249,249
holdout,223,holdout:candidate_000250,250
holdout,224,holdout:candidate_000251,251
holdout,225,holdout:candidate_000252,252
holdout,226,holdout:candidate_000253,253
holdout,227,holdout:candidate_000254,254
holdout,228,holdout:candidate_000255,255
holdout,229,holdout:candidate_000256,256
holdout,230,holdout:candidate_000257,257
holdout,231,holdout:candidate_000258,258
holdout,232,holdout:candidate_000259,259
holdout,233,holdout:candidate_000260,260
holdout,234,holdout:candidate_000261,261
holdout,235,holdout:candidate_000262,262
holdout,236,holdout:candidate_000263,263
holdout,237,holdout:candidate_000264,264
holdout,238,holdout:candidate_000265,265
holdout,239,holdout:candidate_000266,266
holdout,240,holdout:candidate_000268,268
holdout,241,holdout:candidate_000269,269
holdout,242,holdout:candidate_000270,270
holdout,243,holdout:candidate_000271,271
holdout,244,holdout:candidate_000272,272
holdout,245,holdout:candidate_000274,274
holdout,246,holdout:candidate_000275,275
holdout,247,holdout:candidate_000276,276
holdout,248,holdout:candidate_000277,277
holdout,249,holdout:candidate_000278,278
holdout,250,holdout:candidate_000279,279
holdout,251,holdout:candidate_000280,280
holdout,252,holdout:candidate_000281,281
holdout,253,holdout:candidate_000282,282
holdout,254,holdout:candidate_000283,283
holdout,255,holdout:candidate_000284,284
holdout,256,holdout:candidate_000285,285
holdout,257,holdout:candidate_000287,287
holdout,258,holdout:candidate_000289,289
holdout,259,holdout:candidate_000290,290
holdout,260,holdout:candidate_000291,291
holdout,261,holdout:candidate_000292,292
holdout,262,holdout:candidate_000293,293
holdout,263,holdout:candidate_000294,294
holdout,264,holdout:candidate_000295,295
holdout,265,holdout:candidate_000296,296
holdout,266,holdout:candidate_000297,297
holdout,267,holdout:candidate_000298,298
holdout,268,holdout:candidate_000299,299
holdout,269,holdout:candidate_000300,300
holdout,270,holdout:candidate_000301,301
holdout,271,holdout:candidate_000302,302
holdout,272,holdout:candidate_000303,303
holdout,273,holdout:candidate_000304,304
holdout,274,holdout:candidate_000305,305
holdout,275,holdout:candidate_000306,306
holdout,276,holdout:candidate_000307,307
holdout,277,holdout:candidate_000308,308
holdout,278,holdout:candidate_000309,309
holdout,279,holdout:candidate_000310,310
holdout,280,holdout:candidate_000312,312
holdout,281,holdout:candidate_000313,313
holdout,282,holdout:candidate_000314,314
holdout,283,holdout:candidate_000315,315
holdout,284,holdout:candidate_000316,316
holdout,285,holdout:candidate_000317,317
holdout,286,holdout:candidate_000318,318
holdout,287,holdout:candidate_000319,319
holdout,288,holdout:candidate_000320,320
holdout,289,holdout:candidate_000321,321
holdout,290,holdout:candidate_000322,322
holdout,291,holdout:candidate_000323,323
holdout,292,holdout:candidate_000324,324
holdout,293,holdout:candidate_000325,325
holdout,294,holdout:candidate_000326,326
holdout,295,holdout:candidate_000327,327
holdout,296,holdout:candidate_000328,328
holdout,297,holdout:candidate_000330,330
holdout,298,holdout:candidate_000331,331
holdout,299,holdout:candidate_000332,332
holdout,300,holdout:candidate_000333,333
holdout,301,holdout:candidate_000334,334
holdout,302,holdout:candidate_000335,335
holdout,303,holdout:candidate_000336,336
holdout,304,holdout:candidate_000337,337
holdout,305,holdout:candidate_000338,338
holdout,306,holdout:candidate_000339,339
holdout,307,holdout:candidate_000340,340
holdout,308,holdout:candidate_000341,341
holdout,309,holdout:candidate_000342,342
holdout,310,holdout:candidate_000343,343
holdout,311,holdout:candidate_000344,344
holdout,312,holdout:candidate_000345,345
holdout,313,holdout:candidate_000346,346
holdout,314,holdout:candidate_000347,347
holdout,315,holdout:candidate_000348,348
holdout,316,holdout:candidate_000349,349
holdout,317,holdout:candidate_000351,351
holdout,318,holdout:candidate_000352,352
holdout,319,holdout:candidate_000353,353
holdout,320,holdout:candidate_000354,354
holdout,321,holdout:candidate_000355,355
holdout,322,holdout:candidate_000356,356
holdout,323,holdout:candidate_000357,357
holdout,324,holdout:candidate_000358,358
holdout,325,holdout:candidate_000360,360
holdout,326,holdout:candidate_000361,361
holdout,327,holdout:candidate_000363,363
holdout,328,holdout:candidate_000364,364
holdout,329,holdout:candidate_000365,365
holdout,330,holdout:candidate_000366,366
holdout,331,holdout:candidate_000367,367
holdout,332,holdout:candidate_000368,368
holdout,333,holdout:candidate_000369,369
holdout,334,holdout:candidate_000370,370
holdout,335,holdout:candidate_000371,371
holdout,336,holdout:candidate_000372,372
holdout,337,holdout:candidate_000373,373
holdout,338,holdout:candidate_000374,374
holdout,339,holdout:candidate_000375,375
holdout,340,holdout:candidate_000376,376
holdout,341,holdout:candidate_000377,377
holdout,342,holdout:candidate_000378,378
holdout,343,holdout:candidate_000379,379
holdout,344,holdout:candidate_000380,380
holdout,345,holdout:candidate_000381,381
holdout,346,holdout:candidate_000382,382
holdout,347,holdout:candidate_000383,383
holdout,348,holdout:candidate_000384,384
holdout,349,holdout:candidate_000385,385
holdout,350,holdout:candidate_000387,387
holdout,351,holdout:candidate_000388,388
holdout,352,holdout:candidate_000389,389
holdout,353,holdout:candidate_000390,390
holdout,354,holdout:candidate_000391,391
holdout,355,holdout:candidate_000392,392
holdout,356,holdout:candidate_000393,393
holdout,357,holdout:candidate_000394,394
holdout,358,holdout:candidate_000397,397
holdout,359,holdout:candidate_000398,398
holdout,360,holdout:candidate_000399,399
holdout,361,holdout:candidate_000400,400
holdout,362,holdout:candidate_000401,401
holdout,363,holdout:candidate_000402,402
holdout,364,holdout:candidate_000403,403
holdout,365,holdout:candidate_000404,404
holdout,366,holdout:candidate_000405,405
holdout,367,holdout:candidate_000407,407
holdout,368,holdout:candidate_000408,408
holdout,369,holdout:candidate_000409,409
holdout,370,holdout:candidate_000410,410
holdout,371,holdout:candidate_000411,411
holdout,372,holdout:candidate_000412,412
holdout,373,holdout:candidate_000413,413
holdout,374,holdout:candidate_000414,414
holdout,375,holdout:candidate_000415,415
holdout,376,holdout:candidate_000416,416
holdout,377,holdout:candidate_000417,417
holdout,378,holdout:candidate_000418,418
holdout,379,holdout:candidate_000420,420
holdout,380,holdout:candidate_000421,421
holdout,381,holdout:candidate_000422,422
holdout,382,holdout:candidate_000423,423
holdout,383,holdout:candidate_000424,424
holdout,384,holdout:candidate_000425,425
holdout,385,holdout:candidate_000426,426
holdout,386,holdout:candidate_000427,427
holdout,387,holdout:candidate_000428,428
holdout,388,holdout:candidate_000429,429
holdout,389,holdout:candidate_000430,430
holdout,390,holdout:candidate_000432,432
holdout,391,holdout:candidate_000433,433
holdout,392,holdout:candidate_000434,434
holdout,393,holdout:candidate_000435,435
holdout,394,holdout:candidate_000436,436
holdout,395,holdout:candidate_000437,437
holdout,396,holdout:candidate_000438,438
holdout,397,holdout:candidate_000439,439
holdout,398,holdout:candidate_000440,440
holdout,399,holdout:candidate_000441,441
holdout,400,holdout:candidate_000442,442
holdout,401,holdout:candidate_000443,443
holdout,402,holdout:candidate_000444,444
holdout,403,holdout:candidate_000445,445
holdout,404,holdout:candidate_000446,446
holdout,405,holdout:candidate_000447,447
holdout,406,holdout:candidate_000448,448
holdout,407,holdout:candidate_000451,451
holdout,408,holdout:candidate_000452,452
holdout,409,holdout:candidate_000453,453
holdout,410,holdout:candidate_000454,454
holdout,411,holdout:candidate_000455,455
holdout,412,holdout:candidate_000456,456
holdout,413,holdout:candidate_000457,457
holdout,414,holdout:candidate_000459,459
holdout,415,holdout:candidate_000460,460
holdout,416,holdout:candidate_000461,461
holdout,417,holdout:candidate_000462,462
holdout,418,holdout:candidate_000463,463
holdout,419,holdout:candidate_000464,464
holdout,420,holdout:candidate_000465,465
holdout,421,holdout:candidate_000466,466
holdout,422,holdout:candidate_000467,467
holdout,423,holdout:candidate_000468,468
holdout,424,holdout:candidate_000469,469
holdout,425,holdout:candidate_000470,470
holdout,426,holdout:candidate_000471,471
holdout,427,holdout:candidate_000472,472
holdout,428,holdout:candidate_000473,473
holdout,429,holdout:candidate_000474,474
holdout,430,holdout:candidate_000475,475
holdout,431,holdout:candidate_000476,476
holdout,432,holdout:candidate_000477,477
holdout,433,holdout:candidate_000478,478
holdout,434,holdout:candidate_000479,479
holdout,435,holdout:candidate_000480,480
holdout,436,holdout:candidate_000481,481
holdout,437,holdout:candidate_000482,482
holdout,438,holdout:candidate_000483,483
holdout,439,holdout:candidate_000484,484
holdout,440,holdout:candidate_000485,485
holdout,441,holdout:candidate_000486,486
holdout,442,holdout:candidate_000487,487
holdout,443,holdout:candidate_000488,488
holdout,444,holdout:candidate_000489,489
holdout,445,holdout:candidate_000490,490
holdout,446,holdout:candidate_000491,491
holdout,447,holdout:candidate_000492,492
holdout,448,holdout:candidate_000493,493
holdout,449,holdout:candidate_000495,495
holdout,450,holdout:candidate_000496,496
holdout,451,holdout:candidate_000497,497
holdout,452,holdout:candidate_000498,498
holdout,453,holdout:candidate_000499,499
holdout,454,holdout:candidate_000500,500
holdout,455,holdout:candidate_000501,501
holdout,456,holdout:candidate_000504,504
holdout,457,holdout:candidate_000505,505
holdout,458,holdout:candidate_000506,506
holdout,459,holdout:candidate_000507,507
holdout,460,holdout:candidate_000508,508
holdout,461,holdout:candidate_000509,509
holdout,462,holdout:candidate_000510,510
holdout,463,holdout:candidate_000511,511
holdout,464,holdout:candidate_000512,512
holdout,465,holdout:candidate_000513,513
holdout,466,holdout:candidate_000514,514
holdout,467,holdout:candidate_000515,515
holdout,468,holdout:candidate_000516,516
holdout,469,holdout:candidate_000517,517
holdout,470,holdout:candidate_000518,518
holdout,471,holdout:candidate_000519,519
holdout,472,holdout:candidate_000520,520
holdout,473,holdout:candidate_000521,521
holdout,474,holdout:candidate_000522,522
holdout,475,holdout:candidate_000523,523
holdout,476,holdout:candidate_000524,524
holdout,477,holdout:candidate_000525,525
holdout,478,holdout:candidate_000526,526
holdout,479,holdout:candidate_000527,527
holdout,480,holdout:candidate_000528,528
holdout,481,holdout:candidate_000529,529
holdout,482,holdout:candidate_000531,531
holdout,483,holdout:candidate_000532,532
holdout,484,holdout:candidate_000533,533
holdout,485,holdout:candidate_000534,534
holdout,486,holdout:candidate_000535,535
holdout,487,holdout:candidate_000536,536
holdout,488,holdout:candidate_000537,537
holdout,489,holdout:candidate_000538,538
holdout,490,holdout:candidate_000539,539
holdout,491,holdout:candidate_000540,540
holdout,492,holdout:candidate_000541,541
holdout,493,holdout:candidate_000542,542
holdout,494,holdout:candidate_000543,543
holdout,495,holdout:candidate_000544,544
holdout,496,holdout:candidate_000545,545
holdout,497,holdout:candidate_000547,547
holdout,498,holdout:candidate_000548,548
holdout,499,holdout:candidate_000549,549
holdout,500,holdout:candidate_000550,550
holdout,501,holdout:candidate_000552,552
holdout,502,holdout:candidate_000553,553
holdout,503,holdout:candidate_000554,554
holdout,504,holdout:candidate_000555,555
holdout,505,holdout:candidate_000556,556
holdout,506,holdout:candidate_000557,557
holdout,507,holdout:candidate_000558,558
holdout,508,holdout:candidate_000559,559
holdout,509,holdout:candidate_000560,560
holdout,510,holdout:candidate_000562,562
holdout,511,holdout:candidate_000563,563
holdout,512,holdout:candidate_000564,564
holdout,513,holdout:candidate_000565,565
holdout,514,holdout:candidate_000566,566
holdout,515,holdout:candidate_000567,567
holdout,516,holdout:candidate_000568,568
holdout,517,holdout:candidate_000569,569
holdout,518,holdout:candidate_000571,571
holdout,519,holdout:candidate_000572,572
holdout,520,holdout:candidate_000573,573
holdout,521,holdout:candidate_000574,574
holdout,522,holdout:candidate_000575,575
holdout,523,holdout:candidate_000576,576
holdout,524,holdout:candidate_000577,577
holdout,525,holdout:candidate_000578,578
holdout,526,holdout:candidate_000579,579
holdout,527,holdout:candidate_000580,580
holdout,528,holdout:candidate_000581,581
holdout,529,holdout:candidate_000582,582
holdout,530,holdout:candidate_000584,584
holdout,531,holdout:candidate_000585,585
holdout,532,holdout:candidate_000586,586
holdout,533,holdout:candidate_000587,587
holdout,534,holdout:candidate_000588,588
holdout,535,holdout:candidate_000589,589
holdout,536,holdout:candidate_000590,590
holdout,537,holdout:candidate_000591,591
holdout,538,holdout:candidate_000593,593
holdout,539,holdout:candidate_000594,594
holdout,540,holdout:candidate_000595,595
holdout,541,holdout:candidate_000596,596
holdout,542,holdout:candidate_000597,597
holdout,543,holdout:candidate_000598,598
holdout,544,holdout:candidate_000599,599
holdout,545,holdout:candidate_000600,600
holdout,546,holdout:candidate_000601,601
holdout,547,holdout:candidate_000602,602
holdout,548,holdout:candidate_000603,603
holdout,549,holdout:candidate_000604,604
holdout,550,holdout:candidate_000605,605
holdout,551,holdout:candidate_000606,606
holdout,552,holdout:candidate_000607,607
holdout,553,holdout:candidate_000608,608
holdout,554,holdout:candidate_000609,609
holdout,555,holdout:candidate_000610,610
holdout,556,holdout:candidate_000611,611
holdout,557,holdout:candidate_000612,612
holdout,558,holdout:candidate_000614,614
holdout,559,holdout:candidate_000615,615
holdout,560,holdout:candidate_000616,616
holdout,561,holdout:candidate_000617,617
holdout,562,holdout:candidate_000618,618
holdout,563,holdout:candidate_000619,619
holdout,564,holdout:candidate_000620,620
holdout,565,holdout:candidate_000621,621
holdout,566,holdout:candidate_000622,622
holdout,567,holdout:candidate_000623,623
holdout,568,holdout:candidate_000624,624
holdout,569,holdout:candidate_000625,625
holdout,570,holdout:candidate_000626,626
holdout,571,holdout:candidate_000627,627
holdout,572,holdout:candidate_000628,628
holdout,573,holdout:candidate_000629,629
holdout,574,holdout:candidate_000630,630
holdout,575,holdout:candidate_000631,631
holdout,576,holdout:candidate_000632,632
holdout,577,holdout:candidate_000633,633
holdout,578,holdout:candidate_000635,635
holdout,579,holdout:candidate_000636,636
holdout,580,holdout:candidate_000637,637
holdout,581,holdout:candidate_000638,638
holdout,582,holdout:candidate_000639,639
holdout,583,holdout:candidate_000640,640
holdout,584,holdout:candidate_000641,641
holdout,585,holdout:candidate_000642,642
holdout,586,holdout:candidate_000643,643
holdout,587,holdout:candidate_000644,644
holdout,588,holdout:candidate_000645,645
holdout,589,holdout:candidate_000646,646
holdout,590,holdout:candidate_000648,648
holdout,591,holdout:candidate_000649,649
holdout,592,holdout:candidate_000650,650
holdout,593,holdout:candidate_000651,651
holdout,594,holdout:candidate_000652,652
holdout,595,holdout:candidate_000653,653
holdout,596,holdout:candidate_000654,654
holdout,597,holdout:candidate_000656,656
holdout,598,holdout:candidate_000657,657
holdout,599,holdout:candidate_000658,658
holdout,600,holdout:candidate_000659,659
holdout,601,holdout:candidate_000660,660
holdout,602,holdout:candidate_000661,661
holdout,603,holdout:candidate_000662,662
holdout,604,holdout:candidate_000663,663
holdout,605,holdout:candidate_000664,664
holdout,606,holdout:candidate_000665,665
holdout,607,holdout:candidate_000666,666
holdout,608,holdout:candidate_000667,667
holdout,609,holdout:candidate_000668,668
holdout,610,holdout:candidate_000669,669
holdout,611,holdout:candidate_000670,670
holdout,612,holdout:candidate_000671,671
holdout,613,holdout:candidate_000672,672
holdout,614,holdout:candidate_000673,673
holdout,615,holdout:candidate_000674,674
holdout,616,holdout:candidate_000675,675
holdout,617,holdout:candidate_000677,677
holdout,618,holdout:candidate_000678,678
holdout,619,holdout:candidate_000679,679
holdout,620,holdout:candidate_000680,680
holdout,621,holdout:candidate_000681,681
holdout,622,holdout:candidate_000683,683
holdout,623,holdout:candidate_000684,684
holdout,624,holdout:candidate_000685,685
holdout,625,holdout:candidate_000686,686
holdout,626,holdout:candidate_000687,687
holdout,627,holdout:candidate_000688,688
holdout,628,holdout:candidate_000689,689
holdout,629,holdout:candidate_000690,690
holdout,630,holdout:candidate_000691,691
holdout,631,holdout:candidate_000693,693
holdout,632,holdout:candidate_000694,694
holdout,633,holdout:candidate_000695,695
holdout,634,holdout:candidate_000696,696
holdout,635,holdout:candidate_000697,697
holdout,636,holdout:candidate_000698,698
holdout,637,holdout:candidate_000699,699
holdout,638,holdout:candidate_000700,700
holdout,639,holdout:candidate_000701,701
holdout,640,holdout:candidate_000702,702
holdout,641,holdout:candidate_000703,703
holdout,642,holdout:candidate_000704,704
holdout,643,holdout:candidate_000705,705
holdout,644,holdout:candidate_000706,706
holdout,645,holdout:candidate_000707,707
holdout,646,holdout:candidate_000708,708
holdout,647,holdout:candidate_000709,709
holdout,648,holdout:candidate_000710,710
holdout,649,holdout:candidate_000711,711
holdout,650,holdout:candidate_000712,712
holdout,651,holdout:candidate_000713,713
holdout,652,holdout:candidate_000714,714
holdout,653,holdout:candidate_000715,715
holdout,654,holdout:candidate_000716,716
holdout,655,holdout:candidate_000718,718
holdout,656,holdout:candidate_000719,719
holdout,657,holdout:candidate_000720,720
holdout,658,holdout:candidate_000721,721
holdout,659,holdout:candidate_000723,723
holdout,660,holdout:candidate_000724,724
holdout,661,holdout:candidate_000725,725
holdout,662,holdout:candidate_000726,726
holdout,663,holdout:candidate_000727,727
holdout,664,holdout:candidate_000728,728
holdout,665,holdout:candidate_000729,729
holdout,666,holdout:candidate_000730,730
holdout,667,holdout:candidate_000731,731
holdout,668,holdout:candidate_000732,732
holdout,669,holdout:candidate_000733,733
holdout,670,holdout:candidate_000734,734
holdout,671,holdout:candidate_000735,735
holdout,672,holdout:candidate_000736,736
holdout,673,holdout:candidate_000737,737
holdout,674,holdout:candidate_000738,738
holdout,675,holdout:candidate_000739,739
holdout,676,holdout:candidate_000740,740
holdout,677,holdout:candidate_000741,741
holdout,678,holdout:candidate_000742,742
holdout,679,holdout:candidate_000743,743
holdout,680,holdout:candidate_000744,744
holdout,681,holdout:candidate_000745,745
holdout,682,holdout:candidate_000746,746
holdout,683,holdout:candidate_000747,747
holdout,684,holdout:candidate_000748,748
holdout,685,holdout:candidate_000749,749
holdout,686,holdout:candidate_000750,750
holdout,687,holdout:candidate_000751,751
holdout,688,holdout:candidate_000752,752
holdout,689,holdout:candidate_000753,753
holdout,690,holdout:candidate_000754,754
holdout,691,holdout:candidate_000755,755
holdout,692,holdout:candidate_000756,756
holdout,693,holdout:candidate_000757,757
holdout,694,holdout:candidate_000758,758
holdout,695,holdout:candidate_000759,759
holdout,696,holdout:candidate_000760,760
holdout,697,holdout:candidate_000761,761
holdout,698,holdout:candidate_000762,762
holdout,699,holdout:candidate_000763,763
holdout,700,holdout:candidate_000764,764
holdout,701,holdout:candidate_000765,765
holdout,702,holdout:candidate_000766,766
holdout,703,holdout:candidate_000767,767
holdout,704,holdout:candidate_000768,768
holdout,705,holdout:candidate_000769,769
holdout,706,holdout:candidate_000770,770
holdout,707,holdout:candidate_000772,772
holdout,708,holdout:candidate_000773,773
holdout,709,holdout:candidate_000774,774
holdout,710,holdout:candidate_000775,775
holdout,711,holdout:candidate_000776,776
holdout,712,holdout:candidate_000777,777
holdout,713,holdout:candidate_000778,778
holdout,714,holdout:candidate_000779,779
holdout,715,holdout:candidate_000780,780
holdout,716,holdout:candidate_000781,781
holdout,717,holdout:candidate_000782,782
holdout,718,holdout:candidate_000783,783
holdout,719,holdout:candidate_000784,784
holdout,720,holdout:candidate_000785,785
holdout,721,holdout:candidate_000786,786
holdout,722,holdout:candidate_000787,787
holdout,723,holdout:candidate_000788,788
holdout,724,holdout:candidate_000789,789
holdout,725,holdout:candidate_000791,791
holdout,726,holdout:candidate_000792,792
holdout,727,holdout:candidate_000793,793
holdout,728,holdout:candidate_000794,794
holdout,729,holdout:candidate_000795,795
holdout,730,holdout:candidate_000796,796
holdout,731,holdout:candidate_000797,797
holdout,732,holdout:candidate_000798,798
holdout,733,holdout:candidate_000799,799
holdout,734,holdout:candidate_000800,800
holdout,735,holdout:candidate_000801,801
holdout,736,holdout:candidate_000802,802
holdout,737,holdout:candidate_000803,803
holdout,738,holdout:candidate_000804,804
holdout,739,holdout:candidate_000805,805
holdout,740,holdout:candidate_000806,806
holdout,741,holdout:candidate_000807,807
holdout,742,holdout:candidate_000808,808
holdout,743,holdout:candidate_000809,809
holdout,744,holdout:candidate_000810,810
holdout,745,holdout:candidate_000811,811
holdout,746,holdout:candidate_000812,812
holdout,747,holdout:candidate_000813,813
holdout,748,holdout:candidate_000814,814
holdout,749,holdout:candidate_000815,815
holdout,750,holdout:candidate_000816,816
holdout,751,holdout:candidate_000817,817
holdout,752,holdout:candidate_000818,818
holdout,753,holdout:candidate_000819,819
holdout,754,holdout:candidate_000820,820
holdout,755,holdout:candidate_000821,821
holdout,756,holdout:candidate_000822,822
holdout,757,holdout:candidate_000823,823
holdout,758,holdout:candidate_000824,824
holdout,759,holdout:candidate_000825,825
holdout,760,holdout:candidate_000826,826
holdout,761,holdout:candidate_000827,827
holdout,762,holdout:candidate_000828,828
holdout,763,holdout:candidate_000829,829
holdout,764,holdout:candidate_000830,830
holdout,765,holdout:candidate_000831,831
holdout,766,holdout:candidate_000832,832
holdout,767,holdout:candidate_000833,833
holdout,768,holdout:candidate_000834,834
holdout,769,holdout:candidate_000835,835
holdout,770,holdout:candidate_000836,836
holdout,771,holdout:candidate_000837,837
holdout,772,holdout:candidate_000838,838
holdout,773,holdout:candidate_000839,839
holdout,774,holdout:candidate_000840,840
holdout,775,holdout:candidate_000841,841
holdout,776,holdout:candidate_000842,842
holdout,777,holdout:candidate_000843,843
holdout,778,holdout:candidate_000844,844
holdout,779,holdout:candidate_000845,845
holdout,780,holdout:candidate_000846,846
holdout,781,holdout:candidate_000847,847
holdout,782,holdout:candidate_000849,849
holdout,783,holdout:candidate_000850,850
holdout,784,holdout:candidate_000851,851
holdout,785,holdout:candidate_000852,852
holdout,786,holdout:candidate_000853,853
holdout,787,holdout:candidate_000854,854
holdout,788,holdout:candidate_000855,855
holdout,789,holdout:candidate_000856,856
holdout,790,holdout:candidate_000858,858
holdout,791,holdout:candidate_000859,859
holdout,792,holdout:candidate_000860,860
holdout,793,holdout:candidate_000861,861
holdout,794,holdout:candidate_000862,862
holdout,795,holdout:candidate_000863,863
holdout,796,holdout:candidate_000864,864
holdout,797,holdout:candidate_000865,865
holdout,798,holdout:candidate_000867,867
holdout,799,holdout:candidate_000868,868
holdout,800,holdout:candidate_000869,869
holdout,801,holdout:candidate_000870,870
holdout,802,holdout:candidate_000871,871
holdout,803,holdout:candidate_000872,872
holdout,804,holdout:candidate_000874,874
holdout,805,holdout:candidate_000875,875
holdout,806,holdout:candidate_000876,876
holdout,807,holdout:candidate_000877,877
holdout,808,holdout:candidate_000878,878
holdout,809,holdout:candidate_000879,879
holdout,810,holdout:candidate_000880,880
holdout,811,holdout:candidate_000881,881
holdout,812,holdout:candidate_000882,882
holdout,813,holdout:candidate_000883,883
holdout,814,holdout:candidate_000884,884
holdout,815,holdout:candidate_000885,885
holdout,816,holdout:candidate_000886,886
holdout,817,holdout:candidate_000887,887
holdout,818,holdout:candidate_000888,888
holdout,819,holdout:candidate_000889,889
holdout,820,holdout:candidate_000890,890
holdout,821,holdout:candidate_000891,891
holdout,822,holdout:candidate_000892,892
holdout,823,holdout:candidate_000893,893
holdout,824,holdout:candidate_000894,894
holdout,825,holdout:candidate_000895,895
holdout,826,holdout:candidate_000896,896
holdout,827,holdout:candidate_000897,897
holdout,828,holdout:candidate_000898,898
holdout,829,holdout:candidate_000899,899
holdout,830,holdout:candidate_000900,900
holdout,831,holdout:candidate_000901,901
holdout,832,holdout:candidate_000903,903
holdout,833,holdout:candidate_000904,904
holdout,834,holdout:candidate_000905,905
holdout,835,holdout:candidate_000906,906
holdout,836,holdout:candidate_000907,907
holdout,837,holdout:candidate_000908,908
holdout,838,holdout:candidate_000909,909
holdout,839,holdout:candidate_000910,910
holdout,840,holdout:candidate_000911,911
holdout,841,holdout:candidate_000912,912
holdout,842,holdout:candidate_000913,913
holdout,843,holdout:candidate_000914,914
holdout,844,holdout:candidate_000915,915
holdout,845,holdout:candidate_000916,916
holdout,846,holdout:candidate_000917,917
holdout,847,holdout:candidate_000918,918
holdout,848,holdout:candidate_000919,919
holdout,849,holdout:candidate_000920,920
holdout,850,holdout:candidate_000921,921
holdout,851,holdout:candidate_000922,922
holdout,852,holdout:candidate_000923,923
holdout,853,holdout:candidate_000924,924
holdout,854,holdout:candidate_000925,925
holdout,855,holdout:candidate_000926,926
holdout,856,holdout:candidate_000927,927
holdout,857,holdout:candidate_000928,928
holdout,858,holdout:candidate_000929,929
holdout,859,holdout:candidate_000930,930
holdout,860,holdout:candidate_000931,931
holdout,861,holdout:candidate_000932,932
holdout,862,holdout:candidate_000933,933
holdout,863,holdout:candidate_000934,934
holdout,864,holdout:candidate_000935,935
holdout,865,holdout:candidate_000936,936
holdout,866,holdout:candidate_000937,937
holdout,867,holdout:candidate_000938,938
holdout,868,holdout:candidate_000939,939
holdout,869,holdout:candidate_000940,940
holdout,870,holdout:candidate_000941,941
holdout,871,holdout:candidate_000942,942
holdout,872,holdout:candidate_000943,943
holdout,873,holdout:candidate_000944,944
holdout,874,holdout:candidate_000945,945
holdout,875,holdout:candidate_000946,946
holdout,876,holdout:candidate_000947,947
holdout,877,holdout:candidate_000948,948
holdout,878,holdout:candidate_000949,949
holdout,879,holdout:candidate_000950,950
holdout,880,holdout:candidate_000951,951
holdout,881,holdout:candidate_000952,952
holdout,882,holdout:candidate_000953,953
holdout,883,holdout:candidate_000954,954
holdout,884,holdout:candidate_000956,956
holdout,885,holdout:candidate_000958,958
holdout,886,holdout:candidate_000959,959
holdout,887,holdout:candidate_000960,960
holdout,888,holdout:candidate_000961,961
holdout,889,holdout:candidate_000962,962
holdout,890,holdout:candidate_000963,963
holdout,891,holdout:candidate_000964,964
holdout,892,holdout:candidate_000965,965
holdout,893,holdout:candidate_000966,966
holdout,894,holdout:candidate_000967,967
holdout,895,holdout:candidate_000968,968
holdout,896,holdout:candidate_000969,969
holdout,897,holdout:candidate_000970,970
holdout,898,holdout:candidate_000971,971
holdout,899,holdout:candidate_000972,972
holdout,900,holdout:candidate_000973,973
holdout,901,holdout:candidate_000974,974
holdout,902,holdout:candidate_000975,975
holdout,903,holdout:candidate_000976,976
holdout,904,holdout:candidate_000977,977
holdout,905,holdout:candidate_000978,978
holdout,906,holdout:candidate_000979,979
holdout,907,holdout:candidate_000981,981
holdout,908,holdout:candidate_000982,982
holdout,909,holdout:candidate_000983,983
holdout,910,holdout:candidate_000984,984
holdout,911,holdout:candidate_000985,985
holdout,912,holdout:candidate_000986,986
holdout,913,holdout:candidate_000987,987
holdout,914,holdout:candidate_000988,988
holdout,915,holdout:candidate_000989,989
holdout,916,holdout:candidate_000990,990
holdout,917,holdout:candidate_000991,991
holdout,918,holdout:candidate_000992,992
holdout,919,holdout:candidate_000993,993
holdout,920,holdout:candidate_000994,994
holdout,921,holdout:candidate_000996,996
holdout,922,holdout:candidate_000997,997
holdout,923,holdout:candidate_000998,998
holdout,924,holdout:candidate_000999,999
holdout,925,holdout:candidate_001000,1000
holdout,926,holdout:candidate_001002,1002
holdout,927,holdout:candidate_001003,1003
holdout,928,holdout:candidate_001004,1004
holdout,929,holdout:candidate_001006,1006
holdout,930,holdout:candidate_001007,1007
holdout,931,holdout:candidate_001008,1008
holdout,932,holdout:candidate_001009,1009
holdout,933,holdout:candidate_001010,1010
holdout,934,holdout:candidate_001011,1011
holdout,935,holdout:candidate_001012,1012
holdout,936,holdout:candidate_001013,1013
holdout,937,holdout:candidate_001014,1014
holdout,938,holdout:candidate_001015,1015
holdout,939,holdout:candidate_001017,1017
holdout,940,holdout:candidate_001018,1018
holdout,941,holdout:candidate_001019,1019
holdout,942,holdout:candidate_001020,1020
holdout,943,holdout:candidate_001021,1021
holdout,944,holdout:candidate_001022,1022
holdout,945,holdout:candidate_001023,1023
holdout,946,holdout:candidate_001024,1024
holdout,947,holdout:candidate_001025,1025
holdout,948,holdout:candidate_001026,1026
holdout,949,holdout:candidate_001027,1027
holdout,950,holdout:candidate_001028,1028
holdout,951,holdout:candidate_001029,1029
holdout,952,holdout:candidate_001031,1031
holdout,953,holdout:candidate_001032,1032
holdout,954,holdout:candidate_001033,1033
holdout,955,holdout:candidate_001034,1034
holdout,956,holdout:candidate_001035,1035
holdout,957,holdout:candidate_001036,1036
holdout,958,holdout:candidate_001037,1037
holdout,959,holdout:candidate_001038,1038
holdout,960,holdout:candidate_001039,1039
holdout,961,holdout:candidate_001040,1040
holdout,962,holdout:candidate_001041,1041
holdout,963,holdout:candidate_001042,1042
holdout,964,holdout:candidate_001043,1043
holdout,965,holdout:candidate_001044,1044
holdout,966,holdout:candidate_001046,1046
holdout,967,holdout:candidate_001047,1047
holdout,968,holdout:candidate_001048,1048
holdout,969,holdout:candidate_001050,1050
holdout,970,holdout:candidate_001051,1051
holdout,971,holdout:candidate_001053,1053
holdout,972,holdout:candidate_001054,1054
holdout,973,holdout:candidate_001055,1055
holdout,974,holdout:candidate_001056,1056
holdout,975,holdout:candidate_001057,1057
holdout,976,holdout:candidate_001058,1058
holdout,977,holdout:candidate_001059,1059
holdout,978,holdout:candidate_001061,1061
holdout,979,holdout:candidate_001062,1062
holdout,980,holdout:candidate_001063,1063
holdout,981,holdout:candidate_001064,1064
holdout,982,holdout:candidate_001065,1065
holdout,983,holdout:candidate_001066,1066
holdout,984,holdout:candidate_001067,1067
holdout,985,holdout:candidate_001068,1068
holdout,986,holdout:candidate_001070,1070
holdout,987,holdout:candidate_001071,1071
holdout,988,holdout:candidate_001072,1072
holdout,989,holdout:candidate_001073,1073
holdout,990,holdout:candidate_001074,1074
holdout,991,holdout:candidate_001075,1075
holdout,992,holdout:candidate_001076,1076
holdout,993,holdout:candidate_001077,1077
holdout,994,holdout:candidate_001078,1078
holdout,995,holdout:candidate_001079,1079
holdout,996,holdout:candidate_001080,1080
holdout,997,holdout:candidate_001081,1081
holdout,998,holdout:candidate_001082,1082
holdout,999,holdout:candidate_001083,1083
holdout,1000,holdout:candidate_001084,1084
holdout,1001,holdout:candidate_001085,1085
holdout,1002,holdout:candidate_001086,1086
holdout,1003,holdout:candidate_001087,1087
holdout,1004,holdout:candidate_001088,1088
holdout,1005,holdout:candidate_001089,1089
holdout,1006,holdout:candidate_001090,1090
holdout,1007,holdout:candidate_001091,1091
holdout,1008,holdout:candidate_001092,1092
holdout,1009,holdout:candidate_001093,1093
holdout,1010,holdout:candidate_001094,1094
holdout,1011,holdout:candidate_001095,1095
holdout,1012,holdout:candidate_001096,1096
holdout,1013,holdout:candidate_001097,1097
holdout,1014,holdout:candidate_001098,1098
holdout,1015,holdout:candidate_001099,1099
holdout,1016,holdout:candidate_001100,1100
holdout,1017,holdout:candidate_001101,1101
holdout,1018,holdout:candidate_001102,1102
holdout,1019,holdout:candidate_001103,1103
holdout,1020,holdout:candidate_001104,1104
holdout,1021,holdout:candidate_001105,1105
holdout,1022,holdout:candidate_001106,1106
holdout,1023,holdout:candidate_001107,1107
holdout,1024,holdout:candidate_001108,1108
holdout,1025,holdout:candidate_001110,1110
holdout,1026,holdout:candidate_001111,1111
holdout,1027,holdout:candidate_001112,1112
holdout,1028,holdout:candidate_001113,1113
holdout,1029,holdout:candidate_001114,1114
holdout,1030,holdout:candidate_001115,1115
holdout,1031,holdout:candidate_001116,1116
holdout,1032,holdout:candidate_001117,1117
holdout,1033,holdout:candidate_001118,1118
holdout,1034,holdout:candidate_001119,1119
holdout,1035,holdout:candidate_001120,1120
holdout,1036,holdout:candidate_001121,1121
holdout,1037,holdout:candidate_001122,1122
holdout,1038,holdout:candidate_001124,1124
holdout,1039,holdout:candidate_001125,1125
holdout,1040,holdout:candidate_001126,1126
holdout,1041,holdout:candidate_001128,1128
holdout,1042,holdout:candidate_001129,1129
holdout,1043,holdout:candidate_001130,1130
holdout,1044,holdout:candidate_001131,1131
holdout,1045,holdout:candidate_001132,1132
holdout,1046,holdout:candidate_001134,1134
holdout,1047,holdout:candidate_001135,1135
holdout,1048,holdout:candidate_001136,1136
holdout,1049,holdout:candidate_001137,1137
holdout,1050,holdout:candidate_001138,1138
holdout,1051,holdout:candidate_001139,1139
holdout,1052,holdout:candidate_001140,1140
holdout,1053,holdout:candidate_001141,1141
holdout,1054,holdout:candidate_001142,1142
holdout,1055,holdout:candidate_001143,1143
holdout,1056,holdout:candidate_001144,1144
holdout,1057,holdout:candidate_001145,1145
holdout,1058,holdout:candidate_001146,1146
holdout,1059,holdout:candidate_001147,1147
holdout,1060,holdout:candidate_001148,1148
holdout,1061,holdout:candidate_001149,1149
holdout,1062,holdout:candidate_001150,1150
holdout,1063,holdout:candidate_001151,1151
holdout,1064,holdout:candidate_001152,1152
holdout,1065,holdout:candidate_001153,1153
holdout,1066,holdout:candidate_001154,1154
holdout,1067,holdout:candidate_001155,1155
holdout,1068,holdout:candidate_001156,1156
holdout,1069,holdout:candidate_001157,1157
holdout,1070,holdout:candidate_001158,1158
holdout,1071,holdout:candidate_001160,1160
holdout,1072,holdout:candidate_001162,1162
holdout,1073,holdout:candidate_001163,1163
holdout,1074,holdout:candidate_001165,1165
holdout,1075,holdout:candidate_001166,1166
holdout,1076,holdout:candidate_001167,1167
holdout,1077,holdout:candidate_001168,1168
holdout,1078,holdout:candidate_001169,1169
holdout,1079,holdout:candidate_001170,1170
holdout,1080,holdout:candidate_001171,1171
holdout,1081,holdout:candidate_001172,1172
holdout,1082,holdout:candidate_001173,1173
holdout,1083,holdout:candidate_001174,1174
holdout,1084,holdout:candidate_001175,1175
holdout,1085,holdout:candidate_001177,1177
holdout,1086,holdout:candidate_001180,1180
holdout,1087,holdout:candidate_001181,1181
holdout,1088,holdout:candidate_001182,1182
holdout,1089,holdout:candidate_001183,1183
holdout,1090,holdout:candidate_001185,1185
holdout,1091,holdout:candidate_001186,1186
holdout,1092,holdout:candidate_001187,1187
holdout,1093,holdout:candidate_001188,1188
holdout,1094,holdout:candidate_001189,1189
holdout,1095,holdout:candidate_001190,1190
holdout,1096,holdout:candidate_001191,1191
holdout,1097,holdout:candidate_001192,1192
holdout,1098,holdout:candidate_001193,1193
holdout,1099,holdout:candidate_001194,1194
holdout,1100,holdout:candidate_001195,1195
holdout,1101,holdout:candidate_001196,1196
holdout,1102,holdout:candidate_001197,1197
holdout,1103,holdout:candidate_001199,1199
holdout,1104,holdout:candidate_001200,1200
holdout,1105,holdout:candidate_001201,1201
holdout,1106,holdout:candidate_001202,1202
holdout,1107,holdout:candidate_001203,1203
holdout,1108,holdout:candidate_001204,1204
holdout,1109,holdout:candidate_001205,1205
holdout,1110,holdout:candidate_001206,1206
holdout,1111,holdout:candidate_001207,1207
holdout,1112,holdout:candidate_001208,1208
holdout,1113,holdout:candidate_001209,1209
holdout,1114,holdout:candidate_001210,1210
holdout,1115,holdout:candidate_001212,1212
holdout,1116,holdout:candidate_001213,1213
holdout,1117,holdout:candidate_001214,1214
holdout,1118,holdout:candidate_001215,1215
holdout,1119,holdout:candidate_001216,1216
holdout,1120,holdout:candidate_001218,1218
holdout,1121,holdout:candidate_001219,1219
holdout,1122,holdout:candidate_001220,1220
holdout,1123,holdout:candidate_001221,1221
holdout,1124,holdout:candidate_001222,1222
holdout,1125,holdout:candidate_001223,1223
holdout,1126,holdout:candidate_001225,1225
holdout,1127,holdout:candidate_001226,1226
holdout,1128,holdout:candidate_001227,1227
holdout,1129,holdout:candidate_001228,1228
holdout,1130,holdout:candidate_001229,1229
holdout,1131,holdout:candidate_001230,1230
holdout,1132,holdout:candidate_001231,1231
holdout,1133,holdout:candidate_001232,1232
holdout,1134,holdout:candidate_001233,1233
holdout,1135,holdout:candidate_001234,1234
holdout,1136,holdout:candidate_001235,1235
holdout,1137,holdout:candidate_001236,1236
holdout,1138,holdout:candidate_001237,1237
holdout,1139,holdout:candidate_001240,1240
holdout,1140,holdout:candidate_001241,1241
holdout,1141,holdout:candidate_001242,1242
holdout,1142,holdout:candidate_001243,1243
holdout,1143,holdout:candidate_001244,1244
holdout,1144,holdout:candidate_001245,1245
holdout,1145,holdout:candidate_001246,1246
holdout,1146,holdout:candidate_001247,1247
holdout,1147,holdout:candidate_001249,1249
holdout,1148,holdout:candidate_001250,1250
holdout,1149,holdout:candidate_001251,1251
holdout,1150,holdout:candidate_001252,1252
holdout,1151,holdout:candidate_001253,1253
holdout,1152,holdout:candidate_001254,1254
holdout,1153,holdout:candidate_001255,1255
holdout,1154,holdout:candidate_001256,1256
holdout,1155,holdout:candidate_001257,1257
holdout,1156,holdout:candidate_001258,1258
holdout,1157,holdout:candidate_001259,1259
holdout,1158,holdout:candidate_001260,1260
holdout,1159,holdout:candidate_001261,1261
holdout,1160,holdout:candidate_001262,1262
holdout,1161,holdout:candidate_001263,1263
holdout,1162,holdout:candidate_001265,1265
holdout,1163,holdout:candidate_001266,1266
holdout,1164,holdout:candidate_001267,1267
holdout,1165,holdout:candidate_001268,1268
holdout,1166,holdout:candidate_001269,1269
holdout,1167,holdout:candidate_001270,1270
holdout,1168,holdout:candidate_001271,1271
holdout,1169,holdout:candidate_001272,1272
holdout,1170,holdout:candidate_001273,1273
holdout,1171,holdout:candidate_001274,1274
holdout,1172,holdout:candidate_001275,1275
holdout,1173,holdout:candidate_001276,1276
holdout,1174,holdout:candidate_001277,1277
holdout,1175,holdout:candidate_001278,1278
holdout,1176,holdout:candidate_001279,1279
holdout,1177,holdout:candidate_001280,1280
holdout,1178,holdout:candidate_001281,1281
holdout,1179,holdout:candidate_001282,1282
holdout,1180,holdout:candidate_001283,1283
holdout,1181,holdout:candidate_001284,1284
holdout,1182,holdout:candidate_001285,1285
holdout,1183,holdout:candidate_001286,1286
holdout,1184,holdout:candidate_001287,1287
holdout,1185,holdout:candidate_001288,1288
holdout,1186,holdout:candidate_001289,1289
holdout,1187,holdout:candidate_001290,1290
holdout,1188,holdout:candidate_001291,1291
holdout,1189,holdout:candidate_001293,1293
holdout,1190,holdout:candidate_001294,1294
holdout,1191,holdout:candidate_001295,1295
holdout,1192,holdout:candidate_001296,1296
holdout,1193,holdout:candidate_001297,1297
holdout,1194,holdout:candidate_001298,1298
holdout,1195,holdout:candidate_001299,1299
holdout,1196,holdout:candidate_001300,1300
holdout,1197,holdout:candidate_001301,1301
holdout,1198,holdout:candidate_001302,1302
holdout,1199,holdout:candidate_001303,1303
holdout,1200,holdout:candidate_001304,1304
holdout,1201,holdout:candidate_001305,1305
holdout,1202,holdout:candidate_001306,1306
holdout,1203,holdout:candidate_001307,1307
holdout,1204,holdout:candidate_001308,1308
holdout,1205,holdout:candidate_001309,1309
holdout,1206,holdout:candidate_001310,1310
holdout,1207,holdout:candidate_001311,1311
holdout,1208,holdout:candidate_001312,1312
holdout,1209,holdout:candidate_001313,1313
holdout,1210,holdout:candidate_001314,1314
holdout,1211,holdout:candidate_001315,1315
holdout,1212,holdout:candidate_001316,1316
holdout,1213,holdout:candidate_001317,1317
holdout,1214,holdout:candidate_001318,1318
holdout,1215,holdout:candidate_001319,1319
holdout,1216,holdout:candidate_001320,1320
holdout,1217,holdout:candidate_001321,1321
holdout,1218,holdout:candidate_001322,1322
holdout,1219,holdout:candidate_001323,1323
holdout,1220,holdout:candidate_001324,1324
holdout,1221,holdout:candidate_001325,1325
holdout,1222,holdout:candidate_001326,1326
holdout,1223,holdout:candidate_001327,1327
holdout,1224,holdout:candidate_001328,1328
holdout,1225,holdout:candidate_001329,1329
holdout,1226,holdout:candidate_001330,1330
holdout,1227,holdout:candidate_001332,1332
holdout,1228,holdout:candidate_001333,1333
holdout,1229,holdout:candidate_001334,1334
holdout,1230,holdout:candidate_001335,1335
holdout,1231,holdout:candidate_001336,1336
holdout,1232,holdout:candidate_001337,1337
holdout,1233,holdout:candidate_001338,1338
holdout,1234,holdout:candidate_001339,1339
holdout,1235,holdout:candidate_001340,1340
holdout,1236,holdout:candidate_001341,1341
holdout,1237,holdout:candidate_001342,1342
holdout,1238,holdout:candidate_001343,1343
holdout,1239,holdout:candidate_001344,1344
holdout,1240,holdout:candidate_001345,1345
holdout,1241,holdout:candidate_001346,1346
holdout,1242,holdout:candidate_001347,1347
holdout,1243,holdout:candidate_001348,1348
holdout,1244,holdout:candidate_001350,1350
holdout,1245,holdout:candidate_001351,1351
holdout,1246,holdout:candidate_001352,1352
holdout,1247,holdout:candidate_001353,1353
holdout,1248,holdout:candidate_001354,1354
holdout,1249,holdout:candidate_001355,1355
holdout,1250,holdout:candidate_001356,1356
holdout,1251,holdout:candidate_001357,1357
holdout,1252,holdout:candidate_001358,1358
holdout,1253,holdout:candidate_001359,1359
holdout,1254,holdout:candidate_001360,1360
holdout,1255,holdout:candidate_001361,1361
holdout,1256,holdout:candidate_001363,1363
holdout,1257,holdout:candidate_001364,1364
holdout,1258,holdout:candidate_001365,1365
holdout,1259,holdout:candidate_001366,1366
holdout,1260,holdout:candidate_001367,1367
holdout,1261,holdout:candidate_001368,1368
holdout,1262,holdout:candidate_001369,1369
holdout,1263,holdout:candidate_001370,1370
holdout,1264,holdout:candidate_001371,1371
holdout,1265,holdout:candidate_001373,1373
holdout,1266,holdout:candidate_001374,1374
holdout,1267,holdout:candidate_001375,1375
holdout,1268,holdout:candidate_001377,1377
holdout,1269,holdout:candidate_001378,1378
holdout,1270,holdout:candidate_001379,1379
holdout,1271,holdout:candidate_001380,1380
holdout,1272,holdout:candidate_001381,1381
holdout,1273,holdout:candidate_001383,1383
holdout,1274,holdout:candidate_001384,1384
holdout,1275,holdout:candidate_001385,1385
holdout,1276,holdout:candidate_001386,1386
holdout,1277,holdout:candidate_001387,1387
holdout,1278,holdout:candidate_001388,1388
holdout,1279,holdout:candidate_001389,1389
holdout,1280,holdout:candidate_001390,1390
holdout,1281,holdout:candidate_001392,1392
holdout,1282,holdout:candidate_001393,1393
holdout,1283,holdout:candidate_001394,1394
holdout,1284,holdout:candidate_001395,1395
holdout,1285,holdout:candidate_001396,1396
holdout,1286,holdout:candidate_001397,1397
holdout,1287,holdout:candidate_001398,1398
holdout,1288,holdout:candidate_001399,1399
holdout,1289,holdout:candidate_001400,1400
holdout,1290,holdout:candidate_001401,1401
holdout,1291,holdout:candidate_001402,1402
holdout,1292,holdout:candidate_001403,1403
holdout,1293,holdout:candidate_001404,1404
holdout,1294,holdout:candidate_001405,1405
holdout,1295,holdout:candidate_001406,1406
holdout,1296,holdout:candidate_001407,1407
holdout,1297,holdout:candidate_001408,1408
holdout,1298,holdout:candidate_001409,1409
holdout,1299,holdout:candidate_001410,1410
holdout,1300,holdout:candidate_001411,1411
holdout,1301,holdout:candidate_001412,1412
holdout,1302,holdout:candidate_001413,1413
holdout,1303,holdout:candidate_001414,1414
holdout,1304,holdout:candidate_001415,1415
holdout,1305,holdout:candidate_001416,1416
holdout,1306,holdout:candidate_001417,1417
holdout,1307,holdout:candidate_001418,1418
holdout,1308,holdout:candidate_001419,1419
holdout,1309,holdout:candidate_001420,1420
holdout,1310,holdout:candidate_001421,1421
holdout,1311,holdout:candidate_001422,1422
holdout,1312,holdout:candidate_001424,1424
holdout,1313,holdout:candidate_001425,1425
holdout,1314,holdout:candidate_001426,1426
holdout,1315,holdout:candidate_001427,1427
holdout,1316,holdout:candidate_001428,1428
holdout,1317,holdout:candidate_001429,1429
holdout,1318,holdout:candidate_001430,1430
holdout,1319,holdout:candidate_001431,1431
holdout,1320,holdout:candidate_001432,1432
holdout,1321,holdout:candidate_001433,1433
holdout,1322,holdout:candidate_001434,1434
holdout,1323,holdout:candidate_001435,1435
holdout,1324,holdout:candidate_001436,1436
holdout,1325,holdout:candidate_001437,1437
holdout,1326,holdout:candidate_001438,1438
holdout,1327,holdout:candidate_001440,1440
holdout,1328,holdout:candidate_001441,1441
holdout,1329,holdout:candidate_001442,1442
holdout,1330,holdout:candidate_001443,1443
holdout,1331,holdout:candidate_001444,1444
holdout,1332,holdout:candidate_001445,1445
holdout,1333,holdout:candidate_001447,1447
holdout,1334,holdout:candidate_001450,1450
holdout,1335,holdout:candidate_001451,1451
holdout,1336,holdout:candidate_001452,1452
holdout,1337,holdout:candidate_001453,1453
holdout,1338,holdout:candidate_001454,1454
holdout,1339,holdout:candidate_001455,1455
holdout,1340,holdout:candidate_001456,1456
holdout,1341,holdout:candidate_001457,1457
holdout,1342,holdout:candidate_001458,1458
holdout,1343,holdout:candidate_001459,1459
holdout,1344,holdout:candidate_001460,1460
holdout,1345,holdout:candidate_001461,1461
holdout,1346,holdout:candidate_001462,1462
holdout,1347,holdout:candidate_001463,1463
holdout,1348,holdout:candidate_001464,1464
holdout,1349,holdout:candidate_001466,1466
holdout,1350,holdout:candidate_001467,1467
holdout,1351,holdout:candidate_001468,1468
holdout,1352,holdout:candidate_001470,1470
holdout,1353,holdout:candidate_001471,1471
holdout,1354,holdout:candidate_001472,1472
holdout,1355,holdout:candidate_001473,1473
holdout,1356,holdout:candidate_001474,1474
holdout,1357,holdout:candidate_001475,1475
holdout,1358,holdout:candidate_001476,1476
holdout,1359,holdout:candidate_001477,1477
holdout,1360,holdout:candidate_001478,1478
holdout,1361,holdout:candidate_001479,1479
holdout,1362,holdout:candidate_001480,1480
holdout,1363,holdout:candidate_001481,1481
holdout,1364,holdout:candidate_001482,1482
holdout,1365,holdout:candidate_001483,1483
holdout,1366,holdout:candidate_001484,1484
holdout,1367,holdout:candidate_001485,1485
holdout,1368,holdout:candidate_001486,1486
holdout,1369,holdout:candidate_001487,1487
holdout,1370,holdout:candidate_001488,1488
holdout,1371,holdout:candidate_001489,1489
holdout,1372,holdout:candidate_001490,1490
holdout,1373,holdout:candidate_001492,1492
holdout,1374,holdout:candidate_001494,1494
holdout,1375,holdout:candidate_001495,1495
holdout,1376,holdout:candidate_001496,1496
holdout,1377,holdout:candidate_001497,1497
holdout,1378,holdout:candidate_001498,1498
holdout,1379,holdout:candidate_001499,1499
holdout,1380,holdout:candidate_001500,1500
holdout,1381,holdout:candidate_001501,1501
holdout,1382,holdout:candidate_001502,1502
holdout,1383,holdout:candidate_001503,1503
holdout,1384,holdout:candidate_001504,1504
holdout,1385,holdout:candidate_001505,1505
holdout,1386,holdout:candidate_001506,1506
holdout,1387,holdout:candidate_001507,1507
holdout,1388,holdout:candidate_001508,1508
holdout,1389,holdout:candidate_001509,1509
holdout,1390,holdout:candidate_001510,1510
holdout,1391,holdout:candidate_001511,1511
holdout,1392,holdout:candidate_001513,1513
holdout,1393,holdout:candidate_001514,1514
holdout,1394,holdout:candidate_001515,1515
holdout,1395,holdout:candidate_001516,1516
holdout,1396,holdout:candidate_001517,1517
holdout,1397,holdout:candidate_001518,1518
holdout,1398,holdout:candidate_001519,1519
holdout,1399,holdout:candidate_001520,1520
holdout,1400,holdout:candidate_001521,1521
holdout,1401,holdout:candidate_001523,1523
holdout,1402,holdout:candidate_001524,1524
holdout,1403,holdout:candidate_001525,1525
holdout,1404,holdout:candidate_001526,1526
holdout,1405,holdout:candidate_001527,1527
holdout,1406,holdout:candidate_001528,1528
holdout,1407,holdout:candidate_001530,1530
holdout,1408,holdout:candidate_001531,1531
holdout,1409,holdout:candidate_001532,1532
holdout,1410,holdout:candidate_001533,1533
holdout,1411,holdout:candidate_001534,1534
holdout,1412,holdout:candidate_001535,1535
holdout,1413,holdout:candidate_001536,1536
holdout,1414,holdout:candidate_001537,1537
holdout,1415,holdout:candidate_001538,1538
holdout,1416,holdout:candidate_001539,1539
holdout,1417,holdout:candidate_001540,1540
holdout,1418,holdout:candidate_001541,1541
holdout,1419,holdout:candidate_001542,1542
holdout,1420,holdout:candidate_001543,1543
holdout,1421,holdout:candidate_001544,1544
holdout,1422,holdout:candidate_001545,1545
holdout,1423,holdout:candidate_001546,1546
holdout,1424,holdout:candidate_001548,1548
holdout,1425,holdout:candidate_001549,1549
holdout,1426,holdout:candidate_001550,1550
holdout,1427,holdout:candidate_001551,1551
holdout,1428,holdout:candidate_001552,1552
holdout,1429,holdout:candidate_001553,1553
holdout,1430,holdout:candidate_001554,1554
holdout,1431,holdout:candidate_001555,1555
holdout,1432,holdout:candidate_001556,1556
holdout,1433,holdout:candidate_001558,1558
holdout,1434,holdout:candidate_001559,1559
holdout,1435,holdout:candidate_001560,1560
holdout,1436,holdout:candidate_001561,1561
holdout,1437,holdout:candidate_001562,1562
holdout,1438,holdout:candidate_001563,1563
holdout,1439,holdout:candidate_001564,1564
holdout,1440,holdout:candidate_001565,1565
holdout,1441,holdout:candidate_001566,1566
holdout,1442,holdout:candidate_001567,1567
holdout,1443,holdout:candidate_001569,1569
holdout,1444,holdout:candidate_001570,1570
holdout,1445,holdout:candidate_001571,1571
holdout,1446,holdout:candidate_001572,1572
holdout,1447,holdout:candidate_001573,1573
holdout,1448,holdout:candidate_001574,1574
holdout,1449,holdout:candidate_001575,1575
holdout,1450,holdout:candidate_001576,1576
holdout,1451,holdout:candidate_001577,1577
holdout,1452,holdout:candidate_001578,1578
holdout,1453,holdout:candidate_001579,1579
holdout,1454,holdout:candidate_001580,1580
holdout,1455,holdout:candidate_001581,1581
holdout,1456,holdout:candidate_001582,1582
holdout,1457,holdout:candidate_001583,1583
holdout,1458,holdout:candidate_001584,1584
holdout,1459,holdout:candidate_001585,1585
holdout,1460,holdout:candidate_001586,1586
holdout,1461,holdout:candidate_001587,1587
holdout,1462,holdout:candidate_001589,1589
holdout,1463,holdout:candidate_001590,1590
holdout,1464,holdout:candidate_001591,1591
holdout,1465,holdout:candidate_001592,1592
holdout,1466,holdout:candidate_001593,1593
holdout,1467,holdout:candidate_001594,1594
holdout,1468,holdout:candidate_001595,1595
holdout,1469,holdout:candidate_001596,1596
holdout,1470,holdout:candidate_001597,1597
holdout,1471,holdout:candidate_001598,1598
holdout,1472,holdout:candidate_001599,1599
holdout,1473,holdout:candidate_001600,1600
holdout,1474,holdout:candidate_001601,1601
holdout,1475,holdout:candidate_001602,1602
holdout,1476,holdout:candidate_001603,1603
holdout,1477,holdout:candidate_001604,1604
holdout,1478,holdout:candidate_001605,1605
holdout,1479,holdout:candidate_001606,1606
holdout,1480,holdout:candidate_001607,1607
holdout,1481,holdout:candidate_001608,1608
holdout,1482,holdout:candidate_001609,1609
holdout,1483,holdout:candidate_001610,1610
holdout,1484,holdout:candidate_001612,1612
holdout,1485,holdout:candidate_001613,1613
holdout,1486,holdout:candidate_001614,1614
holdout,1487,holdout:candidate_001615,1615
holdout,1488,holdout:candidate_001616,1616
holdout,1489,holdout:candidate_001617,1617
holdout,1490,holdout:candidate_001618,1618
holdout,1491,holdout:candidate_001619,1619
holdout,1492,holdout:candidate_001620,1620
holdout,1493,holdout:candidate_001621,1621
holdout,1494,holdout:candidate_001622,1622
holdout,1495,holdout:candidate_001623,1623
holdout,1496,holdout:candidate_001624,1624
holdout,1497,holdout:candidate_001625,1625
holdout,1498,holdout:candidate_001627,1627
holdout,1499,holdout:candidate_001628,1628
holdout,1500,holdout:candidate_001629,1629
holdout,1501,holdout:candidate_001630,1630
holdout,1502,holdout:candidate_001631,1631
holdout,1503,holdout:candidate_001632,1632
holdout,1504,holdout:candidate_001633,1633
holdout,1505,holdout:candidate_001634,1634
holdout,1506,holdout:candidate_001635,1635
holdout,1507,holdout:candidate_001636,1636
holdout,1508,holdout:candidate_001637,1637
holdout,1509,holdout:candidate_001638,1638
holdout,1510,holdout:candidate_001639,1639
holdout,1511,holdout:candidate_001640,1640
holdout,1512,holdout:candidate_001641,1641
holdout,1513,holdout:candidate_001642,1642
holdout,1514,holdout:candidate_001643,1643
holdout,1515,holdout:candidate_001644,1644
holdout,1516,holdout:candidate_001646,1646
holdout,1517,holdout:candidate_001647,1647
holdout,1518,holdout:candidate_001648,1648
holdout,1519,holdout:candidate_001649,1649
holdout,1520,holdout:candidate_001650,1650
holdout,1521,holdout:candidate_001651,1651
holdout,1522,holdout:candidate_001652,1652
holdout,1523,holdout:candidate_001654,1654
holdout,1524,holdout:candidate_001656,1656
holdout,1525,holdout:candidate_001657,1657
holdout,1526,holdout:candidate_001658,1658
holdout,1527,holdout:candidate_001659,1659
holdout,1528,holdout:candidate_001660,1660
holdout,1529,holdout:candidate_001661,1661
holdout,1530,holdout:candidate_001662,1662
holdout,1531,holdout:candidate_001663,1663
holdout,1532,holdout:candidate_001664,1664
holdout,1533,holdout:candidate_001666,1666
holdout,1534,holdout:candidate_001667,1667
holdout,1535,holdout:candidate_001668,1668
holdout,1536,holdout:candidate_001669,1669
holdout,1537,holdout:candidate_001670,1670
holdout,1538,holdout:candidate_001671,1671
holdout,1539,holdout:candidate_001672,1672
holdout,1540,holdout:candidate_001673,1673
holdout,1541,holdout:candidate_001674,1674
holdout,1542,holdout:candidate_001675,1675
holdout,1543,holdout:candidate_001676,1676
holdout,1544,holdout:candidate_001677,1677
holdout,1545,holdout:candidate_001678,1678
holdout,1546,holdout:candidate_001679,1679
holdout,1547,holdout:candidate_001680,1680
holdout,1548,holdout:candidate_001681,1681
holdout,1549,holdout:candidate_001683,1683
holdout,1550,holdout:candidate_001684,1684
holdout,1551,holdout:candidate_001685,1685
holdout,1552,holdout:candidate_001687,1687
holdout,1553,holdout:candidate_001688,1688
holdout,1554,holdout:candidate_001689,1689
holdout,1555,holdout:candidate_001690,1690
holdout,1556,holdout:candidate_001691,1691
holdout,1557,holdout:candidate_001692,1692
holdout,1558,holdout:candidate_001693,1693
holdout,1559,holdout:candidate_001694,1694
holdout,1560,holdout:candidate_001695,1695
holdout,1561,holdout:candidate_001696,1696
holdout,1562,holdout:candidate_001697,1697
holdout,1563,holdout:candidate_001698,1698
holdout,1564,holdout:candidate_001699,1699
holdout,1565,holdout:candidate_001700,1700
holdout,1566,holdout:candidate_001701,1701
holdout,1567,holdout:candidate_001702,1702
holdout,1568,holdout:candidate_001703,1703
holdout,1569,holdout:candidate_001704,1704
holdout,1570,holdout:candidate_001705,1705
holdout,1571,holdout:candidate_001706,1706
holdout,1572,holdout:candidate_001707,1707
holdout,1573,holdout:candidate_001708,1708
holdout,1574,holdout:candidate_001709,1709
holdout,1575,holdout:candidate_001710,1710
holdout,1576,holdout:candidate_001711,1711
holdout,1577,holdout:candidate_001712,1712
holdout,1578,holdout:candidate_001713,1713
holdout,1579,holdout:candidate_001714,1714
holdout,1580,holdout:candidate_001715,1715
holdout,1581,holdout:candidate_001716,1716
holdout,1582,holdout:candidate_001717,1717
holdout,1583,holdout:candidate_001718,1718
holdout,1584,holdout:candidate_001719,1719
holdout,1585,holdout:candidate_001720,1720
holdout,1586,holdout:candidate_001721,1721
holdout,1587,holdout:candidate_001722,1722
holdout,1588,holdout:candidate_001723,1723
holdout,1589,holdout:candidate_001724,1724
holdout,1590,holdout:candidate_001725,1725
holdout,1591,holdout:candidate_001726,1726
holdout,1592,holdout:candidate_001729,1729
holdout,1593,holdout:candidate_001730,1730
holdout,1594,holdout:candidate_001731,1731
holdout,1595,holdout:candidate_001732,1732
holdout,1596,holdout:candidate_001734,1734
holdout,1597,holdout:candidate_001735,1735
holdout,1598,holdout:candidate_001736,1736
holdout,1599,holdout:candidate_001737,1737
holdout,1600,holdout:candidate_001738,1738
holdout,1601,holdout:candidate_001739,1739
holdout,1602,holdout:candidate_001740,1740
holdout,1603,holdout:candidate_001741,1741
holdout,1604,holdout:candidate_001742,1742
holdout,1605,holdout:candidate_001743,1743
holdout,1606,holdout:candidate_001744,1744
holdout,1607,holdout:candidate_001745,1745
holdout,1608,holdout:candidate_001746,1746
holdout,1609,holdout:candidate_001747,1747
holdout,1610,holdout:candidate_001748,1748
holdout,1611,holdout:candidate_001749,1749
holdout,1612,holdout:candidate_001751,1751
holdout,1613,holdout:candidate_001753,1753
holdout,1614,holdout:candidate_001754,1754
holdout,1615,holdout:candidate_001755,1755
holdout,1616,holdout:candidate_001756,1756
holdout,1617,holdout:candidate_001757,1757
holdout,1618,holdout:candidate_001758,1758
holdout,1619,holdout:candidate_001759,1759
holdout,1620,holdout:candidate_001760,1760
holdout,1621,holdout:candidate_001761,1761
holdout,1622,holdout:candidate_001762,1762
holdout,1623,holdout:candidate_001763,1763
holdout,1624,holdout:candidate_001764,1764
holdout,1625,holdout:candidate_001765,1765
holdout,1626,holdout:candidate_001766,1766
holdout,1627,holdout:candidate_001767,1767
holdout,1628,holdout:candidate_001768,1768
holdout,1629,holdout:candidate_001769,1769
holdout,1630,holdout:candidate_001771,1771
holdout,1631,holdout:candidate_001772,1772
holdout,1632,holdout:candidate_001773,1773
holdout,1633,holdout:candidate_001774,1774
holdout,1634,holdout:candidate_001775,1775
holdout,1635,holdout:candidate_001776,1776
holdout,1636,holdout:candidate_001777,1777
holdout,1637,holdout:candidate_001778,1778
holdout,1638,holdout:candidate_001779,1779
holdout,1639,holdout:candidate_001780,1780
holdout,1640,holdout:candidate_001781,1781
holdout,1641,holdout:candidate_001782,1782
holdout,1642,holdout:candidate_001783,1783
holdout,1643,holdout:candidate_001784,1784
holdout,1644,holdout:candidate_001785,1785
holdout,1645,holdout:candidate_001786,1786
holdout,1646,holdout:candidate_001787,1787
holdout,1647,holdout:candidate_001788,1788
holdout,1648,holdout:candidate_001789,1789
holdout,1649,holdout:candidate_001790,1790
holdout,1650,holdout:candidate_001791,1791
holdout,1651,holdout:candidate_001792,1792
holdout,1652,holdout:candidate_001793,1793
holdout,1653,holdout:candidate_001795,1795
holdout,1654,holdout:candidate_001797,1797
holdout,1655,holdout:candidate_001798,1798
holdout,1656,holdout:candidate_001799,1799
holdout,1657,holdout:candidate_001800,1800
holdout,1658,holdout:candidate_001801,1801
holdout,1659,holdout:candidate_001802,1802
holdout,1660,holdout:candidate_001803,1803
holdout,1661,holdout:candidate_001804,1804
holdout,1662,holdout:candidate_001805,1805
holdout,1663,holdout:candidate_001806,1806
holdout,1664,holdout:candidate_001807,1807
holdout,1665,holdout:candidate_001808,1808
holdout,1666,holdout:candidate_001811,1811
holdout,1667,holdout:candidate_001812,1812
holdout,1668,holdout:candidate_001813,1813
holdout,1669,holdout:candidate_001814,1814
holdout,1670,holdout:candidate_001815,1815
holdout,1671,holdout:candidate_001816,1816
holdout,1672,holdout:candidate_001817,1817
holdout,1673,holdout:candidate_001818,1818
holdout,1674,holdout:candidate_001819,1819
holdout,1675,holdout:candidate_001820,1820
holdout,1676,holdout:candidate_001822,1822
holdout,1677,holdout:candidate_001823,1823
holdout,1678,holdout:candidate_001824,1824
holdout,1679,holdout:candidate_001825,1825
holdout,1680,holdout:candidate_001826,1826
holdout,1681,holdout:candidate_001827,1827
holdout,1682,holdout:candidate_001828,1828
holdout,1683,holdout:candidate_001829,1829
holdout,1684,holdout:candidate_001830,1830
holdout,1685,holdout:candidate_001831,1831
holdout,1686,holdout:candidate_001832,1832
holdout,1687,holdout:candidate_001833,1833
holdout,1688,holdout:candidate_001834,1834
holdout,1689,holdout:candidate_001835,1835
holdout,1690,holdout:candidate_001836,1836
holdout,1691,holdout:candidate_001837,1837
holdout,1692,holdout:candidate_001838,1838
holdout,1693,holdout:candidate_001839,1839
holdout,1694,holdout:candidate_001840,1840
holdout,1695,holdout:candidate_001841,1841
holdout,1696,holdout:candidate_001842,1842
holdout,1697,holdout:candidate_001843,1843
holdout,1698,holdout:candidate_001844,1844
holdout,1699,holdout:candidate_001845,1845
holdout,1700,holdout:candidate_001846,1846
holdout,1701,holdout:candidate_001847,1847
holdout,1702,holdout:candidate_001848,1848
holdout,1703,holdout:candidate_001849,1849
holdout,1704,holdout:candidate_001850,1850
holdout,1705,holdout:candidate_001851,1851
holdout,1706,holdout:candidate_001852,1852
holdout,1707,holdout:candidate_001853,1853
holdout,1708,holdout:candidate_001855,1855
holdout,1709,holdout:candidate_001856,1856
holdout,1710,holdout:candidate_001857,1857
holdout,1711,holdout:candidate_001858,1858
holdout,1712,holdout:candidate_001860,1860
holdout,1713,holdout:candidate_001861,1861
holdout,1714,holdout:candidate_001862,1862
holdout,1715,holdout:candidate_001863,1863
holdout,1716,holdout:candidate_001865,1865
holdout,1717,holdout:candidate_001866,1866
holdout,1718,holdout:candidate_001867,1867
holdout,1719,holdout:candidate_001868,1868
holdout,1720,holdout:candidate_001869,1869
holdout,1721,holdout:candidate_001870,1870
holdout,1722,holdout:candidate_001871,1871
holdout,1723,holdout:candidate_001872,1872
holdout,1724,holdout:candidate_001873,1873
holdout,1725,holdout:candidate_001875,1875
holdout,1726,holdout:candidate_001876,1876
holdout,1727,holdout:candidate_001877,1877
holdout,1728,holdout:candidate_001878,1878
holdout,1729,holdout:candidate_001880,1880
holdout,1730,holdout:candidate_001881,1881
holdout,1731,holdout:candidate_001882,1882
holdout,1732,holdout:candidate_001883,1883
holdout,1733,holdout:candidate_001884,1884
holdout,1734,holdout:candidate_001885,1885
holdout,1735,holdout:candidate_001886,1886
holdout,1736,holdout:candidate_001887,1887
holdout,1737,holdout:candidate_001888,1888
holdout,1738,holdout:candidate_001889,1889
holdout,1739,holdout:candidate_001890,1890
holdout,1740,holdout:candidate_001891,1891
holdout,1741,holdout:candidate_001892,1892
holdout,1742,holdout:candidate_001893,1893
holdout,1743,holdout:candidate_001894,1894
holdout,1744,holdout:candidate_001895,1895
holdout,1745,holdout:candidate_001896,1896
holdout,1746,holdout:candidate_001897,1897
holdout,1747,holdout:candidate_001898,1898
holdout,1748,holdout:candidate_001899,1899
holdout,1749,holdout:candidate_001900,1900
holdout,1750,holdout:candidate_001901,1901
holdout,1751,holdout:candidate_001902,1902
holdout,1752,holdout:candidate_001903,1903
holdout,1753,holdout:candidate_001904,1904
holdout,1754,holdout:candidate_001905,1905
holdout,1755,holdout:candidate_001906,1906
holdout,1756,holdout:candidate_001907,1907
holdout,1757,holdout:candidate_001908,1908
holdout,1758,holdout:candidate_001909,1909
holdout,1759,holdout:candidate_001910,1910
holdout,1760,holdout:candidate_001911,1911
holdout,1761,holdout:candidate_001913,1913
holdout,1762,holdout:candidate_001914,1914
holdout,1763,holdout:candidate_001915,1915
holdout,1764,holdout:candidate_001916,1916
holdout,1765,holdout:candidate_001917,1917
holdout,1766,holdout:candidate_001918,1918
holdout,1767,holdout:candidate_001919,1919
holdout,1768,holdout:candidate_001921,1921
holdout,1769,holdout:candidate_001922,1922
holdout,1770,holdout:candidate_001923,1923
holdout,1771,holdout:candidate_001924,1924
holdout,1772,holdout:candidate_001925,1925
holdout,1773,holdout:candidate_001926,1926
holdout,1774,holdout:candidate_001927,1927
holdout,1775,holdout:candidate_001928,1928
holdout,1776,holdout:candidate_001929,1929
holdout,1777,holdout:candidate_001930,1930
holdout,1778,holdout:candidate_001931,1931
holdout,1779,holdout:candidate_001933,1933
holdout,1780,holdout:candidate_001934,1934
holdout,1781,holdout:candidate_001935,1935
holdout,1782,holdout:candidate_001936,1936
holdout,1783,holdout:candidate_001937,1937
holdout,1784,holdout:candidate_001938,1938
holdout,1785,holdout:candidate_001939,1939
holdout,1786,holdout:candidate_001940,1940
holdout,1787,holdout:candidate_001941,1941
holdout,1788,holdout:candidate_001942,1942
holdout,1789,holdout:candidate_001943,1943
holdout,1790,holdout:candidate_001944,1944
holdout,1791,holdout:candidate_001945,1945
holdout,1792,holdout:candidate_001946,1946
holdout,1793,holdout:candidate_001947,1947
holdout,1794,holdout:candidate_001948,1948
holdout,1795,holdout:candidate_001949,1949
holdout,1796,holdout:candidate_001950,1950
holdout,1797,holdout:candidate_001951,1951
holdout,1798,holdout:candidate_001953,1953
holdout,1799,holdout:candidate_001954,1954
holdout,1800,holdout:candidate_001955,1955
holdout,1801,holdout:candidate_001956,1956
holdout,1802,holdout:candidate_001957,1957
holdout,1803,holdout:candidate_001958,1958
holdout,1804,holdout:candidate_001959,1959
holdout,1805,holdout:candidate_001960,1960
holdout,1806,holdout:candidate_001961,1961
holdout,1807,holdout:candidate_001962,1962
holdout,1808,holdout:candidate_001963,1963
holdout,1809,holdout:candidate_001964,1964
holdout,1810,holdout:candidate_001965,1965
holdout,1811,holdout:candidate_001966,1966
holdout,1812,holdout:candidate_001967,1967
holdout,1813,holdout:candidate_001968,1968
holdout,1814,holdout:candidate_001969,1969
holdout,1815,holdout:candidate_001970,1970
holdout,1816,holdout:candidate_001971,1971
holdout,1817,holdout:candidate_001972,1972
holdout,1818,holdout:candidate_001973,1973
holdout,1819,holdout:candidate_001974,1974
holdout,1820,holdout:candidate_001975,1975
holdout,1821,holdout:candidate_001976,1976
holdout,1822,holdout:candidate_001977,1977
holdout,1823,holdout:candidate_001978,1978
holdout,1824,holdout:candidate_001979,1979
holdout,1825,holdout:candidate_001980,1980
holdout,1826,holdout:candidate_001981,1981
holdout,1827,holdout:candidate_001982,1982
holdout,1828,holdout:candidate_001983,1983
holdout,1829,holdout:candidate_001984,1984
holdout,1830,holdout:candidate_001985,1985
holdout,1831,holdout:candidate_001986,1986
holdout,1832,holdout:candidate_001987,1987
holdout,1833,holdout:candidate_001988,1988
holdout,1834,holdout:candidate_001989,1989
holdout,1835,holdout:candidate_001990,1990
holdout,1836,holdout:candidate_001991,1991
holdout,1837,holdout:candidate_001992,1992
holdout,1838,holdout:candidate_001993,1993
holdout,1839,holdout:candidate_001994,1994
holdout,1840,holdout:candidate_001995,1995
holdout,1841,holdout:candidate_001996,1996
holdout,1842,holdout:candidate_001997,1997
holdout,1843,holdout:candidate_001998,1998
holdout,1844,holdout:candidate_001999,1999
