method,block,coordinate,sample_count,coordinate_count,rmse,mae,bias,nrmse,nmae,r2_mean,stratum,development_low_q25_mg_L,development_upper_q90_mg_L
raw,mixer,ALL,1845,20,84.73962038000941,21.191804016559814,0.8398047537544976,0.4470382962829459,0.1629699677916994,0.8546276222545839,,,
raw,mixer,mixer:S_O,1845,1,0.1466982709658802,0.036142558107921,-0.0067019662838614,1.3707987913346795,0.3377284179552797,0.2573387395729853,,,
raw,mixer,mixer:S_F,1845,1,2.951810073680469,1.7086201645600978,0.0905179350780016,0.1573752954848991,0.091094818622199,0.97476222892081,,,
raw,mixer,mixer:S_A,1845,1,13.710638215032244,10.536664315560891,-0.2156011792555554,0.1824841158564744,0.1402395600806881,0.9664211704724004,,,
raw,mixer,mixer:S_NH4,1845,1,1.940052415108647,1.3414522024795872,0.0177705480944571,0.1518148881505332,0.10497263604464,0.977002410419795,,,
raw,mixer,mixer:S_NO2,1845,1,0.1690837197734326,0.0570353453628037,-0.0070012127751097,0.4878471313567898,0.1645606665057502,0.7936427824569143,,,
raw,mixer,mixer:S_NO3,1845,1,0.2501196780091422,0.1116958194815484,-0.0091015160071235,0.2846066385965181,0.127096644218313,0.922989266770946,,,
raw,mixer,mixer:S_N2,1845,1,1.409766625189674,0.745457215280827,-0.0226226080224993,0.4845109646192027,0.2561999894198543,0.7628613805475458,,,
raw,mixer,mixer:S_PO4,1845,1,0.7971241441137848,0.5817217785169572,0.0021933697459263,0.1309199744475772,0.0955422074985699,0.9832762648489092,,,
raw,mixer,mixer:S_I,1845,1,2.217210314425724,1.894649661036477,-0.0045235789381531,0.0960806209601445,0.0821027733589006,0.9907207835268876,,,
raw,mixer,mixer:S_ALK,1845,1,0.1725610395226596,0.1191970610038391,0.0038681518123725,0.1597063401956862,0.1103176384870197,0.974957597215612,,,
raw,mixer,mixer:X_I,1845,1,308.0482772427305,198.47134774368752,14.844095190728387,0.2443626342924368,0.1574395474641866,0.9392555673300208,,,
raw,mixer,mixer:X_S,1845,1,203.6044345046223,107.61384508622857,-2.738825635673967,0.5560882631549618,0.2939169588866169,0.6957109981869699,,,
raw,mixer,mixer:X_H,1845,1,40.828010995926775,26.708040952909,1.927258544268693,0.2263063131708835,0.1480404784027517,0.947192228176086,,,
raw,mixer,mixer:X_PAO,1845,1,29.29841598121758,16.109867578283108,-0.5261655802357866,0.2554304239822194,0.1404495829554829,0.9298446388373184,,,
raw,mixer,mixer:X_PP,1845,1,6.68062205051646,2.854746621975747,-0.1130039172827451,0.8096129137176902,0.3459617552178158,0.2706813365359281,,,
raw,mixer,mixer:X_PHA,1845,1,23.89647260577201,13.256085955731388,0.0625366912434906,0.2062293547167799,0.1144015728940816,0.9556092140365432,,,
raw,mixer,mixer:X_AOB,1845,1,3.026470180047563,1.7097987505068704,-0.0820624011518044,0.2107187223513958,0.1190451538429361,0.9578605803342056,,,
raw,mixer,mixer:X_NOB,1845,1,2.875270700098317,1.5728771866247166,0.039961304553923,0.1891642326533005,0.1034796849060413,0.9634935254537592,,,
raw,mixer,mixer:X_MeP,1845,1,62.45223071448391,37.96123964600048,3.526628304839329,0.2746966742509376,0.1669728392709078,0.9186484958955132,,,
raw,mixer,mixer:X_MeOH,1845,1,0.8455044330921108,0.4455946878579933,0.0068746303519733,0.3032855050781829,0.1598364298019524,0.9102832355525288,,,
raw,reactor_1,ALL,1845,20,84.72638651689026,21.127838529224743,0.8414180858274857,1.4269075665422355,0.1909703476887576,0.7571980990678467,,,
raw,reactor_1,reactor_1:S_O,1845,1,0.0013529523472655,0.0001690463548756,-5.522474950216747e-05,3.4083272672096587,0.425857793077275,0.065834611156145,,,
raw,reactor_1,reactor_1:S_F,1845,1,2.5640675271785063,1.5722263696812455,0.0326266469398926,0.2724139091278255,0.1670378517175848,0.9159790114005864,,,
raw,reactor_1,reactor_1:S_A,1845,1,13.538850506960625,10.253242008028524,-0.073243906252729,0.1727811211239012,0.1308505953582283,0.9701085204967967,,,
raw,reactor_1,reactor_1:S_NH4,1845,1,1.9998732901989047,1.370597071319624,0.020840872388632,0.1562862708098932,0.1071095384439084,0.9756011474067676,,,
raw,reactor_1,reactor_1:S_NO2,1845,1,0.1665355010179562,0.016288221900041,-0.0048779806776345,3.4523696878152244,0.3376635204649055,0.0557921431303194,,,
raw,reactor_1,reactor_1:S_NO3,1845,1,0.1436431041514729,0.0125786222396992,-0.0040070104403148,3.90523617104295,0.3419759747085305,0.0453548014526341,,,
raw,reactor_1,reactor_1:S_N2,1845,1,1.5227154354305743,0.8109339765190074,-0.030507890674709,0.4537856941136221,0.2416671092001782,0.789238050455186,,,
raw,reactor_1,reactor_1:S_PO4,1845,1,1.1516071290970298,0.6838134397347624,-0.0026427251173614,0.1697083363613816,0.1007712077381231,0.971710528971393,,,
raw,reactor_1,reactor_1:S_I,1845,1,2.217210314425737,1.8946496610364916,-0.0045235789381542,0.0960806209601451,0.0821027733589013,0.9907207835268876,,,
raw,reactor_1,reactor_1:S_ALK,1845,1,0.1626399423587007,0.1134147711257816,0.0034159049401356,0.1502527869264468,0.1047767552861664,0.9777890328719891,,,
raw,reactor_1,reactor_1:X_I,1845,1,308.05720228733315,198.47654008763277,14.843662072283324,0.2443414787908802,0.1574254747177638,0.9392684433435718,,,
raw,reactor_1,reactor_1:X_S,1845,1,203.6762632391492,107.6331745770988,-2.750570822767282,0.5560196049333206,0.2938297976127363,0.6957898591096463,,,
raw,reactor_1,reactor_1:X_H,1845,1,39.75543347913387,25.994958629173382,1.8900295814819557,0.2219245267243624,0.1451101996919886,0.949185256138466,,,
raw,reactor_1,reactor_1:X_PAO,1845,1,29.11427570121905,16.027284401232205,-0.5235763609020404,0.2549168255431456,0.1403306234909433,0.9301280233013448,,,
raw,reactor_1,reactor_1:X_PP,1845,1,6.234907844137311,2.5977060601303674,-0.1056666394645284,0.8581196982698651,0.3575261729985208,0.1986013729541341,,,
raw,reactor_1,reactor_1:X_PHA,1845,1,24.50940928413388,13.464417891375945,0.0481930690266368,0.2103990222918753,0.1155841957361496,0.9538481270531396,,,
raw,reactor_1,reactor_1:X_AOB,1845,1,3.0165424160965983,1.7017466499977931,-0.0825287541445804,0.2110108759807958,0.1190392846449934,0.957754851686416,,,
raw,reactor_1,reactor_1:X_NOB,1845,1,2.8702164805082213,1.5682539509514537,0.0408657304804787,0.1895726888161056,0.1035803815660992,0.9633228602517536,,,
raw,reactor_1,reactor_1:X_MeP,1845,1,62.44759318507805,37.93548365953532,3.5177998794438143,0.2742830998188588,0.1666207057880866,0.9189144154573188,,,
raw,reactor_1,reactor_1:X_MeOH,1845,1,0.8251777148243333,0.4292914894268612,0.0131288536936758,0.3470447540680953,0.180546998174069,0.8790201411924381,,,
raw,reactor_2,ALL,1845,20,84.73626773465143,21.10681400176652,0.8416831108205453,3.884091876891685,0.2119891556925444,0.7391523107702143,,,
raw,reactor_2,reactor_2:S_O,1845,1,1.5622724220364574e-05,1.291052405619291e-06,-5.637864691541682e-07,5.863534896905434,0.4845589493421759,0.0259811156182041,,,
raw,reactor_2,reactor_2:S_F,1845,1,2.2447096776713,1.3964789272949294,0.0839815571430117,0.4320284977183412,0.2687735964503179,0.7474694956896542,,,
raw,reactor_2,reactor_2:S_A,1845,1,14.420136361392832,10.625943076952208,-0.0648024125919093,0.1747276983314764,0.1287537461440353,0.969471042354728,,,
raw,reactor_2,reactor_2:S_NH4,1845,1,2.038965957739737,1.3920442722472015,0.0211976980521263,0.1590660135439816,0.1085976606046697,0.9747092497674338,,,
raw,reactor_2,reactor_2:S_NO2,1845,1,0.1602561036571034,0.0067498445108706,-0.0039410483707768,10.15283042976472,0.427628185025515,0.0064505901895962,,,
raw,reactor_2,reactor_2:S_NO3,1845,1,0.1077119567329577,0.0041525355694414,-0.0026277052310741,12.733240800225207,0.4908947617420731,0.0051275643354992,,,
raw,reactor_2,reactor_2:S_N2,1845,1,1.5480111932094287,0.8240685321926091,-0.0328303214938926,0.4568744541309932,0.2432126217585374,0.7868083198073483,,,
raw,reactor_2,reactor_2:S_PO4,1845,1,1.7136418335485992,0.8351392547613798,-0.0211632936286655,0.2399903773989663,0.1169587372384784,0.9436678677287622,,,
raw,reactor_2,reactor_2:S_I,1845,1,2.217210314425756,1.894649661036501,-0.0045235789381625,0.0960806209601459,0.0821027733589017,0.9907207835268874,,,
raw,reactor_2,reactor_2:S_ALK,1845,1,0.1564127660277203,0.1105426876316422,0.0026785092567346,0.1443435757938848,0.1020129444408,0.9794718228559538,,,
raw,reactor_2,reactor_2:X_I,1845,1,308.0659797276254,198.48155120230112,14.84324029289304,0.2443208178944227,0.1574116524309983,0.9392809420509056,,,
raw,reactor_2,reactor_2:X_S,1845,1,203.83787843241552,107.75530310339322,-2.758041499121366,0.5564851918571563,0.2941760922075115,0.6952995267160584,,,
raw,reactor_2,reactor_2:X_H,1845,1,38.96224259273578,25.468122076964764,1.878113510352229,0.2193312818653039,0.143368438008858,0.9502961960546098,,,
raw,reactor_2,reactor_2:X_PAO,1845,1,28.845170589534803,15.906161222437555,-0.5171333070202597,0.2538069805741166,0.1399573887025877,0.9307308152751352,,,
raw,reactor_2,reactor_2:X_PP,1845,1,5.689956806592112,2.312042201604203,-0.0868685203801803,0.8807170102829799,0.3578682518443417,0.1765634082842813,,,
raw,reactor_2,reactor_2:X_PHA,1845,1,24.917968644724606,13.50088573683778,0.0067819962839404,0.2135184667648063,0.1156871358013663,0.9525685446386492,,,
raw,reactor_2,reactor_2:X_AOB,1845,1,3.006686323218271,1.6936872302627386,-0.0828454508103721,0.2112919869034034,0.1190222396369204,0.9576525927113172,,,
raw,reactor_2,reactor_2:X_NOB,1845,1,2.865380770994977,1.5638379740628403,0.0417669190767589,0.1899865101378995,0.1036888786721891,0.963150082428489,,,
raw,reactor_2,reactor_2:X_MeP,1845,1,62.4615952015276,37.94391549392631,3.516944891191336,0.2741906113701869,0.1665641960230295,0.9189778582735844,,,
raw,reactor_2,reactor_2:X_MeOH,1845,1,0.8020598717517637,0.4210037102905884,0.013734543534853,0.3591993753922993,0.1885448644175824,0.8686483970971871,,,
raw,reactor_3,ALL,1845,20,84.80632776215087,21.170351660099083,0.840579511717252,0.82245469709394,0.1942312100964333,0.7536156017550087,,,
raw,reactor_3,reactor_3:S_O,1845,1,0.0279053892820829,0.0087830354138368,-0.0009327076842443,1.0320317031704378,0.3248251047681381,0.3435693702202351,,,
raw,reactor_3,reactor_3:S_F,1845,1,1.720193156100306,1.0081730644613578,0.0818771176694978,0.4930999097367779,0.2889966428025703,0.6210055289245668,,,
raw,reactor_3,reactor_3:S_A,1845,1,15.039576785897616,11.322613853340298,-0.1585658114473176,0.168445935262872,0.1268152892396983,0.9714583756096316,,,
raw,reactor_3,reactor_3:S_NH4,1845,1,2.172716443580686,1.451658805449596,0.0262980385123299,0.1684613902205945,0.1125542457298225,0.9717359155308676,,,
raw,reactor_3,reactor_3:S_NO2,1845,1,0.2035865569868121,0.0292106159256258,-0.0063334888699987,2.75778882216591,0.3956877668179775,0.0640858129664501,,,
raw,reactor_3,reactor_3:S_NO3,1845,1,0.127694324975557,0.0234779985409166,-0.0031592791217616,1.6413079983360082,0.3017724303527496,0.0370695218357955,,,
raw,reactor_3,reactor_3:S_N2,1845,1,1.665270787478849,0.8798355514625088,-0.0373839648221302,0.4741689244971077,0.2505242272356839,0.7714144031656022,,,
raw,reactor_3,reactor_3:S_PO4,1845,1,1.2422887792773785,0.7315878253286209,-0.01291967232809,0.1749864330379669,0.1030500686665823,0.9699911528803792,,,
raw,reactor_3,reactor_3:S_I,1845,1,2.2172103144257576,1.8946496610365064,-0.0045235789381809,0.0960806209601462,0.0821027733589021,0.9907207835268874,,,
raw,reactor_3,reactor_3:S_ALK,1845,1,0.1711121301835226,0.1164933136835471,0.0035176007280894,0.1565024716283968,0.1065470431587957,0.975962796568447,,,
raw,reactor_3,reactor_3:X_I,1845,1,308.07450637959863,198.48630383199196,14.843029977053028,0.2443003085089587,0.1573978510289667,0.9392933864856936,,,
raw,reactor_3,reactor_3:X_S,1845,1,204.2239193476885,108.08369835208576,-2.736594416930354,0.5574541993249691,0.2950276917483191,0.6942836867602842,,,
raw,reactor_3,reactor_3:X_H,1845,1,39.59722688141812,25.772965365002243,1.9198061787144869,0.222501187688119,0.1448211366197668,0.9488720796037128,,,
raw,reactor_3,reactor_3:X_PAO,1845,1,29.135715376416627,16.006928074851654,-0.5238515335599749,0.2570480792893532,0.1412201507258644,0.9289553482061595,,,
raw,reactor_3,reactor_3:X_PP,1845,1,6.064198040267764,2.4911755941698,-0.096185308733006,0.8689700663190366,0.3569733387504132,0.1870267816467314,,,
raw,reactor_3,reactor_3:X_PHA,1845,1,24.66651560445043,13.481025350498468,0.0283021920043534,0.2114955191122603,0.1155889425320694,0.95342327251383,,,
raw,reactor_3,reactor_3:X_AOB,1845,1,3.0087209926073464,1.69449785639937,-0.0844592921007825,0.2122616312687617,0.1195447766889995,0.9572759695570005,,,
raw,reactor_3,reactor_3:X_NOB,1845,1,2.86168996255797,1.5600829475442333,0.042428083894474,0.1904668973803103,0.1038352031710214,0.9629503100549448,,,
raw,reactor_3,reactor_3:X_MeP,1845,1,62.46477033393016,37.94703510507207,3.51886773718514,0.2741652808985604,0.1665540349101133,0.9189954310168807,,,
raw,reactor_3,reactor_3:X_MeOH,1845,1,0.7962421035291543,0.4168369997233037,0.0123723631194816,0.3644384613242477,0.1907854836222114,0.8642221080260734,,,
raw,reactor_4,ALL,1845,20,84.90361113889327,21.271760387963795,0.8373119719892538,0.6079496955107763,0.1941214767573144,0.7546261780929753,,,
raw,reactor_4,reactor_4:S_O,1845,1,0.0503576463056815,0.0176026597951095,-0.0017418959606109,0.9229372639766148,0.322615369499043,0.2846845162560524,,,
raw,reactor_4,reactor_4:S_F,1845,1,1.2667393402194935,0.6901543716457489,0.0671585691445997,0.5001254929674147,0.2724820998163194,0.5680897676098358,,,
raw,reactor_4,reactor_4:S_A,1845,1,15.927714139191412,12.2204650778507,-0.3541361092605809,0.1677565067221762,0.1287104046484761,0.9713126720055296,,,
raw,reactor_4,reactor_4:S_NH4,1845,1,2.3150538616157674,1.5037721017170955,0.0254068353876856,0.1780085706294314,0.1156276866026126,0.9685256112207936,,,
raw,reactor_4,reactor_4:S_NO2,1845,1,0.2425528699552683,0.0499269564141597,-0.0083004815136743,1.8616431780727785,0.3831996621087133,0.1161437211062912,,,
raw,reactor_4,reactor_4:S_NO3,1845,1,0.1842426321595545,0.0607832888925878,-0.0052526613989111,0.9483244520093588,0.312860701428058,0.1243914525876505,,,
raw,reactor_4,reactor_4:S_N2,1845,1,1.8010066706587518,0.9421365985163376,-0.0386966945102005,0.4920161570439862,0.2573818499200509,0.7550790512868804,,,
raw,reactor_4,reactor_4:S_PO4,1845,1,0.9431952073702056,0.656277057878244,0.0023555221525911,0.1335804646587406,0.0929455468509798,0.9825519628917696,,,
raw,reactor_4,reactor_4:S_I,1845,1,2.217210314425768,1.894649661036512,-0.004523578938179,0.0960806209601465,0.0821027733589022,0.9907207835268872,,,
raw,reactor_4,reactor_4:S_ALK,1845,1,0.1944862952089933,0.1265525076756168,0.004236718351149,0.1762571224365176,0.1146907591409457,0.969606287585878,,,
raw,reactor_4,reactor_4:X_I,1845,1,308.08343057549155,198.49181589553868,14.84379635758848,0.2442801288174265,0.1573846612444997,0.9393057460456352,,,
raw,reactor_4,reactor_4:X_S,1845,1,204.7799463983816,108.61218037976498,-2.70788691497044,0.5594831301982743,0.2967413739737689,0.6921679850529256,,,
raw,reactor_4,reactor_4:X_H,1845,1,40.37204538701131,26.29079243812423,2.017907326374443,0.2262388926604942,0.147329661188822,0.9470099934558752,,,
raw,reactor_4,reactor_4:X_PAO,1845,1,29.485260064032907,16.141332232253102,-0.5318586072897309,0.2607759645868174,0.1427584994482276,0.9268936779074912,,,
raw,reactor_4,reactor_4:X_PP,1845,1,6.511234133041396,2.717964835208617,-0.11357766361932,0.8572948966137285,0.3578580242685166,0.2025348995930432,,,
raw,reactor_4,reactor_4:X_PHA,1845,1,24.309385249895307,13.398784457662186,0.0625065707888524,0.2087293546356928,0.1150469090024653,0.9545761947840335,,,
raw,reactor_4,reactor_4:X_AOB,1845,1,3.0154326441268284,1.6987763741108344,-0.0856568568731322,0.2135522999046834,0.120306982290482,0.9567708039706746,,,
raw,reactor_4,reactor_4:X_NOB,1845,1,2.858861897742713,1.557000810424931,0.0428027193465457,0.1909980471943226,0.1040218537684338,0.962730151268164,,,
raw,reactor_4,reactor_4:X_MeP,1845,1,62.46486215766869,37.9474789990524,3.520445976157324,0.2741566371895922,0.1665504873114597,0.918998974847946,,,
raw,reactor_4,reactor_4:X_MeOH,1845,1,0.8053218035315712,0.4167610557138085,0.011254308828187,0.3706492699962102,0.1918142292755112,0.860429308856145,,,
raw,reactor_5,ALL,1845,20,85.03484907938073,21.43760554357668,0.838623870977535,0.5980671075880619,0.1971761285204019,0.7554513756095765,,,
raw,reactor_5,reactor_5:S_O,1845,1,0.2106483651806298,0.0510055766170865,-0.0096545568056606,1.545935886997316,0.3743269085508001,0.1763773094868014,,,
raw,reactor_5,reactor_5:S_F,1845,1,0.9440641995334664,0.4913956991584811,0.0474975509736764,0.4715107845609979,0.2454264993361841,0.6006167658586734,,,
raw,reactor_5,reactor_5:S_A,1845,1,17.82898114675796,13.884718087198513,-0.2605512495437125,0.1780150541662584,0.1386332074744118,0.9681039982714834,,,
raw,reactor_5,reactor_5:S_NH4,1845,1,2.42062615479687,1.55260739597787,0.0290937261249095,0.1847017918505248,0.1184690859880238,0.9661276438716888,,,
raw,reactor_5,reactor_5:S_NO2,1845,1,0.2244620560487285,0.0638416081292766,-0.0078424817076059,1.2938595426705377,0.3680001660484004,0.1799699195857436,,,
raw,reactor_5,reactor_5:S_NO3,1845,1,0.2851772029100869,0.0968722526874661,-0.0068878769204317,0.9682577545146074,0.3289088640493847,0.1647341095014466,,,
raw,reactor_5,reactor_5:S_N2,1845,1,1.9177304170586544,1.0079357139656089,-0.0377185673804057,0.5034301194012282,0.2645967297159207,0.7436319486175783,,,
raw,reactor_5,reactor_5:S_PO4,1845,1,0.9576022674911718,0.6586112492430499,0.0152250233391472,0.1353964022076104,0.0931217444112733,0.9821683872193908,,,
raw,reactor_5,reactor_5:S_I,1845,1,2.217210314425788,1.8946496610365284,-0.0045235789382028,0.0960806209601475,0.082102773358903,0.9907207835268872,,,
raw,reactor_5,reactor_5:S_ALK,1845,1,0.2159288884512135,0.1372718902747993,0.0049992997259935,0.1937555608736021,0.1231757004963355,0.9633679808046512,,,
raw,reactor_5,reactor_5:X_I,1845,1,308.0923243140072,198.4975237899808,14.844180100729863,0.2442601182857923,0.1573717513032285,0.939318072075219,,,
raw,reactor_5,reactor_5:X_S,1845,1,205.48973467921812,109.2906977040935,-2.709735425765304,0.5625403994396186,0.2991898005877034,0.6888933336783261,,,
raw,reactor_5,reactor_5:X_H,1845,1,41.35613189963214,27.056959516660072,1.9647413267446687,0.2313444651904448,0.1513554953411134,0.9448435058145968,,,
raw,reactor_5,reactor_5:X_PAO,1845,1,29.704567034838867,16.258737608171476,-0.5290310372191688,0.263394403895149,0.1441684201412295,0.9253862618316104,,,
raw,reactor_5,reactor_5:X_PP,1845,1,6.844576004019046,2.904862845012237,-0.1248082011225975,0.8404438079999111,0.3566873959389153,0.2230187014936131,,,
raw,reactor_5,reactor_5:X_PHA,1845,1,24.05173013511318,13.284769614315987,0.0691587888313601,0.2068679342834813,0.1142617529843899,0.9553518942345568,,,
raw,reactor_5,reactor_5:X_AOB,1845,1,3.019411994420694,1.7011496355019016,-0.0858959028719317,0.2146655425624612,0.1209434850758126,0.9563360753582596,,,
raw,reactor_5,reactor_5:X_NOB,1845,1,2.856775641186812,1.554734869676195,0.0434448089773391,0.1915768965835204,0.1042613487207594,0.96249277298886,,,
raw,reactor_5,reactor_5:X_MeP,1845,1,62.46022836982083,37.94603392729122,3.517309241333185,0.274136687442879,0.1665443805429454,0.9190108402362688,,,
raw,reactor_5,reactor_5:X_MeOH,1845,1,0.8124567855646343,0.4177322265416785,0.0134764310455766,0.3733804945793254,0.1919770603423022,0.8585572077358778,,,
raw,clarifier_overflow,ALL,1845,20,4.64274597450401,1.4529439423733383,-0.0472372982337459,0.7642871319805733,0.2826662627054301,0.530116902388588,,,
raw,clarifier_overflow,overflow_flow:S_O,1845,1,0.2034170329632408,0.0491024278459599,-0.0093290277632859,1.5534840199928297,0.3749923784176622,0.1754083490391911,,,
raw,clarifier_overflow,overflow_flow:S_F,1845,1,0.907583977229863,0.4729879314725168,0.0456848354662296,0.4708114154955343,0.2453636502140235,0.6019872749044555,,,
raw,clarifier_overflow,overflow_flow:S_A,1845,1,17.350014074873876,13.523195633590246,-0.2323001685377154,0.1766425271686688,0.1376812400154236,0.9685983112359065,,,
raw,clarifier_overflow,overflow_flow:S_NH4,1845,1,2.3451171480637063,1.5094254519270305,0.0281006154236223,0.1831370661837998,0.1178754541611339,0.966702043186656,,,
raw,clarifier_overflow,overflow_flow:S_NO2,1845,1,0.2150119807334376,0.0614922362375985,-0.0075053617713513,1.2860262034955536,0.3677963750826107,0.1808268908889992,,,
raw,clarifier_overflow,overflow_flow:S_NO3,1845,1,0.2746060066538304,0.0932561302942412,-0.0066981354957843,0.9690109922489846,0.3290758874901064,0.1650308278672714,,,
raw,clarifier_overflow,overflow_flow:S_N2,1845,1,1.8522350573833035,0.9752886798015976,-0.0359484730393586,0.5011703627302891,0.2638897150091904,0.7457562747333262,,,
raw,clarifier_overflow,overflow_flow:S_PO4,1845,1,0.9277950521303074,0.6413065530501438,0.0144823087142857,0.1344766355513372,0.0929523685356926,0.9824499327006014,,,
raw,clarifier_overflow,overflow_flow:S_I,1845,1,2.159395580884508,1.8438123627791452,-0.0035694963010735,0.09619248557225,0.0821345082274922,0.9907001831413096,,,
raw,clarifier_overflow,overflow_flow:S_ALK,1845,1,0.2092082844163879,0.1335097831253969,0.0047783397260544,0.1917040493457924,0.122339161299543,0.964263464575942,,,
raw,clarifier_overflow,overflow_flow:X_I,1845,1,9.511506330144329,5.609156461520093,-0.4237236772344385,0.6613969401585376,0.3900411556014372,0.5998528976989674,,,
raw,clarifier_overflow,overflow_flow:X_S,1845,1,4.027576380807944,1.2188849919039453,-0.1446718138170815,1.0806986659851443,0.3270570835147424,0.2568305861412434,,,
raw,clarifier_overflow,overflow_flow:X_H,1845,1,1.9853845942272563,1.0983985737668909,-0.0585671827128404,0.7524717277712256,0.4162991266211144,0.4150996022062301,,,
raw,clarifier_overflow,overflow_flow:X_PAO,1845,1,0.8737212973165841,0.4089460234140044,-0.0236243659447381,0.7534543687486165,0.3526549814797642,0.4242068294863691,,,
raw,clarifier_overflow,overflow_flow:X_PP,1845,1,0.0280794588187727,0.0168504730338052,8.302419119152024e-05,0.3382446025488969,0.202980463080359,-0.1761507347918414,,,
raw,clarifier_overflow,overflow_flow:X_PHA,1845,1,1.0162710397305743,0.4666629837543126,-0.0369922618943331,0.8081251289719217,0.3710841588409872,0.4237899922816484,,,
raw,clarifier_overflow,overflow_flow:X_AOB,1845,1,0.1125966128965115,0.0471296922428327,-0.0047507075900691,0.8611569462443177,0.3604554418219969,0.4082485813174746,,,
raw,clarifier_overflow,overflow_flow:X_NOB,1845,1,0.1193256781673418,0.0494721932254529,-0.0050312635935509,0.8942788396631923,0.3707662611496466,0.4256406865106608,,,
raw,clarifier_overflow,overflow_flow:X_MeP,1845,1,1.4622657775174188,0.8338548770973307,-0.0448656666851704,0.6625236151562469,0.3778031026809081,0.5880653482042248,,,
raw,clarifier_overflow,overflow_flow:X_MeOH,1845,1,0.0134592218572285,0.0061453873842219,-0.0002974858155118,0.7667281138017519,0.350082740864768,0.4950307064431219,,,
raw,clarifier_underflow,ALL,1845,20,167.6964418385351,39.72336246249106,1.8507193572790517,0.7282578495171225,0.1899274107887314,0.7626654726292864,,,
raw,clarifier_underflow,underflow_flow:S_O,1845,1,0.1398949125349974,0.0333872160552087,-0.0062883269503315,1.5844726093594736,0.3781490576293179,0.1743327020496077,,,
raw,clarifier_underflow,underflow_flow:S_F,1845,1,0.6424506990139642,0.375776702724955,0.0431630482401482,0.3783768921454348,0.2213169370598457,0.7171875777013694,,,
raw,clarifier_underflow,underflow_flow:S_A,1845,1,17.47085597454282,13.453153110847646,-0.320423416514086,0.1644893950284609,0.1266624268240236,0.973611191037027,,,
raw,clarifier_underflow,underflow_flow:S_NH4,1845,1,2.3084496444536056,1.5132899516406673,0.0321014401631301,0.1556085403710855,0.1020082205816413,0.976106989320586,,,
raw,clarifier_underflow,underflow_flow:S_NO2,1845,1,0.2198445678502871,0.0437704844099791,-0.0086232969288802,2.071126586899447,0.4123559425162172,0.1380953357788394,,,
raw,clarifier_underflow,underflow_flow:S_NO3,1845,1,0.2619317901620022,0.066457708775375,-0.0076151140178081,1.3445411861378465,0.3411389145608521,0.1293811222882063,,,
raw,clarifier_underflow,underflow_flow:S_N2,1845,1,1.6920744307425626,0.7945614398116198,-0.0478438192895394,0.4216437388026637,0.1979947513559291,0.8334459247124764,,,
raw,clarifier_underflow,underflow_flow:S_PO4,1845,1,0.90991475643228,0.6935807761043415,0.0046247124255679,0.108935186578327,0.0830356368197777,0.9880361265317558,,,
raw,clarifier_underflow,underflow_flow:S_I,1845,1,2.3199356003474447,1.8930613608069176,-0.0114903449988376,0.0972012670038633,0.0793159787534327,0.9906079394866434,,,
raw,clarifier_underflow,underflow_flow:S_ALK,1845,1,0.2219688523927778,0.1509696307941258,0.0047546770976131,0.1465617762193748,0.0996823518518593,0.9791547666383544,,,
raw,clarifier_underflow,underflow_flow:X_I,1845,1,608.0166410958774,378.4726866364176,31.981890820002462,0.2398840794231906,0.1493208670357465,0.9406320638917592,,,
raw,clarifier_underflow,underflow_flow:X_S,1845,1,407.6138019779735,206.59157437236493,-4.836235906453361,0.5948698190939593,0.3014988498349865,0.6554357854130755,,,
raw,clarifier_underflow,underflow_flow:X_H,1845,1,77.3354222691677,50.70590356327829,2.9985837209015287,0.2032319319860023,0.1332514705666696,0.958504731680394,,,
raw,clarifier_underflow,underflow_flow:X_PAO,1845,1,55.004463724333895,29.548582307088186,-0.9706950558188034,0.2547310397342368,0.1368423684935835,0.9290945189995032,,,
raw,clarifier_underflow,underflow_flow:X_PP,1845,1,12.202070847152514,5.0140942267381625,-0.2455964148911676,0.8616906120869611,0.3540872674336228,0.2135758658640175,,,
raw,clarifier_underflow,underflow_flow:X_PHA,1845,1,46.66140255391306,25.18075837392081,0.4213323994071827,0.2055753500594017,0.1109384402129565,0.9554311959748316,,,
raw,clarifier_underflow,underflow_flow:X_AOB,1845,1,5.721165840365538,3.1444624322785044,-0.1226108694156117,0.2119963776328727,0.1165172735498091,0.9560519697810882,,,
raw,clarifier_underflow,underflow_flow:X_NOB,1845,1,5.833926092957841,3.008226821430195,0.0487421046726602,0.2053279179124797,0.1058760327112019,0.9576737446430496,,,
raw,clarifier_underflow,underflow_flow:X_MeP,1845,1,122.0127421825502,72.9985571369666,8.011175032133131,0.2695031494617658,0.1612400533146182,0.9190748008605444,,,
raw,clarifier_underflow,underflow_flow:X_MeOH,1845,1,1.4635519716035714,0.7843949973670243,0.0454417558160276,0.3494996613033252,0.1873153746685361,0.8678750999326,,,
raw,clarifier_inventory,ALL,1845,1,5728124.567584946,4101658.616393775,-56265.27870586615,0.5008170148288476,0.3586130852903958,0.7523354941185018,,,
raw,clarifier_inventory,clarifier_inventory:TSS_mass,1845,1,5728124.567584946,4101658.616393775,-56265.27870586615,0.5008170148288476,0.3586130852903958,0.7523354941185018,,,
raw,clarifier_complete,ALL,1845,41,894582.7699594779,100060.54006150908,-1371.4441235289073,0.7414669703386455,0.2392801598822836,0.6489751949872191,,,
raw,clarifier_complete,overflow_flow:S_O,1845,1,0.2034170329632408,0.0491024278459599,-0.0093290277632859,1.5534840199928297,0.3749923784176622,0.1754083490391911,,,
raw,clarifier_complete,overflow_flow:S_F,1845,1,0.907583977229863,0.4729879314725168,0.0456848354662296,0.4708114154955343,0.2453636502140235,0.6019872749044555,,,
raw,clarifier_complete,overflow_flow:S_A,1845,1,17.350014074873876,13.523195633590246,-0.2323001685377154,0.1766425271686688,0.1376812400154236,0.9685983112359065,,,
raw,clarifier_complete,overflow_flow:S_NH4,1845,1,2.3451171480637063,1.5094254519270305,0.0281006154236223,0.1831370661837998,0.1178754541611339,0.966702043186656,,,
raw,clarifier_complete,overflow_flow:S_NO2,1845,1,0.2150119807334376,0.0614922362375985,-0.0075053617713513,1.2860262034955536,0.3677963750826107,0.1808268908889992,,,
raw,clarifier_complete,overflow_flow:S_NO3,1845,1,0.2746060066538304,0.0932561302942412,-0.0066981354957843,0.9690109922489846,0.3290758874901064,0.1650308278672714,,,
raw,clarifier_complete,overflow_flow:S_N2,1845,1,1.8522350573833035,0.9752886798015976,-0.0359484730393586,0.5011703627302891,0.2638897150091904,0.7457562747333262,,,
raw,clarifier_complete,overflow_flow:S_PO4,1845,1,0.9277950521303074,0.6413065530501438,0.0144823087142857,0.1344766355513372,0.0929523685356926,0.9824499327006014,,,
raw,clarifier_complete,overflow_flow:S_I,1845,1,2.159395580884508,1.8438123627791452,-0.0035694963010735,0.09619248557225,0.0821345082274922,0.9907001831413096,,,
raw,clarifier_complete,overflow_flow:S_ALK,1845,1,0.2092082844163879,0.1335097831253969,0.0047783397260544,0.1917040493457924,0.122339161299543,0.964263464575942,,,
raw,clarifier_complete,overflow_flow:X_I,1845,1,9.511506330144329,5.609156461520093,-0.4237236772344385,0.6613969401585376,0.3900411556014372,0.5998528976989674,,,
raw,clarifier_complete,overflow_flow:X_S,1845,1,4.027576380807944,1.2188849919039453,-0.1446718138170815,1.0806986659851443,0.3270570835147424,0.2568305861412434,,,
raw,clarifier_complete,overflow_flow:X_H,1845,1,1.9853845942272563,1.0983985737668909,-0.0585671827128404,0.7524717277712256,0.4162991266211144,0.4150996022062301,,,
raw,clarifier_complete,overflow_flow:X_PAO,1845,1,0.8737212973165841,0.4089460234140044,-0.0236243659447381,0.7534543687486165,0.3526549814797642,0.4242068294863691,,,
raw,clarifier_complete,overflow_flow:X_PP,1845,1,0.0280794588187727,0.0168504730338052,8.302419119152024e-05,0.3382446025488969,0.202980463080359,-0.1761507347918414,,,
raw,clarifier_complete,overflow_flow:X_PHA,1845,1,1.0162710397305743,0.4666629837543126,-0.0369922618943331,0.8081251289719217,0.3710841588409872,0.4237899922816484,,,
raw,clarifier_complete,overflow_flow:X_AOB,1845,1,0.1125966128965115,0.0471296922428327,-0.0047507075900691,0.8611569462443177,0.3604554418219969,0.4082485813174746,,,
raw,clarifier_complete,overflow_flow:X_NOB,1845,1,0.1193256781673418,0.0494721932254529,-0.0050312635935509,0.8942788396631923,0.3707662611496466,0.4256406865106608,,,
raw,clarifier_complete,overflow_flow:X_MeP,1845,1,1.4622657775174188,0.8338548770973307,-0.0448656666851704,0.6625236151562469,0.3778031026809081,0.5880653482042248,,,
raw,clarifier_complete,overflow_flow:X_MeOH,1845,1,0.0134592218572285,0.0061453873842219,-0.0002974858155118,0.7667281138017519,0.350082740864768,0.4950307064431219,,,
raw,clarifier_complete,underflow_flow:S_O,1845,1,0.1398949125349974,0.0333872160552087,-0.0062883269503315,1.5844726093594736,0.3781490576293179,0.1743327020496077,,,
raw,clarifier_complete,underflow_flow:S_F,1845,1,0.6424506990139642,0.375776702724955,0.0431630482401482,0.3783768921454348,0.2213169370598457,0.7171875777013694,,,
raw,clarifier_complete,underflow_flow:S_A,1845,1,17.47085597454282,13.453153110847646,-0.320423416514086,0.1644893950284609,0.1266624268240236,0.973611191037027,,,
raw,clarifier_complete,underflow_flow:S_NH4,1845,1,2.3084496444536056,1.5132899516406673,0.0321014401631301,0.1556085403710855,0.1020082205816413,0.976106989320586,,,
raw,clarifier_complete,underflow_flow:S_NO2,1845,1,0.2198445678502871,0.0437704844099791,-0.0086232969288802,2.071126586899447,0.4123559425162172,0.1380953357788394,,,
raw,clarifier_complete,underflow_flow:S_NO3,1845,1,0.2619317901620022,0.066457708775375,-0.0076151140178081,1.3445411861378465,0.3411389145608521,0.1293811222882063,,,
raw,clarifier_complete,underflow_flow:S_N2,1845,1,1.6920744307425626,0.7945614398116198,-0.0478438192895394,0.4216437388026637,0.1979947513559291,0.8334459247124764,,,
raw,clarifier_complete,underflow_flow:S_PO4,1845,1,0.90991475643228,0.6935807761043415,0.0046247124255679,0.108935186578327,0.0830356368197777,0.9880361265317558,,,
raw,clarifier_complete,underflow_flow:S_I,1845,1,2.3199356003474447,1.8930613608069176,-0.0114903449988376,0.0972012670038633,0.0793159787534327,0.9906079394866434,,,
raw,clarifier_complete,underflow_flow:S_ALK,1845,1,0.2219688523927778,0.1509696307941258,0.0047546770976131,0.1465617762193748,0.0996823518518593,0.9791547666383544,,,
raw,clarifier_complete,underflow_flow:X_I,1845,1,608.0166410958774,378.4726866364176,31.981890820002462,0.2398840794231906,0.1493208670357465,0.9406320638917592,,,
raw,clarifier_complete,underflow_flow:X_S,1845,1,407.6138019779735,206.59157437236493,-4.836235906453361,0.5948698190939593,0.3014988498349865,0.6554357854130755,,,
raw,clarifier_complete,underflow_flow:X_H,1845,1,77.3354222691677,50.70590356327829,2.9985837209015287,0.2032319319860023,0.1332514705666696,0.958504731680394,,,
raw,clarifier_complete,underflow_flow:X_PAO,1845,1,55.004463724333895,29.548582307088186,-0.9706950558188034,0.2547310397342368,0.1368423684935835,0.9290945189995032,,,
raw,clarifier_complete,underflow_flow:X_PP,1845,1,12.202070847152514,5.0140942267381625,-0.2455964148911676,0.8616906120869611,0.3540872674336228,0.2135758658640175,,,
raw,clarifier_complete,underflow_flow:X_PHA,1845,1,46.66140255391306,25.18075837392081,0.4213323994071827,0.2055753500594017,0.1109384402129565,0.9554311959748316,,,
raw,clarifier_complete,underflow_flow:X_AOB,1845,1,5.721165840365538,3.1444624322785044,-0.1226108694156117,0.2119963776328727,0.1165172735498091,0.9560519697810882,,,
raw,clarifier_complete,underflow_flow:X_NOB,1845,1,5.833926092957841,3.008226821430195,0.0487421046726602,0.2053279179124797,0.1058760327112019,0.9576737446430496,,,
raw,clarifier_complete,underflow_flow:X_MeP,1845,1,122.0127421825502,72.9985571369666,8.011175032133131,0.2695031494617658,0.1612400533146182,0.9190748008605444,,,
raw,clarifier_complete,underflow_flow:X_MeOH,1845,1,1.4635519716035714,0.7843949973670243,0.0454417558160276,0.3494996613033252,0.1873153746685361,0.8678750999326,,,
raw,clarifier_complete,clarifier_inventory:TSS_mass,1845,1,5728124.567584946,4101658.616393775,-56265.27870586615,0.5008170148288476,0.3586130852903958,0.7523354941185018,,,
raw,complete_response,ALL,1845,161,451439.4678066962,25497.0699751842,-348.62373067443144,1.5704108801182064,0.2039729955659419,0.7385180543197521,,,
raw,complete_response,mixer:S_O,1845,1,0.1466982709658802,0.036142558107921,-0.0067019662838614,1.3707987913346795,0.3377284179552797,0.2573387395729853,,,
raw,complete_response,mixer:S_F,1845,1,2.951810073680469,1.7086201645600978,0.0905179350780016,0.1573752954848991,0.091094818622199,0.97476222892081,,,
raw,complete_response,mixer:S_A,1845,1,13.710638215032244,10.536664315560891,-0.2156011792555554,0.1824841158564744,0.1402395600806881,0.9664211704724004,,,
raw,complete_response,mixer:S_NH4,1845,1,1.940052415108647,1.3414522024795872,0.0177705480944571,0.1518148881505332,0.10497263604464,0.977002410419795,,,
raw,complete_response,mixer:S_NO2,1845,1,0.1690837197734326,0.0570353453628037,-0.0070012127751097,0.4878471313567898,0.1645606665057502,0.7936427824569143,,,
raw,complete_response,mixer:S_NO3,1845,1,0.2501196780091422,0.1116958194815484,-0.0091015160071235,0.2846066385965181,0.127096644218313,0.922989266770946,,,
raw,complete_response,mixer:S_N2,1845,1,1.409766625189674,0.745457215280827,-0.0226226080224993,0.4845109646192027,0.2561999894198543,0.7628613805475458,,,
raw,complete_response,mixer:S_PO4,1845,1,0.7971241441137848,0.5817217785169572,0.0021933697459263,0.1309199744475772,0.0955422074985699,0.9832762648489092,,,
raw,complete_response,mixer:S_I,1845,1,2.217210314425724,1.894649661036477,-0.0045235789381531,0.0960806209601445,0.0821027733589006,0.9907207835268876,,,
raw,complete_response,mixer:S_ALK,1845,1,0.1725610395226596,0.1191970610038391,0.0038681518123725,0.1597063401956862,0.1103176384870197,0.974957597215612,,,
raw,complete_response,mixer:X_I,1845,1,308.0482772427305,198.47134774368752,14.844095190728387,0.2443626342924368,0.1574395474641866,0.9392555673300208,,,
raw,complete_response,mixer:X_S,1845,1,203.6044345046223,107.61384508622857,-2.738825635673967,0.5560882631549618,0.2939169588866169,0.6957109981869699,,,
raw,complete_response,mixer:X_H,1845,1,40.828010995926775,26.708040952909,1.927258544268693,0.2263063131708835,0.1480404784027517,0.947192228176086,,,
raw,complete_response,mixer:X_PAO,1845,1,29.29841598121758,16.109867578283108,-0.5261655802357866,0.2554304239822194,0.1404495829554829,0.9298446388373184,,,
raw,complete_response,mixer:X_PP,1845,1,6.68062205051646,2.854746621975747,-0.1130039172827451,0.8096129137176902,0.3459617552178158,0.2706813365359281,,,
raw,complete_response,mixer:X_PHA,1845,1,23.89647260577201,13.256085955731388,0.0625366912434906,0.2062293547167799,0.1144015728940816,0.9556092140365432,,,
raw,complete_response,mixer:X_AOB,1845,1,3.026470180047563,1.7097987505068704,-0.0820624011518044,0.2107187223513958,0.1190451538429361,0.9578605803342056,,,
raw,complete_response,mixer:X_NOB,1845,1,2.875270700098317,1.5728771866247166,0.039961304553923,0.1891642326533005,0.1034796849060413,0.9634935254537592,,,
raw,complete_response,mixer:X_MeP,1845,1,62.45223071448391,37.96123964600048,3.526628304839329,0.2746966742509376,0.1669728392709078,0.9186484958955132,,,
raw,complete_response,mixer:X_MeOH,1845,1,0.8455044330921108,0.4455946878579933,0.0068746303519733,0.3032855050781829,0.1598364298019524,0.9102832355525288,,,
raw,complete_response,reactor_1:S_O,1845,1,0.0013529523472655,0.0001690463548756,-5.522474950216747e-05,3.4083272672096587,0.425857793077275,0.065834611156145,,,
raw,complete_response,reactor_1:S_F,1845,1,2.5640675271785063,1.5722263696812455,0.0326266469398926,0.2724139091278255,0.1670378517175848,0.9159790114005864,,,
raw,complete_response,reactor_1:S_A,1845,1,13.538850506960625,10.253242008028524,-0.073243906252729,0.1727811211239012,0.1308505953582283,0.9701085204967967,,,
raw,complete_response,reactor_1:S_NH4,1845,1,1.9998732901989047,1.370597071319624,0.020840872388632,0.1562862708098932,0.1071095384439084,0.9756011474067676,,,
raw,complete_response,reactor_1:S_NO2,1845,1,0.1665355010179562,0.016288221900041,-0.0048779806776345,3.4523696878152244,0.3376635204649055,0.0557921431303194,,,
raw,complete_response,reactor_1:S_NO3,1845,1,0.1436431041514729,0.0125786222396992,-0.0040070104403148,3.90523617104295,0.3419759747085305,0.0453548014526341,,,
raw,complete_response,reactor_1:S_N2,1845,1,1.5227154354305743,0.8109339765190074,-0.030507890674709,0.4537856941136221,0.2416671092001782,0.789238050455186,,,
raw,complete_response,reactor_1:S_PO4,1845,1,1.1516071290970298,0.6838134397347624,-0.0026427251173614,0.1697083363613816,0.1007712077381231,0.971710528971393,,,
raw,complete_response,reactor_1:S_I,1845,1,2.217210314425737,1.8946496610364916,-0.0045235789381542,0.0960806209601451,0.0821027733589013,0.9907207835268876,,,
raw,complete_response,reactor_1:S_ALK,1845,1,0.1626399423587007,0.1134147711257816,0.0034159049401356,0.1502527869264468,0.1047767552861664,0.9777890328719891,,,
raw,complete_response,reactor_1:X_I,1845,1,308.05720228733315,198.47654008763277,14.843662072283324,0.2443414787908802,0.1574254747177638,0.9392684433435718,,,
raw,complete_response,reactor_1:X_S,1845,1,203.6762632391492,107.6331745770988,-2.750570822767282,0.5560196049333206,0.2938297976127363,0.6957898591096463,,,
raw,complete_response,reactor_1:X_H,1845,1,39.75543347913387,25.994958629173382,1.8900295814819557,0.2219245267243624,0.1451101996919886,0.949185256138466,,,
raw,complete_response,reactor_1:X_PAO,1845,1,29.11427570121905,16.027284401232205,-0.5235763609020404,0.2549168255431456,0.1403306234909433,0.9301280233013448,,,
raw,complete_response,reactor_1:X_PP,1845,1,6.234907844137311,2.5977060601303674,-0.1056666394645284,0.8581196982698651,0.3575261729985208,0.1986013729541341,,,
raw,complete_response,reactor_1:X_PHA,1845,1,24.50940928413388,13.464417891375945,0.0481930690266368,0.2103990222918753,0.1155841957361496,0.9538481270531396,,,
raw,complete_response,reactor_1:X_AOB,1845,1,3.0165424160965983,1.7017466499977931,-0.0825287541445804,0.2110108759807958,0.1190392846449934,0.957754851686416,,,
raw,complete_response,reactor_1:X_NOB,1845,1,2.8702164805082213,1.5682539509514537,0.0408657304804787,0.1895726888161056,0.1035803815660992,0.9633228602517536,,,
raw,complete_response,reactor_1:X_MeP,1845,1,62.44759318507805,37.93548365953532,3.5177998794438143,0.2742830998188588,0.1666207057880866,0.9189144154573188,,,
raw,complete_response,reactor_1:X_MeOH,1845,1,0.8251777148243333,0.4292914894268612,0.0131288536936758,0.3470447540680953,0.180546998174069,0.8790201411924381,,,
raw,complete_response,reactor_2:S_O,1845,1,1.5622724220364574e-05,1.291052405619291e-06,-5.637864691541682e-07,5.863534896905434,0.4845589493421759,0.0259811156182041,,,
raw,complete_response,reactor_2:S_F,1845,1,2.2447096776713,1.3964789272949294,0.0839815571430117,0.4320284977183412,0.2687735964503179,0.7474694956896542,,,
raw,complete_response,reactor_2:S_A,1845,1,14.420136361392832,10.625943076952208,-0.0648024125919093,0.1747276983314764,0.1287537461440353,0.969471042354728,,,
raw,complete_response,reactor_2:S_NH4,1845,1,2.038965957739737,1.3920442722472015,0.0211976980521263,0.1590660135439816,0.1085976606046697,0.9747092497674338,,,
raw,complete_response,reactor_2:S_NO2,1845,1,0.1602561036571034,0.0067498445108706,-0.0039410483707768,10.15283042976472,0.427628185025515,0.0064505901895962,,,
raw,complete_response,reactor_2:S_NO3,1845,1,0.1077119567329577,0.0041525355694414,-0.0026277052310741,12.733240800225207,0.4908947617420731,0.0051275643354992,,,
raw,complete_response,reactor_2:S_N2,1845,1,1.5480111932094287,0.8240685321926091,-0.0328303214938926,0.4568744541309932,0.2432126217585374,0.7868083198073483,,,
raw,complete_response,reactor_2:S_PO4,1845,1,1.7136418335485992,0.8351392547613798,-0.0211632936286655,0.2399903773989663,0.1169587372384784,0.9436678677287622,,,
raw,complete_response,reactor_2:S_I,1845,1,2.217210314425756,1.894649661036501,-0.0045235789381625,0.0960806209601459,0.0821027733589017,0.9907207835268874,,,
raw,complete_response,reactor_2:S_ALK,1845,1,0.1564127660277203,0.1105426876316422,0.0026785092567346,0.1443435757938848,0.1020129444408,0.9794718228559538,,,
raw,complete_response,reactor_2:X_I,1845,1,308.0659797276254,198.48155120230112,14.84324029289304,0.2443208178944227,0.1574116524309983,0.9392809420509056,,,
raw,complete_response,reactor_2:X_S,1845,1,203.83787843241552,107.75530310339322,-2.758041499121366,0.5564851918571563,0.2941760922075115,0.6952995267160584,,,
raw,complete_response,reactor_2:X_H,1845,1,38.96224259273578,25.468122076964764,1.878113510352229,0.2193312818653039,0.143368438008858,0.9502961960546098,,,
raw,complete_response,reactor_2:X_PAO,1845,1,28.845170589534803,15.906161222437555,-0.5171333070202597,0.2538069805741166,0.1399573887025877,0.9307308152751352,,,
raw,complete_response,reactor_2:X_PP,1845,1,5.689956806592112,2.312042201604203,-0.0868685203801803,0.8807170102829799,0.3578682518443417,0.1765634082842813,,,
raw,complete_response,reactor_2:X_PHA,1845,1,24.917968644724606,13.50088573683778,0.0067819962839404,0.2135184667648063,0.1156871358013663,0.9525685446386492,,,
raw,complete_response,reactor_2:X_AOB,1845,1,3.006686323218271,1.6936872302627386,-0.0828454508103721,0.2112919869034034,0.1190222396369204,0.9576525927113172,,,
raw,complete_response,reactor_2:X_NOB,1845,1,2.865380770994977,1.5638379740628403,0.0417669190767589,0.1899865101378995,0.1036888786721891,0.963150082428489,,,
raw,complete_response,reactor_2:X_MeP,1845,1,62.4615952015276,37.94391549392631,3.516944891191336,0.2741906113701869,0.1665641960230295,0.9189778582735844,,,
raw,complete_response,reactor_2:X_MeOH,1845,1,0.8020598717517637,0.4210037102905884,0.013734543534853,0.3591993753922993,0.1885448644175824,0.8686483970971871,,,
raw,complete_response,reactor_3:S_O,1845,1,0.0279053892820829,0.0087830354138368,-0.0009327076842443,1.0320317031704378,0.3248251047681381,0.3435693702202351,,,
raw,complete_response,reactor_3:S_F,1845,1,1.720193156100306,1.0081730644613578,0.0818771176694978,0.4930999097367779,0.2889966428025703,0.6210055289245668,,,
raw,complete_response,reactor_3:S_A,1845,1,15.039576785897616,11.322613853340298,-0.1585658114473176,0.168445935262872,0.1268152892396983,0.9714583756096316,,,
raw,complete_response,reactor_3:S_NH4,1845,1,2.172716443580686,1.451658805449596,0.0262980385123299,0.1684613902205945,0.1125542457298225,0.9717359155308676,,,
raw,complete_response,reactor_3:S_NO2,1845,1,0.2035865569868121,0.0292106159256258,-0.0063334888699987,2.75778882216591,0.3956877668179775,0.0640858129664501,,,
raw,complete_response,reactor_3:S_NO3,1845,1,0.127694324975557,0.0234779985409166,-0.0031592791217616,1.6413079983360082,0.3017724303527496,0.0370695218357955,,,
raw,complete_response,reactor_3:S_N2,1845,1,1.665270787478849,0.8798355514625088,-0.0373839648221302,0.4741689244971077,0.2505242272356839,0.7714144031656022,,,
raw,complete_response,reactor_3:S_PO4,1845,1,1.2422887792773785,0.7315878253286209,-0.01291967232809,0.1749864330379669,0.1030500686665823,0.9699911528803792,,,
raw,complete_response,reactor_3:S_I,1845,1,2.2172103144257576,1.8946496610365064,-0.0045235789381809,0.0960806209601462,0.0821027733589021,0.9907207835268874,,,
raw,complete_response,reactor_3:S_ALK,1845,1,0.1711121301835226,0.1164933136835471,0.0035176007280894,0.1565024716283968,0.1065470431587957,0.975962796568447,,,
raw,complete_response,reactor_3:X_I,1845,1,308.07450637959863,198.48630383199196,14.843029977053028,0.2443003085089587,0.1573978510289667,0.9392933864856936,,,
raw,complete_response,reactor_3:X_S,1845,1,204.2239193476885,108.08369835208576,-2.736594416930354,0.5574541993249691,0.2950276917483191,0.6942836867602842,,,
raw,complete_response,reactor_3:X_H,1845,1,39.59722688141812,25.772965365002243,1.9198061787144869,0.222501187688119,0.1448211366197668,0.9488720796037128,,,
raw,complete_response,reactor_3:X_PAO,1845,1,29.135715376416627,16.006928074851654,-0.5238515335599749,0.2570480792893532,0.1412201507258644,0.9289553482061595,,,
raw,complete_response,reactor_3:X_PP,1845,1,6.064198040267764,2.4911755941698,-0.096185308733006,0.8689700663190366,0.3569733387504132,0.1870267816467314,,,
raw,complete_response,reactor_3:X_PHA,1845,1,24.66651560445043,13.481025350498468,0.0283021920043534,0.2114955191122603,0.1155889425320694,0.95342327251383,,,
raw,complete_response,reactor_3:X_AOB,1845,1,3.0087209926073464,1.69449785639937,-0.0844592921007825,0.2122616312687617,0.1195447766889995,0.9572759695570005,,,
raw,complete_response,reactor_3:X_NOB,1845,1,2.86168996255797,1.5600829475442333,0.042428083894474,0.1904668973803103,0.1038352031710214,0.9629503100549448,,,
raw,complete_response,reactor_3:X_MeP,1845,1,62.46477033393016,37.94703510507207,3.51886773718514,0.2741652808985604,0.1665540349101133,0.9189954310168807,,,
raw,complete_response,reactor_3:X_MeOH,1845,1,0.7962421035291543,0.4168369997233037,0.0123723631194816,0.3644384613242477,0.1907854836222114,0.8642221080260734,,,
raw,complete_response,reactor_4:S_O,1845,1,0.0503576463056815,0.0176026597951095,-0.0017418959606109,0.9229372639766148,0.322615369499043,0.2846845162560524,,,
raw,complete_response,reactor_4:S_F,1845,1,1.2667393402194935,0.6901543716457489,0.0671585691445997,0.5001254929674147,0.2724820998163194,0.5680897676098358,,,
raw,complete_response,reactor_4:S_A,1845,1,15.927714139191412,12.2204650778507,-0.3541361092605809,0.1677565067221762,0.1287104046484761,0.9713126720055296,,,
raw,complete_response,reactor_4:S_NH4,1845,1,2.3150538616157674,1.5037721017170955,0.0254068353876856,0.1780085706294314,0.1156276866026126,0.9685256112207936,,,
raw,complete_response,reactor_4:S_NO2,1845,1,0.2425528699552683,0.0499269564141597,-0.0083004815136743,1.8616431780727785,0.3831996621087133,0.1161437211062912,,,
raw,complete_response,reactor_4:S_NO3,1845,1,0.1842426321595545,0.0607832888925878,-0.0052526613989111,0.9483244520093588,0.312860701428058,0.1243914525876505,,,
raw,complete_response,reactor_4:S_N2,1845,1,1.8010066706587518,0.9421365985163376,-0.0386966945102005,0.4920161570439862,0.2573818499200509,0.7550790512868804,,,
raw,complete_response,reactor_4:S_PO4,1845,1,0.9431952073702056,0.656277057878244,0.0023555221525911,0.1335804646587406,0.0929455468509798,0.9825519628917696,,,
raw,complete_response,reactor_4:S_I,1845,1,2.217210314425768,1.894649661036512,-0.004523578938179,0.0960806209601465,0.0821027733589022,0.9907207835268872,,,
raw,complete_response,reactor_4:S_ALK,1845,1,0.1944862952089933,0.1265525076756168,0.004236718351149,0.1762571224365176,0.1146907591409457,0.969606287585878,,,
raw,complete_response,reactor_4:X_I,1845,1,308.08343057549155,198.49181589553868,14.84379635758848,0.2442801288174265,0.1573846612444997,0.9393057460456352,,,
raw,complete_response,reactor_4:X_S,1845,1,204.7799463983816,108.61218037976498,-2.70788691497044,0.5594831301982743,0.2967413739737689,0.6921679850529256,,,
raw,complete_response,reactor_4:X_H,1845,1,40.37204538701131,26.29079243812423,2.017907326374443,0.2262388926604942,0.147329661188822,0.9470099934558752,,,
raw,complete_response,reactor_4:X_PAO,1845,1,29.485260064032907,16.141332232253102,-0.5318586072897309,0.2607759645868174,0.1427584994482276,0.9268936779074912,,,
raw,complete_response,reactor_4:X_PP,1845,1,6.511234133041396,2.717964835208617,-0.11357766361932,0.8572948966137285,0.3578580242685166,0.2025348995930432,,,
raw,complete_response,reactor_4:X_PHA,1845,1,24.309385249895307,13.398784457662186,0.0625065707888524,0.2087293546356928,0.1150469090024653,0.9545761947840335,,,
raw,complete_response,reactor_4:X_AOB,1845,1,3.0154326441268284,1.6987763741108344,-0.0856568568731322,0.2135522999046834,0.120306982290482,0.9567708039706746,,,
raw,complete_response,reactor_4:X_NOB,1845,1,2.858861897742713,1.557000810424931,0.0428027193465457,0.1909980471943226,0.1040218537684338,0.962730151268164,,,
raw,complete_response,reactor_4:X_MeP,1845,1,62.46486215766869,37.9474789990524,3.520445976157324,0.2741566371895922,0.1665504873114597,0.918998974847946,,,
raw,complete_response,reactor_4:X_MeOH,1845,1,0.8053218035315712,0.4167610557138085,0.011254308828187,0.3706492699962102,0.1918142292755112,0.860429308856145,,,
raw,complete_response,reactor_5:S_O,1845,1,0.2106483651806298,0.0510055766170865,-0.0096545568056606,1.545935886997316,0.3743269085508001,0.1763773094868014,,,
raw,complete_response,reactor_5:S_F,1845,1,0.9440641995334664,0.4913956991584811,0.0474975509736764,0.4715107845609979,0.2454264993361841,0.6006167658586734,,,
raw,complete_response,reactor_5:S_A,1845,1,17.82898114675796,13.884718087198513,-0.2605512495437125,0.1780150541662584,0.1386332074744118,0.9681039982714834,,,
raw,complete_response,reactor_5:S_NH4,1845,1,2.42062615479687,1.55260739597787,0.0290937261249095,0.1847017918505248,0.1184690859880238,0.9661276438716888,,,
raw,complete_response,reactor_5:S_NO2,1845,1,0.2244620560487285,0.0638416081292766,-0.0078424817076059,1.2938595426705377,0.3680001660484004,0.1799699195857436,,,
raw,complete_response,reactor_5:S_NO3,1845,1,0.2851772029100869,0.0968722526874661,-0.0068878769204317,0.9682577545146074,0.3289088640493847,0.1647341095014466,,,
raw,complete_response,reactor_5:S_N2,1845,1,1.9177304170586544,1.0079357139656089,-0.0377185673804057,0.5034301194012282,0.2645967297159207,0.7436319486175783,,,
raw,complete_response,reactor_5:S_PO4,1845,1,0.9576022674911718,0.6586112492430499,0.0152250233391472,0.1353964022076104,0.0931217444112733,0.9821683872193908,,,
raw,complete_response,reactor_5:S_I,1845,1,2.217210314425788,1.8946496610365284,-0.0045235789382028,0.0960806209601475,0.082102773358903,0.9907207835268872,,,
raw,complete_response,reactor_5:S_ALK,1845,1,0.2159288884512135,0.1372718902747993,0.0049992997259935,0.1937555608736021,0.1231757004963355,0.9633679808046512,,,
raw,complete_response,reactor_5:X_I,1845,1,308.0923243140072,198.4975237899808,14.844180100729863,0.2442601182857923,0.1573717513032285,0.939318072075219,,,
raw,complete_response,reactor_5:X_S,1845,1,205.48973467921812,109.2906977040935,-2.709735425765304,0.5625403994396186,0.2991898005877034,0.6888933336783261,,,
raw,complete_response,reactor_5:X_H,1845,1,41.35613189963214,27.056959516660072,1.9647413267446687,0.2313444651904448,0.1513554953411134,0.9448435058145968,,,
raw,complete_response,reactor_5:X_PAO,1845,1,29.704567034838867,16.258737608171476,-0.5290310372191688,0.263394403895149,0.1441684201412295,0.9253862618316104,,,
raw,complete_response,reactor_5:X_PP,1845,1,6.844576004019046,2.904862845012237,-0.1248082011225975,0.8404438079999111,0.3566873959389153,0.2230187014936131,,,
raw,complete_response,reactor_5:X_PHA,1845,1,24.05173013511318,13.284769614315987,0.0691587888313601,0.2068679342834813,0.1142617529843899,0.9553518942345568,,,
raw,complete_response,reactor_5:X_AOB,1845,1,3.019411994420694,1.7011496355019016,-0.0858959028719317,0.2146655425624612,0.1209434850758126,0.9563360753582596,,,
raw,complete_response,reactor_5:X_NOB,1845,1,2.856775641186812,1.554734869676195,0.0434448089773391,0.1915768965835204,0.1042613487207594,0.96249277298886,,,
raw,complete_response,reactor_5:X_MeP,1845,1,62.46022836982083,37.94603392729122,3.517309241333185,0.274136687442879,0.1665443805429454,0.9190108402362688,,,
raw,complete_response,reactor_5:X_MeOH,1845,1,0.8124567855646343,0.4177322265416785,0.0134764310455766,0.3733804945793254,0.1919770603423022,0.8585572077358778,,,
raw,complete_response,overflow_flow:S_O,1845,1,0.2034170329632408,0.0491024278459599,-0.0093290277632859,1.5534840199928297,0.3749923784176622,0.1754083490391911,,,
raw,complete_response,overflow_flow:S_F,1845,1,0.907583977229863,0.4729879314725168,0.0456848354662296,0.4708114154955343,0.2453636502140235,0.6019872749044555,,,
raw,complete_response,overflow_flow:S_A,1845,1,17.350014074873876,13.523195633590246,-0.2323001685377154,0.1766425271686688,0.1376812400154236,0.9685983112359065,,,
raw,complete_response,overflow_flow:S_NH4,1845,1,2.3451171480637063,1.5094254519270305,0.0281006154236223,0.1831370661837998,0.1178754541611339,0.966702043186656,,,
raw,complete_response,overflow_flow:S_NO2,1845,1,0.2150119807334376,0.0614922362375985,-0.0075053617713513,1.2860262034955536,0.3677963750826107,0.1808268908889992,,,
raw,complete_response,overflow_flow:S_NO3,1845,1,0.2746060066538304,0.0932561302942412,-0.0066981354957843,0.9690109922489846,0.3290758874901064,0.1650308278672714,,,
raw,complete_response,overflow_flow:S_N2,1845,1,1.8522350573833035,0.9752886798015976,-0.0359484730393586,0.5011703627302891,0.2638897150091904,0.7457562747333262,,,
raw,complete_response,overflow_flow:S_PO4,1845,1,0.9277950521303074,0.6413065530501438,0.0144823087142857,0.1344766355513372,0.0929523685356926,0.9824499327006014,,,
raw,complete_response,overflow_flow:S_I,1845,1,2.159395580884508,1.8438123627791452,-0.0035694963010735,0.09619248557225,0.0821345082274922,0.9907001831413096,,,
raw,complete_response,overflow_flow:S_ALK,1845,1,0.2092082844163879,0.1335097831253969,0.0047783397260544,0.1917040493457924,0.122339161299543,0.964263464575942,,,
raw,complete_response,overflow_flow:X_I,1845,1,9.511506330144329,5.609156461520093,-0.4237236772344385,0.6613969401585376,0.3900411556014372,0.5998528976989674,,,
raw,complete_response,overflow_flow:X_S,1845,1,4.027576380807944,1.2188849919039453,-0.1446718138170815,1.0806986659851443,0.3270570835147424,0.2568305861412434,,,
raw,complete_response,overflow_flow:X_H,1845,1,1.9853845942272563,1.0983985737668909,-0.0585671827128404,0.7524717277712256,0.4162991266211144,0.4150996022062301,,,
raw,complete_response,overflow_flow:X_PAO,1845,1,0.8737212973165841,0.4089460234140044,-0.0236243659447381,0.7534543687486165,0.3526549814797642,0.4242068294863691,,,
raw,complete_response,overflow_flow:X_PP,1845,1,0.0280794588187727,0.0168504730338052,8.302419119152024e-05,0.3382446025488969,0.202980463080359,-0.1761507347918414,,,
raw,complete_response,overflow_flow:X_PHA,1845,1,1.0162710397305743,0.4666629837543126,-0.0369922618943331,0.8081251289719217,0.3710841588409872,0.4237899922816484,,,
raw,complete_response,overflow_flow:X_AOB,1845,1,0.1125966128965115,0.0471296922428327,-0.0047507075900691,0.8611569462443177,0.3604554418219969,0.4082485813174746,,,
raw,complete_response,overflow_flow:X_NOB,1845,1,0.1193256781673418,0.0494721932254529,-0.0050312635935509,0.8942788396631923,0.3707662611496466,0.4256406865106608,,,
raw,complete_response,overflow_flow:X_MeP,1845,1,1.4622657775174188,0.8338548770973307,-0.0448656666851704,0.6625236151562469,0.3778031026809081,0.5880653482042248,,,
raw,complete_response,overflow_flow:X_MeOH,1845,1,0.0134592218572285,0.0061453873842219,-0.0002974858155118,0.7667281138017519,0.350082740864768,0.4950307064431219,,,
raw,complete_response,underflow_flow:S_O,1845,1,0.1398949125349974,0.0333872160552087,-0.0062883269503315,1.5844726093594736,0.3781490576293179,0.1743327020496077,,,
raw,complete_response,underflow_flow:S_F,1845,1,0.6424506990139642,0.375776702724955,0.0431630482401482,0.3783768921454348,0.2213169370598457,0.7171875777013694,,,
raw,complete_response,underflow_flow:S_A,1845,1,17.47085597454282,13.453153110847646,-0.320423416514086,0.1644893950284609,0.1266624268240236,0.973611191037027,,,
raw,complete_response,underflow_flow:S_NH4,1845,1,2.3084496444536056,1.5132899516406673,0.0321014401631301,0.1556085403710855,0.1020082205816413,0.976106989320586,,,
raw,complete_response,underflow_flow:S_NO2,1845,1,0.2198445678502871,0.0437704844099791,-0.0086232969288802,2.071126586899447,0.4123559425162172,0.1380953357788394,,,
raw,complete_response,underflow_flow:S_NO3,1845,1,0.2619317901620022,0.066457708775375,-0.0076151140178081,1.3445411861378465,0.3411389145608521,0.1293811222882063,,,
raw,complete_response,underflow_flow:S_N2,1845,1,1.6920744307425626,0.7945614398116198,-0.0478438192895394,0.4216437388026637,0.1979947513559291,0.8334459247124764,,,
raw,complete_response,underflow_flow:S_PO4,1845,1,0.90991475643228,0.6935807761043415,0.0046247124255679,0.108935186578327,0.0830356368197777,0.9880361265317558,,,
raw,complete_response,underflow_flow:S_I,1845,1,2.3199356003474447,1.8930613608069176,-0.0114903449988376,0.0972012670038633,0.0793159787534327,0.9906079394866434,,,
raw,complete_response,underflow_flow:S_ALK,1845,1,0.2219688523927778,0.1509696307941258,0.0047546770976131,0.1465617762193748,0.0996823518518593,0.9791547666383544,,,
raw,complete_response,underflow_flow:X_I,1845,1,608.0166410958774,378.4726866364176,31.981890820002462,0.2398840794231906,0.1493208670357465,0.9406320638917592,,,
raw,complete_response,underflow_flow:X_S,1845,1,407.6138019779735,206.59157437236493,-4.836235906453361,0.5948698190939593,0.3014988498349865,0.6554357854130755,,,
raw,complete_response,underflow_flow:X_H,1845,1,77.3354222691677,50.70590356327829,2.9985837209015287,0.2032319319860023,0.1332514705666696,0.958504731680394,,,
raw,complete_response,underflow_flow:X_PAO,1845,1,55.004463724333895,29.548582307088186,-0.9706950558188034,0.2547310397342368,0.1368423684935835,0.9290945189995032,,,
raw,complete_response,underflow_flow:X_PP,1845,1,12.202070847152514,5.0140942267381625,-0.2455964148911676,0.8616906120869611,0.3540872674336228,0.2135758658640175,,,
raw,complete_response,underflow_flow:X_PHA,1845,1,46.66140255391306,25.18075837392081,0.4213323994071827,0.2055753500594017,0.1109384402129565,0.9554311959748316,,,
raw,complete_response,underflow_flow:X_AOB,1845,1,5.721165840365538,3.1444624322785044,-0.1226108694156117,0.2119963776328727,0.1165172735498091,0.9560519697810882,,,
raw,complete_response,underflow_flow:X_NOB,1845,1,5.833926092957841,3.008226821430195,0.0487421046726602,0.2053279179124797,0.1058760327112019,0.9576737446430496,,,
raw,complete_response,underflow_flow:X_MeP,1845,1,122.0127421825502,72.9985571369666,8.011175032133131,0.2695031494617658,0.1612400533146182,0.9190748008605444,,,
raw,complete_response,underflow_flow:X_MeOH,1845,1,1.4635519716035714,0.7843949973670243,0.0454417558160276,0.3494996613033252,0.1873153746685361,0.8678750999326,,,
raw,complete_response,clarifier_inventory:TSS_mass,1845,1,5728124.567584946,4101658.616393775,-56265.27870586615,0.5008170148288476,0.3586130852903958,0.7523354941185018,,,
projected,mixer,ALL,1845,20,83.83227418484347,19.233023231586102,0.7025633927508814,0.4334621915245985,0.1228317162231751,0.8657218599611719,,,
projected,mixer,mixer:S_O,1845,1,0.145542013963615,0.0294422629582816,-0.0027712357589313,1.359994330649891,0.275118569643928,0.2689997246218394,,,
projected,mixer,mixer:S_F,1845,1,0.6540350441379825,0.3306803164948403,0.0311758646727571,0.0348697767672961,0.0176301696994102,0.9987609859994822,,,
projected,mixer,mixer:S_A,1845,1,12.279930744854791,9.50094959840415,-0.0845124578523323,0.1634418667904653,0.1264545355270779,0.9730634453305372,,,
projected,mixer,mixer:S_NH4,1845,1,1.5302194303682473,0.7843576245880394,-0.0017635928254921,0.119744234670133,0.0613783236573959,0.9856925309043834,,,
projected,mixer,mixer:S_NO2,1845,1,0.1591784595424083,0.0299815508745273,0.00554895790792,0.4592680771727275,0.0865039733415186,0.8171122271777105,,,
projected,mixer,mixer:S_NO3,1845,1,0.2040773364962932,0.0425129753437429,0.0148953558011604,0.2322158944719957,0.048374742465793,0.9487321515939672,,,
projected,mixer,mixer:S_N2,1845,1,1.3870311907366992,0.7026562244856454,-0.0411338237089073,0.4766972122711036,0.2414900729228304,0.7704484169335523,,,
projected,mixer,mixer:S_PO4,1845,1,0.4524100580360946,0.1791373930922938,-0.0419758127655235,0.0743040010458619,0.0294215939881266,0.994613013873657,,,
projected,mixer,mixer:S_I,1845,1,4.8771301227515966e-12,1.3513405991916614e-13,-1.0685484415392812e-13,2.1134562095827625e-13,5.8559011318968036e-15,1.0,,,
projected,mixer,mixer:S_ALK,1845,1,0.1325044096017333,0.0644510074508933,-0.0029403375141608,0.1226336742976339,0.0596498175392333,0.9852343978462894,,,
projected,mixer,mixer:X_I,1845,1,307.67800589854266,196.31670432418076,4.542100098863824,0.2440689125359686,0.1557303532214391,0.939401508124693,,,
projected,mixer,mixer:X_S,1845,1,200.33952888053156,95.69101075660292,10.0052850655186,0.5471710914721206,0.261353089389485,0.7053916264720901,,,
projected,mixer,mixer:X_H,1845,1,41.25499684553954,27.19044483070436,2.004202875691287,0.2286730606818422,0.1507144034943781,0.9460819082290136,,,
projected,mixer,mixer:X_PAO,1845,1,29.292721721476852,16.005976925921487,-0.4741207768897587,0.2553807800976909,0.1395438400171094,0.9298719061154131,,,
projected,mixer,mixer:X_PP,1845,1,6.514556812218357,1.9634708089767412,0.761212645116345,0.7894877576425376,0.2379495967044563,0.3064891280815652,,,
projected,mixer,mixer:X_PHA,1845,1,23.988369878374325,13.246969254442384,0.0369380742190111,0.2070224389322481,0.1143228946952112,0.9552671354238096,,,
projected,mixer,mixer:X_AOB,1845,1,3.010279521191515,1.6906076085853918,-0.0808518951700884,0.2095914437908253,0.1177089659191897,0.9583102394927344,,,
projected,mixer,mixer:X_NOB,1845,1,2.8993458114867905,1.563232444981954,0.0378164124804284,0.1907481356825657,0.1028451567720711,0.9628796166367468,,,
projected,mixer,mixer:X_MeP,1845,1,49.02532182790768,18.917412213697244,-2.6781539963333043,0.2156382999636369,0.0832084004219807,0.9498685134785222,,,
projected,mixer,mixer:X_MeOH,1845,1,0.8072462417461402,0.4104665099363144,0.0203164335648973,0.2895621531575947,0.1472358250428618,0.9182187228874304,,,
projected,reactor_1,ALL,1845,20,83.50580763585177,19.66835884349125,0.8729200328388679,1.4249908678623595,0.1726119985266408,0.7623527311318401,,,
projected,reactor_1,reactor_1:S_O,1845,1,0.0013526171954667,0.0001645091618068,-5.068755643335138e-05,3.407482960300726,0.4144277978639952,0.0662973745819373,,,
projected,reactor_1,reactor_1:S_F,1845,1,2.5617391831854137,1.5697738169255837,0.0350791996955548,0.2721665391649717,0.1667772854585333,0.9161315354192424,,,
projected,reactor_1,reactor_1:S_A,1845,1,13.126410919676747,10.062484255234718,0.1175138465410759,0.1675176185650872,0.1284161687151507,0.971901973559504,,,
projected,reactor_1,reactor_1:S_NH4,1845,1,1.7796060539181169,1.0724632276487174,-0.1086339799172258,0.139072807782692,0.0838109490493216,0.9806797744606974,,,
projected,reactor_1,reactor_1:S_NO2,1845,1,0.166517800194984,0.0160246166190022,-0.0046167870915853,3.452002740321717,0.3321988425058903,0.0559928494999167,,,
projected,reactor_1,reactor_1:S_NO3,1845,1,0.1436261881189415,0.0122564878759814,-0.0036861212302976,3.904776273559512,0.3332180828726626,0.0455796344991386,,,
projected,reactor_1,reactor_1:S_N2,1845,1,1.525838656756516,0.8194425574052103,-0.0439572351096124,0.4547164479001049,0.2442027584709007,0.7883725817399467,,,
projected,reactor_1,reactor_1:S_PO4,1845,1,1.0420003709849228,0.5244563440061866,0.12275746635087,0.153555969722461,0.0772873069179855,0.9768392891552736,,,
projected,reactor_1,reactor_1:S_I,1845,1,6.055451975931629e-12,1.7637634803436894e-13,-1.2063436669349257e-13,2.624070356593752e-13,7.643094988133316e-15,1.0,,,
projected,reactor_1,reactor_1:S_ALK,1845,1,0.1379857799496993,0.0820158071237878,-0.0032065868442281,0.1274763609294443,0.0757692324139699,0.9840124575218884,,,
projected,reactor_1,reactor_1:X_I,1845,1,305.49448044895536,196.9295942510253,17.2611885593718,0.2423088068096069,0.1561984849557341,0.9402746896528484,,,
projected,reactor_1,reactor_1:X_S,1845,1,201.24552353088825,102.52132111484156,2.361282639489963,0.5493838835645715,0.2798748541286053,0.7030076193286872,,,
projected,reactor_1,reactor_1:X_H,1845,1,39.23640263493716,25.51570697136833,0.8377210498896996,0.2190271699513779,0.1424349000402799,0.950503428284516,,,
projected,reactor_1,reactor_1:X_PAO,1845,1,29.212926647161588,16.159125991246235,-0.9513122460304924,0.2557805868894547,0.1414849932559974,0.92965371202559,,,
projected,reactor_1,reactor_1:X_PP,1845,1,6.101483684554597,2.0050212862814822,0.4995329318930277,0.8397563314928105,0.2759540805124097,0.2325335041110794,,,
projected,reactor_1,reactor_1:X_PHA,1845,1,24.50940928413388,13.464417891375945,0.0481930690266368,0.2103990222918753,0.1155841957361496,0.9538481270531396,,,
projected,reactor_1,reactor_1:X_AOB,1845,1,3.01623330095188,1.7016207495025937,-0.0890074329756888,0.2109892529937899,0.1190304777495104,0.957763509244808,,,
projected,reactor_1,reactor_1:X_NOB,1845,1,2.8696477806023,1.5685464539641227,0.0333488355914164,0.1895351271997512,0.1035997008693556,0.9633373931064374,,,
projected,reactor_1,reactor_1:X_MeP,1845,1,49.02459026935184,18.91741136444096,-2.664121199817622,0.2153264185310568,0.0830892907947528,0.9500264516138934,,,
projected,reactor_1,reactor_1:X_MeOH,1845,1,0.820805684108686,0.4253291737774503,0.0103753355006205,0.345206010368124,0.1788805682216039,0.8802987177782574,,,
projected,reactor_2,ALL,1845,20,83.35151122650917,19.51490099074343,0.7676236627606912,3.883134541734768,0.1855129467004882,0.7449161735213851,,,
projected,reactor_2,reactor_2:S_O,1845,1,1.5618859119428415e-05,1.168868984895333e-06,-4.416030484302098e-07,5.86208424374792,0.4387009580512377,0.0264630054029811,,,
projected,reactor_2,reactor_2:S_F,1845,1,2.2104385574382333,1.3487284127610986,0.1317320716768425,0.4254324996983316,0.2595832841063491,0.7551216540221358,,,
projected,reactor_2,reactor_2:S_A,1845,1,14.153693722182467,10.499022824747904,0.0621178396123926,0.1714992330853895,0.1272158630766683,0.970588794280019,,,
projected,reactor_2,reactor_2:S_NH4,1845,1,1.816354822908748,1.0889580737222415,-0.0597686744440772,0.1416994333646242,0.0849529728762839,0.9799301953370874,,,
projected,reactor_2,reactor_2:S_NO2,1845,1,0.1602471760808886,0.0059743637742093,-0.0031657354424962,10.152264834037704,0.3784985466454539,0.0065612847692262,,,
projected,reactor_2,reactor_2:S_NO3,1845,1,0.1077080951309241,0.0037329501437013,-0.0022081665863546,12.732784298365432,0.4412931908091599,0.0051988977820487,,,
projected,reactor_2,reactor_2:S_N2,1845,1,1.5499596770112474,0.8295290219912014,-0.0417314234983132,0.4574495226300092,0.2448242110719503,0.7862712927238598,,,
projected,reactor_2,reactor_2:S_PO4,1845,1,1.6105504977980596,0.6257454547270387,0.0594782985305915,0.2255527463322094,0.0876337662256136,0.950241787341729,,,
projected,reactor_2,reactor_2:S_I,1845,1,6.0188755685453895e-12,1.6547943382931093e-13,-1.312944333199639e-13,2.60822033140085e-13,7.170887964487672e-15,1.0,,,
projected,reactor_2,reactor_2:S_ALK,1845,1,0.130873568031555,0.0780664644397651,-0.0019666860951729,0.1207750445589011,0.0720426657810322,0.985628242521976,,,
projected,reactor_2,reactor_2:X_I,1845,1,304.9677147978285,195.77609445315332,13.306679786192223,0.2418636474455115,0.155266010103617,0.9404961215651174,,,
projected,reactor_2,reactor_2:X_S,1845,1,200.84468069910616,101.23262690844052,3.764634695831335,0.5483136477472162,0.2763689371209075,0.7041823954256833,,,
projected,reactor_2,reactor_2:X_H,1845,1,38.49151780629559,25.072113944048027,1.083115575060895,0.2166814171772033,0.1411391779447079,0.9514899403525996,,,
projected,reactor_2,reactor_2:X_PAO,1845,1,28.91898954951748,15.99963786305834,-0.8425339154024729,0.2544565093153029,0.1407798842339118,0.9303758219082234,,,
projected,reactor_2,reactor_2:X_PP,1845,1,5.565335566580072,1.6408535137337403,0.5962718500324342,0.8614275763466793,0.253978659249864,0.2122381692767438,,,
projected,reactor_2,reactor_2:X_PHA,1845,1,24.917968644724606,13.50088573683778,0.0067819962839404,0.2135184667648063,0.1156871358013663,0.9525685446386492,,,
projected,reactor_2,reactor_2:X_AOB,1845,1,3.0061987596059376,1.6934490225726857,-0.0877241928501804,0.2112577238399119,0.1190054998208184,0.9576663256908104,,,
projected,reactor_2,reactor_2:X_NOB,1845,1,2.8647207129880976,1.5641416337624805,0.0360363412388104,0.1899427455818987,0.1037090125570773,0.9631670576814164,,,
projected,reactor_2,reactor_2:X_MeP,1845,1,49.03437081213994,18.921983595404804,-2.6693687932248635,0.2152484909768088,0.0830627241206578,0.9500680197382966,,,
projected,reactor_2,reactor_2:X_MeOH,1845,1,0.7977202890600597,0.416474408680607,0.0140928299014749,0.3572559102630455,0.1865164344130801,0.8700659199690987,,,
projected,reactor_3,ALL,1845,20,83.2775145245661,19.428324958127902,0.7035047182896248,0.8173567129179063,0.165007239690431,0.7599922255249186,,,
projected,reactor_3,reactor_3:S_O,1845,1,0.0278826658631399,0.0086632341847721,-0.0008129064551796,1.0311913175188852,0.3203944671868564,0.3446380007166233,,,
projected,reactor_3,reactor_3:S_F,1845,1,1.7133925392882867,0.999640574652482,0.0904096074783735,0.4911504870662662,0.286550772151553,0.6239962412403739,,,
projected,reactor_3,reactor_3:S_A,1845,1,14.646128900537224,11.1256440829457,0.0384039589472805,0.164039248959779,0.1246091927740223,0.972932187475062,,,
projected,reactor_3,reactor_3:S_NH4,1845,1,1.9697842409718809,1.163195733839586,-0.011608940426254,0.1527270586316703,0.0901882852685302,0.9767690945547588,,,
projected,reactor_3,reactor_3:S_NO2,1845,1,0.2031644162527506,0.0222850018671503,0.0005903420507447,2.752070492748654,0.3018732177643469,0.0679630620040834,,,
projected,reactor_3,reactor_3:S_NO3,1845,1,0.1270669319448877,0.0156276352126777,0.004689146706881,1.6332438560999696,0.2008684620444584,0.0465084963318025,,,
projected,reactor_3,reactor_3:S_N2,1845,1,1.666204064629602,0.8828545427467154,-0.0431327930618712,0.4744346656763547,0.2513838543071859,0.7711581163250079,,,
projected,reactor_3,reactor_3:S_PO4,1845,1,1.112752368481877,0.5285030765311263,0.0228542688215734,0.1567401807560854,0.07444393747609,0.9759230627671324,,,
projected,reactor_3,reactor_3:S_I,1845,1,5.0151520413072095e-12,1.422857014384426e-13,-1.0785229981009001e-13,2.1732666459435072e-13,6.165810459661427e-15,1.0,,,
projected,reactor_3,reactor_3:S_ALK,1845,1,0.1472827410254635,0.0860331596932341,-0.000469081891817,0.1347076503224419,0.078687595786171,0.9821915525383004,,,
projected,reactor_3,reactor_3:X_I,1845,1,304.6747183013844,194.96871456869147,9.595517591294842,0.2416043071872868,0.154608434428642,0.9406258615827278,,,
projected,reactor_3,reactor_3:X_S,1845,1,200.4965954333275,99.44069890455027,5.906405030605145,0.5472800122124032,0.2714355662412705,0.7053412073013832,,,
projected,reactor_3,reactor_3:X_H,1845,1,39.16746504711414,25.446263747994475,1.2679322489737466,0.2200863085138269,0.1429853641799051,0.9499758735496922,,,
projected,reactor_3,reactor_3:X_PAO,1845,1,29.18972999935241,16.066514986865823,-0.7882880220787721,0.2575246200195122,0.1417458526379727,0.9286916850595562,,,
projected,reactor_3,reactor_3:X_PP,1845,1,5.926022993241947,1.743308523187542,0.6653000248650174,0.8491702545417221,0.249807627150305,0.223652512335656,,,
projected,reactor_3,reactor_3:X_PHA,1845,1,24.66651560445043,13.481025350498468,0.0283021920043534,0.2114955191122603,0.1155889425320694,0.95342327251383,,,
projected,reactor_3,reactor_3:X_AOB,1845,1,3.0079981812739445,1.6940263510305005,-0.0883681040494388,0.2122106378024003,0.1195115125548395,0.9572964950254852,,,
projected,reactor_3,reactor_3:X_NOB,1845,1,2.86097085880654,1.5604130545142438,0.0377818092089341,0.1904190356404917,0.1038571742619516,0.962968927881418,,,
projected,reactor_3,reactor_3:X_MeP,1845,1,49.03422143665792,18.92111741859692,-2.669835366578942,0.2152170098754239,0.0830470270562488,0.9500842284482174,,,
projected,reactor_3,reactor_3:X_MeOH,1845,1,0.79188318826925,0.4119692149547518,0.0144233593779856,0.3624433942920957,0.1885575080061948,0.8657046328472615,,,
projected,reactor_4,ALL,1845,20,83.27590963423843,19.385618161170186,0.6206317215005752,0.6005203838127986,0.1630755179275708,0.762499033034352,,,
projected,reactor_4,reactor_4:S_O,1845,1,0.0501456701961129,0.0166905086705528,-0.0008297448360543,0.919052240252391,0.3058977838890791,0.29069395745433,,,
projected,reactor_4,reactor_4:S_F,1845,1,1.2657375761736285,0.6890174189550302,0.0682955218353186,0.4997299832351691,0.2720332158140053,0.568772624840229,,,
projected,reactor_4,reactor_4:S_A,1845,1,15.367801880154312,11.8742292223358,-0.007900253745683,0.1618593061680888,0.1250637220727118,0.973294131901442,,,
projected,reactor_4,reactor_4:S_NH4,1845,1,2.139169846339699,1.2446029040403412,0.0322867581606338,0.1644845387807701,0.0956997103276171,0.9731264127869548,,,
projected,reactor_4,reactor_4:S_NO2,1845,1,0.2413648524454529,0.0362104357123816,0.0054137026659163,1.852524899270361,0.2779225437795486,0.1247807263882267,,,
projected,reactor_4,reactor_4:S_NO3,1845,1,0.1810947280422696,0.0394616324250803,0.0160537056245004,0.9321217175389944,0.2031149387428482,0.1540565183464688,,,
projected,reactor_4,reactor_4:S_N2,1845,1,1.8006684222689937,0.9421465314574546,-0.0409958666533198,0.4919237511270252,0.2573845634955174,0.7551710402154751,,,
projected,reactor_4,reactor_4:S_PO4,1845,1,0.780081498697282,0.4557967240495082,-0.0047850391079457,0.1104794089849204,0.0645524253226696,0.988064974227126,,,
projected,reactor_4,reactor_4:S_I,1845,1,5.983898317983471e-12,1.652233303500261e-13,-1.3053960201259817e-13,2.593063285036768e-13,7.15978997294414e-15,1.0,,,
projected,reactor_4,reactor_4:S_ALK,1845,1,0.1734375935789491,0.0974821525071577,0.0006184546051097,0.1571813126148039,0.0883451642254063,0.9758291334184046,,,
projected,reactor_4,reactor_4:X_I,1845,1,304.54934370725937,194.25093929773385,5.58216794713586,0.2414779424297616,0.1540220594983577,0.9406902313214642,,,
projected,reactor_4,reactor_4:X_S,1845,1,200.44277811636653,97.96382384427716,7.940469620517358,0.5476334714338473,0.2676487994774751,0.7050694492165163,,,
projected,reactor_4,reactor_4:X_H,1845,1,39.98274249605357,26.05925451942865,1.4831436073000763,0.2240572975960008,0.1460321573880495,0.9480270189865984,,,
projected,reactor_4,reactor_4:X_PAO,1845,1,29.520118918749443,16.16762643340767,-0.7465475941700584,0.2610842661396392,0.1429910527868866,0.9267207162937487,,,
projected,reactor_4,reactor_4:X_PP,1845,1,6.358223347986315,1.890477323251159,0.7280023642722773,0.837148890115678,0.2489077382677642,0.2395745897055062,,,
projected,reactor_4,reactor_4:X_PHA,1845,1,24.309385249895307,13.398784457662186,0.0625065707888524,0.2087293546356928,0.1150469090024653,0.9545761947840335,,,
projected,reactor_4,reactor_4:X_AOB,1845,1,3.0145104635576665,1.698059224075805,-0.0887720080473367,0.2134869912724858,0.1202561938771988,0.9567972406605432,,,
projected,reactor_4,reactor_4:X_NOB,1845,1,2.858092542445238,1.5573610330083745,0.0390403323793457,0.1909466472440374,0.1040459199221879,0.9627502081287966,,,
projected,reactor_4,reactor_4:X_MeP,1845,1,49.03348223346442,18.918640536038517,-2.6702525459056874,0.2152066639463779,0.0830334157540803,0.950088063840422,,,
projected,reactor_4,reactor_4:X_MeOH,1845,1,0.8010750878771028,0.4117590243667743,0.014718897192477,0.3686947195912571,0.1895120449075405,0.8618974281707523,,,
projected,reactor_5,ALL,1845,20,84.75520136040835,19.78679700192197,0.7426603620911706,0.5908494558219614,0.1603281997053016,0.7633141540837239,,,
projected,reactor_5,reactor_5:S_O,1845,1,0.2094220005363495,0.04262715171013,-0.0037700125357846,1.5369356694427578,0.3128381439498056,0.1859394205387083,,,
projected,reactor_5,reactor_5:S_F,1845,1,0.92778771441852,0.4758112698533991,0.046476120736096,0.4633815299295476,0.2376428904542819,0.6142694764796548,,,
projected,reactor_5,reactor_5:S_A,1845,1,17.21592870565306,13.526081449858356,0.0059029313779209,0.171893977330082,0.135052367947094,0.9702597848708544,,,
projected,reactor_5,reactor_5:S_NH4,1845,1,2.130909820185735,1.1195358794525585,-0.0061073353379424,0.1625954760838371,0.0854242951007001,0.9737505562097056,,,
projected,reactor_5,reactor_5:S_NO2,1845,1,0.223969490348542,0.0437910271070724,0.0079533266341657,1.2910202617568838,0.2524232349254151,0.1835649637789749,,,
projected,reactor_5,reactor_5:S_NO3,1845,1,0.2805043850343022,0.0613644537915321,0.0223514098676383,0.9523922081192684,0.2083497826224829,0.1918826217191158,,,
projected,reactor_5,reactor_5:S_N2,1845,1,1.9238848981878895,1.0026693111076497,-0.0591940862900774,0.5050457537689074,0.2632142278814533,0.7419838085876749,,,
projected,reactor_5,reactor_5:S_PO4,1845,1,0.6357851040093754,0.2574553196478473,-0.0630878097090242,0.089894331480219,0.0364018812328576,0.9921396661848694,,,
projected,reactor_5,reactor_5:S_I,1845,1,5.9647113673106295e-12,1.6490079401333287e-13,-1.3030371722904637e-13,2.584748809305785e-13,7.145813179082927e-15,1.0,,,
projected,reactor_5,reactor_5:S_ALK,1845,1,0.1848123639472624,0.0921357296444013,-0.0046359529096322,0.1658343331909875,0.0826744865024531,0.9731650120776012,,,
projected,reactor_5,reactor_5:X_I,1845,1,310.5164690295765,199.35758533621467,4.83242766305409,0.2461820158088327,0.1580536207249478,0.9383593952152208,,,
projected,reactor_5,reactor_5:X_S,1845,1,202.9968164989053,97.5184013034535,10.29681779773366,0.5557158872998145,0.266962437357732,0.6963959863522189,,,
projected,reactor_5,reactor_5:X_H,1845,1,42.19844727377391,27.762449122694107,2.0964663579276976,0.2360563420222878,0.1553019745718466,0.9425738405334082,,,
projected,reactor_5,reactor_5:X_PAO,1845,1,29.88256843156253,16.32038216349129,-0.4784266950040192,0.2649727662973866,0.1447150307308671,0.9244893530756768,,,
projected,reactor_5,reactor_5:X_PP,1845,1,6.674243792389441,2.011624954481605,0.7779229442595829,0.8195287575303168,0.2470069345448769,0.261208997927484,,,
projected,reactor_5,reactor_5:X_PHA,1845,1,24.37619052968953,13.490671790441285,0.0753034394092817,0.2096586046928763,0.1160327090694713,0.9541391536602062,,,
projected,reactor_5,reactor_5:X_AOB,1845,1,3.0542138045203924,1.7220310936448993,-0.0783393937653707,0.2171397824015465,0.1224280554325723,0.9553237318994988,,,
projected,reactor_5,reactor_5:X_NOB,1845,1,2.939218109718878,1.592867348180809,0.0435896487138959,0.1971055324484973,0.106818533046203,0.9602967262223374,,,
projected,reactor_5,reactor_5:X_MeP,1845,1,49.025887808076845,18.9202756934063,-2.6802307771278264,0.21517363662324,0.0830407098960035,0.9501034300533592,,,
projected,reactor_5,reactor_5:X_MeOH,1845,1,0.8185229969771239,0.4181796402578601,0.0217876647891891,0.3761683413394998,0.1921826781149612,0.8564371562879105,,,
projected,clarifier_overflow,ALL,1845,20,4.608440048833472,1.1427532347095968,-0.1268037141783217,0.7507159110625826,0.2247942442360156,0.5560269172569676,,,
projected,clarifier_overflow,overflow_flow:S_O,1845,1,0.2022971127356935,0.0413134243716592,-0.003564499638186,1.544931254514848,0.3155082130420847,0.1844629964048735,,,
projected,clarifier_overflow,overflow_flow:S_F,1845,1,0.8960221265117366,0.4620720771953726,0.0449290095493418,0.4648136770614958,0.2397010240190884,0.6120633726348621,,,
projected,clarifier_overflow,overflow_flow:S_A,1845,1,16.731610624346768,13.14979349388998,-0.0194887554899138,0.1703464891459027,0.133879589058704,0.970796907754025,,,
projected,clarifier_overflow,overflow_flow:S_NH4,1845,1,2.0621765577176667,1.087488305148431,-0.0041584189405795,0.1610414068419755,0.0849251466514227,0.9742521961358676,,,
projected,clarifier_overflow,overflow_flow:S_NO2,1845,1,0.2146878485852308,0.0423628391677025,0.00788359643061,1.284087509500143,0.2533799327753496,0.1832948482722884,,,
projected,clarifier_overflow,overflow_flow:S_NO3,1845,1,0.2703393822866561,0.0595032047126533,0.0218025376482068,0.9539552184807104,0.2099708602269877,0.1907755238365693,,,
projected,clarifier_overflow,overflow_flow:S_N2,1845,1,1.8616423817657453,0.9735692360290324,-0.0564778572337794,0.5037157589823882,0.2634244747818468,0.743167157408414,,,
projected,clarifier_overflow,overflow_flow:S_PO4,1845,1,0.6116987147128369,0.249435166708441,-0.0599166238841178,0.0886609439625534,0.0361536763212086,0.9923713126233628,,,
projected,clarifier_overflow,overflow_flow:S_I,1845,1,5.793603330535667e-12,1.6048349039318741e-13,-1.2663546814605724e-13,2.58081988180978e-13,7.148901280935167e-15,1.0,,,
projected,clarifier_overflow,overflow_flow:S_ALK,1845,1,0.1786593611403425,0.0894533536120827,-0.0043502623912492,0.1637111220508297,0.0819688864751955,0.9739380898330112,,,
projected,clarifier_overflow,overflow_flow:X_I,1845,1,10.652080327639112,3.428065839624833,-2.284196050008813,0.7407084735564231,0.2383757291738529,0.4981314983014663,,,
projected,clarifier_overflow,overflow_flow:X_S,1845,1,4.00331520330748,0.8946627545899798,-0.00836585502541,1.0741887901489175,0.2400602133827269,0.2657569769111022,,,
projected,clarifier_overflow,overflow_flow:X_H,1845,1,1.946875270768177,0.9477708723731562,-0.141026429594485,0.737876481468414,0.3592103957789841,0.4375694805488203,,,
projected,clarifier_overflow,overflow_flow:X_PAO,1845,1,0.861598040294785,0.367547063088384,-0.0257295649903714,0.7429998668444157,0.3169545497576711,0.4400747269156262,,,
projected,clarifier_overflow,overflow_flow:X_PP,1845,1,0.0260524936019154,0.0101855388917339,0.0063992417086452,0.3138278198544256,0.1226947989424053,-0.0124745454983208,,,
projected,clarifier_overflow,overflow_flow:X_PHA,1845,1,1.0088734109543045,0.4389485817787105,-0.0432799300104166,0.8022426335792611,0.3490460373209144,0.4321481437545824,,,
projected,clarifier_overflow,overflow_flow:X_AOB,1845,1,0.1120432762795345,0.0452428381663236,-0.0034026671518252,0.8569249390900798,0.3460244793557576,0.4140504105485197,,,
projected,clarifier_overflow,overflow_flow:X_NOB,1845,1,0.1187025861140576,0.0472071956521453,-0.0033508249495422,0.8896091152000902,0.3537913783515211,0.4316233777141794,,,
projected,clarifier_overflow,overflow_flow:X_MeP,1845,1,0.8055565407046528,0.5148688038812489,0.0399714887550194,0.3649816878478162,0.2332768409978837,0.8749833806551831,,,
projected,clarifier_overflow,overflow_flow:X_MeOH,1845,1,0.0132100803456846,0.005574105309906,0.000247581650558,0.7525353318384206,0.3175386583067,0.5135524903849189,,,
projected,clarifier_underflow,ALL,1845,20,158.98272729411192,34.40399501637751,0.9566142299678968,0.7154585169823943,0.1488325725341175,0.7753303604185072,,,
projected,clarifier_underflow,underflow_flow:S_O,1845,1,0.1393252876881542,0.0298362587751244,-0.0019498175038922,1.5780209453848617,0.3379303359807258,0.1810429257834066,,,
projected,clarifier_underflow,underflow_flow:S_F,1845,1,0.6320247514285484,0.3496305763393554,0.033294776941327,0.3722364401993236,0.2059179499335045,0.7262922827495172,,,
projected,clarifier_underflow,underflow_flow:S_A,1845,1,13.975359717669832,10.427530128570012,-0.7512107161478461,0.131579040466836,0.0981759637300435,0.983114364410136,,,
projected,clarifier_underflow,underflow_flow:S_NH4,1845,1,1.84009347783638,0.8593689654771565,0.0300794839846295,0.1240374729076002,0.0579285542049421,0.9848186693879036,,,
projected,clarifier_underflow,underflow_flow:S_NO2,1845,1,0.2170891641806563,0.0332423572523155,0.0031919622548425,2.0451682934850792,0.3131718495012629,0.1595651634957702,,,
projected,clarifier_underflow,underflow_flow:S_NO3,1845,1,0.2582134684959064,0.0457485398800218,0.01468627219785,1.325454397854979,0.2348351684853347,0.1539238742798312,,,
projected,clarifier_underflow,underflow_flow:S_N2,1845,1,1.645991217726055,0.7734897117857427,-0.0595291692277091,0.4101603797498395,0.1927439408558469,0.842394501371317,,,
projected,clarifier_underflow,underflow_flow:S_PO4,1845,1,0.4285186388248004,0.179094067567127,-0.0419938652469478,0.0513023418322203,0.0214411795474035,0.9973465565998668,,,
projected,clarifier_underflow,underflow_flow:S_I,1845,1,5.541807439592666e-12,1.4726720294904258e-13,-1.252528944759332e-13,2.321920938405227e-13,6.170239687954356e-15,1.0,,,
projected,clarifier_underflow,underflow_flow:S_ALK,1845,1,0.1599029870798015,0.0701872893121018,-0.0004831229904491,0.1055808756794833,0.0463433210502983,0.989182277379626,,,
projected,clarifier_underflow,underflow_flow:X_I,1845,1,579.2644009308444,355.4462205931129,5.718842314786437,0.2285403032875374,0.1402361113961447,0.9461141548893036,,,
projected,clarifier_underflow,underflow_flow:X_S,1845,1,388.43491947889896,174.3912843883632,16.899435894745306,0.5668802409509079,0.2545058859446439,0.6870975675741244,,,
projected,clarifier_underflow,underflow_flow:X_H,1845,1,74.02792576814194,48.34786866989919,2.541867617012304,0.194540068875708,0.1270547243278778,0.9619781874546576,,,
projected,clarifier_underflow,underflow_flow:X_PAO,1845,1,53.59428667713805,28.661270799442285,-0.988467595414022,0.2482003722007465,0.1327331423034407,0.9326835929560084,,,
projected,clarifier_underflow,underflow_flow:X_PP,1845,1,11.892567974909984,3.489704853952167,1.3426931774064554,0.8398340171887618,0.2464373424209882,0.2529648565696206,,,
projected,clarifier_underflow,underflow_flow:X_PHA,1845,1,44.5703660930964,23.76319803370754,-0.3342792150859366,0.1963629061787729,0.104693118657674,0.9593362145373834,,,
projected,clarifier_underflow,underflow_flow:X_AOB,1845,1,5.531722179975176,3.0288936997092937,-0.1959034096573406,0.2049765899027371,0.1122349029009049,0.9589142649282784,,,
projected,clarifier_underflow,underflow_flow:X_NOB,1845,1,5.461814715796084,2.804425702972999,-0.0047269228261525,0.1922312737166615,0.0987031514209224,0.9629010235018342,,,
projected,clarifier_underflow,underflow_flow:X_MeP,1845,1,91.302444941623,34.64592088803896,-5.105523407518991,0.2016698913996374,0.0765263088781316,0.9546853931877186,,,
projected,clarifier_underflow,underflow_flow:X_MeOH,1845,1,1.439110011381096,0.7329848033925345,0.0322603416481986,0.3436628635775944,0.1750384991422535,0.8722513373138409,,,
projected,clarifier_inventory,ALL,1845,1,5506235.576894713,3405984.702078913,639931.8738860792,0.4814169859660464,0.297789454632454,0.77115130585667,,,
projected,clarifier_inventory,clarifier_inventory:TSS_mass,1845,1,5506235.576894713,3405984.702078913,639931.8738860792,0.4814169859660464,0.297789454632454,0.77115130585667,,,
projected,clarifier_complete,ALL,1845,41,859929.5310634606,83090.13748887645,15608.499270643782,0.7281930139347779,0.1895201412203687,0.6682511429113699,,,
projected,clarifier_complete,overflow_flow:S_O,1845,1,0.2022971127356935,0.0413134243716592,-0.003564499638186,1.544931254514848,0.3155082130420847,0.1844629964048735,,,
projected,clarifier_complete,overflow_flow:S_F,1845,1,0.8960221265117366,0.4620720771953726,0.0449290095493418,0.4648136770614958,0.2397010240190884,0.6120633726348621,,,
projected,clarifier_complete,overflow_flow:S_A,1845,1,16.731610624346768,13.14979349388998,-0.0194887554899138,0.1703464891459027,0.133879589058704,0.970796907754025,,,
projected,clarifier_complete,overflow_flow:S_NH4,1845,1,2.0621765577176667,1.087488305148431,-0.0041584189405795,0.1610414068419755,0.0849251466514227,0.9742521961358676,,,
projected,clarifier_complete,overflow_flow:S_NO2,1845,1,0.2146878485852308,0.0423628391677025,0.00788359643061,1.284087509500143,0.2533799327753496,0.1832948482722884,,,
projected,clarifier_complete,overflow_flow:S_NO3,1845,1,0.2703393822866561,0.0595032047126533,0.0218025376482068,0.9539552184807104,0.2099708602269877,0.1907755238365693,,,
projected,clarifier_complete,overflow_flow:S_N2,1845,1,1.8616423817657453,0.9735692360290324,-0.0564778572337794,0.5037157589823882,0.2634244747818468,0.743167157408414,,,
projected,clarifier_complete,overflow_flow:S_PO4,1845,1,0.6116987147128369,0.249435166708441,-0.0599166238841178,0.0886609439625534,0.0361536763212086,0.9923713126233628,,,
projected,clarifier_complete,overflow_flow:S_I,1845,1,5.793603330535667e-12,1.6048349039318741e-13,-1.2663546814605724e-13,2.58081988180978e-13,7.148901280935167e-15,1.0,,,
projected,clarifier_complete,overflow_flow:S_ALK,1845,1,0.1786593611403425,0.0894533536120827,-0.0043502623912492,0.1637111220508297,0.0819688864751955,0.9739380898330112,,,
projected,clarifier_complete,overflow_flow:X_I,1845,1,10.652080327639112,3.428065839624833,-2.284196050008813,0.7407084735564231,0.2383757291738529,0.4981314983014663,,,
projected,clarifier_complete,overflow_flow:X_S,1845,1,4.00331520330748,0.8946627545899798,-0.00836585502541,1.0741887901489175,0.2400602133827269,0.2657569769111022,,,
projected,clarifier_complete,overflow_flow:X_H,1845,1,1.946875270768177,0.9477708723731562,-0.141026429594485,0.737876481468414,0.3592103957789841,0.4375694805488203,,,
projected,clarifier_complete,overflow_flow:X_PAO,1845,1,0.861598040294785,0.367547063088384,-0.0257295649903714,0.7429998668444157,0.3169545497576711,0.4400747269156262,,,
projected,clarifier_complete,overflow_flow:X_PP,1845,1,0.0260524936019154,0.0101855388917339,0.0063992417086452,0.3138278198544256,0.1226947989424053,-0.0124745454983208,,,
projected,clarifier_complete,overflow_flow:X_PHA,1845,1,1.0088734109543045,0.4389485817787105,-0.0432799300104166,0.8022426335792611,0.3490460373209144,0.4321481437545824,,,
projected,clarifier_complete,overflow_flow:X_AOB,1845,1,0.1120432762795345,0.0452428381663236,-0.0034026671518252,0.8569249390900798,0.3460244793557576,0.4140504105485197,,,
projected,clarifier_complete,overflow_flow:X_NOB,1845,1,0.1187025861140576,0.0472071956521453,-0.0033508249495422,0.8896091152000902,0.3537913783515211,0.4316233777141794,,,
projected,clarifier_complete,overflow_flow:X_MeP,1845,1,0.8055565407046528,0.5148688038812489,0.0399714887550194,0.3649816878478162,0.2332768409978837,0.8749833806551831,,,
projected,clarifier_complete,overflow_flow:X_MeOH,1845,1,0.0132100803456846,0.005574105309906,0.000247581650558,0.7525353318384206,0.3175386583067,0.5135524903849189,,,
projected,clarifier_complete,underflow_flow:S_O,1845,1,0.1393252876881542,0.0298362587751244,-0.0019498175038922,1.5780209453848617,0.3379303359807258,0.1810429257834066,,,
projected,clarifier_complete,underflow_flow:S_F,1845,1,0.6320247514285484,0.3496305763393554,0.033294776941327,0.3722364401993236,0.2059179499335045,0.7262922827495172,,,
projected,clarifier_complete,underflow_flow:S_A,1845,1,13.975359717669832,10.427530128570012,-0.7512107161478461,0.131579040466836,0.0981759637300435,0.983114364410136,,,
projected,clarifier_complete,underflow_flow:S_NH4,1845,1,1.84009347783638,0.8593689654771565,0.0300794839846295,0.1240374729076002,0.0579285542049421,0.9848186693879036,,,
projected,clarifier_complete,underflow_flow:S_NO2,1845,1,0.2170891641806563,0.0332423572523155,0.0031919622548425,2.0451682934850792,0.3131718495012629,0.1595651634957702,,,
projected,clarifier_complete,underflow_flow:S_NO3,1845,1,0.2582134684959064,0.0457485398800218,0.01468627219785,1.325454397854979,0.2348351684853347,0.1539238742798312,,,
projected,clarifier_complete,underflow_flow:S_N2,1845,1,1.645991217726055,0.7734897117857427,-0.0595291692277091,0.4101603797498395,0.1927439408558469,0.842394501371317,,,
projected,clarifier_complete,underflow_flow:S_PO4,1845,1,0.4285186388248004,0.179094067567127,-0.0419938652469478,0.0513023418322203,0.0214411795474035,0.9973465565998668,,,
projected,clarifier_complete,underflow_flow:S_I,1845,1,5.541807439592666e-12,1.4726720294904258e-13,-1.252528944759332e-13,2.321920938405227e-13,6.170239687954356e-15,1.0,,,
projected,clarifier_complete,underflow_flow:S_ALK,1845,1,0.1599029870798015,0.0701872893121018,-0.0004831229904491,0.1055808756794833,0.0463433210502983,0.989182277379626,,,
projected,clarifier_complete,underflow_flow:X_I,1845,1,579.2644009308444,355.4462205931129,5.718842314786437,0.2285403032875374,0.1402361113961447,0.9461141548893036,,,
projected,clarifier_complete,underflow_flow:X_S,1845,1,388.43491947889896,174.3912843883632,16.899435894745306,0.5668802409509079,0.2545058859446439,0.6870975675741244,,,
projected,clarifier_complete,underflow_flow:X_H,1845,1,74.02792576814194,48.34786866989919,2.541867617012304,0.194540068875708,0.1270547243278778,0.9619781874546576,,,
projected,clarifier_complete,underflow_flow:X_PAO,1845,1,53.59428667713805,28.661270799442285,-0.988467595414022,0.2482003722007465,0.1327331423034407,0.9326835929560084,,,
projected,clarifier_complete,underflow_flow:X_PP,1845,1,11.892567974909984,3.489704853952167,1.3426931774064554,0.8398340171887618,0.2464373424209882,0.2529648565696206,,,
projected,clarifier_complete,underflow_flow:X_PHA,1845,1,44.5703660930964,23.76319803370754,-0.3342792150859366,0.1963629061787729,0.104693118657674,0.9593362145373834,,,
projected,clarifier_complete,underflow_flow:X_AOB,1845,1,5.531722179975176,3.0288936997092937,-0.1959034096573406,0.2049765899027371,0.1122349029009049,0.9589142649282784,,,
projected,clarifier_complete,underflow_flow:X_NOB,1845,1,5.461814715796084,2.804425702972999,-0.0047269228261525,0.1922312737166615,0.0987031514209224,0.9629010235018342,,,
projected,clarifier_complete,underflow_flow:X_MeP,1845,1,91.302444941623,34.64592088803896,-5.105523407518991,0.2016698913996374,0.0765263088781316,0.9546853931877186,,,
projected,clarifier_complete,underflow_flow:X_MeOH,1845,1,1.439110011381096,0.7329848033925345,0.0322603416481986,0.3436628635775944,0.1750384991422535,0.8722513373138409,,,
projected,clarifier_complete,clarifier_inventory:TSS_mass,1845,1,5506235.576894713,3405984.702078913,639931.8738860792,0.4814169859660464,0.297789454632454,0.77115130585667,,,
projected,complete_response,ALL,1845,161,433952.1653679744,21174.13650625885,3975.383032137886,1.5668168270828742,0.1686812308416601,0.7489082012702734,,,
projected,complete_response,mixer:S_O,1845,1,0.145542013963615,0.0294422629582816,-0.0027712357589313,1.359994330649891,0.275118569643928,0.2689997246218394,,,
projected,complete_response,mixer:S_F,1845,1,0.6540350441379825,0.3306803164948403,0.0311758646727571,0.0348697767672961,0.0176301696994102,0.9987609859994822,,,
projected,complete_response,mixer:S_A,1845,1,12.279930744854791,9.50094959840415,-0.0845124578523323,0.1634418667904653,0.1264545355270779,0.9730634453305372,,,
projected,complete_response,mixer:S_NH4,1845,1,1.5302194303682473,0.7843576245880394,-0.0017635928254921,0.119744234670133,0.0613783236573959,0.9856925309043834,,,
projected,complete_response,mixer:S_NO2,1845,1,0.1591784595424083,0.0299815508745273,0.00554895790792,0.4592680771727275,0.0865039733415186,0.8171122271777105,,,
projected,complete_response,mixer:S_NO3,1845,1,0.2040773364962932,0.0425129753437429,0.0148953558011604,0.2322158944719957,0.048374742465793,0.9487321515939672,,,
projected,complete_response,mixer:S_N2,1845,1,1.3870311907366992,0.7026562244856454,-0.0411338237089073,0.4766972122711036,0.2414900729228304,0.7704484169335523,,,
projected,complete_response,mixer:S_PO4,1845,1,0.4524100580360946,0.1791373930922938,-0.0419758127655235,0.0743040010458619,0.0294215939881266,0.994613013873657,,,
projected,complete_response,mixer:S_I,1845,1,4.8771301227515966e-12,1.3513405991916614e-13,-1.0685484415392812e-13,2.1134562095827625e-13,5.8559011318968036e-15,1.0,,,
projected,complete_response,mixer:S_ALK,1845,1,0.1325044096017333,0.0644510074508933,-0.0029403375141608,0.1226336742976339,0.0596498175392333,0.9852343978462894,,,
projected,complete_response,mixer:X_I,1845,1,307.67800589854266,196.31670432418076,4.542100098863824,0.2440689125359686,0.1557303532214391,0.939401508124693,,,
projected,complete_response,mixer:X_S,1845,1,200.33952888053156,95.69101075660292,10.0052850655186,0.5471710914721206,0.261353089389485,0.7053916264720901,,,
projected,complete_response,mixer:X_H,1845,1,41.25499684553954,27.19044483070436,2.004202875691287,0.2286730606818422,0.1507144034943781,0.9460819082290136,,,
projected,complete_response,mixer:X_PAO,1845,1,29.292721721476852,16.005976925921487,-0.4741207768897587,0.2553807800976909,0.1395438400171094,0.9298719061154131,,,
projected,complete_response,mixer:X_PP,1845,1,6.514556812218357,1.9634708089767412,0.761212645116345,0.7894877576425376,0.2379495967044563,0.3064891280815652,,,
projected,complete_response,mixer:X_PHA,1845,1,23.988369878374325,13.246969254442384,0.0369380742190111,0.2070224389322481,0.1143228946952112,0.9552671354238096,,,
projected,complete_response,mixer:X_AOB,1845,1,3.010279521191515,1.6906076085853918,-0.0808518951700884,0.2095914437908253,0.1177089659191897,0.9583102394927344,,,
projected,complete_response,mixer:X_NOB,1845,1,2.8993458114867905,1.563232444981954,0.0378164124804284,0.1907481356825657,0.1028451567720711,0.9628796166367468,,,
projected,complete_response,mixer:X_MeP,1845,1,49.02532182790768,18.917412213697244,-2.6781539963333043,0.2156382999636369,0.0832084004219807,0.9498685134785222,,,
projected,complete_response,mixer:X_MeOH,1845,1,0.8072462417461402,0.4104665099363144,0.0203164335648973,0.2895621531575947,0.1472358250428618,0.9182187228874304,,,
projected,complete_response,reactor_1:S_O,1845,1,0.0013526171954667,0.0001645091618068,-5.068755643335138e-05,3.407482960300726,0.4144277978639952,0.0662973745819373,,,
projected,complete_response,reactor_1:S_F,1845,1,2.5617391831854137,1.5697738169255837,0.0350791996955548,0.2721665391649717,0.1667772854585333,0.9161315354192424,,,
projected,complete_response,reactor_1:S_A,1845,1,13.126410919676747,10.062484255234718,0.1175138465410759,0.1675176185650872,0.1284161687151507,0.971901973559504,,,
projected,complete_response,reactor_1:S_NH4,1845,1,1.7796060539181169,1.0724632276487174,-0.1086339799172258,0.139072807782692,0.0838109490493216,0.9806797744606974,,,
projected,complete_response,reactor_1:S_NO2,1845,1,0.166517800194984,0.0160246166190022,-0.0046167870915853,3.452002740321717,0.3321988425058903,0.0559928494999167,,,
projected,complete_response,reactor_1:S_NO3,1845,1,0.1436261881189415,0.0122564878759814,-0.0036861212302976,3.904776273559512,0.3332180828726626,0.0455796344991386,,,
projected,complete_response,reactor_1:S_N2,1845,1,1.525838656756516,0.8194425574052103,-0.0439572351096124,0.4547164479001049,0.2442027584709007,0.7883725817399467,,,
projected,complete_response,reactor_1:S_PO4,1845,1,1.0420003709849228,0.5244563440061866,0.12275746635087,0.153555969722461,0.0772873069179855,0.9768392891552736,,,
projected,complete_response,reactor_1:S_I,1845,1,6.055451975931629e-12,1.7637634803436894e-13,-1.2063436669349257e-13,2.624070356593752e-13,7.643094988133316e-15,1.0,,,
projected,complete_response,reactor_1:S_ALK,1845,1,0.1379857799496993,0.0820158071237878,-0.0032065868442281,0.1274763609294443,0.0757692324139699,0.9840124575218884,,,
projected,complete_response,reactor_1:X_I,1845,1,305.49448044895536,196.9295942510253,17.2611885593718,0.2423088068096069,0.1561984849557341,0.9402746896528484,,,
projected,complete_response,reactor_1:X_S,1845,1,201.24552353088825,102.52132111484156,2.361282639489963,0.5493838835645715,0.2798748541286053,0.7030076193286872,,,
projected,complete_response,reactor_1:X_H,1845,1,39.23640263493716,25.51570697136833,0.8377210498896996,0.2190271699513779,0.1424349000402799,0.950503428284516,,,
projected,complete_response,reactor_1:X_PAO,1845,1,29.212926647161588,16.159125991246235,-0.9513122460304924,0.2557805868894547,0.1414849932559974,0.92965371202559,,,
projected,complete_response,reactor_1:X_PP,1845,1,6.101483684554597,2.0050212862814822,0.4995329318930277,0.8397563314928105,0.2759540805124097,0.2325335041110794,,,
projected,complete_response,reactor_1:X_PHA,1845,1,24.50940928413388,13.464417891375945,0.0481930690266368,0.2103990222918753,0.1155841957361496,0.9538481270531396,,,
projected,complete_response,reactor_1:X_AOB,1845,1,3.01623330095188,1.7016207495025937,-0.0890074329756888,0.2109892529937899,0.1190304777495104,0.957763509244808,,,
projected,complete_response,reactor_1:X_NOB,1845,1,2.8696477806023,1.5685464539641227,0.0333488355914164,0.1895351271997512,0.1035997008693556,0.9633373931064374,,,
projected,complete_response,reactor_1:X_MeP,1845,1,49.02459026935184,18.91741136444096,-2.664121199817622,0.2153264185310568,0.0830892907947528,0.9500264516138934,,,
projected,complete_response,reactor_1:X_MeOH,1845,1,0.820805684108686,0.4253291737774503,0.0103753355006205,0.345206010368124,0.1788805682216039,0.8802987177782574,,,
projected,complete_response,reactor_2:S_O,1845,1,1.5618859119428415e-05,1.168868984895333e-06,-4.416030484302098e-07,5.86208424374792,0.4387009580512377,0.0264630054029811,,,
projected,complete_response,reactor_2:S_F,1845,1,2.2104385574382333,1.3487284127610986,0.1317320716768425,0.4254324996983316,0.2595832841063491,0.7551216540221358,,,
projected,complete_response,reactor_2:S_A,1845,1,14.153693722182467,10.499022824747904,0.0621178396123926,0.1714992330853895,0.1272158630766683,0.970588794280019,,,
projected,complete_response,reactor_2:S_NH4,1845,1,1.816354822908748,1.0889580737222415,-0.0597686744440772,0.1416994333646242,0.0849529728762839,0.9799301953370874,,,
projected,complete_response,reactor_2:S_NO2,1845,1,0.1602471760808886,0.0059743637742093,-0.0031657354424962,10.152264834037704,0.3784985466454539,0.0065612847692262,,,
projected,complete_response,reactor_2:S_NO3,1845,1,0.1077080951309241,0.0037329501437013,-0.0022081665863546,12.732784298365432,0.4412931908091599,0.0051988977820487,,,
projected,complete_response,reactor_2:S_N2,1845,1,1.5499596770112474,0.8295290219912014,-0.0417314234983132,0.4574495226300092,0.2448242110719503,0.7862712927238598,,,
projected,complete_response,reactor_2:S_PO4,1845,1,1.6105504977980596,0.6257454547270387,0.0594782985305915,0.2255527463322094,0.0876337662256136,0.950241787341729,,,
projected,complete_response,reactor_2:S_I,1845,1,6.0188755685453895e-12,1.6547943382931093e-13,-1.312944333199639e-13,2.60822033140085e-13,7.170887964487672e-15,1.0,,,
projected,complete_response,reactor_2:S_ALK,1845,1,0.130873568031555,0.0780664644397651,-0.0019666860951729,0.1207750445589011,0.0720426657810322,0.985628242521976,,,
projected,complete_response,reactor_2:X_I,1845,1,304.9677147978285,195.77609445315332,13.306679786192223,0.2418636474455115,0.155266010103617,0.9404961215651174,,,
projected,complete_response,reactor_2:X_S,1845,1,200.84468069910616,101.23262690844052,3.764634695831335,0.5483136477472162,0.2763689371209075,0.7041823954256833,,,
projected,complete_response,reactor_2:X_H,1845,1,38.49151780629559,25.072113944048027,1.083115575060895,0.2166814171772033,0.1411391779447079,0.9514899403525996,,,
projected,complete_response,reactor_2:X_PAO,1845,1,28.91898954951748,15.99963786305834,-0.8425339154024729,0.2544565093153029,0.1407798842339118,0.9303758219082234,,,
projected,complete_response,reactor_2:X_PP,1845,1,5.565335566580072,1.6408535137337403,0.5962718500324342,0.8614275763466793,0.253978659249864,0.2122381692767438,,,
projected,complete_response,reactor_2:X_PHA,1845,1,24.917968644724606,13.50088573683778,0.0067819962839404,0.2135184667648063,0.1156871358013663,0.9525685446386492,,,
projected,complete_response,reactor_2:X_AOB,1845,1,3.0061987596059376,1.6934490225726857,-0.0877241928501804,0.2112577238399119,0.1190054998208184,0.9576663256908104,,,
projected,complete_response,reactor_2:X_NOB,1845,1,2.8647207129880976,1.5641416337624805,0.0360363412388104,0.1899427455818987,0.1037090125570773,0.9631670576814164,,,
projected,complete_response,reactor_2:X_MeP,1845,1,49.03437081213994,18.921983595404804,-2.6693687932248635,0.2152484909768088,0.0830627241206578,0.9500680197382966,,,
projected,complete_response,reactor_2:X_MeOH,1845,1,0.7977202890600597,0.416474408680607,0.0140928299014749,0.3572559102630455,0.1865164344130801,0.8700659199690987,,,
projected,complete_response,reactor_3:S_O,1845,1,0.0278826658631399,0.0086632341847721,-0.0008129064551796,1.0311913175188852,0.3203944671868564,0.3446380007166233,,,
projected,complete_response,reactor_3:S_F,1845,1,1.7133925392882867,0.999640574652482,0.0904096074783735,0.4911504870662662,0.286550772151553,0.6239962412403739,,,
projected,complete_response,reactor_3:S_A,1845,1,14.646128900537224,11.1256440829457,0.0384039589472805,0.164039248959779,0.1246091927740223,0.972932187475062,,,
projected,complete_response,reactor_3:S_NH4,1845,1,1.9697842409718809,1.163195733839586,-0.011608940426254,0.1527270586316703,0.0901882852685302,0.9767690945547588,,,
projected,complete_response,reactor_3:S_NO2,1845,1,0.2031644162527506,0.0222850018671503,0.0005903420507447,2.752070492748654,0.3018732177643469,0.0679630620040834,,,
projected,complete_response,reactor_3:S_NO3,1845,1,0.1270669319448877,0.0156276352126777,0.004689146706881,1.6332438560999696,0.2008684620444584,0.0465084963318025,,,
projected,complete_response,reactor_3:S_N2,1845,1,1.666204064629602,0.8828545427467154,-0.0431327930618712,0.4744346656763547,0.2513838543071859,0.7711581163250079,,,
projected,complete_response,reactor_3:S_PO4,1845,1,1.112752368481877,0.5285030765311263,0.0228542688215734,0.1567401807560854,0.07444393747609,0.9759230627671324,,,
projected,complete_response,reactor_3:S_I,1845,1,5.0151520413072095e-12,1.422857014384426e-13,-1.0785229981009001e-13,2.1732666459435072e-13,6.165810459661427e-15,1.0,,,
projected,complete_response,reactor_3:S_ALK,1845,1,0.1472827410254635,0.0860331596932341,-0.000469081891817,0.1347076503224419,0.078687595786171,0.9821915525383004,,,
projected,complete_response,reactor_3:X_I,1845,1,304.6747183013844,194.96871456869147,9.595517591294842,0.2416043071872868,0.154608434428642,0.9406258615827278,,,
projected,complete_response,reactor_3:X_S,1845,1,200.4965954333275,99.44069890455027,5.906405030605145,0.5472800122124032,0.2714355662412705,0.7053412073013832,,,
projected,complete_response,reactor_3:X_H,1845,1,39.16746504711414,25.446263747994475,1.2679322489737466,0.2200863085138269,0.1429853641799051,0.9499758735496922,,,
projected,complete_response,reactor_3:X_PAO,1845,1,29.18972999935241,16.066514986865823,-0.7882880220787721,0.2575246200195122,0.1417458526379727,0.9286916850595562,,,
projected,complete_response,reactor_3:X_PP,1845,1,5.926022993241947,1.743308523187542,0.6653000248650174,0.8491702545417221,0.249807627150305,0.223652512335656,,,
projected,complete_response,reactor_3:X_PHA,1845,1,24.66651560445043,13.481025350498468,0.0283021920043534,0.2114955191122603,0.1155889425320694,0.95342327251383,,,
projected,complete_response,reactor_3:X_AOB,1845,1,3.0079981812739445,1.6940263510305005,-0.0883681040494388,0.2122106378024003,0.1195115125548395,0.9572964950254852,,,
projected,complete_response,reactor_3:X_NOB,1845,1,2.86097085880654,1.5604130545142438,0.0377818092089341,0.1904190356404917,0.1038571742619516,0.962968927881418,,,
projected,complete_response,reactor_3:X_MeP,1845,1,49.03422143665792,18.92111741859692,-2.669835366578942,0.2152170098754239,0.0830470270562488,0.9500842284482174,,,
projected,complete_response,reactor_3:X_MeOH,1845,1,0.79188318826925,0.4119692149547518,0.0144233593779856,0.3624433942920957,0.1885575080061948,0.8657046328472615,,,
projected,complete_response,reactor_4:S_O,1845,1,0.0501456701961129,0.0166905086705528,-0.0008297448360543,0.919052240252391,0.3058977838890791,0.29069395745433,,,
projected,complete_response,reactor_4:S_F,1845,1,1.2657375761736285,0.6890174189550302,0.0682955218353186,0.4997299832351691,0.2720332158140053,0.568772624840229,,,
projected,complete_response,reactor_4:S_A,1845,1,15.367801880154312,11.8742292223358,-0.007900253745683,0.1618593061680888,0.1250637220727118,0.973294131901442,,,
projected,complete_response,reactor_4:S_NH4,1845,1,2.139169846339699,1.2446029040403412,0.0322867581606338,0.1644845387807701,0.0956997103276171,0.9731264127869548,,,
projected,complete_response,reactor_4:S_NO2,1845,1,0.2413648524454529,0.0362104357123816,0.0054137026659163,1.852524899270361,0.2779225437795486,0.1247807263882267,,,
projected,complete_response,reactor_4:S_NO3,1845,1,0.1810947280422696,0.0394616324250803,0.0160537056245004,0.9321217175389944,0.2031149387428482,0.1540565183464688,,,
projected,complete_response,reactor_4:S_N2,1845,1,1.8006684222689937,0.9421465314574546,-0.0409958666533198,0.4919237511270252,0.2573845634955174,0.7551710402154751,,,
projected,complete_response,reactor_4:S_PO4,1845,1,0.780081498697282,0.4557967240495082,-0.0047850391079457,0.1104794089849204,0.0645524253226696,0.988064974227126,,,
projected,complete_response,reactor_4:S_I,1845,1,5.983898317983471e-12,1.652233303500261e-13,-1.3053960201259817e-13,2.593063285036768e-13,7.15978997294414e-15,1.0,,,
projected,complete_response,reactor_4:S_ALK,1845,1,0.1734375935789491,0.0974821525071577,0.0006184546051097,0.1571813126148039,0.0883451642254063,0.9758291334184046,,,
projected,complete_response,reactor_4:X_I,1845,1,304.54934370725937,194.25093929773385,5.58216794713586,0.2414779424297616,0.1540220594983577,0.9406902313214642,,,
projected,complete_response,reactor_4:X_S,1845,1,200.44277811636653,97.96382384427716,7.940469620517358,0.5476334714338473,0.2676487994774751,0.7050694492165163,,,
projected,complete_response,reactor_4:X_H,1845,1,39.98274249605357,26.05925451942865,1.4831436073000763,0.2240572975960008,0.1460321573880495,0.9480270189865984,,,
projected,complete_response,reactor_4:X_PAO,1845,1,29.520118918749443,16.16762643340767,-0.7465475941700584,0.2610842661396392,0.1429910527868866,0.9267207162937487,,,
projected,complete_response,reactor_4:X_PP,1845,1,6.358223347986315,1.890477323251159,0.7280023642722773,0.837148890115678,0.2489077382677642,0.2395745897055062,,,
projected,complete_response,reactor_4:X_PHA,1845,1,24.309385249895307,13.398784457662186,0.0625065707888524,0.2087293546356928,0.1150469090024653,0.9545761947840335,,,
projected,complete_response,reactor_4:X_AOB,1845,1,3.0145104635576665,1.698059224075805,-0.0887720080473367,0.2134869912724858,0.1202561938771988,0.9567972406605432,,,
projected,complete_response,reactor_4:X_NOB,1845,1,2.858092542445238,1.5573610330083745,0.0390403323793457,0.1909466472440374,0.1040459199221879,0.9627502081287966,,,
projected,complete_response,reactor_4:X_MeP,1845,1,49.03348223346442,18.918640536038517,-2.6702525459056874,0.2152066639463779,0.0830334157540803,0.950088063840422,,,
projected,complete_response,reactor_4:X_MeOH,1845,1,0.8010750878771028,0.4117590243667743,0.014718897192477,0.3686947195912571,0.1895120449075405,0.8618974281707523,,,
projected,complete_response,reactor_5:S_O,1845,1,0.2094220005363495,0.04262715171013,-0.0037700125357846,1.5369356694427578,0.3128381439498056,0.1859394205387083,,,
projected,complete_response,reactor_5:S_F,1845,1,0.92778771441852,0.4758112698533991,0.046476120736096,0.4633815299295476,0.2376428904542819,0.6142694764796548,,,
projected,complete_response,reactor_5:S_A,1845,1,17.21592870565306,13.526081449858356,0.0059029313779209,0.171893977330082,0.135052367947094,0.9702597848708544,,,
projected,complete_response,reactor_5:S_NH4,1845,1,2.130909820185735,1.1195358794525585,-0.0061073353379424,0.1625954760838371,0.0854242951007001,0.9737505562097056,,,
projected,complete_response,reactor_5:S_NO2,1845,1,0.223969490348542,0.0437910271070724,0.0079533266341657,1.2910202617568838,0.2524232349254151,0.1835649637789749,,,
projected,complete_response,reactor_5:S_NO3,1845,1,0.2805043850343022,0.0613644537915321,0.0223514098676383,0.9523922081192684,0.2083497826224829,0.1918826217191158,,,
projected,complete_response,reactor_5:S_N2,1845,1,1.9238848981878895,1.0026693111076497,-0.0591940862900774,0.5050457537689074,0.2632142278814533,0.7419838085876749,,,
projected,complete_response,reactor_5:S_PO4,1845,1,0.6357851040093754,0.2574553196478473,-0.0630878097090242,0.089894331480219,0.0364018812328576,0.9921396661848694,,,
projected,complete_response,reactor_5:S_I,1845,1,5.9647113673106295e-12,1.6490079401333287e-13,-1.3030371722904637e-13,2.584748809305785e-13,7.145813179082927e-15,1.0,,,
projected,complete_response,reactor_5:S_ALK,1845,1,0.1848123639472624,0.0921357296444013,-0.0046359529096322,0.1658343331909875,0.0826744865024531,0.9731650120776012,,,
projected,complete_response,reactor_5:X_I,1845,1,310.5164690295765,199.35758533621467,4.83242766305409,0.2461820158088327,0.1580536207249478,0.9383593952152208,,,
projected,complete_response,reactor_5:X_S,1845,1,202.9968164989053,97.5184013034535,10.29681779773366,0.5557158872998145,0.266962437357732,0.6963959863522189,,,
projected,complete_response,reactor_5:X_H,1845,1,42.19844727377391,27.762449122694107,2.0964663579276976,0.2360563420222878,0.1553019745718466,0.9425738405334082,,,
projected,complete_response,reactor_5:X_PAO,1845,1,29.88256843156253,16.32038216349129,-0.4784266950040192,0.2649727662973866,0.1447150307308671,0.9244893530756768,,,
projected,complete_response,reactor_5:X_PP,1845,1,6.674243792389441,2.011624954481605,0.7779229442595829,0.8195287575303168,0.2470069345448769,0.261208997927484,,,
projected,complete_response,reactor_5:X_PHA,1845,1,24.37619052968953,13.490671790441285,0.0753034394092817,0.2096586046928763,0.1160327090694713,0.9541391536602062,,,
projected,complete_response,reactor_5:X_AOB,1845,1,3.0542138045203924,1.7220310936448993,-0.0783393937653707,0.2171397824015465,0.1224280554325723,0.9553237318994988,,,
projected,complete_response,reactor_5:X_NOB,1845,1,2.939218109718878,1.592867348180809,0.0435896487138959,0.1971055324484973,0.106818533046203,0.9602967262223374,,,
projected,complete_response,reactor_5:X_MeP,1845,1,49.025887808076845,18.9202756934063,-2.6802307771278264,0.21517363662324,0.0830407098960035,0.9501034300533592,,,
projected,complete_response,reactor_5:X_MeOH,1845,1,0.8185229969771239,0.4181796402578601,0.0217876647891891,0.3761683413394998,0.1921826781149612,0.8564371562879105,,,
projected,complete_response,overflow_flow:S_O,1845,1,0.2022971127356935,0.0413134243716592,-0.003564499638186,1.544931254514848,0.3155082130420847,0.1844629964048735,,,
projected,complete_response,overflow_flow:S_F,1845,1,0.8960221265117366,0.4620720771953726,0.0449290095493418,0.4648136770614958,0.2397010240190884,0.6120633726348621,,,
projected,complete_response,overflow_flow:S_A,1845,1,16.731610624346768,13.14979349388998,-0.0194887554899138,0.1703464891459027,0.133879589058704,0.970796907754025,,,
projected,complete_response,overflow_flow:S_NH4,1845,1,2.0621765577176667,1.087488305148431,-0.0041584189405795,0.1610414068419755,0.0849251466514227,0.9742521961358676,,,
projected,complete_response,overflow_flow:S_NO2,1845,1,0.2146878485852308,0.0423628391677025,0.00788359643061,1.284087509500143,0.2533799327753496,0.1832948482722884,,,
projected,complete_response,overflow_flow:S_NO3,1845,1,0.2703393822866561,0.0595032047126533,0.0218025376482068,0.9539552184807104,0.2099708602269877,0.1907755238365693,,,
projected,complete_response,overflow_flow:S_N2,1845,1,1.8616423817657453,0.9735692360290324,-0.0564778572337794,0.5037157589823882,0.2634244747818468,0.743167157408414,,,
projected,complete_response,overflow_flow:S_PO4,1845,1,0.6116987147128369,0.249435166708441,-0.0599166238841178,0.0886609439625534,0.0361536763212086,0.9923713126233628,,,
projected,complete_response,overflow_flow:S_I,1845,1,5.793603330535667e-12,1.6048349039318741e-13,-1.2663546814605724e-13,2.58081988180978e-13,7.148901280935167e-15,1.0,,,
projected,complete_response,overflow_flow:S_ALK,1845,1,0.1786593611403425,0.0894533536120827,-0.0043502623912492,0.1637111220508297,0.0819688864751955,0.9739380898330112,,,
projected,complete_response,overflow_flow:X_I,1845,1,10.652080327639112,3.428065839624833,-2.284196050008813,0.7407084735564231,0.2383757291738529,0.4981314983014663,,,
projected,complete_response,overflow_flow:X_S,1845,1,4.00331520330748,0.8946627545899798,-0.00836585502541,1.0741887901489175,0.2400602133827269,0.2657569769111022,,,
projected,complete_response,overflow_flow:X_H,1845,1,1.946875270768177,0.9477708723731562,-0.141026429594485,0.737876481468414,0.3592103957789841,0.4375694805488203,,,
projected,complete_response,overflow_flow:X_PAO,1845,1,0.861598040294785,0.367547063088384,-0.0257295649903714,0.7429998668444157,0.3169545497576711,0.4400747269156262,,,
projected,complete_response,overflow_flow:X_PP,1845,1,0.0260524936019154,0.0101855388917339,0.0063992417086452,0.3138278198544256,0.1226947989424053,-0.0124745454983208,,,
projected,complete_response,overflow_flow:X_PHA,1845,1,1.0088734109543045,0.4389485817787105,-0.0432799300104166,0.8022426335792611,0.3490460373209144,0.4321481437545824,,,
projected,complete_response,overflow_flow:X_AOB,1845,1,0.1120432762795345,0.0452428381663236,-0.0034026671518252,0.8569249390900798,0.3460244793557576,0.4140504105485197,,,
projected,complete_response,overflow_flow:X_NOB,1845,1,0.1187025861140576,0.0472071956521453,-0.0033508249495422,0.8896091152000902,0.3537913783515211,0.4316233777141794,,,
projected,complete_response,overflow_flow:X_MeP,1845,1,0.8055565407046528,0.5148688038812489,0.0399714887550194,0.3649816878478162,0.2332768409978837,0.8749833806551831,,,
projected,complete_response,overflow_flow:X_MeOH,1845,1,0.0132100803456846,0.005574105309906,0.000247581650558,0.7525353318384206,0.3175386583067,0.5135524903849189,,,
projected,complete_response,underflow_flow:S_O,1845,1,0.1393252876881542,0.0298362587751244,-0.0019498175038922,1.5780209453848617,0.3379303359807258,0.1810429257834066,,,
projected,complete_response,underflow_flow:S_F,1845,1,0.6320247514285484,0.3496305763393554,0.033294776941327,0.3722364401993236,0.2059179499335045,0.7262922827495172,,,
projected,complete_response,underflow_flow:S_A,1845,1,13.975359717669832,10.427530128570012,-0.7512107161478461,0.131579040466836,0.0981759637300435,0.983114364410136,,,
projected,complete_response,underflow_flow:S_NH4,1845,1,1.84009347783638,0.8593689654771565,0.0300794839846295,0.1240374729076002,0.0579285542049421,0.9848186693879036,,,
projected,complete_response,underflow_flow:S_NO2,1845,1,0.2170891641806563,0.0332423572523155,0.0031919622548425,2.0451682934850792,0.3131718495012629,0.1595651634957702,,,
projected,complete_response,underflow_flow:S_NO3,1845,1,0.2582134684959064,0.0457485398800218,0.01468627219785,1.325454397854979,0.2348351684853347,0.1539238742798312,,,
projected,complete_response,underflow_flow:S_N2,1845,1,1.645991217726055,0.7734897117857427,-0.0595291692277091,0.4101603797498395,0.1927439408558469,0.842394501371317,,,
projected,complete_response,underflow_flow:S_PO4,1845,1,0.4285186388248004,0.179094067567127,-0.0419938652469478,0.0513023418322203,0.0214411795474035,0.9973465565998668,,,
projected,complete_response,underflow_flow:S_I,1845,1,5.541807439592666e-12,1.4726720294904258e-13,-1.252528944759332e-13,2.321920938405227e-13,6.170239687954356e-15,1.0,,,
projected,complete_response,underflow_flow:S_ALK,1845,1,0.1599029870798015,0.0701872893121018,-0.0004831229904491,0.1055808756794833,0.0463433210502983,0.989182277379626,,,
projected,complete_response,underflow_flow:X_I,1845,1,579.2644009308444,355.4462205931129,5.718842314786437,0.2285403032875374,0.1402361113961447,0.9461141548893036,,,
projected,complete_response,underflow_flow:X_S,1845,1,388.43491947889896,174.3912843883632,16.899435894745306,0.5668802409509079,0.2545058859446439,0.6870975675741244,,,
projected,complete_response,underflow_flow:X_H,1845,1,74.02792576814194,48.34786866989919,2.541867617012304,0.194540068875708,0.1270547243278778,0.9619781874546576,,,
projected,complete_response,underflow_flow:X_PAO,1845,1,53.59428667713805,28.661270799442285,-0.988467595414022,0.2482003722007465,0.1327331423034407,0.9326835929560084,,,
projected,complete_response,underflow_flow:X_PP,1845,1,11.892567974909984,3.489704853952167,1.3426931774064554,0.8398340171887618,0.2464373424209882,0.2529648565696206,,,
projected,complete_response,underflow_flow:X_PHA,1845,1,44.5703660930964,23.76319803370754,-0.3342792150859366,0.1963629061787729,0.104693118657674,0.9593362145373834,,,
projected,complete_response,underflow_flow:X_AOB,1845,1,5.531722179975176,3.0288936997092937,-0.1959034096573406,0.2049765899027371,0.1122349029009049,0.9589142649282784,,,
projected,complete_response,underflow_flow:X_NOB,1845,1,5.461814715796084,2.804425702972999,-0.0047269228261525,0.1922312737166615,0.0987031514209224,0.9629010235018342,,,
projected,complete_response,underflow_flow:X_MeP,1845,1,91.302444941623,34.64592088803896,-5.105523407518991,0.2016698913996374,0.0765263088781316,0.9546853931877186,,,
projected,complete_response,underflow_flow:X_MeOH,1845,1,1.439110011381096,0.7329848033925345,0.0322603416481986,0.3436628635775944,0.1750384991422535,0.8722513373138409,,,
projected,complete_response,clarifier_inventory:TSS_mass,1845,1,5506235.576894713,3405984.702078913,639931.8738860792,0.4814169859660464,0.297789454632454,0.77115130585667,,,
log_overflow_closure,clarifier_overflow_tss,TSS,1845,1,12.085602390636184,3.8037183745544887,-1.8450186910487263,0.6952460994360796,0.2188157675376863,0.5701102244773891,all,6.454410788037614,12.899582092565144
log_overflow_closure,clarifier_overflow_tss_log,log(TSS/1mgL),1845,1,0.2693709298287679,0.1882441704059428,-0.0111793278593025,0.4695849869315019,0.3281595246977746,0.7899944060337465,all,6.454410788037614,12.899582092565144
log_overflow_closure,clarifier_overflow_tss,TSS,446,1,0.9944337393692504,0.8119064808367431,-0.0279900174403814,2.579554729036901,2.106080193444098,-6.051350242329266,low_q25,6.454410788037614,12.899582092565144
log_overflow_closure,clarifier_overflow_tss_log,log(TSS/1mgL),446,1,0.1627765600001196,0.1365498740720868,-0.0161746242765182,2.4297102446513485,2.0382334406044524,-5.3352122144334375,low_q25,6.454410788037614,12.899582092565144
log_overflow_closure,clarifier_overflow_tss,TSS,173,1,38.96376972097317,27.714799789297142,-25.09106573318581,1.0284089215237155,0.7315038448709141,0.0283918829273239,upper_q90,6.454410788037614,12.899582092565144
log_overflow_closure,clarifier_overflow_tss_log,log(TSS/1mgL),173,1,0.6520039724912953,0.55780238295956,-0.4113942628342442,0.8357924875891249,0.7150371177272797,0.2605566866874671,upper_q90,6.454410788037614,12.899582092565144
projection_correction,complete_response,ALL,1845,161,,,,0.1092314590749214,0.0533614208383142,,,,
