case,decision_route,response_method,location,quantity,value
nominal,surrogate,raw,mixer,COD,2420.9285206183595
nominal,surrogate,raw,mixer,TN,110.23026146456618
nominal,surrogate,raw,mixer,TP,81.10943303065599
nominal,surrogate,raw,mixer,TSS,1987.8898734947875
nominal,surrogate,raw,reactor_1,DO,0.000513615552566853
nominal,surrogate,raw,reactor_1,TN,106.65789763221463
nominal,surrogate,raw,reactor_1,TP,81.10943303079465
nominal,surrogate,raw,reactor_1,TSS,1967.0589192286366
nominal,surrogate,raw,reactor_2,DO,1.3174593683309778e-06
nominal,surrogate,raw,reactor_2,TN,106.52200538138405
nominal,surrogate,raw,reactor_2,TP,81.10943303090087
nominal,surrogate,raw,reactor_2,TSS,1938.9881978205556
nominal,surrogate,raw,reactor_3,DO,0.042814456079549305
nominal,surrogate,raw,reactor_3,TN,106.04802689412581
nominal,surrogate,raw,reactor_3,TP,81.10943303100727
nominal,surrogate,raw,reactor_3,TSS,1938.7039113962587
nominal,surrogate,raw,reactor_4,DO,0.06401446993257802
nominal,surrogate,raw,reactor_4,TN,105.58139449615564
nominal,surrogate,raw,reactor_4,TP,81.109433031116
nominal,surrogate,raw,reactor_4,TSS,1938.9986142136472
nominal,surrogate,raw,reactor_5,DO,0.15626741231996527
nominal,surrogate,raw,reactor_5,TN,104.99892122543777
nominal,surrogate,raw,reactor_5,TP,81.10943303124405
nominal,surrogate,raw,reactor_5,TSS,1939.4748169155584
nominal,surrogate,raw,clarifier_overflow,COD,168.1192191528271
nominal,surrogate,raw,clarifier_overflow,TN,26.464519121981063
nominal,surrogate,raw,clarifier_overflow,TP,17.739369396631936
nominal,surrogate,raw,clarifier_overflow,TSS,12.644994155223237
nominal,surrogate,raw,clarifier_underflow,COD,11228.971134092435
nominal,surrogate,raw,clarifier_underflow,TN,381.43991146444694
nominal,surrogate,raw,clarifier_underflow,TP,373.4199076236081
nominal,surrogate,raw,clarifier_underflow,TSS,9755.176587922091
nominal,surrogate,raw,clarifier_inventory,TSS_mass,7926111.9229898155
nominal,surrogate,projected,mixer,COD,2298.989860692185
nominal,surrogate,projected,mixer,TN,108.20506461156407
nominal,surrogate,projected,mixer,TP,58.20429454406826
nominal,surrogate,projected,mixer,TSS,1783.6005004050241
nominal,surrogate,projected,reactor_1,DO,0.000513615552566853
nominal,surrogate,projected,reactor_1,TN,103.2446924027749
nominal,surrogate,projected,reactor_1,TP,58.204294544063295
nominal,surrogate,projected,reactor_1,TSS,1753.8992083271858
nominal,surrogate,projected,reactor_2,DO,1.3174593683309778e-06
nominal,surrogate,projected,reactor_2,TN,103.10817301159149
nominal,surrogate,projected,reactor_2,TP,58.2042945440585
nominal,surrogate,projected,reactor_2,TSS,1725.082503238205
nominal,surrogate,projected,reactor_3,DO,0.042814456079549305
nominal,surrogate,projected,reactor_3,TN,102.6366949206972
nominal,surrogate,projected,reactor_3,TP,58.20429454405391
nominal,surrogate,projected,reactor_3,TSS,1725.4772126331372
nominal,surrogate,projected,reactor_4,DO,0.06401446993257802
nominal,surrogate,projected,reactor_4,TN,102.17329742675071
nominal,surrogate,projected,reactor_4,TP,58.20429454404969
nominal,surrogate,projected,reactor_4,TSS,1726.592043951373
nominal,surrogate,projected,reactor_5,DO,0.16207950799398885
nominal,surrogate,projected,reactor_5,TN,101.77918768978265
nominal,surrogate,projected,reactor_5,TP,58.20429454404582
nominal,surrogate,projected,reactor_5,TSS,1833.4253588741649
nominal,surrogate,projected,clarifier_overflow,COD,165.51088622033274
nominal,surrogate,projected,clarifier_overflow,TN,23.442513363029384
nominal,surrogate,projected,clarifier_overflow,TP,16.138279777930585
nominal,surrogate,projected,clarifier_overflow,TSS,7.3231031422863495
nominal,surrogate,projected,clarifier_underflow,COD,9308.949303461242
nominal,surrogate,projected,clarifier_underflow,TN,349.84532305782733
nominal,surrogate,projected,clarifier_underflow,TP,191.41334130345754
nominal,surrogate,projected,clarifier_underflow,TSS,7616.082502025117
nominal,surrogate,projected,clarifier_inventory,TSS_mass,7926111.9229898155
nominal,surrogate,reference,mixer,COD,1762.8326377814137
nominal,surrogate,reference,mixer,TN,92.56401297463003
nominal,surrogate,reference,mixer,TP,50.3443101502059
nominal,surrogate,reference,mixer,TSS,1359.819485343325
nominal,surrogate,reference,reactor_1,DO,0.0005466314160833412
nominal,surrogate,reference,reactor_1,TN,88.35906775895063
nominal,surrogate,reference,reactor_1,TP,50.34431015037517
nominal,surrogate,reference,reactor_1,TSS,1350.5517002515414
nominal,surrogate,reference,reactor_2,DO,1.4323148442436267e-06
nominal,surrogate,reference,reactor_2,TN,88.16433878878742
nominal,surrogate,reference,reactor_2,TP,50.34431015054793
nominal,surrogate,reference,reactor_2,TSS,1327.5930230618276
nominal,surrogate,reference,reactor_3,DO,0.05020002496807411
nominal,surrogate,reference,reactor_3,TN,87.78024313737257
nominal,surrogate,reference,reactor_3,TP,50.34431015072417
nominal,surrogate,reference,reactor_3,TSS,1326.0941850630588
nominal,surrogate,reference,reactor_4,DO,0.04900018532135838
nominal,surrogate,reference,reactor_4,TN,87.40571272229981
nominal,surrogate,reference,reactor_4,TP,50.34431015090411
nominal,surrogate,reference,reactor_4,TSS,1324.9230947124865
nominal,surrogate,reference,reactor_5,DO,0.047819884033288185
nominal,surrogate,reference,reactor_5,TN,87.04296110260924
nominal,surrogate,reference,reactor_5,TP,50.34431015108801
nominal,surrogate,reference,reactor_5,TSS,1323.6210636559595
nominal,surrogate,reference,clarifier_overflow,COD,151.26152539716267
nominal,surrogate,reference,clarifier_overflow,TN,28.74913886114906
nominal,surrogate,reference,clarifier_overflow,TP,18.206696725874856
nominal,surrogate,reference,clarifier_overflow,TSS,5.655896415889993
nominal,surrogate,reference,clarifier_underflow,COD,6628.163188907069
nominal,surrogate,reference,clarifier_underflow,TN,271.64006487315015
nominal,surrogate,reference,clarifier_underflow,TP,152.1134193341917
nominal,surrogate,reference,clarifier_underflow,TSS,5497.177426716625
nominal,surrogate,reference,clarifier_inventory,TSS_mass,3662880.226609888
nominal,surrogate,reference,clarifier_layer_1,TSS,5.655896415889994
nominal,surrogate,reference,clarifier_layer_2,TSS,8.194865136280338
nominal,surrogate,reference,clarifier_layer_3,TSS,12.84380765955129
nominal,surrogate,reference,clarifier_layer_4,TSS,26.868223046823196
nominal,surrogate,reference,clarifier_layer_5,TSS,110.81203174156728
nominal,surrogate,reference,clarifier_layer_6,TSS,110.81203174158132
nominal,surrogate,reference,clarifier_layer_7,TSS,110.81203174159542
nominal,surrogate,reference,clarifier_layer_8,TSS,110.8120317416095
nominal,surrogate,reference,clarifier_layer_9,TSS,110.81203174162361
nominal,surrogate,reference,clarifier_layer_10,TSS,5497.177426716625
nominal,surrogate,exact_mechanistic_start_1,clarifier_layer_1,TSS,5.655896415889994
nominal,surrogate,exact_mechanistic_start_1,clarifier_layer_2,TSS,8.194865136280338
nominal,surrogate,exact_mechanistic_start_1,clarifier_layer_3,TSS,12.84380765955129
nominal,surrogate,exact_mechanistic_start_1,clarifier_layer_4,TSS,26.868223046823196
nominal,surrogate,exact_mechanistic_start_1,clarifier_layer_5,TSS,110.81203174156728
nominal,surrogate,exact_mechanistic_start_1,clarifier_layer_6,TSS,110.81203174158132
nominal,surrogate,exact_mechanistic_start_1,clarifier_layer_7,TSS,110.81203174159542
nominal,surrogate,exact_mechanistic_start_1,clarifier_layer_8,TSS,110.8120317416095
nominal,surrogate,exact_mechanistic_start_1,clarifier_layer_9,TSS,110.81203174162361
nominal,surrogate,exact_mechanistic_start_1,clarifier_layer_10,TSS,5497.177426716625
nominal,surrogate,exact_mechanistic_start_2,clarifier_layer_1,TSS,5.65589641505593
nominal,surrogate,exact_mechanistic_start_2,clarifier_layer_2,TSS,8.194865135364862
nominal,surrogate,exact_mechanistic_start_2,clarifier_layer_3,TSS,12.843807658242232
nominal,surrogate,exact_mechanistic_start_2,clarifier_layer_4,TSS,26.86822304351031
nominal,surrogate,exact_mechanistic_start_2,clarifier_layer_5,TSS,110.81203171867077
nominal,surrogate,exact_mechanistic_start_2,clarifier_layer_6,TSS,110.81203171865691
nominal,surrogate,exact_mechanistic_start_2,clarifier_layer_7,TSS,110.81203171864293
nominal,surrogate,exact_mechanistic_start_2,clarifier_layer_8,TSS,110.81203171862884
nominal,surrogate,exact_mechanistic_start_2,clarifier_layer_9,TSS,110.81203171861492
nominal,surrogate,exact_mechanistic_start_2,clarifier_layer_10,TSS,5497.177424424305
nominal,direct,smooth,mixer,COD,1646.877978596392
nominal,direct,smooth,mixer,TN,99.270973631174
nominal,direct,smooth,mixer,TP,57.27284633140229
nominal,direct,smooth,mixer,TSS,1322.8838006164533
nominal,direct,smooth,reactor_1,DO,0.00018031224508824009
nominal,direct,smooth,reactor_1,TN,94.71244150562534
nominal,direct,smooth,reactor_1,TP,57.27284633140228
nominal,direct,smooth,reactor_1,TSS,1265.2661976293707
nominal,direct,smooth,reactor_2,DO,1.268132060809957e-07
nominal,direct,smooth,reactor_2,TN,94.66489998609848
nominal,direct,smooth,reactor_2,TP,57.27284633140228
nominal,direct,smooth,reactor_2,TSS,1213.190829219728
nominal,direct,smooth,reactor_3,DO,0.041388759969628416
nominal,direct,smooth,reactor_3,TN,93.74812131205634
nominal,direct,smooth,reactor_3,TP,57.27284633140228
nominal,direct,smooth,reactor_3,TSS,1232.8832204745006
nominal,direct,smooth,reactor_4,DO,0.04263840194156245
nominal,direct,smooth,reactor_4,TN,92.8270819321486
nominal,direct,smooth,reactor_4,TP,57.27284633140228
nominal,direct,smooth,reactor_4,TSS,1259.13107127693
nominal,direct,smooth,reactor_5,DO,0.31087620748109457
nominal,direct,smooth,reactor_5,TN,88.86302103355244
nominal,direct,smooth,reactor_5,TP,57.27284633140228
nominal,direct,smooth,reactor_5,TSS,1279.242140952943
nominal,direct,smooth,clarifier_overflow,COD,57.60124846928052
nominal,direct,smooth,clarifier_overflow,TN,20.554016676425718
nominal,direct,smooth,clarifier_overflow,TP,16.383397729976554
nominal,direct,smooth,clarifier_overflow,TSS,5.582079248981164
nominal,direct,smooth,clarifier_underflow,COD,6048.389892796027
nominal,direct,smooth,clarifier_underflow,TN,305.1748681518782
nominal,direct,smooth,clarifier_underflow,TP,186.7561002283894
nominal,direct,smooth,clarifier_underflow,TSS,5312.49900278101
nominal,direct,smooth,clarifier_inventory,TSS_mass,3545432.5692000464
nominal,direct,raw,mixer,COD,2077.718254910987
nominal,direct,raw,mixer,TN,103.8610392425214
nominal,direct,raw,mixer,TP,85.1787209427798
nominal,direct,raw,mixer,TSS,1782.2641231173002
nominal,direct,raw,reactor_1,DO,0.0005588048076241022
nominal,direct,raw,reactor_1,TN,100.00627503487726
nominal,direct,raw,reactor_1,TP,85.17872094290226
nominal,direct,raw,reactor_1,TSS,1739.8129089604154
nominal,direct,raw,reactor_2,DO,1.4906365649445405e-06
nominal,direct,raw,reactor_2,TN,99.9050020355929
nominal,direct,raw,reactor_2,TP,85.17872094298912
nominal,direct,raw,reactor_2,TSS,1694.156092291311
nominal,direct,raw,reactor_3,DO,0.06185580826421716
nominal,direct,raw,reactor_3,TN,99.07016053129239
nominal,direct,raw,reactor_3,TP,85.17872094307621
nominal,direct,raw,reactor_3,TSS,1701.8442221653602
nominal,direct,raw,reactor_4,DO,0.10351003055030834
nominal,direct,raw,reactor_4,TN,98.24107820091612
nominal,direct,raw,reactor_4,TP,85.17872094316516
nominal,direct,raw,reactor_4,TSS,1712.0266961785496
nominal,direct,raw,reactor_5,DO,0.28635682701445675
nominal,direct,raw,reactor_5,TN,97.25137683312634
nominal,direct,raw,reactor_5,TP,85.17872094327359
nominal,direct,raw,reactor_5,TSS,1723.0993343332805
nominal,direct,raw,clarifier_overflow,COD,91.8709342164929
nominal,direct,raw,clarifier_overflow,TN,22.98996361830159
nominal,direct,raw,clarifier_overflow,TP,17.230793678613555
nominal,direct,raw,clarifier_overflow,TSS,14.016933515872209
nominal,direct,raw,clarifier_underflow,COD,9707.230673806145
nominal,direct,raw,clarifier_underflow,TN,359.2200032130815
nominal,direct,raw,clarifier_underflow,TP,398.68175013658754
nominal,direct,raw,clarifier_underflow,TSS,8830.62037032087
nominal,direct,raw,clarifier_inventory,TSS_mass,7377993.86137283
nominal,direct,projected,mixer,COD,1988.6186016780537
nominal,direct,projected,mixer,TN,103.43980142168158
nominal,direct,projected,mixer,TP,63.14584075050665
nominal,direct,projected,mixer,TSS,1585.871906507776
nominal,direct,projected,reactor_1,DO,0.0005588048076241022
nominal,direct,projected,reactor_1,TN,96.49559456108379
nominal,direct,projected,reactor_1,TP,63.145840750503226
nominal,direct,projected,reactor_1,TSS,1525.4379090346158
nominal,direct,projected,reactor_2,DO,1.4906365649445405e-06
nominal,direct,projected,reactor_2,TN,96.39317737923275
nominal,direct,projected,reactor_2,TP,63.14584075049992
nominal,direct,projected,reactor_2,TSS,1478.823530154594
nominal,direct,projected,reactor_3,DO,0.06185580826421716
nominal,direct,projected,reactor_3,TN,95.56071666387089
nominal,direct,projected,reactor_3,TP,63.14584075049677
nominal,direct,projected,reactor_3,TSS,1487.3750212894124
nominal,direct,projected,reactor_4,DO,0.10351003055030834
nominal,direct,projected,reactor_4,TN,94.73478250578047
nominal,direct,projected,reactor_4,TP,63.14584075049386
nominal,direct,projected,reactor_4,TSS,1498.5990230078853
nominal,direct,projected,reactor_5,DO,0.31174770925316236
nominal,direct,projected,reactor_5,TN,93.4600835968941
nominal,direct,projected,reactor_5,TP,63.145840750491196
nominal,direct,projected,reactor_5,TSS,1595.979646411061
nominal,direct,projected,clarifier_overflow,COD,80.01122349690738
nominal,direct,projected,clarifier_overflow,TN,20.020423538285435
nominal,direct,projected,clarifier_overflow,TP,14.83787288308919
nominal,direct,projected,clarifier_overflow,TSS,7.097577164594021
nominal,direct,projected,clarifier_underflow,COD,7757.093007959169
nominal,direct,projected,clarifier_underflow,TN,326.0190071022965
nominal,direct,projected,clarifier_underflow,TP,216.12107232173895
nominal,direct,projected,clarifier_underflow,TSS,6627.439532065711
nominal,direct,projected,clarifier_inventory,TSS_mass,7377993.86137283
nominal,direct,reference,mixer,COD,1646.877978089125
nominal,direct,reference,mixer,TN,99.27097361552887
nominal,direct,reference,mixer,TP,57.27284631903256
nominal,direct,reference,mixer,TSS,1322.8838001865643
nominal,direct,reference,reactor_1,DO,0.00018031224514515102
nominal,direct,reference,reactor_1,TN,94.71244148890085
nominal,direct,reference,reactor_1,TP,57.27284631863604
nominal,direct,reference,reactor_1,TSS,1265.2661971910998
nominal,direct,reference,reactor_2,DO,1.2681320614195014e-07
nominal,direct,reference,reactor_2,TN,94.66489996884782
nominal,direct,reference,reactor_2,TP,57.27284631822336
nominal,direct,reference,reactor_2,TSS,1213.190828772957
nominal,direct,reference,reactor_3,DO,0.04138875997747294
nominal,direct,reference,reactor_3,TN,93.74812129409932
nominal,direct,reference,reactor_3,TP,57.272846317797345
nominal,direct,reference,reactor_3,TSS,1232.883220017287
nominal,direct,reference,reactor_4,DO,0.04263840195468173
nominal,direct,reference,reactor_4,TN,92.82708191336106
nominal,direct,reference,reactor_4,TP,57.27284631735714
nominal,direct,reference,reactor_4,TSS,1259.131070807863
nominal,direct,reference,reactor_5,DO,0.3108762076766854
nominal,direct,reference,reactor_5,TN,88.86302101481125
nominal,direct,reference,reactor_5,TP,57.272846316897514
nominal,direct,reference,reactor_5,TSS,1279.242140462047
nominal,direct,reference,clarifier_overflow,COD,57.601248467349336
nominal,direct,reference,clarifier_overflow,TN,20.554016674664968
nominal,direct,reference,clarifier_overflow,TP,16.383397729342555
nominal,direct,reference,clarifier_overflow,TSS,5.582079248199277
nominal,direct,reference,clarifier_underflow,COD,6048.389890259692
nominal,direct,reference,clarifier_underflow,TN,305.17486807365253
nominal,direct,reference,clarifier_underflow,TP,186.75610016654076
nominal,direct,reference,clarifier_underflow,TSS,5312.499000631566
nominal,direct,reference,clarifier_inventory,TSS_mass,3545432.5678363363
nominal,direct,smooth,clarifier_layer_1,TSS,5.582079248981162
nominal,direct,smooth,clarifier_layer_2,TSS,8.113787265456
nominal,direct,smooth,clarifier_layer_3,TSS,12.726268374911534
nominal,direct,smooth,clarifier_layer_4,TSS,26.56588587448548
nominal,direct,smooth,clarifier_layer_5,TSS,108.71345169104696
nominal,direct,smooth,clarifier_layer_6,TSS,108.71345169104696
nominal,direct,smooth,clarifier_layer_7,TSS,108.71345169104696
nominal,direct,smooth,clarifier_layer_8,TSS,108.71345169104696
nominal,direct,smooth,clarifier_layer_9,TSS,108.71345169104691
nominal,direct,smooth,clarifier_layer_10,TSS,5312.499002781008
nominal,direct,reference,clarifier_layer_1,TSS,5.5820792481992765
nominal,direct,reference,clarifier_layer_2,TSS,8.113787264556535
nominal,direct,reference,clarifier_layer_3,TSS,12.72626837359289
nominal,direct,reference,clarifier_layer_4,TSS,26.565885871097734
nominal,direct,reference,clarifier_layer_5,TSS,108.713451667668
nominal,direct,reference,clarifier_layer_6,TSS,108.71345166765572
nominal,direct,reference,clarifier_layer_7,TSS,108.71345166764337
nominal,direct,reference,clarifier_layer_8,TSS,108.71345166763108
nominal,direct,reference,clarifier_layer_9,TSS,108.71345166761873
nominal,direct,reference,clarifier_layer_10,TSS,5312.499000631564
nominal,direct,exact_mechanistic_start_1,clarifier_layer_1,TSS,5.5820792481992765
nominal,direct,exact_mechanistic_start_1,clarifier_layer_2,TSS,8.113787264556535
nominal,direct,exact_mechanistic_start_1,clarifier_layer_3,TSS,12.72626837359289
nominal,direct,exact_mechanistic_start_1,clarifier_layer_4,TSS,26.565885871097734
nominal,direct,exact_mechanistic_start_1,clarifier_layer_5,TSS,108.713451667668
nominal,direct,exact_mechanistic_start_1,clarifier_layer_6,TSS,108.71345166765572
nominal,direct,exact_mechanistic_start_1,clarifier_layer_7,TSS,108.71345166764337
nominal,direct,exact_mechanistic_start_1,clarifier_layer_8,TSS,108.71345166763108
nominal,direct,exact_mechanistic_start_1,clarifier_layer_9,TSS,108.71345166761873
nominal,direct,exact_mechanistic_start_1,clarifier_layer_10,TSS,5312.499000631564
nominal,direct,exact_mechanistic_start_2,clarifier_layer_1,TSS,5.582079249707498
nominal,direct,exact_mechanistic_start_2,clarifier_layer_2,TSS,8.113787266221415
nominal,direct,exact_mechanistic_start_2,clarifier_layer_3,TSS,12.726268376005736
nominal,direct,exact_mechanistic_start_2,clarifier_layer_4,TSS,26.56588587728076
nominal,direct,exact_mechanistic_start_2,clarifier_layer_5,TSS,108.71345171033312
nominal,direct,exact_mechanistic_start_2,clarifier_layer_6,TSS,108.71345171034335
nominal,direct,exact_mechanistic_start_2,clarifier_layer_7,TSS,108.7134517103535
nominal,direct,exact_mechanistic_start_2,clarifier_layer_8,TSS,108.71345171036363
nominal,direct,exact_mechanistic_start_2,clarifier_layer_9,TSS,108.71345171037387
nominal,direct,exact_mechanistic_start_2,clarifier_layer_10,TSS,5312.499004554136
robustness_01,surrogate,raw,mixer,COD,2383.2617508571484
robustness_01,surrogate,raw,mixer,TN,106.4655527678867
robustness_01,surrogate,raw,mixer,TP,103.23834829292282
robustness_01,surrogate,raw,mixer,TSS,2038.557510094879
robustness_01,surrogate,raw,reactor_1,DO,0.0009022880870854764
robustness_01,surrogate,raw,reactor_1,TN,102.84924995204271
robustness_01,surrogate,raw,reactor_1,TP,103.2383482930608
robustness_01,surrogate,raw,reactor_1,TSS,2002.5924429262545
robustness_01,surrogate,raw,reactor_2,DO,4.466531617402039e-06
robustness_01,surrogate,raw,reactor_2,TN,102.69785492663085
robustness_01,surrogate,raw,reactor_2,TP,103.23834829316658
robustness_01,surrogate,raw,reactor_2,TSS,1965.1419870084812
robustness_01,surrogate,raw,reactor_3,DO,0.08881139834619223
robustness_01,surrogate,raw,reactor_3,TN,102.12335255132436
robustness_01,surrogate,raw,reactor_3,TP,103.2383482932749
robustness_01,surrogate,raw,reactor_3,TSS,1977.2625180326538
robustness_01,surrogate,raw,reactor_4,DO,0.16715517443117447
robustness_01,surrogate,raw,reactor_4,TN,101.54436302414355
robustness_01,surrogate,raw,reactor_4,TP,103.23834829338088
robustness_01,surrogate,raw,reactor_4,TSS,1990.8252425376036
robustness_01,surrogate,raw,reactor_5,DO,0.40643032827736847
robustness_01,surrogate,raw,reactor_5,TN,100.8840585027628
robustness_01,surrogate,raw,reactor_5,TP,103.23834829352009
robustness_01,surrogate,raw,reactor_5,TSS,2003.8664224077183
robustness_01,surrogate,raw,clarifier_overflow,COD,93.90128096041248
robustness_01,surrogate,raw,clarifier_overflow,TN,18.894829807625467
robustness_01,surrogate,raw,clarifier_overflow,TP,21.081185393352012
robustness_01,surrogate,raw,clarifier_overflow,TSS,15.768740554631849
robustness_01,surrogate,raw,clarifier_underflow,COD,11563.323761790194
robustness_01,surrogate,raw,clarifier_underflow,TN,386.4707431716874
robustness_01,surrogate,raw,clarifier_underflow,TP,465.18863611863947
robustness_01,surrogate,raw,clarifier_underflow,TSS,10401.427261685087
robustness_01,surrogate,raw,clarifier_inventory,TSS_mass,9661624.9580174
robustness_01,surrogate,projected,mixer,COD,2258.010522107811
robustness_01,surrogate,projected,mixer,TN,101.40726619136191
robustness_01,surrogate,projected,mixer,TP,84.20734431510539
robustness_01,surrogate,projected,mixer,TSS,1852.6925189337026
robustness_01,surrogate,projected,reactor_1,DO,0.0009022880870854764
robustness_01,surrogate,projected,reactor_1,TN,96.76726039925764
robustness_01,surrogate,projected,reactor_1,TP,84.20734431515075
robustness_01,surrogate,projected,reactor_1,TSS,1764.2817203181137
robustness_01,surrogate,projected,reactor_2,DO,4.466531617402039e-06
robustness_01,surrogate,projected,reactor_2,TN,96.61553855557878
robustness_01,surrogate,projected,reactor_2,TP,84.20734431519493
robustness_01,surrogate,projected,reactor_2,TSS,1726.0279699174466
robustness_01,surrogate,projected,reactor_3,DO,0.08881139834619223
robustness_01,surrogate,projected,reactor_3,TN,96.04457701173683
robustness_01,surrogate,projected,reactor_3,TP,84.20734431523752
robustness_01,surrogate,projected,reactor_3,TSS,1738.9632508891432
robustness_01,surrogate,projected,reactor_4,DO,0.16715517443117447
robustness_01,surrogate,projected,reactor_4,TN,95.47012066208585
robustness_01,surrogate,projected,reactor_4,TP,84.20734431527835
robustness_01,surrogate,projected,reactor_4,TSS,1753.5952945330093
robustness_01,surrogate,projected,reactor_5,DO,0.44984344170973084
robustness_01,surrogate,projected,reactor_5,TN,94.57875477903424
robustness_01,surrogate,projected,reactor_5,TP,84.20734431531733
robustness_01,surrogate,projected,reactor_5,TSS,1887.1634348821015
robustness_01,surrogate,projected,clarifier_overflow,COD,82.68637018209576
robustness_01,surrogate,projected,clarifier_overflow,TN,14.788852554603293
robustness_01,surrogate,projected,clarifier_overflow,TP,17.514434192140925
robustness_01,surrogate,projected,clarifier_overflow,TSS,7.775696359497454
robustness_01,surrogate,projected,clarifier_underflow,COD,9037.116343264697
robustness_01,surrogate,projected,clarifier_underflow,TN,347.25732440612376
robustness_01,surrogate,projected,clarifier_underflow,TP,295.4103745782477
robustness_01,surrogate,projected,clarifier_underflow,TSS,7838.806340883393
robustness_01,surrogate,projected,clarifier_inventory,TSS_mass,9661624.9580174
robustness_01,surrogate,reference,mixer,COD,1680.5536930998028
robustness_01,surrogate,reference,mixer,TN,92.29885954907422
robustness_01,surrogate,reference,mixer,TP,80.29526617447436
robustness_01,surrogate,reference,mixer,TSS,1410.827084011028
robustness_01,surrogate,reference,reactor_1,DO,0.00043519721268113026
robustness_01,surrogate,reference,reactor_1,TN,87.23598345082402
robustness_01,surrogate,reference,reactor_1,TP,80.29526617443707
robustness_01,surrogate,reference,reactor_1,TSS,1364.1219965058697
robustness_01,surrogate,reference,reactor_2,DO,5.492017450897892e-07
robustness_01,surrogate,reference,reactor_2,TN,87.12052526770853
robustness_01,surrogate,reference,reactor_2,TP,80.29526617439933
robustness_01,surrogate,reference,reactor_2,TSS,1326.6510958447257
robustness_01,surrogate,reference,reactor_3,DO,0.1399201625263579
robustness_01,surrogate,reference,reactor_3,TN,86.08540945176148
robustness_01,surrogate,reference,reactor_3,TP,80.29526617436144
robustness_01,surrogate,reference,reactor_3,TSS,1344.9665331460515
robustness_01,surrogate,reference,reactor_4,DO,0.4684188495971185
robustness_01,surrogate,reference,reactor_4,TN,85.12592031785397
robustness_01,surrogate,reference,reactor_4,TP,80.29526617431978
robustness_01,surrogate,reference,reactor_4,TSS,1369.561973853094
robustness_01,surrogate,reference,reactor_5,DO,0.5851955823082475
robustness_01,surrogate,reference,reactor_5,TN,84.66769898322151
robustness_01,surrogate,reference,reactor_5,TP,80.29526617427743
robustness_01,surrogate,reference,reactor_5,TSS,1394.564673129606
robustness_01,surrogate,reference,clarifier_overflow,COD,81.12629531091464
robustness_01,surrogate,reference,clarifier_overflow,TN,15.314357215678019
robustness_01,surrogate,reference,clarifier_overflow,TP,18.543722194241774
robustness_01,surrogate,reference,clarifier_overflow,TSS,5.77408400687406
robustness_01,surrogate,reference,clarifier_underflow,COD,6361.532894865975
robustness_01,surrogate,reference,clarifier_underflow,TN,304.2957810831219
robustness_01,surrogate,reference,clarifier_underflow,TP,275.84998387628593
robustness_01,surrogate,reference,clarifier_underflow,TSS,5792.585096568824
robustness_01,surrogate,reference,clarifier_inventory,TSS_mass,3850563.0351674133
robustness_01,surrogate,reference,clarifier_layer_1,TSS,5.77408400687406
robustness_01,surrogate,reference,clarifier_layer_2,TSS,8.323469105161793
robustness_01,surrogate,reference,clarifier_layer_3,TSS,13.028391598681697
robustness_01,surrogate,reference,clarifier_layer_4,TSS,27.3402016445944
robustness_01,surrogate,reference,clarifier_layer_5,TSS,114.11076313765436
robustness_01,surrogate,reference,clarifier_layer_6,TSS,114.11076313764924
robustness_01,surrogate,reference,clarifier_layer_7,TSS,114.11076313764414
robustness_01,surrogate,reference,clarifier_layer_8,TSS,114.11076313763904
robustness_01,surrogate,reference,clarifier_layer_9,TSS,114.11076313763391
robustness_01,surrogate,reference,clarifier_layer_10,TSS,5792.585096568823
robustness_01,surrogate,exact_mechanistic_start_1,clarifier_layer_1,TSS,5.77408400687406
robustness_01,surrogate,exact_mechanistic_start_1,clarifier_layer_2,TSS,8.323469105161793
robustness_01,surrogate,exact_mechanistic_start_1,clarifier_layer_3,TSS,13.028391598681697
robustness_01,surrogate,exact_mechanistic_start_1,clarifier_layer_4,TSS,27.3402016445944
robustness_01,surrogate,exact_mechanistic_start_1,clarifier_layer_5,TSS,114.11076313765436
robustness_01,surrogate,exact_mechanistic_start_1,clarifier_layer_6,TSS,114.11076313764924
robustness_01,surrogate,exact_mechanistic_start_1,clarifier_layer_7,TSS,114.11076313764414
robustness_01,surrogate,exact_mechanistic_start_1,clarifier_layer_8,TSS,114.11076313763904
robustness_01,surrogate,exact_mechanistic_start_1,clarifier_layer_9,TSS,114.11076313763391
robustness_01,surrogate,exact_mechanistic_start_1,clarifier_layer_10,TSS,5792.585096568823
robustness_01,surrogate,exact_mechanistic_start_2,clarifier_layer_1,TSS,5.774084006506233
robustness_01,surrogate,exact_mechanistic_start_2,clarifier_layer_2,TSS,8.323469104763657
robustness_01,surrogate,exact_mechanistic_start_2,clarifier_layer_3,TSS,13.028391598114625
robustness_01,surrogate,exact_mechanistic_start_2,clarifier_layer_4,TSS,27.340201643152984
robustness_01,surrogate,exact_mechanistic_start_2,clarifier_layer_5,TSS,114.1107631275473
robustness_01,surrogate,exact_mechanistic_start_2,clarifier_layer_6,TSS,114.11076312754004
robustness_01,surrogate,exact_mechanistic_start_2,clarifier_layer_7,TSS,114.11076312753259
robustness_01,surrogate,exact_mechanistic_start_2,clarifier_layer_8,TSS,114.11076312752539
robustness_01,surrogate,exact_mechanistic_start_2,clarifier_layer_9,TSS,114.110763127518
robustness_01,surrogate,exact_mechanistic_start_2,clarifier_layer_10,TSS,5792.585095635732
robustness_02,surrogate,raw,mixer,COD,2130.048285520151
robustness_02,surrogate,raw,mixer,TN,124.49739812322693
robustness_02,surrogate,raw,mixer,TP,81.34893590980228
robustness_02,surrogate,raw,mixer,TSS,1836.608594224284
robustness_02,surrogate,raw,reactor_1,DO,0.000622168264496131
robustness_02,surrogate,raw,reactor_1,TN,120.65208146261197
robustness_02,surrogate,raw,reactor_1,TP,81.34893590989442
robustness_02,surrogate,raw,reactor_1,TSS,1781.861832867998
robustness_02,surrogate,raw,reactor_2,DO,2.2182549702965555e-06
robustness_02,surrogate,raw,reactor_2,TN,120.52826900819937
robustness_02,surrogate,raw,reactor_2,TP,81.3489359099659
robustness_02,surrogate,raw,reactor_2,TSS,1728.312299750336
robustness_02,surrogate,raw,reactor_3,DO,0.0672339595978989
robustness_02,surrogate,raw,reactor_3,TN,119.33695039145482
robustness_02,surrogate,raw,reactor_3,TP,81.34893591004092
robustness_02,surrogate,raw,reactor_3,TSS,1732.8789793951905
robustness_02,surrogate,raw,reactor_4,DO,0.1195339017635794
robustness_02,surrogate,raw,reactor_4,TN,118.15508740734985
robustness_02,surrogate,raw,reactor_4,TP,81.34893591011681
robustness_02,surrogate,raw,reactor_4,TSS,1741.8445313105224
robustness_02,surrogate,raw,reactor_5,DO,0.2991429884297051
robustness_02,surrogate,raw,reactor_5,TN,116.85771581373527
robustness_02,surrogate,raw,reactor_5,TP,81.34893591020119
robustness_02,surrogate,raw,reactor_5,TSS,1751.9820859602207
robustness_02,surrogate,raw,clarifier_overflow,COD,51.91560468591431
robustness_02,surrogate,raw,clarifier_overflow,TN,35.920157040185124
robustness_02,surrogate,raw,clarifier_overflow,TP,17.687196477217643
robustness_02,surrogate,raw,clarifier_overflow,TSS,14.15787566649654
robustness_02,surrogate,raw,clarifier_underflow,COD,10379.938853073138
robustness_02,surrogate,raw,clarifier_underflow,TN,418.3762359991665
robustness_02,surrogate,raw,clarifier_underflow,TP,337.4882272727892
robustness_02,surrogate,raw,clarifier_underflow,TSS,9023.466942105139
robustness_02,surrogate,raw,clarifier_inventory,TSS_mass,7503323.614220261
robustness_02,surrogate,projected,mixer,COD,1987.2491234118706
robustness_02,surrogate,projected,mixer,TN,122.98198795322438
robustness_02,surrogate,projected,mixer,TP,73.68451160289139
robustness_02,surrogate,projected,mixer,TSS,1696.7833349029063
robustness_02,surrogate,projected,reactor_1,DO,0.000622168264496131
robustness_02,surrogate,projected,reactor_1,TN,116.70663629974604
robustness_02,surrogate,projected,reactor_1,TP,73.68451160293166
robustness_02,surrogate,projected,reactor_1,TSS,1594.1582165638238
robustness_02,surrogate,projected,reactor_2,DO,2.2182549702965555e-06
robustness_02,surrogate,projected,reactor_2,TN,116.57981520061288
robustness_02,surrogate,projected,reactor_2,TP,73.68451160297073
robustness_02,surrogate,projected,reactor_2,TSS,1538.717862273931
robustness_02,surrogate,projected,reactor_3,DO,0.0672339595978989
robustness_02,surrogate,projected,reactor_3,TN,115.39134668296637
robustness_02,surrogate,projected,reactor_3,TP,73.68451160300805
robustness_02,surrogate,projected,reactor_3,TSS,1544.9027176108634
robustness_02,surrogate,projected,reactor_4,DO,0.1195339017635794
robustness_02,surrogate,projected,reactor_4,TN,114.21344628351262
robustness_02,surrogate,projected,reactor_4,TP,73.68451160304338
robustness_02,surrogate,projected,reactor_4,TSS,1555.7637473546554
robustness_02,surrogate,projected,reactor_5,DO,0.33196796454069005
robustness_02,surrogate,projected,reactor_5,TN,112.3454363106278
robustness_02,surrogate,projected,reactor_5,TP,73.68451160307646
robustness_02,surrogate,projected,reactor_5,TSS,1665.2303286206227
robustness_02,surrogate,projected,clarifier_overflow,COD,31.720499731596227
robustness_02,surrogate,projected,clarifier_overflow,TN,33.24844029395806
robustness_02,surrogate,projected,clarifier_overflow,TP,14.235658379942072
robustness_02,surrogate,projected,clarifier_overflow,TSS,7.447376424031372
robustness_02,surrogate,projected,clarifier_underflow,COD,7852.213286340295
robustness_02,surrogate,projected,clarifier_underflow,TN,362.8192570301266
robustness_02,surrogate,projected,clarifier_underflow,TP,261.9392134761564
robustness_02,surrogate,projected,clarifier_underflow,TSS,6914.876343910339
robustness_02,surrogate,projected,clarifier_inventory,TSS_mass,7503323.614220261
robustness_02,surrogate,reference,mixer,COD,1583.8816693831345
robustness_02,surrogate,reference,mixer,TN,109.74233824386222
robustness_02,surrogate,reference,mixer,TP,72.42654231096031
robustness_02,surrogate,reference,mixer,TSS,1398.2037186789862
robustness_02,surrogate,reference,reactor_1,DO,0.0001748175842051884
robustness_02,surrogate,reference,reactor_1,TN,104.47818399905105
robustness_02,surrogate,reference,reactor_1,TP,72.42654231099186
robustness_02,surrogate,reference,reactor_1,TSS,1319.5593079359426
robustness_02,surrogate,reference,reactor_2,DO,1.2372783269090273e-07
robustness_02,surrogate,reference,reactor_2,TN,104.42211182804856
robustness_02,surrogate,reference,reactor_2,TP,72.42654231104612
robustness_02,surrogate,reference,reactor_2,TSS,1262.9127930962347
robustness_02,surrogate,reference,reactor_3,DO,0.04728627662365775
robustness_02,surrogate,reference,reactor_3,TN,102.58273763495707
robustness_02,surrogate,reference,reactor_3,TP,72.42654231110615
robustness_02,surrogate,reference,reactor_3,TSS,1280.0081382139629
robustness_02,surrogate,reference,reactor_4,DO,0.16358351527687792
robustness_02,surrogate,reference,reactor_4,TN,97.41358045012106
robustness_02,surrogate,reference,reactor_4,TP,72.42654231106584
robustness_02,surrogate,reference,reactor_4,TSS,1296.9645431601027
robustness_02,surrogate,reference,reactor_5,DO,0.3607336902871482
robustness_02,surrogate,reference,reactor_5,TN,92.50763527486791
robustness_02,surrogate,reference,reactor_5,TP,72.42654231133457
robustness_02,surrogate,reference,reactor_5,TSS,1321.0869840973703
robustness_02,surrogate,reference,clarifier_overflow,COD,28.999280723336348
robustness_02,surrogate,reference,clarifier_overflow,TN,25.094163563341844
robustness_02,surrogate,reference,clarifier_overflow,TP,14.566702931026814
robustness_02,surrogate,reference,clarifier_overflow,TSS,5.6516797014117115
robustness_02,surrogate,reference,clarifier_underflow,COD,5922.957992270156
robustness_02,surrogate,reference,clarifier_underflow,TN,305.98362902852335
robustness_02,surrogate,reference,clarifier_underflow,TP,255.64936701606274
robustness_02,surrogate,reference,clarifier_underflow,TSS,5486.6321146941245
robustness_02,surrogate,reference,clarifier_inventory,TSS_mass,3656176.224268683
robustness_02,surrogate,reference,clarifier_layer_1,TSS,5.6516797014117115
robustness_02,surrogate,reference,clarifier_layer_2,TSS,8.19024995183312
robustness_02,surrogate,reference,clarifier_layer_3,TSS,12.8371416885361
robustness_02,surrogate,reference,clarifier_layer_4,TSS,26.851112741364137
robustness_02,surrogate,reference,clarifier_layer_5,TSS,110.69294833410504
robustness_02,surrogate,reference,clarifier_layer_6,TSS,110.69294833410586
robustness_02,surrogate,reference,clarifier_layer_7,TSS,110.69294833410694
robustness_02,surrogate,reference,clarifier_layer_8,TSS,110.69294833410773
robustness_02,surrogate,reference,clarifier_layer_9,TSS,110.69294833410875
robustness_02,surrogate,reference,clarifier_layer_10,TSS,5486.632114694125
robustness_02,surrogate,exact_mechanistic_start_1,clarifier_layer_1,TSS,5.6516797014117115
robustness_02,surrogate,exact_mechanistic_start_1,clarifier_layer_2,TSS,8.19024995183312
robustness_02,surrogate,exact_mechanistic_start_1,clarifier_layer_3,TSS,12.8371416885361
robustness_02,surrogate,exact_mechanistic_start_1,clarifier_layer_4,TSS,26.851112741364137
robustness_02,surrogate,exact_mechanistic_start_1,clarifier_layer_5,TSS,110.69294833410504
robustness_02,surrogate,exact_mechanistic_start_1,clarifier_layer_6,TSS,110.69294833410586
robustness_02,surrogate,exact_mechanistic_start_1,clarifier_layer_7,TSS,110.69294833410694
robustness_02,surrogate,exact_mechanistic_start_1,clarifier_layer_8,TSS,110.69294833410773
robustness_02,surrogate,exact_mechanistic_start_1,clarifier_layer_9,TSS,110.69294833410875
robustness_02,surrogate,exact_mechanistic_start_1,clarifier_layer_10,TSS,5486.632114694125
robustness_02,surrogate,exact_mechanistic_start_2,clarifier_layer_1,TSS,5.651679701237035
robustness_02,surrogate,exact_mechanistic_start_2,clarifier_layer_2,TSS,8.190249951641638
robustness_02,surrogate,exact_mechanistic_start_2,clarifier_layer_3,TSS,12.837141688260763
robustness_02,surrogate,exact_mechanistic_start_2,clarifier_layer_4,TSS,26.851112740661232
robustness_02,surrogate,exact_mechanistic_start_2,clarifier_layer_5,TSS,110.6929483292261
robustness_02,surrogate,exact_mechanistic_start_2,clarifier_layer_6,TSS,110.69294832922488
robustness_02,surrogate,exact_mechanistic_start_2,clarifier_layer_7,TSS,110.69294832922364
robustness_02,surrogate,exact_mechanistic_start_2,clarifier_layer_8,TSS,110.69294832922256
robustness_02,surrogate,exact_mechanistic_start_2,clarifier_layer_9,TSS,110.69294832922124
robustness_02,surrogate,exact_mechanistic_start_2,clarifier_layer_10,TSS,5486.6321142434845
robustness_02,direct,smooth,mixer,COD,1394.9541257299688
robustness_02,direct,smooth,mixer,TN,89.95995415637401
robustness_02,direct,smooth,mixer,TP,118.55179614795911
robustness_02,direct,smooth,mixer,TSS,1471.9466022076626
robustness_02,direct,smooth,reactor_1,DO,0.004653243427620068
robustness_02,direct,smooth,reactor_1,TN,87.08874509839198
robustness_02,direct,smooth,reactor_1,TP,118.5517961479591
robustness_02,direct,smooth,reactor_1,TSS,1455.7487894134576
robustness_02,direct,smooth,reactor_2,DO,2.7227664400847014e-05
robustness_02,direct,smooth,reactor_2,TN,86.85509350499147
robustness_02,direct,smooth,reactor_2,TP,118.5517961479591
robustness_02,direct,smooth,reactor_2,TSS,1429.5525344742666
robustness_02,direct,smooth,reactor_3,DO,0.2603977191045228
robustness_02,direct,smooth,reactor_3,TN,85.07382728870091
robustness_02,direct,smooth,reactor_3,TP,118.55179614795912
robustness_02,direct,smooth,reactor_3,TSS,1437.6565599648645
robustness_02,direct,smooth,reactor_4,DO,0.3867156706126748
robustness_02,direct,smooth,reactor_4,TN,83.44899642747895
robustness_02,direct,smooth,reactor_4,TP,118.5517961479591
robustness_02,direct,smooth,reactor_4,TSS,1447.5687596388962
robustness_02,direct,smooth,reactor_5,DO,1.156218094784024
robustness_02,direct,smooth,reactor_5,TN,82.8429971001534
robustness_02,direct,smooth,reactor_5,TP,118.55179614795911
robustness_02,direct,smooth,reactor_5,TSS,1453.669197531848
robustness_02,direct,smooth,clarifier_overflow,COD,28.748093054556886
robustness_02,direct,smooth,clarifier_overflow,TN,15.37634801981594
robustness_02,direct,smooth,clarifier_overflow,TP,2.4284782469598847
robustness_02,direct,smooth,clarifier_overflow,TSS,5.872674974818153
robustness_02,direct,smooth,clarifier_underflow,COD,5526.6283597716465
robustness_02,direct,smooth,clarifier_underflow,TN,296.48738582143375
robustness_02,direct,smooth,clarifier_underflow,TP,486.2756361107813
robustness_02,direct,smooth,clarifier_underflow,TSS,6038.35818491834
robustness_02,direct,smooth,clarifier_inventory,TSS_mass,4006566.5588335325
robustness_02,direct,raw,mixer,COD,2035.3659962215502
robustness_02,direct,raw,mixer,TN,120.01960768523789
robustness_02,direct,raw,mixer,TP,82.24811396997163
robustness_02,direct,raw,mixer,TSS,1788.3444038354482
robustness_02,direct,raw,reactor_1,DO,0.0008430510791750179
robustness_02,direct,raw,reactor_1,TN,118.3726027812378
robustness_02,direct,raw,reactor_1,TP,82.24811396997393
robustness_02,direct,raw,reactor_1,TSS,1768.546240446741
robustness_02,direct,raw,reactor_2,DO,3.5378620549513783e-06
robustness_02,direct,raw,reactor_2,TN,118.25223303360437
robustness_02,direct,raw,reactor_2,TP,82.24811396998578
robustness_02,direct,raw,reactor_2,TSS,1746.3008428349228
robustness_02,direct,raw,reactor_3,DO,0.08826952872363877
robustness_02,direct,raw,reactor_3,TN,117.54686796375826
robustness_02,direct,raw,reactor_3,TP,82.24811396999942
robustness_02,direct,raw,reactor_3,TSS,1751.4091937563999
robustness_02,direct,raw,reactor_4,DO,0.1472764343036244
robustness_02,direct,raw,reactor_4,TN,116.82604616585729
robustness_02,direct,raw,reactor_4,TP,82.24811397001385
robustness_02,direct,raw,reactor_4,TSS,1758.799279597131
robustness_02,direct,raw,reactor_5,DO,0.30541029534161146
robustness_02,direct,raw,reactor_5,TN,116.01065426863575
robustness_02,direct,raw,reactor_5,TP,82.24811397002932
robustness_02,direct,raw,reactor_5,TSS,1765.4224412131923
robustness_02,direct,raw,clarifier_overflow,COD,11.674989266504639
robustness_02,direct,raw,clarifier_overflow,TN,33.384191981082125
robustness_02,direct,raw,clarifier_overflow,TP,16.85821725224453
robustness_02,direct,raw,clarifier_overflow,TSS,12.105666013371374
robustness_02,direct,raw,clarifier_underflow,COD,10618.30173758858
robustness_02,direct,raw,clarifier_underflow,TN,423.69110451479094
robustness_02,direct,raw,clarifier_underflow,TP,350.25011551372955
robustness_02,direct,raw,clarifier_underflow,TSS,9338.790330855078
robustness_02,direct,raw,clarifier_inventory,TSS_mass,6188375.230940637
robustness_02,direct,projected,mixer,COD,1880.2584138539987
robustness_02,direct,projected,mixer,TN,113.75305703332347
robustness_02,direct,projected,mixer,TP,77.85469859936883
robustness_02,direct,projected,mixer,TSS,1661.678120364287
robustness_02,direct,projected,reactor_1,DO,0.0008430510791750179
robustness_02,direct,projected,reactor_1,TN,112.21063047630335
robustness_02,direct,projected,reactor_1,TP,77.85469859939367
robustness_02,direct,projected,reactor_1,TSS,1534.896849521033
robustness_02,direct,projected,reactor_2,DO,3.5378620549513783e-06
robustness_02,direct,projected,reactor_2,TN,112.08737695041022
robustness_02,direct,projected,reactor_2,TP,77.8546985994204
robustness_02,direct,projected,reactor_2,TSS,1510.485288223869
robustness_02,direct,projected,reactor_3,DO,0.08826952872363877
robustness_02,direct,projected,reactor_3,TN,111.3866407758418
robustness_02,direct,projected,reactor_3,TP,77.85469859944526
robustness_02,direct,projected,reactor_3,TSS,1517.4632229234562
robustness_02,direct,projected,reactor_4,DO,0.1472764343036244
robustness_02,direct,projected,reactor_4,TN,110.67201627599098
robustness_02,direct,projected,reactor_4,TP,77.85469859947142
robustness_02,direct,projected,reactor_4,TSS,1527.060095016987
robustness_02,direct,projected,reactor_5,DO,0.3097660301566623
robustness_02,direct,projected,reactor_5,TN,110.15264195042616
robustness_02,direct,projected,reactor_5,TP,77.85469859949946
robustness_02,direct,projected,reactor_5,TSS,1651.4237040562
robustness_02,direct,projected,clarifier_overflow,COD,32.030693595726156
robustness_02,direct,projected,clarifier_overflow,TN,31.509825082698995
robustness_02,direct,projected,clarifier_overflow,TP,13.138240755798192
robustness_02,direct,projected,clarifier_overflow,TSS,7.037096110570843
robustness_02,direct,projected,clarifier_underflow,COD,7624.040266153701
robustness_02,direct,projected,clarifier_underflow,TN,359.18822865962915
robustness_02,direct,projected,clarifier_underflow,TP,282.79014840609113
robustness_02,direct,projected,clarifier_underflow,TSS,6858.647961743559
robustness_02,direct,projected,clarifier_inventory,TSS_mass,6188375.230940632
robustness_02,direct,reference,mixer,COD,1394.9541255870474
robustness_02,direct,reference,mixer,TN,89.95995414551051
robustness_02,direct,reference,mixer,TP,118.55179607228308
robustness_02,direct,reference,mixer,TSS,1471.9466018146709
robustness_02,direct,reference,reactor_1,DO,0.004653243429277728
robustness_02,direct,reference,reactor_1,TN,87.08874508702485
robustness_02,direct,reference,reactor_1,TP,118.55179607168941
robustness_02,direct,reference,reactor_1,TSS,1455.7487890216878
robustness_02,direct,reference,reactor_2,DO,2.7227664408975657e-05
robustness_02,direct,reference,reactor_2,TN,86.8550934935377
robustness_02,direct,reference,reactor_2,TP,118.55179607109108
robustness_02,direct,reference,reactor_2,TSS,1429.5525340792392
robustness_02,direct,reference,reactor_3,DO,0.2603977191344033
robustness_02,direct,reference,reactor_3,TN,85.07382727723568
robustness_02,direct,reference,reactor_3,TP,118.55179607048791
robustness_02,direct,reference,reactor_3,TSS,1437.6565595665918
robustness_02,direct,reference,reactor_4,DO,0.3867156706973036
robustness_02,direct,reference,reactor_4,TN,83.44899641617539
robustness_02,direct,reference,reactor_4,TP,118.55179606988
robustness_02,direct,reference,reactor_4,TSS,1447.5687592370666
robustness_02,direct,reference,reactor_5,DO,1.1562180952935996
robustness_02,direct,reference,reactor_5,TN,82.8429970890733
robustness_02,direct,reference,reactor_5,TP,118.5517960692672
robustness_02,direct,reference,reactor_5,TSS,1453.669197125257
robustness_02,direct,reference,clarifier_overflow,COD,28.74809305506879
robustness_02,direct,reference,clarifier_overflow,TN,15.376348020482206
robustness_02,direct,reference,clarifier_overflow,TP,2.4284782462686856
robustness_02,direct,reference,clarifier_overflow,TSS,5.872674974181234
robustness_02,direct,reference,clarifier_underflow,COD,5526.628359110292
robustness_02,direct,reference,clarifier_underflow,TN,296.4873857705819
robustness_02,direct,reference,clarifier_underflow,TP,486.2756357806552
robustness_02,direct,reference,clarifier_underflow,TSS,6038.358183170971
robustness_02,direct,reference,clarifier_inventory,TSS_mass,4006566.5577267925
robustness_02,direct,smooth,clarifier_layer_1,TSS,5.872674974818152
robustness_02,direct,smooth,clarifier_layer_2,TSS,8.429628952134404
robustness_02,direct,smooth,clarifier_layer_3,TSS,13.179091339647899
robustness_02,direct,smooth,clarifier_layer_4,TSS,27.723181477126857
robustness_02,direct,smooth,clarifier_layer_5,TSS,116.80963394543092
robustness_02,direct,smooth,clarifier_layer_6,TSS,116.80963394543095
robustness_02,direct,smooth,clarifier_layer_7,TSS,116.80963394543093
robustness_02,direct,smooth,clarifier_layer_8,TSS,116.80963394543092
robustness_02,direct,smooth,clarifier_layer_9,TSS,116.80963394543096
robustness_02,direct,smooth,clarifier_layer_10,TSS,6038.358184918339
robustness_02,direct,reference,clarifier_layer_1,TSS,5.872674974181233
robustness_02,direct,reference,clarifier_layer_2,TSS,8.429628951412479
robustness_02,direct,reference,clarifier_layer_3,TSS,13.179091338615818
robustness_02,direct,reference,clarifier_layer_4,TSS,27.723181474514853
robustness_02,direct,reference,clarifier_layer_5,TSS,116.80963392700369
robustness_02,direct,reference,clarifier_layer_6,TSS,116.8096339269978
robustness_02,direct,reference,clarifier_layer_7,TSS,116.8096339269919
robustness_02,direct,reference,clarifier_layer_8,TSS,116.80963392698611
robustness_02,direct,reference,clarifier_layer_9,TSS,116.80963392698017
robustness_02,direct,reference,clarifier_layer_10,TSS,6038.35818317097
robustness_02,direct,exact_mechanistic_start_1,clarifier_layer_1,TSS,5.872674974181233
robustness_02,direct,exact_mechanistic_start_1,clarifier_layer_2,TSS,8.429628951412479
robustness_02,direct,exact_mechanistic_start_1,clarifier_layer_3,TSS,13.179091338615818
robustness_02,direct,exact_mechanistic_start_1,clarifier_layer_4,TSS,27.723181474514853
robustness_02,direct,exact_mechanistic_start_1,clarifier_layer_5,TSS,116.80963392700369
robustness_02,direct,exact_mechanistic_start_1,clarifier_layer_6,TSS,116.8096339269978
robustness_02,direct,exact_mechanistic_start_1,clarifier_layer_7,TSS,116.8096339269919
robustness_02,direct,exact_mechanistic_start_1,clarifier_layer_8,TSS,116.80963392698611
robustness_02,direct,exact_mechanistic_start_1,clarifier_layer_9,TSS,116.80963392698017
robustness_02,direct,exact_mechanistic_start_1,clarifier_layer_10,TSS,6038.35818317097
robustness_02,direct,exact_mechanistic_start_2,clarifier_layer_1,TSS,5.872674974962149
robustness_02,direct,exact_mechanistic_start_2,clarifier_layer_2,TSS,8.429628952250484
robustness_02,direct,exact_mechanistic_start_2,clarifier_layer_3,TSS,13.179091339796594
robustness_02,direct,exact_mechanistic_start_2,clarifier_layer_4,TSS,27.72318147749473
robustness_02,direct,exact_mechanistic_start_2,clarifier_layer_5,TSS,116.80963394802535
robustness_02,direct,exact_mechanistic_start_2,clarifier_layer_6,TSS,116.80963394802633
robustness_02,direct,exact_mechanistic_start_2,clarifier_layer_7,TSS,116.80963394802728
robustness_02,direct,exact_mechanistic_start_2,clarifier_layer_8,TSS,116.80963394802826
robustness_02,direct,exact_mechanistic_start_2,clarifier_layer_9,TSS,116.80963394802924
robustness_02,direct,exact_mechanistic_start_2,clarifier_layer_10,TSS,6038.358185165761
robustness_03,surrogate,raw,mixer,COD,2557.181040651154
robustness_03,surrogate,raw,mixer,TN,109.86279356614251
robustness_03,surrogate,raw,mixer,TP,82.88888792147212
robustness_03,surrogate,raw,mixer,TSS,2123.1714873295514
robustness_03,surrogate,raw,reactor_1,DO,0.00036930909877509955
robustness_03,surrogate,raw,reactor_1,TN,105.87517499532245
robustness_03,surrogate,raw,reactor_1,TP,82.888887921563
robustness_03,surrogate,raw,reactor_1,TSS,2107.7898647585794
robustness_03,surrogate,raw,reactor_2,DO,7.41901444928561e-07
robustness_03,surrogate,raw,reactor_2,TN,105.73319577463522
robustness_03,surrogate,raw,reactor_2,TP,82.88888792160871
robustness_03,surrogate,raw,reactor_2,TSS,2079.4746475344978
robustness_03,surrogate,raw,reactor_3,DO,0.03304141154066881
robustness_03,surrogate,raw,reactor_3,TN,105.45456031314929
robustness_03,surrogate,raw,reactor_3,TP,82.88888792165245
robustness_03,surrogate,raw,reactor_3,TSS,2075.254286300982
robustness_03,surrogate,raw,reactor_4,DO,0.04958936653785609
robustness_03,surrogate,raw,reactor_4,TN,105.19630084113663
robustness_03,surrogate,raw,reactor_4,TP,82.88888792170022
robustness_03,surrogate,raw,reactor_4,TSS,2071.123517352538
robustness_03,surrogate,raw,reactor_5,DO,0.12557488962216004
robustness_03,surrogate,raw,reactor_5,TN,104.8375071342873
robustness_03,surrogate,raw,reactor_5,TP,82.88888792175138
robustness_03,surrogate,raw,reactor_5,TSS,2068.5317050538597
robustness_03,surrogate,raw,clarifier_overflow,COD,166.8667283567318
robustness_03,surrogate,raw,clarifier_overflow,TN,13.102986481747498
robustness_03,surrogate,raw,clarifier_overflow,TP,20.364337739131656
robustness_03,surrogate,raw,clarifier_overflow,TSS,10.317672551082614
robustness_03,surrogate,raw,clarifier_underflow,COD,12235.456927259787
robustness_03,surrogate,raw,clarifier_underflow,TN,435.7281727395955
robustness_03,surrogate,raw,clarifier_underflow,TP,390.2530927654069
robustness_03,surrogate,raw,clarifier_underflow,TSS,10741.889758969035
robustness_03,surrogate,raw,clarifier_inventory,TSS_mass,7043381.307170862
robustness_03,surrogate,projected,mixer,COD,2438.255842822974
robustness_03,surrogate,projected,mixer,TN,105.11276428154932
robustness_03,surrogate,projected,mixer,TP,58.40616679162624
robustness_03,surrogate,projected,mixer,TSS,1914.9588244689883
robustness_03,surrogate,projected,reactor_1,DO,0.00036930909877509955
robustness_03,surrogate,projected,reactor_1,TN,100.47908364792062
robustness_03,surrogate,projected,reactor_1,TP,58.406166791593776
robustness_03,surrogate,projected,reactor_1,TSS,1838.775252689013
robustness_03,surrogate,projected,reactor_2,DO,7.41901444928561e-07
robustness_03,surrogate,projected,reactor_2,TN,100.33914210109901
robustness_03,surrogate,projected,reactor_2,TP,58.40616679156234
robustness_03,surrogate,projected,reactor_2,TSS,1810.3134181527132
robustness_03,surrogate,projected,reactor_3,DO,0.03304141154066881
robustness_03,surrogate,projected,reactor_3,TN,100.065796956502
robustness_03,surrogate,projected,reactor_3,TP,58.406166791532286
robustness_03,surrogate,projected,reactor_3,TSS,1806.177490421374
robustness_03,surrogate,projected,reactor_4,DO,0.04958936653785609
robustness_03,surrogate,projected,reactor_4,TN,99.81384699779906
robustness_03,surrogate,projected,reactor_4,TP,58.40616679150392
robustness_03,surrogate,projected,reactor_4,TSS,1802.2476351467228
robustness_03,surrogate,projected,reactor_5,DO,0.13577411677037335
robustness_03,surrogate,projected,reactor_5,TN,99.95170787233239
robustness_03,surrogate,projected,reactor_5,TP,58.40616679147746
robustness_03,surrogate,projected,reactor_5,TSS,1941.8637060632789
robustness_03,surrogate,projected,clarifier_overflow,COD,163.57459918109828
robustness_03,surrogate,projected,clarifier_overflow,TN,8.586085795216563
robustness_03,surrogate,projected,clarifier_overflow,TP,19.365290311307355
robustness_03,surrogate,projected,clarifier_overflow,TSS,7.087719349106367
robustness_03,surrogate,projected,clarifier_underflow,COD,9832.685235744537
robustness_03,surrogate,projected,clarifier_underflow,TN,390.5002337520646
robustness_03,surrogate,projected,clarifier_underflow,TP,182.55865273209633
robustness_03,surrogate,projected,clarifier_underflow,TSS,8094.5751752949645
robustness_03,surrogate,projected,clarifier_inventory,TSS_mass,7043381.307170862
robustness_03,surrogate,reference,mixer,COD,1918.094042082927
robustness_03,surrogate,reference,mixer,TN,87.64342023449518
robustness_03,surrogate,reference,mixer,TP,52.42668164504599
robustness_03,surrogate,reference,mixer,TSS,1502.1692722656135
robustness_03,surrogate,reference,reactor_1,DO,0.00023944658948612976
robustness_03,surrogate,reference,reactor_1,TN,82.94456140896666
robustness_03,surrogate,reference,reactor_1,TP,52.42668164500481
robustness_03,surrogate,reference,reactor_1,TSS,1499.7229924122987
robustness_03,surrogate,reference,reactor_2,DO,6.217812689894555e-07
robustness_03,surrogate,reference,reactor_2,TN,82.68433858763993
robustness_03,surrogate,reference,reactor_2,TP,52.42668164493553
robustness_03,surrogate,reference,reactor_2,TSS,1479.5744679842005
robustness_03,surrogate,reference,reactor_3,DO,0.040113456311290104
robustness_03,surrogate,reference,reactor_3,TN,82.4610230743367
robustness_03,surrogate,reference,reactor_3,TP,52.42668164486179
robustness_03,surrogate,reference,reactor_3,TSS,1475.0471694014793
robustness_03,surrogate,reference,reactor_4,DO,0.03721801700130945
robustness_03,surrogate,reference,reactor_4,TN,82.25856820647026
robustness_03,surrogate,reference,reactor_4,TP,52.42668164478519
robustness_03,surrogate,reference,reactor_4,TSS,1469.7281701134843
robustness_03,surrogate,reference,reactor_5,DO,0.03931497179589205
robustness_03,surrogate,reference,reactor_5,TN,82.04926238262165
robustness_03,surrogate,reference,reactor_5,TP,52.42668164470675
robustness_03,surrogate,reference,reactor_5,TSS,1465.1303048791726
robustness_03,surrogate,reference,clarifier_overflow,COD,145.86483610717895
robustness_03,surrogate,reference,clarifier_overflow,TN,12.361358517112462
robustness_03,surrogate,reference,clarifier_overflow,TP,20.907018750497866
robustness_03,surrogate,reference,clarifier_overflow,TSS,5.895138324305579
robustness_03,surrogate,reference,clarifier_underflow,COD,7337.628231808905
robustness_03,surrogate,reference,clarifier_underflow,TN,303.6612569061524
robustness_03,surrogate,reference,clarifier_underflow,TP,152.6612269996019
robustness_03,surrogate,reference,clarifier_underflow,TSS,6105.591529874548
robustness_03,surrogate,reference,clarifier_inventory,TSS_mass,4048576.4641445577
robustness_03,surrogate,reference,clarifier_layer_1,TSS,5.895138324305579
robustness_03,surrogate,reference,clarifier_layer_2,TSS,8.45561737747392
robustness_03,surrogate,reference,clarifier_layer_3,TSS,13.216467239192296
robustness_03,surrogate,reference,clarifier_layer_4,TSS,27.80998713976214
robustness_03,surrogate,reference,clarifier_layer_5,TSS,117.3317400571442
robustness_03,surrogate,reference,clarifier_layer_6,TSS,117.33174005713698
robustness_03,surrogate,reference,clarifier_layer_7,TSS,117.33174005712976
robustness_03,surrogate,reference,clarifier_layer_8,TSS,117.33174005712246
robustness_03,surrogate,reference,clarifier_layer_9,TSS,117.33174005711523
robustness_03,surrogate,reference,clarifier_layer_10,TSS,6105.591529874547
robustness_03,surrogate,exact_mechanistic_start_1,clarifier_layer_1,TSS,5.895138324305579
robustness_03,surrogate,exact_mechanistic_start_1,clarifier_layer_2,TSS,8.45561737747392
robustness_03,surrogate,exact_mechanistic_start_1,clarifier_layer_3,TSS,13.216467239192296
robustness_03,surrogate,exact_mechanistic_start_1,clarifier_layer_4,TSS,27.80998713976214
robustness_03,surrogate,exact_mechanistic_start_1,clarifier_layer_5,TSS,117.3317400571442
robustness_03,surrogate,exact_mechanistic_start_1,clarifier_layer_6,TSS,117.33174005713698
robustness_03,surrogate,exact_mechanistic_start_1,clarifier_layer_7,TSS,117.33174005712976
robustness_03,surrogate,exact_mechanistic_start_1,clarifier_layer_8,TSS,117.33174005712246
robustness_03,surrogate,exact_mechanistic_start_1,clarifier_layer_9,TSS,117.33174005711523
robustness_03,surrogate,exact_mechanistic_start_1,clarifier_layer_10,TSS,6105.591529874547
robustness_03,surrogate,exact_mechanistic_start_2,clarifier_layer_1,TSS,5.895138324007522
robustness_03,surrogate,exact_mechanistic_start_2,clarifier_layer_2,TSS,8.455617377153393
robustness_03,surrogate,exact_mechanistic_start_2,clarifier_layer_3,TSS,13.216467238741414
robustness_03,surrogate,exact_mechanistic_start_2,clarifier_layer_4,TSS,27.80998713863016
robustness_03,surrogate,exact_mechanistic_start_2,clarifier_layer_5,TSS,117.33174004918551
robustness_03,surrogate,exact_mechanistic_start_2,clarifier_layer_6,TSS,117.33174004916847
robustness_03,surrogate,exact_mechanistic_start_2,clarifier_layer_7,TSS,117.33174004915148
robustness_03,surrogate,exact_mechanistic_start_2,clarifier_layer_8,TSS,117.3317400491343
robustness_03,surrogate,exact_mechanistic_start_2,clarifier_layer_9,TSS,117.33174004911719
robustness_03,surrogate,exact_mechanistic_start_2,clarifier_layer_10,TSS,6105.591529036199
robustness_03,direct,smooth,mixer,COD,1711.0572148387168
robustness_03,direct,smooth,mixer,TN,92.56302690285519
robustness_03,direct,smooth,mixer,TP,58.92831490653144
robustness_03,direct,smooth,mixer,TSS,1387.351860688529
robustness_03,direct,smooth,reactor_1,DO,9.375221762404588e-05
robustness_03,direct,smooth,reactor_1,TN,86.34872734177647
robustness_03,direct,smooth,reactor_1,TP,58.92831490653143
robustness_03,direct,smooth,reactor_1,TSS,1330.3004709591046
robustness_03,direct,smooth,reactor_2,DO,5.5707658843206835e-08
robustness_03,direct,smooth,reactor_2,TN,86.28563830081701
robustness_03,direct,smooth,reactor_2,TP,58.92831490653144
robustness_03,direct,smooth,reactor_2,TSS,1267.5824156112724
robustness_03,direct,smooth,reactor_3,DO,0.03690774689835437
robustness_03,direct,smooth,reactor_3,TN,85.57778859111517
robustness_03,direct,smooth,reactor_3,TP,58.92831490653144
robustness_03,direct,smooth,reactor_3,TSS,1280.912745517961
robustness_03,direct,smooth,reactor_4,DO,0.038644534024218705
robustness_03,direct,smooth,reactor_4,TN,84.87501174478203
robustness_03,direct,smooth,reactor_4,TP,58.92831490653144
robustness_03,direct,smooth,reactor_4,TSS,1302.3728415775693
robustness_03,direct,smooth,reactor_5,DO,0.32774926342270466
robustness_03,direct,smooth,reactor_5,TN,81.76121258973485
robustness_03,direct,smooth,reactor_5,TP,58.92831490653144
robustness_03,direct,smooth,reactor_5,TSS,1321.435421822984
robustness_03,direct,smooth,clarifier_overflow,COD,57.4058338200137
robustness_03,direct,smooth,clarifier_overflow,TN,5.990747353673128
robustness_03,direct,smooth,clarifier_overflow,TP,19.062711202280152
robustness_03,direct,smooth,clarifier_overflow,TSS,5.652259489293143
robustness_03,direct,smooth,clarifier_underflow,COD,6241.789430648307
robustness_03,direct,smooth,clarifier_underflow,TN,321.7010191592552
robustness_03,direct,smooth,clarifier_underflow,TP,185.16939329735985
robustness_03,direct,smooth,clarifier_underflow,TSS,5488.0821023493845
robustness_03,direct,smooth,clarifier_inventory,TSS_mass,3657098.0459435475
robustness_03,direct,raw,mixer,COD,2259.8153830507827
robustness_03,direct,raw,mixer,TN,99.071968744456
robustness_03,direct,raw,mixer,TP,89.00973615518618
robustness_03,direct,raw,mixer,TSS,1955.9295060083537
robustness_03,direct,raw,reactor_1,DO,0.00047613491065684715
robustness_03,direct,raw,reactor_1,TN,94.45209272272733
robustness_03,direct,raw,reactor_1,TP,89.00973615525967
robustness_03,direct,raw,reactor_1,TSS,1913.8586193329513
robustness_03,direct,raw,reactor_2,DO,1.477494790969664e-06
robustness_03,direct,raw,reactor_2,TN,94.36251187873263
robustness_03,direct,raw,reactor_2,TP,89.00973615528733
robustness_03,direct,raw,reactor_2,TSS,1862.4025383871567
robustness_03,direct,raw,reactor_3,DO,0.051113689881578814
robustness_03,direct,raw,reactor_3,TN,93.69769272625874
robustness_03,direct,raw,reactor_3,TP,89.00973615531377
robustness_03,direct,raw,reactor_3,TSS,1865.9398930021669
robustness_03,direct,raw,reactor_4,DO,0.09368678823871222
robustness_03,direct,raw,reactor_4,TN,93.05453176256948
robustness_03,direct,raw,reactor_4,TP,89.00973615534366
robustness_03,direct,raw,reactor_4,TSS,1873.3569765335073
robustness_03,direct,raw,reactor_5,DO,0.2643952848412794
robustness_03,direct,raw,reactor_5,TN,92.23906934333368
robustness_03,direct,raw,reactor_5,TP,89.00973615537956
robustness_03,direct,raw,reactor_5,TSS,1882.735751874513
robustness_03,direct,raw,clarifier_overflow,COD,80.39523415067312
robustness_03,direct,raw,clarifier_overflow,TN,10.209280775708809
robustness_03,direct,raw,clarifier_overflow,TP,19.96493722981967
robustness_03,direct,raw,clarifier_overflow,TSS,12.993889808218984
robustness_03,direct,raw,clarifier_underflow,COD,10971.550610073378
robustness_03,direct,raw,clarifier_underflow,TN,380.71732192874924
robustness_03,direct,raw,clarifier_underflow,TP,429.12757697826254
robustness_03,direct,raw,clarifier_underflow,TSS,10009.618993831189
robustness_03,direct,raw,clarifier_inventory,TSS_mass,7427994.115128615
robustness_03,direct,projected,mixer,COD,2178.993861932455
robustness_03,direct,projected,mixer,TN,97.17448085784903
robustness_03,direct,projected,mixer,TP,61.795658274454226
robustness_03,direct,projected,mixer,TSS,1736.5935519279712
robustness_03,direct,projected,reactor_1,DO,0.00047613491065684715
robustness_03,direct,projected,reactor_1,TN,89.74373008669514
robustness_03,direct,projected,reactor_1,TP,61.795658274447135
robustness_03,direct,projected,reactor_1,TSS,1644.8695909320852
robustness_03,direct,projected,reactor_2,DO,1.477494790969664e-06
robustness_03,direct,projected,reactor_2,TN,89.65537998806103
robustness_03,direct,projected,reactor_2,TP,61.795658274440264
robustness_03,direct,projected,reactor_2,TSS,1593.0005830938169
robustness_03,direct,projected,reactor_3,DO,0.051113689881578814
robustness_03,direct,projected,reactor_3,TN,88.99492301742438
robustness_03,direct,projected,reactor_3,TP,61.795658274433755
robustness_03,direct,projected,reactor_3,TSS,1596.9301771191651
robustness_03,direct,projected,reactor_4,DO,0.09368678823871222
robustness_03,direct,projected,reactor_4,TN,88.35726357260133
robustness_03,direct,projected,reactor_4,TP,61.7956582744277
robustness_03,direct,projected,reactor_4,TSS,1604.699425911691
robustness_03,direct,projected,reactor_5,DO,0.2943407522018991
robustness_03,direct,projected,reactor_5,TN,87.52507112561234
robustness_03,direct,projected,reactor_5,TP,61.79565827442221
robustness_03,direct,projected,reactor_5,TSS,1741.6244359556854
robustness_03,direct,projected,clarifier_overflow,COD,66.39208426244423
robustness_03,direct,projected,clarifier_overflow,TN,6.293528656779952
robustness_03,direct,projected,clarifier_overflow,TP,18.308147158183168
robustness_03,direct,projected,clarifier_overflow,TSS,7.098291958551986
robustness_03,direct,projected,clarifier_underflow,COD,8581.472665852078
robustness_03,direct,projected,clarifier_underflow,TN,344.7582889314119
robustness_03,direct,projected,clarifier_underflow,TP,199.5061101360679
robustness_03,direct,projected,clarifier_underflow,TSS,7234.290558353636
robustness_03,direct,projected,clarifier_inventory,TSS_mass,7427994.115128615
robustness_03,direct,reference,mixer,COD,1711.0572154202227
robustness_03,direct,reference,mixer,TN,92.56302692104688
robustness_03,direct,reference,mixer,TP,58.92831491549843
robustness_03,direct,reference,mixer,TSS,1387.3518611615075
robustness_03,direct,reference,reactor_1,DO,9.375221756423622e-05
robustness_03,direct,reference,reactor_1,TN,86.34872736125175
robustness_03,direct,reference,reactor_1,TP,58.92831491579197
robustness_03,direct,reference,reactor_1,TSS,1330.3004714443236
robustness_03,direct,reference,reactor_2,DO,5.57076587972724e-08
robustness_03,direct,reference,reactor_2,TN,86.2856383209482
robustness_03,direct,reference,reactor_2,TP,58.92831491609641
robustness_03,direct,reference,reactor_2,TSS,1267.5824161049175
robustness_03,direct,reference,reactor_3,DO,0.036907746890249865
robustness_03,direct,reference,reactor_3,TN,85.57778861212374
robustness_03,direct,reference,reactor_3,TP,58.928314916411
robustness_03,direct,reference,reactor_3,TSS,1280.9127460228888
robustness_03,direct,reference,reactor_4,DO,0.03864453400843657
robustness_03,direct,reference,reactor_4,TN,84.87501176681688
robustness_03,direct,reference,reactor_4,TP,58.928314916735985
robustness_03,direct,reference,reactor_4,TSS,1302.3728420961497
robustness_03,direct,reference,reactor_5,DO,0.3277492630641779
robustness_03,direct,reference,reactor_5,TN,81.76121261165625
robustness_03,direct,reference,reactor_5,TP,58.9283149170726
robustness_03,direct,reference,reactor_5,TSS,1321.4354223636922
robustness_03,direct,reference,clarifier_overflow,COD,57.40583382282013
robustness_03,direct,reference,clarifier_overflow,TN,5.990747355884026
robustness_03,direct,reference,clarifier_overflow,TP,19.062711203091666
robustness_03,direct,reference,clarifier_overflow,TSS,5.65225949024898
robustness_03,direct,reference,clarifier_underflow,COD,6241.789433555838
robustness_03,direct,reference,clarifier_underflow,TN,321.7010192502136
robustness_03,direct,reference,clarifier_underflow,TP,185.16939334219484
robustness_03,direct,reference,clarifier_underflow,TSS,5488.082104714277
robustness_03,direct,reference,clarifier_inventory,TSS_mass,3657098.0474430923
robustness_03,direct,smooth,clarifier_layer_1,TSS,5.6522594892931455
robustness_03,direct,smooth,clarifier_layer_2,TSS,8.190884643663344
robustness_03,direct,smooth,clarifier_layer_3,TSS,12.83805858508022
robustness_03,direct,smooth,clarifier_layer_4,TSS,26.853466501868372
robustness_03,direct,smooth,clarifier_layer_5,TSS,110.70932766732406
robustness_03,direct,smooth,clarifier_layer_6,TSS,110.70932766732408
robustness_03,direct,smooth,clarifier_layer_7,TSS,110.70932766732408
robustness_03,direct,smooth,clarifier_layer_8,TSS,110.70932766732408
robustness_03,direct,smooth,clarifier_layer_9,TSS,110.70932766732403
robustness_03,direct,smooth,clarifier_layer_10,TSS,5488.082102349387
robustness_03,direct,reference,clarifier_layer_1,TSS,5.652259490248977
robustness_03,direct,reference,clarifier_layer_2,TSS,8.19088464467416
robustness_03,direct,reference,clarifier_layer_3,TSS,12.83805858651957
robustness_03,direct,reference,clarifier_layer_4,TSS,26.85346650553384
robustness_03,direct,reference,clarifier_layer_5,TSS,110.70932769275454
robustness_03,direct,reference,clarifier_layer_6,TSS,110.70932769276749
robustness_03,direct,reference,clarifier_layer_7,TSS,110.70932769278045
robustness_03,direct,reference,clarifier_layer_8,TSS,110.70932769279338
robustness_03,direct,reference,clarifier_layer_9,TSS,110.70932769280634
robustness_03,direct,reference,clarifier_layer_10,TSS,5488.082104714275
robustness_03,direct,exact_mechanistic_start_1,clarifier_layer_1,TSS,5.652259490248977
robustness_03,direct,exact_mechanistic_start_1,clarifier_layer_2,TSS,8.19088464467416
robustness_03,direct,exact_mechanistic_start_1,clarifier_layer_3,TSS,12.83805858651957
robustness_03,direct,exact_mechanistic_start_1,clarifier_layer_4,TSS,26.85346650553384
robustness_03,direct,exact_mechanistic_start_1,clarifier_layer_5,TSS,110.70932769275454
robustness_03,direct,exact_mechanistic_start_1,clarifier_layer_6,TSS,110.70932769276749
robustness_03,direct,exact_mechanistic_start_1,clarifier_layer_7,TSS,110.70932769278045
robustness_03,direct,exact_mechanistic_start_1,clarifier_layer_8,TSS,110.70932769279338
robustness_03,direct,exact_mechanistic_start_1,clarifier_layer_9,TSS,110.70932769280634
robustness_03,direct,exact_mechanistic_start_1,clarifier_layer_10,TSS,5488.082104714275
robustness_03,direct,exact_mechanistic_start_2,clarifier_layer_1,TSS,5.652259489179289
robustness_03,direct,exact_mechanistic_start_2,clarifier_layer_2,TSS,8.190884643501837
robustness_03,direct,exact_mechanistic_start_2,clarifier_layer_3,TSS,12.838058584833977
robustness_03,direct,exact_mechanistic_start_2,clarifier_layer_4,TSS,26.85346650123405
robustness_03,direct,exact_mechanistic_start_2,clarifier_layer_5,TSS,110.70932766292316
robustness_03,direct,exact_mechanistic_start_2,clarifier_layer_6,TSS,110.70932766292086
robustness_03,direct,exact_mechanistic_start_2,clarifier_layer_7,TSS,110.70932766291855
robustness_03,direct,exact_mechanistic_start_2,clarifier_layer_8,TSS,110.70932766291618
robustness_03,direct,exact_mechanistic_start_2,clarifier_layer_9,TSS,110.70932766291376
robustness_03,direct,exact_mechanistic_start_2,clarifier_layer_10,TSS,5488.082101939731
robustness_04,surrogate,raw,mixer,COD,1869.769549477646
robustness_04,surrogate,raw,mixer,TN,80.72020750500332
robustness_04,surrogate,raw,mixer,TP,60.1257457485121
robustness_04,surrogate,raw,mixer,TSS,1558.1051217397985
robustness_04,surrogate,raw,reactor_1,DO,0.0009700132761922066
robustness_04,surrogate,raw,reactor_1,TN,76.10341736053878
robustness_04,surrogate,raw,reactor_1,TP,60.12574574857487
robustness_04,surrogate,raw,reactor_1,TSS,1557.604836251421
robustness_04,surrogate,raw,reactor_2,DO,4.487004596727177e-06
robustness_04,surrogate,raw,reactor_2,TN,75.87324532119032
robustness_04,surrogate,raw,reactor_2,TP,60.125745748629
robustness_04,surrogate,raw,reactor_2,TSS,1540.0656263558678
robustness_04,surrogate,raw,reactor_3,DO,0.07515765944185245
robustness_04,surrogate,raw,reactor_3,TN,75.42909307853307
robustness_04,surrogate,raw,reactor_3,TP,60.12574574868165
robustness_04,surrogate,raw,reactor_3,TSS,1544.9926994872146
robustness_04,surrogate,raw,reactor_4,DO,0.11160448644717066
robustness_04,surrogate,raw,reactor_4,TN,74.96220308046873
robustness_04,surrogate,raw,reactor_4,TP,60.125745748735255
robustness_04,surrogate,raw,reactor_4,TSS,1550.2308555261056
robustness_04,surrogate,raw,reactor_5,DO,0.29485114255863876
robustness_04,surrogate,raw,reactor_5,TN,74.353695700834
robustness_04,surrogate,raw,reactor_5,TP,60.12574574879879
robustness_04,surrogate,raw,reactor_5,TSS,1551.3527763448838
robustness_04,surrogate,raw,clarifier_overflow,COD,92.92977854165439
robustness_04,surrogate,raw,clarifier_overflow,TN,5.131157963743595
robustness_04,surrogate,raw,clarifier_overflow,TP,5.154941871668801
robustness_04,surrogate,raw,clarifier_overflow,TSS,5.895886458428821
robustness_04,surrogate,raw,clarifier_underflow,COD,7514.800310587535
robustness_04,surrogate,raw,clarifier_underflow,TN,282.9543611416984
robustness_04,surrogate,raw,clarifier_underflow,TP,330.66520861442217
robustness_04,surrogate,raw,clarifier_underflow,TSS,6958.919033672239
robustness_04,surrogate,raw,clarifier_inventory,TSS_mass,2759165.259107475
robustness_04,surrogate,projected,mixer,COD,1774.4395860496236
robustness_04,surrogate,projected,mixer,TN,76.63425732263295
robustness_04,surrogate,projected,mixer,TP,43.32192094692509
robustness_04,surrogate,projected,mixer,TSS,1413.228284734158
robustness_04,surrogate,projected,reactor_1,DO,0.0009700132761922066
robustness_04,surrogate,projected,reactor_1,TN,71.45949048239417
robustness_04,surrogate,projected,reactor_1,TP,43.32192094690666
robustness_04,surrogate,projected,reactor_1,TSS,1377.230438474855
robustness_04,surrogate,projected,reactor_2,DO,4.487004596727177e-06
robustness_04,surrogate,projected,reactor_2,TN,71.22841502383207
robustness_04,surrogate,projected,reactor_2,TP,43.321920946888675
robustness_04,surrogate,projected,reactor_2,TSS,1358.946303199319
robustness_04,surrogate,projected,reactor_3,DO,0.07515765944185245
robustness_04,surrogate,projected,reactor_3,TN,70.78609126867703
robustness_04,surrogate,projected,reactor_3,TP,43.32192094687135
robustness_04,surrogate,projected,reactor_3,TSS,1364.6501628705607
robustness_04,surrogate,projected,reactor_4,DO,0.11160448644717066
robustness_04,surrogate,projected,reactor_4,TN,70.32164712827543
robustness_04,surrogate,projected,reactor_4,TP,43.32192094685476
robustness_04,surrogate,projected,reactor_4,TSS,1370.9299134822859
robustness_04,surrogate,projected,reactor_5,DO,0.3336071817192257
robustness_04,surrogate,projected,reactor_5,TN,69.50291300566148
robustness_04,surrogate,projected,reactor_5,TP,43.321920946838965
robustness_04,surrogate,projected,reactor_5,TSS,1427.2718679083844
robustness_04,surrogate,projected,clarifier_overflow,COD,97.67384411791215
robustness_04,surrogate,projected,clarifier_overflow,TN,2.6740359946627255
robustness_04,surrogate,projected,clarifier_overflow,TP,2.0837524910415297
robustness_04,surrogate,projected,clarifier_overflow,TSS,5.533981803243174
robustness_04,surrogate,projected,clarifier_underflow,COD,7165.2626553204445
robustness_04,surrogate,projected,clarifier_underflow,TN,288.81114362458425
robustness_04,surrogate,projected,clarifier_underflow,TP,178.65069142028642
robustness_04,surrogate,projected,clarifier_underflow,TSS,6092.901969014845
robustness_04,surrogate,projected,clarifier_inventory,TSS_mass,3685624.683146425
robustness_04,surrogate,reference,mixer,COD,1681.8928188097202
robustness_04,surrogate,reference,mixer,TN,75.26134970054937
robustness_04,surrogate,reference,mixer,TP,31.472905076050033
robustness_04,surrogate,reference,mixer,TSS,1290.1594709121755
robustness_04,surrogate,reference,reactor_1,DO,0.0005439879987812854
robustness_04,surrogate,reference,reactor_1,TN,70.96099978717473
robustness_04,surrogate,reference,reactor_1,TP,31.472905076047063
robustness_04,surrogate,reference,reactor_1,TSS,1294.2752853575084
robustness_04,surrogate,reference,reactor_2,DO,1.978891930200257e-06
robustness_04,surrogate,reference,reactor_2,TN,70.67256328973414
robustness_04,surrogate,reference,reactor_2,TP,31.472905076043183
robustness_04,surrogate,reference,reactor_2,TSS,1283.251564589379
robustness_04,surrogate,reference,reactor_3,DO,0.049735385302507054
robustness_04,surrogate,reference,reactor_3,TN,70.53092930401861
robustness_04,surrogate,reference,reactor_3,TP,31.47290507603914
robustness_04,surrogate,reference,reactor_3,TSS,1286.1224104992064
robustness_04,surrogate,reference,reactor_4,DO,0.05160582685928047
robustness_04,surrogate,reference,reactor_4,TN,70.39355181222798
robustness_04,surrogate,reference,reactor_4,TP,31.472905076034976
robustness_04,surrogate,reference,reactor_4,TSS,1289.4655121824069
robustness_04,surrogate,reference,reactor_5,DO,0.04695684058920482
robustness_04,surrogate,reference,reactor_5,TN,70.26930676376207
robustness_04,surrogate,reference,reactor_5,TP,31.4729050760308
robustness_04,surrogate,reference,reactor_5,TSS,1291.4147727262866
robustness_04,surrogate,reference,clarifier_overflow,COD,83.25505661499528
robustness_04,surrogate,reference,clarifier_overflow,TN,7.465193510017161
robustness_04,surrogate,reference,clarifier_overflow,TP,4.677540195738471
robustness_04,surrogate,reference,clarifier_overflow,TSS,5.630163590411118
robustness_04,surrogate,reference,clarifier_underflow,COD,6745.594767320315
robustness_04,surrogate,reference,clarifier_underflow,TN,276.36971678528647
robustness_04,surrogate,reference,clarifier_underflow,TP,119.40561206597154
robustness_04,surrogate,reference,clarifier_underflow,TSS,5510.895335593208
robustness_04,surrogate,reference,clarifier_inventory,TSS_mass,3666541.429557098
robustness_04,surrogate,reference,clarifier_layer_1,TSS,5.630163590411119
robustness_04,surrogate,reference,clarifier_layer_2,TSS,8.181433377087535
robustness_04,surrogate,reference,clarifier_layer_3,TSS,12.82768081845448
robustness_04,surrogate,reference,clarifier_layer_4,TSS,26.758156286105127
robustness_04,surrogate,reference,clarifier_layer_5,TSS,109.32192258598101
robustness_04,surrogate,reference,clarifier_layer_6,TSS,109.32192258598026
robustness_04,surrogate,reference,clarifier_layer_7,TSS,109.3219225859795
robustness_04,surrogate,reference,clarifier_layer_8,TSS,109.32192258597871
robustness_04,surrogate,reference,clarifier_layer_9,TSS,109.32192258597796
robustness_04,surrogate,reference,clarifier_layer_10,TSS,5510.895335593208
robustness_04,surrogate,exact_mechanistic_start_1,clarifier_layer_1,TSS,5.630163590411119
robustness_04,surrogate,exact_mechanistic_start_1,clarifier_layer_2,TSS,8.181433377087535
robustness_04,surrogate,exact_mechanistic_start_1,clarifier_layer_3,TSS,12.82768081845448
robustness_04,surrogate,exact_mechanistic_start_1,clarifier_layer_4,TSS,26.758156286105127
robustness_04,surrogate,exact_mechanistic_start_1,clarifier_layer_5,TSS,109.32192258598101
robustness_04,surrogate,exact_mechanistic_start_1,clarifier_layer_6,TSS,109.32192258598026
robustness_04,surrogate,exact_mechanistic_start_1,clarifier_layer_7,TSS,109.3219225859795
robustness_04,surrogate,exact_mechanistic_start_1,clarifier_layer_8,TSS,109.32192258597871
robustness_04,surrogate,exact_mechanistic_start_1,clarifier_layer_9,TSS,109.32192258597796
robustness_04,surrogate,exact_mechanistic_start_1,clarifier_layer_10,TSS,5510.895335593208
robustness_04,surrogate,exact_mechanistic_start_2,clarifier_layer_1,TSS,5.630163591121364
robustness_04,surrogate,exact_mechanistic_start_2,clarifier_layer_2,TSS,8.181433377872116
robustness_04,surrogate,exact_mechanistic_start_2,clarifier_layer_3,TSS,12.82768081958694
robustness_04,surrogate,exact_mechanistic_start_2,clarifier_layer_4,TSS,26.758156288989767
robustness_04,surrogate,exact_mechanistic_start_2,clarifier_layer_5,TSS,109.3219226057973
robustness_04,surrogate,exact_mechanistic_start_2,clarifier_layer_6,TSS,109.32192260581526
robustness_04,surrogate,exact_mechanistic_start_2,clarifier_layer_7,TSS,109.32192260583336
robustness_04,surrogate,exact_mechanistic_start_2,clarifier_layer_8,TSS,109.3219226058513
robustness_04,surrogate,exact_mechanistic_start_2,clarifier_layer_9,TSS,109.32192260586936
robustness_04,surrogate,exact_mechanistic_start_2,clarifier_layer_10,TSS,5510.895337558029
robustness_04,direct,smooth,mixer,COD,1518.0822758493832
robustness_04,direct,smooth,mixer,TN,72.28337095077876
robustness_04,direct,smooth,mixer,TP,29.41379976227062
robustness_04,direct,smooth,mixer,TSS,1146.061801999513
robustness_04,direct,smooth,reactor_1,DO,0.0005545008091220975
robustness_04,direct,smooth,reactor_1,TN,65.50133049623403
robustness_04,direct,smooth,reactor_1,TP,29.41379976227062
robustness_04,direct,smooth,reactor_1,TSS,1150.9106754763975
robustness_04,direct,smooth,reactor_2,DO,1.1877272787127597e-06
robustness_04,direct,smooth,reactor_2,TN,65.23806927259055
robustness_04,direct,smooth,reactor_2,TP,29.413799762270617
robustness_04,direct,smooth,reactor_2,TSS,1132.402022688906
robustness_04,direct,smooth,reactor_3,DO,0.054820096562836415
robustness_04,direct,smooth,reactor_3,TN,64.98358810718061
robustness_04,direct,smooth,reactor_3,TP,29.413799762270624
robustness_04,direct,smooth,reactor_3,TSS,1141.0054595100094
robustness_04,direct,smooth,reactor_4,DO,0.06515922989287173
robustness_04,direct,smooth,reactor_4,TN,64.69517099715458
robustness_04,direct,smooth,reactor_4,TP,29.413799762270614
robustness_04,direct,smooth,reactor_4,TSS,1150.4671324107487
robustness_04,direct,smooth,reactor_5,DO,0.3243083472175377
robustness_04,direct,smooth,reactor_5,TN,63.89609634552594
robustness_04,direct,smooth,reactor_5,TP,29.413799762270617
robustness_04,direct,smooth,reactor_5,TSS,1154.567973106483
robustness_04,direct,smooth,clarifier_overflow,COD,63.45613153920718
robustness_04,direct,smooth,clarifier_overflow,TN,5.610801375317753
robustness_04,direct,smooth,clarifier_overflow,TP,4.246551637040007
robustness_04,direct,smooth,clarifier_overflow,TSS,5.374889603290313
robustness_04,direct,smooth,clarifier_underflow,COD,5815.457673413086
robustness_04,direct,smooth,clarifier_underflow,TN,248.4661970657785
robustness_04,direct,smooth,clarifier_underflow,TP,109.11008548407573
robustness_04,direct,smooth,clarifier_underflow,TSS,4793.679403830434
robustness_04,direct,smooth,clarifier_inventory,TSS_mass,3214980.294944843
robustness_04,direct,raw,mixer,COD,2007.5171813126053
robustness_04,direct,raw,mixer,TN,77.80129947152327
robustness_04,direct,raw,mixer,TP,87.0444653103031
robustness_04,direct,raw,mixer,TSS,1793.3662535351057
robustness_04,direct,raw,reactor_1,DO,0.00109877389523212
robustness_04,direct,raw,reactor_1,TN,72.19726100307751
robustness_04,direct,raw,reactor_1,TP,87.04446531042032
robustness_04,direct,raw,reactor_1,TSS,1787.4796772328416
robustness_04,direct,raw,reactor_2,DO,4.837493954108878e-06
robustness_04,direct,raw,reactor_2,TN,71.95065288971269
robustness_04,direct,raw,reactor_2,TP,87.04446531052834
robustness_04,direct,raw,reactor_2,TSS,1762.499436654131
robustness_04,direct,raw,reactor_3,DO,0.08491879468337854
robustness_04,direct,raw,reactor_3,TN,71.34428128037055
robustness_04,direct,raw,reactor_3,TP,87.04446531063518
robustness_04,direct,raw,reactor_3,TSS,1769.8182842117699
robustness_04,direct,raw,reactor_4,DO,0.13004894749834017
robustness_04,direct,raw,reactor_4,TN,70.7220870340696
robustness_04,direct,raw,reactor_4,TP,87.04446531074352
robustness_04,direct,raw,reactor_4,TSS,1777.7106520783327
robustness_04,direct,raw,reactor_5,DO,0.38405839345887405
robustness_04,direct,raw,reactor_5,TN,69.87391366234243
robustness_04,direct,raw,reactor_5,TP,87.04446531086714
robustness_04,direct,raw,reactor_5,TSS,1783.8849434818194
robustness_04,direct,raw,clarifier_overflow,COD,70.98157752859014
robustness_04,direct,raw,clarifier_overflow,TN,2.73374570156656
robustness_04,direct,raw,clarifier_overflow,TP,4.8734259070074355
robustness_04,direct,raw,clarifier_overflow,TSS,13.38796823687044
robustness_04,direct,raw,clarifier_underflow,COD,9027.78496898845
robustness_04,direct,raw,clarifier_underflow,TN,277.5435401465413
robustness_04,direct,raw,clarifier_underflow,TP,517.9603927461204
robustness_04,direct,raw,clarifier_underflow,TSS,8939.147243786105
robustness_04,direct,raw,clarifier_inventory,TSS_mass,7051445.6085245125
robustness_04,direct,projected,mixer,COD,1657.058358854858
robustness_04,direct,projected,mixer,TN,71.4178780248177
robustness_04,direct,projected,mixer,TP,41.66321155909752
robustness_04,direct,projected,mixer,TSS,1303.3889884734951
robustness_04,direct,projected,reactor_1,DO,0.00109877389523212
robustness_04,direct,projected,reactor_1,TN,62.06464245949839
robustness_04,direct,projected,reactor_1,TP,41.66321155909806
robustness_04,direct,projected,reactor_1,TSS,1316.6299379628347
robustness_04,direct,projected,reactor_2,DO,4.837493954108878e-06
robustness_04,direct,projected,reactor_2,TN,61.81753670683168
robustness_04,direct,projected,reactor_2,TP,41.663211559098556
robustness_04,direct,projected,reactor_2,TSS,1290.27647823671
robustness_04,direct,projected,reactor_3,DO,0.08491879468337854
robustness_04,direct,projected,reactor_3,TN,61.21737416934331
robustness_04,direct,projected,reactor_3,TP,41.66321155909893
robustness_04,direct,projected,reactor_3,TSS,1298.9719703293333
robustness_04,direct,projected,reactor_4,DO,0.13004894749834017
robustness_04,direct,projected,reactor_4,TN,60.603110931721524
robustness_04,direct,projected,reactor_4,TP,41.66321155909951
robustness_04,direct,projected,reactor_4,TSS,1308.647271206802
robustness_04,direct,projected,reactor_5,DO,0.4392250786072436
robustness_04,direct,projected,reactor_5,TN,60.24342131083398
robustness_04,direct,projected,reactor_5,TP,41.66321155910017
robustness_04,direct,projected,reactor_5,TSS,1344.3632896412469
robustness_04,direct,projected,clarifier_overflow,COD,66.31755550480173
robustness_04,direct,projected,clarifier_overflow,TN,2.1712177891301296
robustness_04,direct,projected,clarifier_overflow,TP,1.023022217764111
robustness_04,direct,projected,clarifier_overflow,TSS,6.6942222308987
robustness_04,direct,projected,clarifier_underflow,COD,6510.338088268972
robustness_04,direct,projected,clarifier_underflow,TN,244.13873244419892
robustness_04,direct,projected,clarifier_underflow,TP,170.35714446025645
robustness_04,direct,projected,clarifier_underflow,TSS,5580.315336009846
robustness_04,direct,projected,clarifier_inventory,TSS_mass,7051445.607553809
robustness_04,direct,reference,mixer,COD,1518.0822763192446
robustness_04,direct,reference,mixer,TN,72.28337096850728
robustness_04,direct,reference,mixer,TP,29.413799769550366
robustness_04,direct,reference,mixer,TSS,1146.0618023816212
robustness_04,direct,reference,reactor_1,DO,0.0005545008087165473
robustness_04,direct,reference,reactor_1,TN,65.50133051448715
robustness_04,direct,reference,reactor_1,TP,29.413799769713766
robustness_04,direct,reference,reactor_1,TSS,1150.9106758616615
robustness_04,direct,reference,reactor_2,DO,1.1877272774650014e-06
robustness_04,direct,reference,reactor_2,TN,65.23806929135799
robustness_04,direct,reference,reactor_2,TP,29.413799769878512
robustness_04,direct,reference,reactor_2,TSS,1132.402023079856
robustness_04,direct,reference,reactor_3,DO,0.05482009653948822
robustness_04,direct,reference,reactor_3,TN,64.98358812645282
robustness_04,direct,reference,reactor_3,TP,29.413799770046182
robustness_04,direct,reference,reactor_3,TSS,1141.0054599066436
robustness_04,direct,reference,reactor_4,DO,0.06515922984174272
robustness_04,direct,reference,reactor_4,TN,64.69517101704365
robustness_04,direct,reference,reactor_4,TP,29.413799770217125
robustness_04,direct,reference,reactor_4,TSS,1150.4671328143932
robustness_04,direct,reference,reactor_5,DO,0.32430834667554126
robustness_04,direct,reference,reactor_5,TN,63.89609636582678
robustness_04,direct,reference,reactor_5,TP,29.413799770388525
robustness_04,direct,reference,reactor_5,TSS,1154.5679735245155
robustness_04,direct,reference,clarifier_overflow,COD,63.456131542894205
robustness_04,direct,reference,clarifier_overflow,TN,5.610801376777736
robustness_04,direct,reference,clarifier_overflow,TP,4.246551637410582
robustness_04,direct,reference,clarifier_overflow,TSS,5.3748896040438785
robustness_04,direct,reference,clarifier_underflow,COD,5815.4576757623945
robustness_04,direct,reference,clarifier_underflow,TN,248.46619715442117
robustness_04,direct,reference,clarifier_underflow,TP,109.11008552047446
robustness_04,direct,reference,clarifier_underflow,TSS,4793.679405740976
robustness_04,direct,reference,clarifier_inventory,TSS_mass,3214980.296157042
robustness_04,direct,smooth,clarifier_layer_1,TSS,5.374889603290313
robustness_04,direct,smooth,clarifier_layer_2,TSS,7.882781209921416
robustness_04,direct,smooth,clarifier_layer_3,TSS,12.386154497574841
robustness_04,direct,smooth,clarifier_layer_4,TSS,25.683550211330683
robustness_04,direct,smooth,clarifier_layer_5,TSS,102.6587424444373
robustness_04,direct,smooth,clarifier_layer_6,TSS,102.6587424444373
robustness_04,direct,smooth,clarifier_layer_7,TSS,102.6587424444373
robustness_04,direct,smooth,clarifier_layer_8,TSS,102.65874244443728
robustness_04,direct,smooth,clarifier_layer_9,TSS,102.65874244443728
robustness_04,direct,smooth,clarifier_layer_10,TSS,4793.679403830434
robustness_04,direct,reference,clarifier_layer_1,TSS,5.374889604043878
robustness_04,direct,reference,clarifier_layer_2,TSS,7.882781210738031
robustness_04,direct,reference,clarifier_layer_3,TSS,12.386154498766679
robustness_04,direct,reference,clarifier_layer_4,TSS,25.683550214399137
robustness_04,direct,reference,clarifier_layer_5,TSS,102.65874246518837
robustness_04,direct,reference,clarifier_layer_6,TSS,102.65874246520886
robustness_04,direct,reference,clarifier_layer_7,TSS,102.65874246522938
robustness_04,direct,reference,clarifier_layer_8,TSS,102.65874246524994
robustness_04,direct,reference,clarifier_layer_9,TSS,102.6587424652705
robustness_04,direct,reference,clarifier_layer_10,TSS,4793.679405740975
robustness_04,direct,exact_mechanistic_start_1,clarifier_layer_1,TSS,5.374889604043878
robustness_04,direct,exact_mechanistic_start_1,clarifier_layer_2,TSS,7.882781210738031
robustness_04,direct,exact_mechanistic_start_1,clarifier_layer_3,TSS,12.386154498766679
robustness_04,direct,exact_mechanistic_start_1,clarifier_layer_4,TSS,25.683550214399137
robustness_04,direct,exact_mechanistic_start_1,clarifier_layer_5,TSS,102.65874246518837
robustness_04,direct,exact_mechanistic_start_1,clarifier_layer_6,TSS,102.65874246520886
robustness_04,direct,exact_mechanistic_start_1,clarifier_layer_7,TSS,102.65874246522938
robustness_04,direct,exact_mechanistic_start_1,clarifier_layer_8,TSS,102.65874246524994
robustness_04,direct,exact_mechanistic_start_1,clarifier_layer_9,TSS,102.6587424652705
robustness_04,direct,exact_mechanistic_start_1,clarifier_layer_10,TSS,4793.679405740975
robustness_04,direct,exact_mechanistic_start_2,clarifier_layer_1,TSS,5.374889603958629
robustness_04,direct,exact_mechanistic_start_2,clarifier_layer_2,TSS,7.88278121064168
robustness_04,direct,exact_mechanistic_start_2,clarifier_layer_3,TSS,12.386154498624323
robustness_04,direct,exact_mechanistic_start_2,clarifier_layer_4,TSS,25.683550214031523
robustness_04,direct,exact_mechanistic_start_2,clarifier_layer_5,TSS,102.65874246270185
robustness_04,direct,exact_mechanistic_start_2,clarifier_layer_6,TSS,102.6587424627199
robustness_04,direct,exact_mechanistic_start_2,clarifier_layer_7,TSS,102.658742462738
robustness_04,direct,exact_mechanistic_start_2,clarifier_layer_8,TSS,102.65874246275615
robustness_04,direct,exact_mechanistic_start_2,clarifier_layer_9,TSS,102.65874246277428
robustness_04,direct,exact_mechanistic_start_2,clarifier_layer_10,TSS,4793.679405511369
robustness_05,surrogate,raw,mixer,COD,1785.8400818817267
robustness_05,surrogate,raw,mixer,TN,105.93389555636182
robustness_05,surrogate,raw,mixer,TP,91.77747839288814
robustness_05,surrogate,raw,mixer,TSS,1528.985030474129
robustness_05,surrogate,raw,reactor_1,DO,0.0008724599475741871
robustness_05,surrogate,raw,reactor_1,TN,102.94429653064682
robustness_05,surrogate,raw,reactor_1,TP,91.7774783929972
robustness_05,surrogate,raw,reactor_1,TSS,1489.5211964767682
robustness_05,surrogate,raw,reactor_2,DO,2.879739461257429e-06
robustness_05,surrogate,raw,reactor_2,TN,102.83818127315
robustness_05,surrogate,raw,reactor_2,TP,91.7774783930721
robustness_05,surrogate,raw,reactor_2,TSS,1450.436562765341
robustness_05,surrogate,raw,reactor_3,DO,0.0858249089788938
robustness_05,surrogate,raw,reactor_3,TN,101.74440691517674
robustness_05,surrogate,raw,reactor_3,TP,91.77747839315414
robustness_05,surrogate,raw,reactor_3,TSS,1465.174549378952
robustness_05,surrogate,raw,reactor_4,DO,0.13741952625741244
robustness_05,surrogate,raw,reactor_4,TN,100.74558327764792
robustness_05,surrogate,raw,reactor_4,TP,91.77747839323446
robustness_05,surrogate,raw,reactor_4,TSS,1481.5372149888562
robustness_05,surrogate,raw,reactor_5,DO,0.41648653595951945
robustness_05,surrogate,raw,reactor_5,TN,99.62092670824397
robustness_05,surrogate,raw,reactor_5,TP,91.7774783933414
robustness_05,surrogate,raw,reactor_5,TSS,1496.5321774545432
robustness_05,surrogate,raw,clarifier_overflow,COD,99.7531933923207
robustness_05,surrogate,raw,clarifier_overflow,TN,32.36602469527735
robustness_05,surrogate,raw,clarifier_overflow,TP,22.640662227352315
robustness_05,surrogate,raw,clarifier_overflow,TSS,11.839011134715484
robustness_05,surrogate,raw,clarifier_underflow,COD,7127.116084046983
robustness_05,surrogate,raw,clarifier_underflow,TN,320.5882123969069
robustness_05,surrogate,raw,clarifier_underflow,TP,441.4668284080713
robustness_05,surrogate,raw,clarifier_underflow,TSS,7103.581226692395
robustness_05,surrogate,raw,clarifier_inventory,TSS_mass,5180793.032102242
robustness_05,surrogate,projected,mixer,COD,1730.4156804610616
robustness_05,surrogate,projected,mixer,TN,105.84846682124746
robustness_05,surrogate,projected,mixer,TP,66.10276948144144
robustness_05,surrogate,projected,mixer,TSS,1352.603721323961
robustness_05,surrogate,projected,reactor_1,DO,0.0008724599475741871
robustness_05,surrogate,projected,reactor_1,TN,101.6259096297096
robustness_05,surrogate,projected,reactor_1,TP,66.10276948129449
robustness_05,surrogate,projected,reactor_1,TSS,1308.2348374106548
robustness_05,surrogate,projected,reactor_2,DO,2.879739461257429e-06
robustness_05,surrogate,projected,reactor_2,TN,101.51885955582797
robustness_05,surrogate,projected,reactor_2,TP,66.10276948115157
robustness_05,surrogate,projected,reactor_2,TSS,1268.505272753619
robustness_05,surrogate,projected,reactor_3,DO,0.0858249089788938
robustness_05,surrogate,projected,reactor_3,TN,100.42629586266776
robustness_05,surrogate,projected,reactor_3,TP,66.10276948101401
robustness_05,surrogate,projected,reactor_3,TSS,1283.7959957035541
robustness_05,surrogate,projected,reactor_4,DO,0.13741952625741244
robustness_05,surrogate,projected,reactor_4,TN,99.42910653724756
robustness_05,surrogate,projected,reactor_4,TP,66.10276948088257
robustness_05,surrogate,projected,reactor_4,TSS,1300.789888168495
robustness_05,surrogate,projected,reactor_5,DO,0.4515268463415073
robustness_05,surrogate,projected,reactor_5,TN,97.74263842433933
robustness_05,surrogate,projected,reactor_5,TP,66.10276948075777
robustness_05,surrogate,projected,reactor_5,TSS,1339.6666076915678
robustness_05,surrogate,projected,clarifier_overflow,COD,92.25305134402808
robustness_05,surrogate,projected,clarifier_overflow,TN,31.447644033915008
robustness_05,surrogate,projected,clarifier_overflow,TP,20.799401029518766
robustness_05,surrogate,projected,clarifier_overflow,TSS,6.369880426651482
robustness_05,surrogate,projected,clarifier_underflow,COD,6574.089794676522
robustness_05,surrogate,projected,clarifier_underflow,TN,311.5065364986093
robustness_05,surrogate,projected,clarifier_underflow,TP,212.18053485555328
robustness_05,surrogate,projected,clarifier_underflow,TSS,5638.795196970409
robustness_05,surrogate,projected,clarifier_inventory,TSS_mass,5180793.032102242
robustness_05,surrogate,reference,mixer,COD,1739.1671668577442
robustness_05,surrogate,reference,mixer,TN,100.37394093274693
robustness_05,surrogate,reference,mixer,TP,61.5828235255547
robustness_05,surrogate,reference,mixer,TSS,1331.7455675578651
robustness_05,surrogate,reference,reactor_1,DO,0.0004322020877545665
robustness_05,surrogate,reference,reactor_1,TN,96.21395795277344
robustness_05,surrogate,reference,reactor_1,TP,61.582823525994314
robustness_05,surrogate,reference,reactor_1,TSS,1282.7939748600566
robustness_05,surrogate,reference,reactor_2,DO,4.6976971970833823e-07
robustness_05,surrogate,reference,reactor_2,TN,96.14512615243201
robustness_05,surrogate,reference,reactor_2,TP,61.58282352644673
robustness_05,surrogate,reference,reactor_2,TSS,1247.963071106131
robustness_05,surrogate,reference,reactor_3,DO,0.05862167420477031
robustness_05,surrogate,reference,reactor_3,TN,94.74649993448278
robustness_05,surrogate,reference,reactor_3,TP,61.58282352690383
robustness_05,surrogate,reference,reactor_3,TSS,1272.6297665354743
robustness_05,surrogate,reference,reactor_4,DO,0.22910613132402766
robustness_05,surrogate,reference,reactor_4,TN,90.72664615104327
robustness_05,surrogate,reference,reactor_4,TP,61.582823527380114
robustness_05,surrogate,reference,reactor_4,TSS,1297.199438927214
robustness_05,surrogate,reference,reactor_5,DO,0.42848628297591645
robustness_05,surrogate,reference,reactor_5,TN,88.15560994006903
robustness_05,surrogate,reference,reactor_5,TP,61.582823527874176
robustness_05,surrogate,reference,reactor_5,TSS,1316.0482692385644
robustness_05,surrogate,reference,clarifier_overflow,COD,91.51728009188179
robustness_05,surrogate,reference,clarifier_overflow,TN,24.228023114673704
robustness_05,surrogate,reference,clarifier_overflow,TP,21.88657198764289
robustness_05,surrogate,reference,clarifier_overflow,TSS,5.657474140865993
robustness_05,surrogate,reference,clarifier_underflow,COD,6616.218881352422
robustness_05,surrogate,reference,clarifier_underflow,TN,294.2859562824763
robustness_05,surrogate,reference,clarifier_underflow,TP,189.58080506958703
robustness_05,surrogate,reference,clarifier_underflow,TSS,5541.318169933283
robustness_05,surrogate,reference,clarifier_inventory,TSS_mass,3688360.867813514
robustness_05,surrogate,reference,clarifier_layer_1,TSS,5.657474140865992
robustness_05,surrogate,reference,clarifier_layer_2,TSS,8.204211719669084
robustness_05,surrogate,reference,clarifier_layer_3,TSS,12.85914563731705
robustness_05,surrogate,reference,clarifier_layer_4,TSS,26.872796149123968
robustness_05,surrogate,reference,clarifier_layer_5,TSS,110.47126308844057
robustness_05,surrogate,reference,clarifier_layer_6,TSS,110.47126308844673
robustness_05,surrogate,reference,clarifier_layer_7,TSS,110.47126308845289
robustness_05,surrogate,reference,clarifier_layer_8,TSS,110.471263088459
robustness_05,surrogate,reference,clarifier_layer_9,TSS,110.47126308846515
robustness_05,surrogate,reference,clarifier_layer_10,TSS,5541.318169933283
robustness_05,surrogate,exact_mechanistic_start_1,clarifier_layer_1,TSS,5.657474140865992
robustness_05,surrogate,exact_mechanistic_start_1,clarifier_layer_2,TSS,8.204211719669084
robustness_05,surrogate,exact_mechanistic_start_1,clarifier_layer_3,TSS,12.85914563731705
robustness_05,surrogate,exact_mechanistic_start_1,clarifier_layer_4,TSS,26.872796149123968
robustness_05,surrogate,exact_mechanistic_start_1,clarifier_layer_5,TSS,110.47126308844057
robustness_05,surrogate,exact_mechanistic_start_1,clarifier_layer_6,TSS,110.47126308844673
robustness_05,surrogate,exact_mechanistic_start_1,clarifier_layer_7,TSS,110.47126308845289
robustness_05,surrogate,exact_mechanistic_start_1,clarifier_layer_8,TSS,110.471263088459
robustness_05,surrogate,exact_mechanistic_start_1,clarifier_layer_9,TSS,110.47126308846515
robustness_05,surrogate,exact_mechanistic_start_1,clarifier_layer_10,TSS,5541.318169933283
robustness_05,surrogate,exact_mechanistic_start_2,clarifier_layer_1,TSS,5.657474141561501
robustness_05,surrogate,exact_mechanistic_start_2,clarifier_layer_2,TSS,8.204211720432596
robustness_05,surrogate,exact_mechanistic_start_2,clarifier_layer_3,TSS,12.859145638418456
robustness_05,surrogate,exact_mechanistic_start_2,clarifier_layer_4,TSS,26.872796151939752
robustness_05,surrogate,exact_mechanistic_start_2,clarifier_layer_5,TSS,110.4712631079375
robustness_05,surrogate,exact_mechanistic_start_2,clarifier_layer_6,TSS,110.47126310795194
robustness_05,surrogate,exact_mechanistic_start_2,clarifier_layer_7,TSS,110.47126310796637
robustness_05,surrogate,exact_mechanistic_start_2,clarifier_layer_8,TSS,110.47126310798073
robustness_05,surrogate,exact_mechanistic_start_2,clarifier_layer_9,TSS,110.47126310799516
robustness_05,surrogate,exact_mechanistic_start_2,clarifier_layer_10,TSS,5541.318171754511
robustness_05,direct,smooth,mixer,COD,2041.3980542886302
robustness_05,direct,smooth,mixer,TN,114.96501673986938
robustness_05,direct,smooth,mixer,TP,156.25449939614418
robustness_05,direct,smooth,mixer,TSS,1860.0614883616495
robustness_05,direct,smooth,reactor_1,DO,0.0002492236385012427
robustness_05,direct,smooth,reactor_1,TN,111.20700744191096
robustness_05,direct,smooth,reactor_1,TP,156.25449939614418
robustness_05,direct,smooth,reactor_1,TSS,1693.8422695866182
robustness_05,direct,smooth,reactor_2,DO,2.945996798548983e-07
robustness_05,direct,smooth,reactor_2,TN,111.15270060564569
robustness_05,direct,smooth,reactor_2,TP,156.25449939614424
robustness_05,direct,smooth,reactor_2,TSS,1575.4674430461994
robustness_05,direct,smooth,reactor_3,DO,0.22813508639634889
robustness_05,direct,smooth,reactor_3,TN,99.74639333152743
robustness_05,direct,smooth,reactor_3,TP,156.2544993961442
robustness_05,direct,smooth,reactor_3,TSS,1670.7279973683183
robustness_05,direct,smooth,reactor_4,DO,0.28951547327292904
robustness_05,direct,smooth,reactor_4,TN,89.46629922828537
robustness_05,direct,smooth,reactor_4,TP,156.25449939614424
robustness_05,direct,smooth,reactor_4,TSS,1777.0335289133295
robustness_05,direct,smooth,reactor_5,DO,0.2490249784452703
robustness_05,direct,smooth,reactor_5,TN,81.57695624554812
robustness_05,direct,smooth,reactor_5,TP,156.2544993961442
robustness_05,direct,smooth,reactor_5,TSS,1848.1700896902914
robustness_05,direct,smooth,clarifier_overflow,COD,91.27954038295758
robustness_05,direct,smooth,clarifier_overflow,TN,6.842459970735499
robustness_05,direct,smooth,clarifier_overflow,TP,8.049158117814823
robustness_05,direct,smooth,clarifier_overflow,TSS,6.595755146466489
robustness_05,direct,smooth,clarifier_underflow,COD,7872.775487861289
robustness_05,direct,smooth,clarifier_underflow,TN,337.07938522089967
robustness_05,direct,smooth,clarifier_underflow,TP,662.9391841298279
robustness_05,direct,smooth,clarifier_underflow,TSS,8144.147704691533
robustness_05,direct,smooth,clarifier_inventory,TSS_mass,5324554.309436945
robustness_05,direct,raw,mixer,COD,2207.1553407447454
robustness_05,direct,raw,mixer,TN,120.32778321114066
robustness_05,direct,raw,mixer,TP,69.29950351907812
robustness_05,direct,raw,mixer,TSS,1752.973569649453
robustness_05,direct,raw,reactor_1,DO,0.0006500690513880766
robustness_05,direct,raw,reactor_1,TN,116.78068311140841
robustness_05,direct,raw,reactor_1,TP,69.29950351899704
robustness_05,direct,raw,reactor_1,TSS,1687.2810175747313
robustness_05,direct,raw,reactor_2,DO,2.016567117263887e-06
robustness_05,direct,raw,reactor_2,TN,116.69059178455876
robustness_05,direct,raw,reactor_2,TP,69.29950351886846
robustness_05,direct,raw,reactor_2,TSS,1627.3817082848163
robustness_05,direct,raw,reactor_3,DO,0.09415377808456289
robustness_05,direct,raw,reactor_3,TN,115.12580562560422
robustness_05,direct,raw,reactor_3,TP,69.29950351874635
robustness_05,direct,raw,reactor_3,TSS,1653.3221314490422
robustness_05,direct,raw,reactor_4,DO,0.15130112584288266
robustness_05,direct,raw,reactor_4,TN,113.6487151769697
robustness_05,direct,raw,reactor_4,TP,69.29950351862135
robustness_05,direct,raw,reactor_4,TSS,1684.37707681904
robustness_05,direct,raw,reactor_5,DO,0.37015442616079186
robustness_05,direct,raw,reactor_5,TN,112.45739330539186
robustness_05,direct,raw,reactor_5,TP,69.29950351851573
robustness_05,direct,raw,reactor_5,TSS,1689.990461834947
robustness_05,direct,raw,clarifier_overflow,COD,54.76218992137421
robustness_05,direct,raw,clarifier_overflow,TN,32.75787200611551
robustness_05,direct,raw,clarifier_overflow,TP,22.779051202192544
robustness_05,direct,raw,clarifier_overflow,TSS,8.154704379348075
robustness_05,direct,raw,clarifier_underflow,COD,9226.37592668613
robustness_05,direct,raw,clarifier_underflow,TN,403.67198551391533
robustness_05,direct,raw,clarifier_underflow,TP,267.19879947838444
robustness_05,direct,raw,clarifier_underflow,TSS,7948.378159799542
robustness_05,direct,raw,clarifier_inventory,TSS_mass,3660966.005702964
robustness_05,direct,projected,mixer,COD,2219.3061511010137
robustness_05,direct,projected,mixer,TN,124.35642965306326
robustness_05,direct,projected,mixer,TP,76.92135683998704
robustness_05,direct,projected,mixer,TSS,1733.3630555440905
robustness_05,direct,projected,reactor_1,DO,0.0006500690513880766
robustness_05,direct,projected,reactor_1,TN,116.07005871901616
robustness_05,direct,projected,reactor_1,TP,76.92135684000424
robustness_05,direct,projected,reactor_1,TSS,1686.655732519149
robustness_05,direct,projected,reactor_2,DO,2.016567117263887e-06
robustness_05,direct,projected,reactor_2,TN,115.97900003536309
robustness_05,direct,projected,reactor_2,TP,76.92135684002103
robustness_05,direct,projected,reactor_2,TSS,1626.1921568426765
robustness_05,direct,projected,reactor_3,DO,0.09415377808456289
robustness_05,direct,projected,reactor_3,TN,114.4148869123636
robustness_05,direct,projected,reactor_3,TP,76.92135684003705
robustness_05,direct,projected,reactor_3,TSS,1652.5955743879274
robustness_05,direct,projected,reactor_4,DO,0.15130112584288266
robustness_05,direct,projected,reactor_4,TN,112.938761906332
robustness_05,direct,projected,reactor_4,TP,76.9213568400521
robustness_05,direct,projected,reactor_4,TSS,1684.1798921422187
robustness_05,direct,projected,reactor_5,DO,0.39792510251825464
robustness_05,direct,projected,reactor_5,TN,110.9504787818868
robustness_05,direct,projected,reactor_5,TP,76.92135684006595
robustness_05,direct,projected,reactor_5,TSS,1704.5490322657668
robustness_05,direct,projected,clarifier_overflow,COD,91.35970871453544
robustness_05,direct,projected,clarifier_overflow,TN,31.07279401358129
robustness_05,direct,projected,clarifier_overflow,TP,21.53583676030966
robustness_05,direct,projected,clarifier_overflow,TSS,6.262064964418569
robustness_05,direct,projected,clarifier_underflow,COD,8762.315971473097
robustness_05,direct,projected,clarifier_underflow,TN,384.036449739452
robustness_05,direct,projected,clarifier_underflow,TP,266.2734715364377
robustness_05,direct,projected,clarifier_underflow,TSS,7510.655540925105
robustness_05,direct,projected,clarifier_inventory,TSS_mass,4540208.475362913
robustness_05,direct,reference,mixer,COD,2041.3980554762784
robustness_05,direct,reference,mixer,TN,114.96501676622785
robustness_05,direct,reference,mixer,TP,156.25449942923237
robustness_05,direct,reference,mixer,TSS,1860.0614893391519
robustness_05,direct,reference,reactor_1,DO,0.00024922363846379753
robustness_05,direct,reference,reactor_1,TN,111.2070074698416
robustness_05,direct,reference,reactor_1,TP,156.25449943002718
robustness_05,direct,reference,reactor_1,TSS,1693.8422705730347
robustness_05,direct,reference,reactor_2,DO,2.9459967979648054e-07
robustness_05,direct,reference,reactor_2,TN,111.15270063424354
robustness_05,direct,reference,reactor_2,TP,156.25449943081716
robustness_05,direct,reference,reactor_2,TSS,1575.4674440504864
robustness_05,direct,reference,reactor_3,DO,0.22813508637054397
robustness_05,direct,reference,reactor_3,TN,99.74639336039262
robustness_05,direct,reference,reactor_3,TP,156.25449943165827
robustness_05,direct,reference,reactor_3,TSS,1670.727998396672
robustness_05,direct,reference,reactor_4,DO,0.28951547322485716
robustness_05,direct,reference,reactor_4,TN,89.46629925608894
robustness_05,direct,reference,reactor_4,TP,156.25449943250567
robustness_05,direct,reference,reactor_4,TSS,1777.0335299721062
robustness_05,direct,reference,reactor_5,DO,0.2490249782789763
robustness_05,direct,reference,reactor_5,TN,81.57695627109638
robustness_05,direct,reference,reactor_5,TP,156.25449943337617
robustness_05,direct,reference,reactor_5,TSS,1848.17009077444
robustness_05,direct,reference,clarifier_overflow,COD,91.27954038582521
robustness_05,direct,reference,clarifier_overflow,TN,6.842459966434616
robustness_05,direct,reference,clarifier_overflow,TP,8.049158119979408
robustness_05,direct,reference,clarifier_overflow,TSS,6.595755148371598
robustness_05,direct,reference,clarifier_underflow,COD,7872.7754937995305
robustness_05,direct,reference,clarifier_underflow,TN,337.07938535269204
robustness_05,direct,reference,clarifier_underflow,TP,662.939184295269
robustness_05,direct,reference,clarifier_underflow,TSS,8144.147709579047
robustness_05,direct,reference,clarifier_inventory,TSS_mass,5324554.312511707
robustness_05,direct,smooth,clarifier_layer_1,TSS,6.59575514646649
robustness_05,direct,smooth,clarifier_layer_2,TSS,9.223012750591446
robustness_05,direct,smooth,clarifier_layer_3,TSS,14.286901718089489
robustness_05,direct,smooth,clarifier_layer_4,TSS,30.346664451698295
robustness_05,direct,smooth,clarifier_layer_5,TSS,133.93142872730564
robustness_05,direct,smooth,clarifier_layer_6,TSS,133.93142872730567
robustness_05,direct,smooth,clarifier_layer_7,TSS,133.93142872730564
robustness_05,direct,smooth,clarifier_layer_8,TSS,133.93142872730562
robustness_05,direct,smooth,clarifier_layer_9,TSS,133.93142872730564
robustness_05,direct,smooth,clarifier_layer_10,TSS,8144.147704691535
robustness_05,direct,reference,clarifier_layer_1,TSS,6.595755148371599
robustness_05,direct,reference,clarifier_layer_2,TSS,9.223012752499697
robustness_05,direct,reference,clarifier_layer_3,TSS,14.286901720625188
robustness_05,direct,reference,clarifier_layer_4,TSS,30.346664457869124
robustness_05,direct,reference,clarifier_layer_5,TSS,133.93142877220313
robustness_05,direct,reference,clarifier_layer_6,TSS,133.9314287722113
robustness_05,direct,reference,clarifier_layer_7,TSS,133.93142877221942
robustness_05,direct,reference,clarifier_layer_8,TSS,133.93142877222775
robustness_05,direct,reference,clarifier_layer_9,TSS,133.9314287722362
robustness_05,direct,reference,clarifier_layer_10,TSS,8144.147709579048
robustness_05,direct,exact_mechanistic_start_1,clarifier_layer_1,TSS,6.595755148371599
robustness_05,direct,exact_mechanistic_start_1,clarifier_layer_2,TSS,9.223012752499697
robustness_05,direct,exact_mechanistic_start_1,clarifier_layer_3,TSS,14.286901720625188
robustness_05,direct,exact_mechanistic_start_1,clarifier_layer_4,TSS,30.346664457869124
robustness_05,direct,exact_mechanistic_start_1,clarifier_layer_5,TSS,133.93142877220313
robustness_05,direct,exact_mechanistic_start_1,clarifier_layer_6,TSS,133.9314287722113
robustness_05,direct,exact_mechanistic_start_1,clarifier_layer_7,TSS,133.93142877221942
robustness_05,direct,exact_mechanistic_start_1,clarifier_layer_8,TSS,133.93142877222775
robustness_05,direct,exact_mechanistic_start_1,clarifier_layer_9,TSS,133.9314287722362
robustness_05,direct,exact_mechanistic_start_1,clarifier_layer_10,TSS,8144.147709579048
robustness_05,direct,exact_mechanistic_start_2,clarifier_layer_1,TSS,6.59575514835196
robustness_05,direct,exact_mechanistic_start_2,clarifier_layer_2,TSS,9.223012752479931
robustness_05,direct,exact_mechanistic_start_2,clarifier_layer_3,TSS,14.286901720598864
robustness_05,direct,exact_mechanistic_start_2,clarifier_layer_4,TSS,30.346664457804437
robustness_05,direct,exact_mechanistic_start_2,clarifier_layer_5,TSS,133.93142877173253
robustness_05,direct,exact_mechanistic_start_2,clarifier_layer_6,TSS,133.93142877174034
robustness_05,direct,exact_mechanistic_start_2,clarifier_layer_7,TSS,133.931428771749
robustness_05,direct,exact_mechanistic_start_2,clarifier_layer_8,TSS,133.9314287717568
robustness_05,direct,exact_mechanistic_start_2,clarifier_layer_9,TSS,133.93142877176513
robustness_05,direct,exact_mechanistic_start_2,clarifier_layer_10,TSS,8144.147709527701
robustness_06,surrogate,raw,mixer,COD,2721.680219834535
robustness_06,surrogate,raw,mixer,TN,130.26659345581243
robustness_06,surrogate,raw,mixer,TP,85.20796218840528
robustness_06,surrogate,raw,mixer,TSS,2281.7219524719117
robustness_06,surrogate,raw,reactor_1,DO,0.0004943125307636692
robustness_06,surrogate,raw,reactor_1,TN,126.05993317523148
robustness_06,surrogate,raw,reactor_1,TP,85.20796218850529
robustness_06,surrogate,raw,reactor_1,TSS,2257.3486080964735
robustness_06,surrogate,raw,reactor_2,DO,1.224272374075762e-06
robustness_06,surrogate,raw,reactor_2,TN,125.9171649277725
robustness_06,surrogate,raw,reactor_2,TP,85.20796218860916
robustness_06,surrogate,raw,reactor_2,TSS,2222.1847693680143
robustness_06,surrogate,raw,reactor_3,DO,0.031497093843199174
robustness_06,surrogate,raw,reactor_3,TN,125.62993772056475
robustness_06,surrogate,raw,reactor_3,TP,85.20796218871541
robustness_06,surrogate,raw,reactor_3,TSS,2213.868277554459
robustness_06,surrogate,raw,reactor_4,DO,0.03676554616603522
robustness_06,surrogate,raw,reactor_4,TN,125.30646347856171
robustness_06,surrogate,raw,reactor_4,TP,85.20796218882339
robustness_06,surrogate,raw,reactor_4,TSS,2207.5164718613714
robustness_06,surrogate,raw,reactor_5,DO,0.09008958531334985
robustness_06,surrogate,raw,reactor_5,TN,124.94666652197354
robustness_06,surrogate,raw,reactor_5,TP,85.20796218894765
robustness_06,surrogate,raw,reactor_5,TSS,2202.0965092199276
robustness_06,surrogate,raw,clarifier_overflow,COD,151.51517768435068
robustness_06,surrogate,raw,clarifier_overflow,TN,33.70504875788901
robustness_06,surrogate,raw,clarifier_overflow,TP,19.24651677593113
robustness_06,surrogate,raw,clarifier_overflow,TSS,10.451342529683608
robustness_06,surrogate,raw,clarifier_underflow,COD,11817.768976002455
robustness_06,surrogate,raw,clarifier_underflow,TN,429.7586349469408
robustness_06,surrogate,raw,clarifier_underflow,TP,337.1775476414895
robustness_06,surrogate,raw,clarifier_underflow,TSS,10174.147153162081
robustness_06,surrogate,raw,clarifier_inventory,TSS_mass,9077508.637332473
robustness_06,surrogate,projected,mixer,COD,2599.5934156355083
robustness_06,surrogate,projected,mixer,TN,128.0523584404994
robustness_06,surrogate,projected,mixer,TP,69.56611219067335
robustness_06,surrogate,projected,mixer,TSS,2125.0163437957226
robustness_06,surrogate,projected,reactor_1,DO,0.0004943125307636692
robustness_06,surrogate,projected,reactor_1,TN,122.64399579623202
robustness_06,surrogate,projected,reactor_1,TP,69.56611219066838
robustness_06,surrogate,projected,reactor_1,TSS,2084.442851978721
robustness_06,surrogate,projected,reactor_2,DO,1.224272374075762e-06
robustness_06,surrogate,projected,reactor_2,TN,122.50128434040812
robustness_06,surrogate,projected,reactor_2,TP,69.56611219066356
robustness_06,surrogate,projected,reactor_2,TSS,2048.801291808277
robustness_06,surrogate,projected,reactor_3,DO,0.031497093843199174
robustness_06,surrogate,projected,reactor_3,TN,122.21677174611774
robustness_06,surrogate,projected,reactor_3,TP,69.56611219065897
robustness_06,surrogate,projected,reactor_3,TSS,2040.9282098197714
robustness_06,surrogate,projected,reactor_4,DO,0.03676554616603522
robustness_06,surrogate,projected,reactor_4,TN,121.89672012307564
robustness_06,surrogate,projected,reactor_4,TP,69.56611219065468
robustness_06,surrogate,projected,reactor_4,TSS,2035.1177151774516
robustness_06,surrogate,projected,reactor_5,DO,0.07417706100926989
robustness_06,surrogate,projected,reactor_5,TN,121.72659148378632
robustness_06,surrogate,projected,reactor_5,TP,69.56611219065076
robustness_06,surrogate,projected,reactor_5,TSS,2122.738709755006
robustness_06,surrogate,projected,clarifier_overflow,COD,151.10374345903742
robustness_06,surrogate,projected,clarifier_overflow,TN,30.605799418768324
robustness_06,surrogate,projected,clarifier_overflow,TP,18.363036288512703
robustness_06,surrogate,projected,clarifier_overflow,TSS,7.903350330935592
robustness_06,surrogate,projected,clarifier_underflow,COD,10544.854525215096
robustness_06,surrogate,projected,clarifier_underflow,TN,410.27576635633665
robustness_06,surrogate,projected,clarifier_underflow,TP,231.70918588079488
robustness_06,surrogate,projected,clarifier_underflow,TSS,8819.717347931219
robustness_06,surrogate,projected,clarifier_inventory,TSS_mass,9077508.637332473
robustness_06,surrogate,reference,mixer,COD,2227.021254526171
robustness_06,surrogate,reference,mixer,TN,113.34685390489418
robustness_06,surrogate,reference,mixer,TP,63.97820800952049
robustness_06,surrogate,reference,mixer,TSS,1830.7302690653873
robustness_06,surrogate,reference,reactor_1,DO,0.0008776014941400035
robustness_06,surrogate,reference,reactor_1,TN,107.9566989044445
robustness_06,surrogate,reference,reactor_1,TP,63.978208009538264
robustness_06,surrogate,reference,reactor_1,TSS,1825.2265135826106
robustness_06,surrogate,reference,reactor_2,DO,1.9834328437629575e-06
robustness_06,surrogate,reference,reactor_2,TN,107.70252426387056
robustness_06,surrogate,reference,reactor_2,TP,63.978208009559495
robustness_06,surrogate,reference,reactor_2,TSS,1796.288629455624
robustness_06,surrogate,reference,reactor_3,DO,0.03987425604502064
robustness_06,surrogate,reference,reactor_3,TN,107.5090454991726
robustness_06,surrogate,reference,reactor_3,TP,63.978208009577756
robustness_06,surrogate,reference,reactor_3,TSS,1787.9205676502868
robustness_06,surrogate,reference,reactor_4,DO,0.039479387554679064
robustness_06,surrogate,reference,reactor_4,TN,107.32216703369207
robustness_06,surrogate,reference,reactor_4,TP,63.97820800959204
robustness_06,surrogate,reference,reactor_4,TSS,1780.3769456923405
robustness_06,surrogate,reference,reactor_5,DO,0.03895834859944713
robustness_06,surrogate,reference,reactor_5,TN,107.13941311065781
robustness_06,surrogate,reference,reactor_5,TP,63.97820800960383
robustness_06,surrogate,reference,reactor_5,TSS,1772.8071890118983
robustness_06,surrogate,reference,clarifier_overflow,COD,99.2080874204997
robustness_06,surrogate,reference,clarifier_overflow,TN,34.643524308812886
robustness_06,surrogate,reference,clarifier_overflow,TP,19.833537388980346
robustness_06,surrogate,reference,clarifier_overflow,TSS,6.409467908839018
robustness_06,surrogate,reference,clarifier_underflow,COD,8716.399134114354
robustness_06,surrogate,reference,clarifier_underflow,TN,336.7097276500371
robustness_06,surrogate,reference,clarifier_underflow,TP,203.76966497503557
robustness_06,surrogate,reference,clarifier_underflow,TSS,7366.399972509883
robustness_06,surrogate,reference,clarifier_inventory,TSS_mass,4847408.003207843
robustness_06,surrogate,reference,clarifier_layer_1,TSS,6.409467908839017
robustness_06,surrogate,reference,clarifier_layer_2,TSS,8.99281178820644
robustness_06,surrogate,reference,clarifier_layer_3,TSS,13.955565297434314
robustness_06,surrogate,reference,clarifier_layer_4,TSS,29.659950489296786
robustness_06,surrogate,reference,clarifier_layer_5,TSS,130.71911413721466
robustness_06,surrogate,reference,clarifier_layer_6,TSS,130.7191141372153
robustness_06,surrogate,reference,clarifier_layer_7,TSS,130.71911413721594
robustness_06,surrogate,reference,clarifier_layer_8,TSS,130.7191141372166
robustness_06,surrogate,reference,clarifier_layer_9,TSS,130.71911413721716
robustness_06,surrogate,reference,clarifier_layer_10,TSS,7366.399972509882
robustness_06,surrogate,exact_mechanistic_start_1,clarifier_layer_1,TSS,6.409467908839017
robustness_06,surrogate,exact_mechanistic_start_1,clarifier_layer_2,TSS,8.99281178820644
robustness_06,surrogate,exact_mechanistic_start_1,clarifier_layer_3,TSS,13.955565297434314
robustness_06,surrogate,exact_mechanistic_start_1,clarifier_layer_4,TSS,29.659950489296786
robustness_06,surrogate,exact_mechanistic_start_1,clarifier_layer_5,TSS,130.71911413721466
robustness_06,surrogate,exact_mechanistic_start_1,clarifier_layer_6,TSS,130.7191141372153
robustness_06,surrogate,exact_mechanistic_start_1,clarifier_layer_7,TSS,130.71911413721594
robustness_06,surrogate,exact_mechanistic_start_1,clarifier_layer_8,TSS,130.7191141372166
robustness_06,surrogate,exact_mechanistic_start_1,clarifier_layer_9,TSS,130.71911413721716
robustness_06,surrogate,exact_mechanistic_start_1,clarifier_layer_10,TSS,7366.399972509882
robustness_06,surrogate,exact_mechanistic_start_2,clarifier_layer_1,TSS,6.409467908886427
robustness_06,surrogate,exact_mechanistic_start_2,clarifier_layer_2,TSS,8.992811788255533
robustness_06,surrogate,exact_mechanistic_start_2,clarifier_layer_3,TSS,13.95556529749865
robustness_06,surrogate,exact_mechanistic_start_2,clarifier_layer_4,TSS,29.65995048944944
robustness_06,surrogate,exact_mechanistic_start_2,clarifier_layer_5,TSS,130.71911413831577
robustness_06,surrogate,exact_mechanistic_start_2,clarifier_layer_6,TSS,130.7191141383174
robustness_06,surrogate,exact_mechanistic_start_2,clarifier_layer_7,TSS,130.71911413831913
robustness_06,surrogate,exact_mechanistic_start_2,clarifier_layer_8,TSS,130.71911413832083
robustness_06,surrogate,exact_mechanistic_start_2,clarifier_layer_9,TSS,130.71911413832254
robustness_06,surrogate,exact_mechanistic_start_2,clarifier_layer_10,TSS,7366.399972630302
robustness_06,direct,smooth,mixer,COD,1909.9873141529897
robustness_06,direct,smooth,mixer,TN,116.89964654699153
robustness_06,direct,smooth,mixer,TP,70.86508413892348
robustness_06,direct,smooth,mixer,TSS,1630.7531935463794
robustness_06,direct,smooth,reactor_1,DO,0.0002783609576001633
robustness_06,direct,smooth,reactor_1,TN,110.73876111063747
robustness_06,direct,smooth,reactor_1,TP,70.86508413892348
robustness_06,direct,smooth,reactor_1,TSS,1562.618226587324
robustness_06,direct,smooth,reactor_2,DO,1.621516514795833e-07
robustness_06,direct,smooth,reactor_2,TN,110.6794661475317
robustness_06,direct,smooth,reactor_2,TP,70.86508413892346
robustness_06,direct,smooth,reactor_2,TSS,1494.3619443887646
robustness_06,direct,smooth,reactor_3,DO,0.03637510882522932
robustness_06,direct,smooth,reactor_3,TN,110.07913696867297
robustness_06,direct,smooth,reactor_3,TP,70.86508413892346
robustness_06,direct,smooth,reactor_3,TSS,1502.3741188344472
robustness_06,direct,smooth,reactor_4,DO,0.04293046787682643
robustness_06,direct,smooth,reactor_4,TN,109.39444528210018
robustness_06,direct,smooth,reactor_4,TP,70.86508413892346
robustness_06,direct,smooth,reactor_4,TSS,1518.4053712790383
robustness_06,direct,smooth,reactor_5,DO,0.4673186173424501
robustness_06,direct,smooth,reactor_5,TN,105.49537120053225
robustness_06,direct,smooth,reactor_5,TP,70.86508413892348
robustness_06,direct,smooth,reactor_5,TSS,1527.9961688308347
robustness_06,direct,smooth,clarifier_overflow,COD,48.621627276094294
robustness_06,direct,smooth,clarifier_overflow,TN,27.50871253150533
robustness_06,direct,smooth,clarifier_overflow,TP,18.021201566726184
robustness_06,direct,smooth,clarifier_overflow,TSS,5.996997860752086
robustness_06,direct,smooth,clarifier_underflow,COD,7111.800775765147
robustness_06,direct,smooth,clarifier_underflow,TN,352.4531236403272
robustness_06,direct,smooth,clarifier_underflow,TP,238.2040456093332
robustness_06,direct,smooth,clarifier_underflow,TSS,6347.660209999489
robustness_06,direct,smooth,clarifier_inventory,TSS_mass,4202700.480928528
robustness_06,direct,raw,mixer,COD,2337.6867328635717
robustness_06,direct,raw,mixer,TN,120.45507479359209
robustness_06,direct,raw,mixer,TP,89.74187747380554
robustness_06,direct,raw,mixer,TSS,2037.0527745372747
robustness_06,direct,raw,reactor_1,DO,0.0005078932048072414
robustness_06,direct,raw,reactor_1,TN,115.86085184894482
robustness_06,direct,raw,reactor_1,TP,89.74187747391619
robustness_06,direct,raw,reactor_1,TSS,1987.0212327314975
robustness_06,direct,raw,reactor_2,DO,1.3860012964848929e-06
robustness_06,direct,raw,reactor_2,TN,115.75757524714257
robustness_06,direct,raw,reactor_2,TP,89.74187747401545
robustness_06,direct,raw,reactor_2,TSS,1930.771305102884
robustness_06,direct,raw,reactor_3,DO,0.05460672079683754
robustness_06,direct,raw,reactor_3,TN,115.08313697686758
robustness_06,direct,raw,reactor_3,TP,89.74187747411773
robustness_06,direct,raw,reactor_3,TSS,1930.5187092793094
robustness_06,direct,raw,reactor_4,DO,0.07945641483772092
robustness_06,direct,raw,reactor_4,TN,114.36903678050366
robustness_06,direct,raw,reactor_4,TP,89.74187747422229
robustness_06,direct,raw,reactor_4,TSS,1934.778505569055
robustness_06,direct,raw,reactor_5,DO,0.22727548181346702
robustness_06,direct,raw,reactor_5,TN,113.56750303062928
robustness_06,direct,raw,reactor_5,TP,89.74187747434186
robustness_06,direct,raw,reactor_5,TSS,1941.5804199639115
robustness_06,direct,raw,clarifier_overflow,COD,72.25280647606758
robustness_06,direct,raw,clarifier_overflow,TN,30.421938174173885
robustness_06,direct,raw,clarifier_overflow,TP,18.863120519534895
robustness_06,direct,raw,clarifier_overflow,TSS,8.982285199750578
robustness_06,direct,raw,clarifier_underflow,COD,10105.81598416574
robustness_06,direct,raw,clarifier_underflow,TN,386.32448387466366
robustness_06,direct,raw,clarifier_underflow,TP,364.19986992779997
robustness_06,direct,raw,clarifier_underflow,TSS,9051.573373669058
robustness_06,direct,raw,clarifier_inventory,TSS_mass,7822328.207113982
robustness_06,direct,projected,mixer,COD,2252.5534424973675
robustness_06,direct,projected,mixer,TN,120.4646911983379
robustness_06,direct,projected,mixer,TP,74.48247642551306
robustness_06,direct,projected,mixer,TSS,1892.1002159834852
robustness_06,direct,projected,reactor_1,DO,0.0005078932048072414
robustness_06,direct,projected,reactor_1,TN,112.67359557859096
robustness_06,direct,projected,reactor_1,TP,74.48247642551149
robustness_06,direct,projected,reactor_1,TSS,1815.5552061178544
robustness_06,direct,projected,reactor_2,DO,1.3860012964848929e-06
robustness_06,direct,projected,reactor_2,TN,112.56941164038759
robustness_06,direct,projected,reactor_2,TP,74.48247642550994
robustness_06,direct,projected,reactor_2,TSS,1758.4799485483138
robustness_06,direct,projected,reactor_3,DO,0.05460672079683754
robustness_06,direct,projected,reactor_3,TN,111.89721360861533
robustness_06,direct,projected,reactor_3,TP,74.48247642550848
robustness_06,direct,projected,reactor_3,TSS,1758.9678246160213
robustness_06,direct,projected,reactor_4,DO,0.07945641483772092
robustness_06,direct,projected,reactor_4,TN,111.1860551076163
robustness_06,direct,projected,reactor_4,TP,74.48247642550713
robustness_06,direct,projected,reactor_4,TSS,1764.1196048623556
robustness_06,direct,projected,reactor_5,DO,0.23227741523398793
robustness_06,direct,projected,reactor_5,TN,110.06204912620201
robustness_06,direct,projected,reactor_5,TP,74.4824764255059
robustness_06,direct,projected,reactor_5,TSS,1842.5586430975682
robustness_06,direct,projected,clarifier_overflow,COD,66.16688951669698
robustness_06,direct,projected,clarifier_overflow,TN,27.888481405871595
robustness_06,direct,projected,clarifier_overflow,TP,17.069256228275545
robustness_06,direct,projected,clarifier_overflow,TSS,7.241797030233873
robustness_06,direct,projected,clarifier_underflow,COD,8824.631417259907
robustness_06,direct,projected,clarifier_underflow,TN,370.2783468944715
robustness_06,direct,projected,clarifier_underflow,TP,256.2910070411614
robustness_06,direct,projected,clarifier_underflow,TSS,7654.395322025498
robustness_06,direct,projected,clarifier_inventory,TSS_mass,7822328.207113982
robustness_06,direct,reference,mixer,COD,1909.9873146163
robustness_06,direct,reference,mixer,TN,116.89964656109413
robustness_06,direct,reference,mixer,TP,70.86508415198827
robustness_06,direct,reference,mixer,TSS,1630.75319394672
robustness_06,direct,reference,reactor_1,DO,0.00027836095753785154
robustness_06,direct,reference,reactor_1,TN,110.73876112560765
robustness_06,direct,reference,reactor_1,TP,70.86508415240372
robustness_06,direct,reference,reactor_1,TSS,1562.6182269949002
robustness_06,direct,reference,reactor_2,DO,1.6215165142315867e-07
robustness_06,direct,reference,reactor_2,TN,110.67946616299014
robustness_06,direct,reference,reactor_2,TP,70.86508415283247
robustness_06,direct,reference,reactor_2,TSS,1494.3619448040442
robustness_06,direct,reference,reactor_3,DO,0.03637510881977003
robustness_06,direct,reference,reactor_3,TN,110.07913698481701
robustness_06,direct,reference,reactor_3,TP,70.8650841532749
robustness_06,direct,reference,reactor_3,TSS,1502.374119259955
robustness_06,direct,reference,reactor_4,DO,0.04293046785495639
robustness_06,direct,reference,reactor_4,TN,109.39444529922169
robustness_06,direct,reference,reactor_4,TP,70.86508415373146
robustness_06,direct,reference,reactor_4,TSS,1518.4053717187178
robustness_06,direct,reference,reactor_5,DO,0.4673186171393765
robustness_06,direct,reference,reactor_5,TN,105.49537121837399
robustness_06,direct,reference,reactor_5,TP,70.86508415420255
robustness_06,direct,reference,reactor_5,TSS,1527.9961692892603
robustness_06,direct,reference,clarifier_overflow,COD,48.621627277613854
robustness_06,direct,reference,clarifier_overflow,TN,27.508712534238438
robustness_06,direct,reference,clarifier_overflow,TP,18.02120156723453
robustness_06,direct,reference,clarifier_overflow,TSS,5.9969978615776345
robustness_06,direct,reference,clarifier_underflow,COD,7111.800778081697
robustness_06,direct,reference,clarifier_underflow,TN,352.45312371084015
robustness_06,direct,reference,clarifier_underflow,TP,238.20404567465715
robustness_06,direct,reference,clarifier_underflow,TSS,6347.66021200119
robustness_06,direct,reference,clarifier_inventory,TSS_mass,4202700.482194175
robustness_06,direct,smooth,clarifier_layer_1,TSS,5.996997860752086
robustness_06,direct,smooth,clarifier_layer_2,TSS,8.56220680260483
robustness_06,direct,smooth,clarifier_layer_3,TSS,13.36527561721853
robustness_06,direct,smooth,clarifier_layer_4,TSS,28.193111417130744
robustness_06,direct,smooth,clarifier_layer_5,TSS,120.14459997007015
robustness_06,direct,smooth,clarifier_layer_6,TSS,120.14459997007015
robustness_06,direct,smooth,clarifier_layer_7,TSS,120.14459997007017
robustness_06,direct,smooth,clarifier_layer_8,TSS,120.14459997007016
robustness_06,direct,smooth,clarifier_layer_9,TSS,120.14459997007016
robustness_06,direct,smooth,clarifier_layer_10,TSS,6347.66020999949
robustness_06,direct,reference,clarifier_layer_1,TSS,5.9969978615776345
robustness_06,direct,reference,clarifier_layer_2,TSS,8.56220680344236
robustness_06,direct,reference,clarifier_layer_3,TSS,13.365275618368647
robustness_06,direct,reference,clarifier_layer_4,TSS,28.193111420000026
robustness_06,direct,reference,clarifier_layer_5,TSS,120.14459999045695
robustness_06,direct,reference,clarifier_layer_6,TSS,120.14459999046646
robustness_06,direct,reference,clarifier_layer_7,TSS,120.14459999047598
robustness_06,direct,reference,clarifier_layer_8,TSS,120.14459999048546
robustness_06,direct,reference,clarifier_layer_9,TSS,120.14459999049502
robustness_06,direct,reference,clarifier_layer_10,TSS,6347.66021200119
robustness_06,direct,exact_mechanistic_start_1,clarifier_layer_1,TSS,5.9969978615776345
robustness_06,direct,exact_mechanistic_start_1,clarifier_layer_2,TSS,8.56220680344236
robustness_06,direct,exact_mechanistic_start_1,clarifier_layer_3,TSS,13.365275618368647
robustness_06,direct,exact_mechanistic_start_1,clarifier_layer_4,TSS,28.193111420000026
robustness_06,direct,exact_mechanistic_start_1,clarifier_layer_5,TSS,120.14459999045695
robustness_06,direct,exact_mechanistic_start_1,clarifier_layer_6,TSS,120.14459999046646
robustness_06,direct,exact_mechanistic_start_1,clarifier_layer_7,TSS,120.14459999047598
robustness_06,direct,exact_mechanistic_start_1,clarifier_layer_8,TSS,120.14459999048546
robustness_06,direct,exact_mechanistic_start_1,clarifier_layer_9,TSS,120.14459999049502
robustness_06,direct,exact_mechanistic_start_1,clarifier_layer_10,TSS,6347.66021200119
robustness_06,direct,exact_mechanistic_start_2,clarifier_layer_1,TSS,5.9969978612773165
robustness_06,direct,exact_mechanistic_start_2,clarifier_layer_2,TSS,8.56220680312325
robustness_06,direct,exact_mechanistic_start_2,clarifier_layer_3,TSS,13.365275617925057
robustness_06,direct,exact_mechanistic_start_2,clarifier_layer_4,TSS,28.19311141889166
robustness_06,direct,exact_mechanistic_start_2,clarifier_layer_5,TSS,120.14459998258496
robustness_06,direct,exact_mechanistic_start_2,clarifier_layer_6,TSS,120.14459998259036
robustness_06,direct,exact_mechanistic_start_2,clarifier_layer_7,TSS,120.14459998259565
robustness_06,direct,exact_mechanistic_start_2,clarifier_layer_8,TSS,120.14459998260104
robustness_06,direct,exact_mechanistic_start_2,clarifier_layer_9,TSS,120.14459998260641
robustness_06,direct,exact_mechanistic_start_2,clarifier_layer_10,TSS,6347.6602112234095
robustness_07,surrogate,raw,mixer,COD,2198.1159905479126
robustness_07,surrogate,raw,mixer,TN,79.93189564033855
robustness_07,surrogate,raw,mixer,TP,71.26366472677813
robustness_07,surrogate,raw,mixer,TSS,1738.0839959533255
robustness_07,surrogate,raw,reactor_1,DO,0.0006195527080103354
robustness_07,surrogate,raw,reactor_1,TN,77.83017387867523
robustness_07,surrogate,raw,reactor_1,TP,71.26366472693573
robustness_07,surrogate,raw,reactor_1,TSS,1720.3188210696328
robustness_07,surrogate,raw,reactor_2,DO,1.306496473609598e-06
robustness_07,surrogate,raw,reactor_2,TN,77.75092224815047
robustness_07,surrogate,raw,reactor_2,TP,71.26366472703697
robustness_07,surrogate,raw,reactor_2,TSS,1697.5947648648614
robustness_07,surrogate,raw,reactor_3,DO,0.036739298224618605
robustness_07,surrogate,raw,reactor_3,TN,77.204818675357
robustness_07,surrogate,raw,reactor_3,TP,71.26366472714076
robustness_07,surrogate,raw,reactor_3,TSS,1699.4735531790468
robustness_07,surrogate,raw,reactor_4,DO,0.047203529203881316
robustness_07,surrogate,raw,reactor_4,TN,76.68906851201788
robustness_07,surrogate,raw,reactor_4,TP,71.26366472724617
robustness_07,surrogate,raw,reactor_4,TSS,1701.3312480937518
robustness_07,surrogate,raw,reactor_5,DO,0.14405009338340238
robustness_07,surrogate,raw,reactor_5,TN,75.98999933227238
robustness_07,surrogate,raw,reactor_5,TP,71.26366472736072
robustness_07,surrogate,raw,reactor_5,TSS,1702.885067038838
robustness_07,surrogate,raw,clarifier_overflow,COD,219.34853039237805
robustness_07,surrogate,raw,clarifier_overflow,TN,16.032031603933184
robustness_07,surrogate,raw,clarifier_overflow,TP,15.616661755035377
robustness_07,surrogate,raw,clarifier_overflow,TSS,10.04487014491519
robustness_07,surrogate,raw,clarifier_underflow,COD,9819.995065802003
robustness_07,surrogate,raw,clarifier_underflow,TN,280.0032976647859
robustness_07,surrogate,raw,clarifier_underflow,TP,340.9540867990799
robustness_07,surrogate,raw,clarifier_underflow,TSS,8531.133500223337
robustness_07,surrogate,raw,clarifier_inventory,TSS_mass,6541240.700735885
robustness_07,surrogate,projected,mixer,COD,2111.196056457664
robustness_07,surrogate,projected,mixer,TN,77.21775787778276
robustness_07,surrogate,projected,mixer,TP,45.59456431426343
robustness_07,surrogate,projected,mixer,TSS,1537.1593548293235
robustness_07,surrogate,projected,reactor_1,DO,0.0006195527080103354
robustness_07,surrogate,projected,reactor_1,TN,75.03412602356505
robustness_07,surrogate,projected,reactor_1,TP,45.594564314249055
robustness_07,surrogate,projected,reactor_1,TSS,1517.8681255668084
robustness_07,surrogate,projected,reactor_2,DO,1.306496473609598e-06
robustness_07,surrogate,projected,reactor_2,TN,74.90284686596019
robustness_07,surrogate,projected,reactor_2,TP,45.59456431423543
robustness_07,surrogate,projected,reactor_2,TSS,1468.2112180997322
robustness_07,surrogate,projected,reactor_3,DO,0.036739298224618605
robustness_07,surrogate,projected,reactor_3,TN,74.34417014662185
robustness_07,surrogate,projected,reactor_3,TP,45.5945643142228
robustness_07,surrogate,projected,reactor_3,TSS,1463.2937464923514
robustness_07,surrogate,projected,reactor_4,DO,0.047203529203881316
robustness_07,surrogate,projected,reactor_4,TN,73.82186584991776
robustness_07,surrogate,projected,reactor_4,TP,45.594564314211496
robustness_07,surrogate,projected,reactor_4,TSS,1461.4478520373982
robustness_07,surrogate,projected,reactor_5,DO,0.1415735741034687
robustness_07,surrogate,projected,reactor_5,TN,73.55757670266502
robustness_07,surrogate,projected,reactor_5,TP,45.594564314201754
robustness_07,surrogate,projected,reactor_5,TSS,1577.022594604353
robustness_07,surrogate,projected,clarifier_overflow,COD,222.54194085056093
robustness_07,surrogate,projected,clarifier_overflow,TN,14.210174391812805
robustness_07,surrogate,projected,clarifier_overflow,TP,14.328858182692281
robustness_07,surrogate,projected,clarifier_overflow,TSS,6.5238254662716
robustness_07,surrogate,projected,clarifier_underflow,COD,8230.895523559917
robustness_07,surrogate,projected,clarifier_underflow,TN,261.4910173536803
robustness_07,surrogate,projected,clarifier_underflow,TP,144.6026337307393
robustness_07,surrogate,projected,clarifier_underflow,TSS,6550.268696874863
robustness_07,surrogate,projected,clarifier_inventory,TSS_mass,6541240.700735885
robustness_07,surrogate,reference,mixer,COD,1731.3328305528535
robustness_07,surrogate,reference,mixer,TN,64.88911816090122
robustness_07,surrogate,reference,mixer,TP,41.53374090540086
robustness_07,surrogate,reference,mixer,TSS,1242.6576043882064
robustness_07,surrogate,reference,reactor_1,DO,0.0012354484275883646
robustness_07,surrogate,reference,reactor_1,TN,63.18020949335192
robustness_07,surrogate,reference,reactor_1,TP,41.533740905560975
robustness_07,surrogate,reference,reactor_1,TSS,1233.2080321956432
robustness_07,surrogate,reference,reactor_2,DO,4.558168498868012e-06
robustness_07,surrogate,reference,reactor_2,TN,63.08347357797432
robustness_07,surrogate,reference,reactor_2,TP,41.53374090572452
robustness_07,surrogate,reference,reactor_2,TSS,1219.0054008224167
robustness_07,surrogate,reference,reactor_3,DO,0.07190165830009967
robustness_07,surrogate,reference,reactor_3,TN,62.45272675320487
robustness_07,surrogate,reference,reactor_3,TP,41.533740905891534
robustness_07,surrogate,reference,reactor_3,TSS,1221.4879827326909
robustness_07,surrogate,reference,reactor_4,DO,0.06962377642634612
robustness_07,surrogate,reference,reactor_4,TN,61.8316373769308
robustness_07,surrogate,reference,reactor_4,TP,41.533740906062135
robustness_07,surrogate,reference,reactor_4,TSS,1223.6907672619939
robustness_07,surrogate,reference,reactor_5,DO,0.06719919112606178
robustness_07,surrogate,reference,reactor_5,TN,61.24063226996941
robustness_07,surrogate,reference,reactor_5,TP,41.533740906236375
robustness_07,surrogate,reference,reactor_5,TSS,1225.44871438932
robustness_07,surrogate,reference,clarifier_overflow,COD,211.7605751832913
robustness_07,surrogate,reference,clarifier_overflow,TN,17.47064605315892
robustness_07,surrogate,reference,clarifier_overflow,TP,15.39749592405943
robustness_07,surrogate,reference,clarifier_overflow,TSS,5.492666013950183
robustness_07,surrogate,reference,clarifier_underflow,COD,6346.926503470871
robustness_07,surrogate,reference,clarifier_underflow,TN,199.84558862858296
robustness_07,surrogate,reference,clarifier_underflow,TP,124.29851668634282
robustness_07,surrogate,reference,clarifier_underflow,TSS,5088.642867727951
robustness_07,surrogate,reference,clarifier_inventory,TSS_mass,3402946.8200964653
robustness_07,surrogate,reference,clarifier_layer_1,TSS,5.492666013950183
robustness_07,surrogate,reference,clarifier_layer_2,TSS,8.014740426619484
robustness_07,surrogate,reference,clarifier_layer_3,TSS,12.581405894745275
robustness_07,surrogate,reference,clarifier_layer_4,TSS,26.191426790857694
robustness_07,surrogate,reference,clarifier_layer_5,TSS,106.13098532796349
robustness_07,surrogate,reference,clarifier_layer_6,TSS,106.13098532798017
robustness_07,surrogate,reference,clarifier_layer_7,TSS,106.13098532799694
robustness_07,surrogate,reference,clarifier_layer_8,TSS,106.13098532801367
robustness_07,surrogate,reference,clarifier_layer_9,TSS,106.13098532803046
robustness_07,surrogate,reference,clarifier_layer_10,TSS,5088.642867727952
robustness_07,surrogate,exact_mechanistic_start_1,clarifier_layer_1,TSS,5.492666013950183
robustness_07,surrogate,exact_mechanistic_start_1,clarifier_layer_2,TSS,8.014740426619484
robustness_07,surrogate,exact_mechanistic_start_1,clarifier_layer_3,TSS,12.581405894745275
robustness_07,surrogate,exact_mechanistic_start_1,clarifier_layer_4,TSS,26.191426790857694
robustness_07,surrogate,exact_mechanistic_start_1,clarifier_layer_5,TSS,106.13098532796349
robustness_07,surrogate,exact_mechanistic_start_1,clarifier_layer_6,TSS,106.13098532798017
robustness_07,surrogate,exact_mechanistic_start_1,clarifier_layer_7,TSS,106.13098532799694
robustness_07,surrogate,exact_mechanistic_start_1,clarifier_layer_8,TSS,106.13098532801367
robustness_07,surrogate,exact_mechanistic_start_1,clarifier_layer_9,TSS,106.13098532803046
robustness_07,surrogate,exact_mechanistic_start_1,clarifier_layer_10,TSS,5088.642867727952
robustness_07,surrogate,exact_mechanistic_start_2,clarifier_layer_1,TSS,5.492666013009671
robustness_07,surrogate,exact_mechanistic_start_2,clarifier_layer_2,TSS,8.01474042556975
robustness_07,surrogate,exact_mechanistic_start_2,clarifier_layer_3,TSS,12.581405893217642
robustness_07,surrogate,exact_mechanistic_start_2,clarifier_layer_4,TSS,26.191426786953066
robustness_07,surrogate,exact_mechanistic_start_2,clarifier_layer_5,TSS,106.13098530132407
robustness_07,surrogate,exact_mechanistic_start_2,clarifier_layer_6,TSS,106.13098530130762
robustness_07,surrogate,exact_mechanistic_start_2,clarifier_layer_7,TSS,106.13098530129108
robustness_07,surrogate,exact_mechanistic_start_2,clarifier_layer_8,TSS,106.13098530127468
robustness_07,surrogate,exact_mechanistic_start_2,clarifier_layer_9,TSS,106.13098530125814
robustness_07,surrogate,exact_mechanistic_start_2,clarifier_layer_10,TSS,5088.642865145775
robustness_07,direct,smooth,mixer,COD,1626.305864887212
robustness_07,direct,smooth,mixer,TN,79.5271741681834
robustness_07,direct,smooth,mixer,TP,47.69584196135898
robustness_07,direct,smooth,mixer,TSS,1225.7468109631188
robustness_07,direct,smooth,reactor_1,DO,0.00024534450164028144
robustness_07,direct,smooth,reactor_1,TN,77.53166633895695
robustness_07,direct,smooth,reactor_1,TP,47.69584196135898
robustness_07,direct,smooth,reactor_1,TSS,1164.6269553910915
robustness_07,direct,smooth,reactor_2,DO,1.5878634421508944e-07
robustness_07,direct,smooth,reactor_2,TN,77.51487621637624
robustness_07,direct,smooth,reactor_2,TP,47.695841961358965
robustness_07,direct,smooth,reactor_2,TSS,1109.1406420918324
robustness_07,direct,smooth,reactor_3,DO,0.0449107140351938
robustness_07,direct,smooth,reactor_3,TN,76.22289561887614
robustness_07,direct,smooth,reactor_3,TP,47.69584196135897
robustness_07,direct,smooth,reactor_3,TSS,1138.3510442499335
robustness_07,direct,smooth,reactor_4,DO,0.04304451304439999
robustness_07,direct,smooth,reactor_4,TN,75.05979215751351
robustness_07,direct,smooth,reactor_4,TP,47.69584196135897
robustness_07,direct,smooth,reactor_4,TSS,1176.9640356174166
robustness_07,direct,smooth,reactor_5,DO,0.3034528363983159
robustness_07,direct,smooth,reactor_5,TN,70.5371368704986
robustness_07,direct,smooth,reactor_5,TP,47.69584196135897
robustness_07,direct,smooth,reactor_5,TSS,1204.341543533908
robustness_07,direct,smooth,clarifier_overflow,COD,75.15848418515716
robustness_07,direct,smooth,clarifier_overflow,TN,6.809869814646412
robustness_07,direct,smooth,clarifier_overflow,TP,13.775890382032019
robustness_07,direct,smooth,clarifier_overflow,TSS,5.45759330392945
robustness_07,direct,smooth,clarifier_underflow,COD,5812.804124696009
robustness_07,direct,smooth,clarifier_underflow,TN,272.34014920166135
robustness_07,direct,smooth,clarifier_underflow,TP,155.10902195597728
robustness_07,direct,smooth,clarifier_underflow,TSS,5000.807385696142
robustness_07,direct,smooth,clarifier_inventory,TSS_mass,3347000.412310082
robustness_07,direct,raw,mixer,COD,1775.3111122059863
robustness_07,direct,raw,mixer,TN,81.54314174461493
robustness_07,direct,raw,mixer,TP,74.35477031112701
robustness_07,direct,raw,mixer,TSS,1491.5902578578725
robustness_07,direct,raw,reactor_1,DO,0.0005364465459466256
robustness_07,direct,raw,reactor_1,TN,79.06980911367185
robustness_07,direct,raw,reactor_1,TP,74.35477031121565
robustness_07,direct,raw,reactor_1,TSS,1446.8598432589024
robustness_07,direct,raw,reactor_2,DO,6.192420494923384e-07
robustness_07,direct,raw,reactor_2,TN,79.02898039673518
robustness_07,direct,raw,reactor_2,TP,74.35477031124778
robustness_07,direct,raw,reactor_2,TSS,1401.5730755474779
robustness_07,direct,raw,reactor_3,DO,0.05384380092211277
robustness_07,direct,raw,reactor_3,TN,78.046428725555
robustness_07,direct,raw,reactor_3,TP,74.35477031128143
robustness_07,direct,raw,reactor_3,TSS,1413.8267006486801
robustness_07,direct,raw,reactor_4,DO,0.08869402797745504
robustness_07,direct,raw,reactor_4,TN,77.11641264080724
robustness_07,direct,raw,reactor_4,TP,74.35477031131549
robustness_07,direct,raw,reactor_4,TSS,1428.3053711897683
robustness_07,direct,raw,reactor_5,DO,0.3066481180741063
robustness_07,direct,raw,reactor_5,TN,75.91664532339188
robustness_07,direct,raw,reactor_5,TP,74.3547703113607
robustness_07,direct,raw,reactor_5,TSS,1443.524696334156
robustness_07,direct,raw,clarifier_overflow,COD,115.28768135680122
robustness_07,direct,raw,clarifier_overflow,TN,11.518250896944501
robustness_07,direct,raw,clarifier_overflow,TP,15.054529717680941
robustness_07,direct,raw,clarifier_overflow,TSS,13.983675342551237
robustness_07,direct,raw,clarifier_underflow,COD,7894.469645912934
robustness_07,direct,raw,clarifier_underflow,TN,307.63578824244763
robustness_07,direct,raw,clarifier_underflow,TP,360.1447235758468
robustness_07,direct,raw,clarifier_underflow,TSS,7381.544315835546
robustness_07,direct,raw,clarifier_inventory,TSS_mass,6080073.458122164
robustness_07,direct,projected,mixer,COD,1716.5411227743107
robustness_07,direct,projected,mixer,TN,79.97640669348195
robustness_07,direct,projected,mixer,TP,49.700307341431795
robustness_07,direct,projected,mixer,TSS,1288.9691274864504
robustness_07,direct,projected,reactor_1,DO,0.0005364465459466256
robustness_07,direct,projected,reactor_1,TN,75.3219359840832
robustness_07,direct,projected,reactor_1,TP,49.700307341425926
robustness_07,direct,projected,reactor_1,TSS,1205.730024984937
robustness_07,direct,projected,reactor_2,DO,6.192420494923384e-07
robustness_07,direct,projected,reactor_2,TN,75.28142756866126
robustness_07,direct,projected,reactor_2,TP,49.700307341420256
robustness_07,direct,projected,reactor_2,TSS,1159.7409423803513
robustness_07,direct,projected,reactor_3,DO,0.05384380092211277
robustness_07,direct,projected,reactor_3,TN,74.30236189207584
robustness_07,direct,projected,reactor_3,TP,49.70030734141486
robustness_07,direct,projected,reactor_3,TSS,1172.6202164910417
robustness_07,direct,projected,reactor_4,DO,0.08869402797745504
robustness_07,direct,projected,reactor_4,TN,73.37688674996464
robustness_07,direct,projected,reactor_4,TP,49.70030734140984
robustness_07,direct,projected,reactor_4,TSS,1187.6842595808705
robustness_07,direct,projected,reactor_5,DO,0.3297789614120369
robustness_07,direct,projected,reactor_5,TN,72.17354388825613
robustness_07,direct,projected,reactor_5,TP,49.70030734140528
robustness_07,direct,projected,reactor_5,TSS,1281.080849250937
robustness_07,direct,projected,clarifier_overflow,COD,103.26854622021497
robustness_07,direct,projected,clarifier_overflow,TN,8.253722430260927
robustness_07,direct,projected,clarifier_overflow,TP,13.248399492626387
robustness_07,direct,projected,clarifier_overflow,TSS,6.605653693853025
robustness_07,direct,projected,clarifier_underflow,COD,6263.980414036439
robustness_07,direct,projected,clarifier_underflow,TN,274.58631182615915
robustness_07,direct,projected,clarifier_underflow,TP,165.1313488555178
robustness_07,direct,projected,clarifier_underflow,TSS,5316.918968267666
robustness_07,direct,projected,clarifier_inventory,TSS_mass,6080073.458122164
robustness_07,direct,reference,mixer,COD,1626.305865510693
robustness_07,direct,reference,mixer,TN,79.52717418596998
robustness_07,direct,reference,mixer,TP,47.69584197608674
robustness_07,direct,reference,mixer,TSS,1225.7468114841747
robustness_07,direct,reference,reactor_1,DO,0.00024534450156167066
robustness_07,direct,reference,reactor_1,TN,77.53166635788838
robustness_07,direct,reference,reactor_1,TP,47.695841976568644
robustness_07,direct,reference,reactor_1,TSS,1164.6269559217615
robustness_07,direct,reference,reactor_2,DO,1.5878634413744468e-07
robustness_07,direct,reference,reactor_2,TN,77.51487623593887
robustness_07,direct,reference,reactor_2,TP,47.69584197706858
robustness_07,direct,reference,reactor_2,TSS,1109.1406426333215
robustness_07,direct,reference,reactor_3,DO,0.04491071402685073
robustness_07,direct,reference,reactor_3,TN,76.2228956393003
robustness_07,direct,reference,reactor_3,TP,47.69584197758165
robustness_07,direct,reference,reactor_3,TSS,1138.351044805471
robustness_07,direct,reference,reactor_4,DO,0.04304451303564016
robustness_07,direct,reference,reactor_4,TN,75.05979217879515
robustness_07,direct,reference,reactor_4,TP,47.69584197810733
robustness_07,direct,reference,reactor_4,TSS,1176.9640361875215
robustness_07,direct,reference,reactor_5,DO,0.30345283609376744
robustness_07,direct,reference,reactor_5,TN,70.53713689241789
robustness_07,direct,reference,reactor_5,TP,47.695841978650925
robustness_07,direct,reference,reactor_5,TSS,1204.341544133267
robustness_07,direct,reference,clarifier_overflow,COD,75.15848418777209
robustness_07,direct,reference,clarifier_overflow,TN,6.809869817271332
robustness_07,direct,reference,clarifier_overflow,TP,13.775890382524427
robustness_07,direct,reference,clarifier_overflow,TSS,5.457593304979185
robustness_07,direct,reference,clarifier_underflow,COD,5812.804127813413
robustness_07,direct,reference,clarifier_underflow,TN,272.3401492905943
robustness_07,direct,reference,clarifier_underflow,TP,155.10902202961606
robustness_07,direct,reference,clarifier_underflow,TSS,5000.807388301421
robustness_07,direct,reference,clarifier_inventory,TSS_mass,3347000.413965902
robustness_07,direct,smooth,clarifier_layer_1,TSS,5.45759330392945
robustness_07,direct,smooth,clarifier_layer_2,TSS,7.975626714628878
robustness_07,direct,smooth,clarifier_layer_3,TSS,12.523804339392198
robustness_07,direct,smooth,clarifier_layer_4,TSS,26.041972067717925
robustness_07,direct,smooth,clarifier_layer_5,TSS,105.10552767899863
robustness_07,direct,smooth,clarifier_layer_6,TSS,105.10552767899863
robustness_07,direct,smooth,clarifier_layer_7,TSS,105.10552767899863
robustness_07,direct,smooth,clarifier_layer_8,TSS,105.10552767899863
robustness_07,direct,smooth,clarifier_layer_9,TSS,105.10552767899856
robustness_07,direct,smooth,clarifier_layer_10,TSS,5000.807385696142
robustness_07,direct,reference,clarifier_layer_1,TSS,5.457593304979184
robustness_07,direct,reference,clarifier_layer_2,TSS,7.975626715767483
robustness_07,direct,reference,clarifier_layer_3,TSS,12.523804341051132
robustness_07,direct,reference,clarifier_layer_4,TSS,26.041972071996256
robustness_07,direct,reference,clarifier_layer_5,TSS,105.10552770823064
robustness_07,direct,reference,clarifier_layer_6,TSS,105.1055277082441
robustness_07,direct,reference,clarifier_layer_7,TSS,105.10552770825754
robustness_07,direct,reference,clarifier_layer_8,TSS,105.10552770827096
robustness_07,direct,reference,clarifier_layer_9,TSS,105.1055277082844
robustness_07,direct,reference,clarifier_layer_10,TSS,5000.807388301421
robustness_07,direct,exact_mechanistic_start_1,clarifier_layer_1,TSS,5.457593304979184
robustness_07,direct,exact_mechanistic_start_1,clarifier_layer_2,TSS,7.975626715767483
robustness_07,direct,exact_mechanistic_start_1,clarifier_layer_3,TSS,12.523804341051132
robustness_07,direct,exact_mechanistic_start_1,clarifier_layer_4,TSS,26.041972071996256
robustness_07,direct,exact_mechanistic_start_1,clarifier_layer_5,TSS,105.10552770823064
robustness_07,direct,exact_mechanistic_start_1,clarifier_layer_6,TSS,105.1055277082441
robustness_07,direct,exact_mechanistic_start_1,clarifier_layer_7,TSS,105.10552770825754
robustness_07,direct,exact_mechanistic_start_1,clarifier_layer_8,TSS,105.10552770827096
robustness_07,direct,exact_mechanistic_start_1,clarifier_layer_9,TSS,105.1055277082844
robustness_07,direct,exact_mechanistic_start_1,clarifier_layer_10,TSS,5000.807388301421
robustness_07,direct,exact_mechanistic_start_2,clarifier_layer_1,TSS,5.4575933049656085
robustness_07,direct,exact_mechanistic_start_2,clarifier_layer_2,TSS,7.975626715752346
robustness_07,direct,exact_mechanistic_start_2,clarifier_layer_3,TSS,12.5238043410289
robustness_07,direct,exact_mechanistic_start_2,clarifier_layer_4,TSS,26.04197207193862
robustness_07,direct,exact_mechanistic_start_2,clarifier_layer_5,TSS,105.10552770783602
robustness_07,direct,exact_mechanistic_start_2,clarifier_layer_6,TSS,105.10552770784946
robustness_07,direct,exact_mechanistic_start_2,clarifier_layer_7,TSS,105.10552770786286
robustness_07,direct,exact_mechanistic_start_2,clarifier_layer_8,TSS,105.10552770787625
robustness_07,direct,exact_mechanistic_start_2,clarifier_layer_9,TSS,105.10552770788965
robustness_07,direct,exact_mechanistic_start_2,clarifier_layer_10,TSS,5000.807388266543
robustness_08,surrogate,raw,mixer,COD,1938.045289155531
robustness_08,surrogate,raw,mixer,TN,96.017822316191
robustness_08,surrogate,raw,mixer,TP,87.39564519779775
robustness_08,surrogate,raw,mixer,TSS,1643.8587935940866
robustness_08,surrogate,raw,reactor_1,DO,0.0007001963124126481
robustness_08,surrogate,raw,reactor_1,TN,93.6906772826644
robustness_08,surrogate,raw,reactor_1,TP,87.39564519793142
robustness_08,surrogate,raw,reactor_1,TSS,1615.1389355456147
robustness_08,surrogate,raw,reactor_2,DO,1.8617392024810622e-06
robustness_08,surrogate,raw,reactor_2,TN,93.58823061910432
robustness_08,surrogate,raw,reactor_2,TP,87.39564519804007
robustness_08,surrogate,raw,reactor_2,TSS,1585.5789372800532
robustness_08,surrogate,raw,reactor_3,DO,0.07045464578416208
robustness_08,surrogate,raw,reactor_3,TN,92.36827643294579
robustness_08,surrogate,raw,reactor_3,TP,87.39564519814918
robustness_08,surrogate,raw,reactor_3,TSS,1598.1399728797987
robustness_08,surrogate,raw,reactor_4,DO,0.11079262466528657
robustness_08,surrogate,raw,reactor_4,TN,91.15773265601332
robustness_08,surrogate,raw,reactor_4,TP,87.3956451982603
robustness_08,surrogate,raw,reactor_4,TSS,1610.448322997972
robustness_08,surrogate,raw,reactor_5,DO,0.3069160632634209
robustness_08,surrogate,raw,reactor_5,TN,89.73217685118165
robustness_08,surrogate,raw,reactor_5,TP,87.39564519839959
robustness_08,surrogate,raw,reactor_5,TSS,1622.4356414145548
robustness_08,surrogate,raw,clarifier_overflow,COD,52.1359651543664
robustness_08,surrogate,raw,clarifier_overflow,TN,26.482122660516513
robustness_08,surrogate,raw,clarifier_overflow,TP,24.474915369620675
robustness_08,surrogate,raw,clarifier_overflow,TSS,14.600021411691635
robustness_08,surrogate,raw,clarifier_underflow,COD,9388.961952597347
robustness_08,surrogate,raw,clarifier_underflow,TN,312.29974112024837
robustness_08,surrogate,raw,clarifier_underflow,TP,360.9798228480091
robustness_08,surrogate,raw,clarifier_underflow,TSS,8246.305054890263
robustness_08,surrogate,raw,clarifier_inventory,TSS_mass,7419449.393552324
robustness_08,surrogate,projected,mixer,COD,1841.322299853177
robustness_08,surrogate,projected,mixer,TN,95.99237579532713
robustness_08,surrogate,projected,mixer,TP,71.27069044140828
robustness_08,surrogate,projected,mixer,TSS,1482.4180859223939
robustness_08,surrogate,projected,reactor_1,DO,0.0007001963124126481
robustness_08,surrogate,projected,reactor_1,TN,91.13638025223561
robustness_08,surrogate,projected,reactor_1,TP,71.27069044140279
robustness_08,surrogate,projected,reactor_1,TSS,1443.7172533542112
robustness_08,surrogate,projected,reactor_2,DO,1.8617392024810622e-06
robustness_08,surrogate,projected,reactor_2,TN,91.03331724691988
robustness_08,surrogate,projected,reactor_2,TP,71.27069044139748
robustness_08,surrogate,projected,reactor_2,TSS,1413.4243633797087
robustness_08,surrogate,projected,reactor_3,DO,0.07045464578416208
robustness_08,surrogate,projected,reactor_3,TN,89.8158104061434
robustness_08,surrogate,projected,reactor_3,TP,71.27069044139242
robustness_08,surrogate,projected,reactor_3,TSS,1426.6050874682473
robustness_08,surrogate,projected,reactor_4,DO,0.11079262466528657
robustness_08,surrogate,projected,reactor_4,TN,88.60842405070679
robustness_08,surrogate,projected,reactor_4,TP,71.27069044138767
robustness_08,surrogate,projected,reactor_4,TSS,1439.619638039526
robustness_08,surrogate,projected,reactor_5,DO,0.3354673081951983
robustness_08,surrogate,projected,reactor_5,TN,86.6063293591099
robustness_08,surrogate,projected,reactor_5,TP,71.27069044138328
robustness_08,surrogate,projected,reactor_5,TSS,1540.1752676687804
robustness_08,surrogate,projected,clarifier_overflow,COD,39.40751146733591
robustness_08,surrogate,projected,clarifier_overflow,TN,24.00097119391518
robustness_08,surrogate,projected,clarifier_overflow,TP,22.77782410212365
robustness_08,surrogate,projected,clarifier_overflow,TSS,6.825715901767673
robustness_08,surrogate,projected,clarifier_underflow,COD,7556.08178010739
robustness_08,surrogate,projected,clarifier_underflow,TN,284.85663021555297
robustness_08,surrogate,projected,clarifier_underflow,TP,224.8314338490801
robustness_08,surrogate,projected,clarifier_underflow,TSS,6395.782181597642
robustness_08,surrogate,projected,clarifier_inventory,TSS_mass,7419449.393552324
robustness_08,surrogate,reference,mixer,COD,1370.644929448577
robustness_08,surrogate,reference,mixer,TN,87.51860676361123
robustness_08,surrogate,reference,mixer,TP,60.80202026224552
robustness_08,surrogate,reference,mixer,TSS,1103.6213984006638
robustness_08,surrogate,reference,reactor_1,DO,0.0004055031051504571
robustness_08,surrogate,reference,reactor_1,TN,85.06033549966841
robustness_08,surrogate,reference,reactor_1,TP,60.802020262542996
robustness_08,surrogate,reference,reactor_1,TSS,1076.0980289531622
robustness_08,surrogate,reference,reactor_2,DO,5.748427656287963e-07
robustness_08,surrogate,reference,reactor_2,TN,85.01891932120067
robustness_08,surrogate,reference,reactor_2,TP,60.80202026284889
robustness_08,surrogate,reference,reactor_2,TSS,1048.8026540023573
robustness_08,surrogate,reference,reactor_3,DO,0.05621823075079646
robustness_08,surrogate,reference,reactor_3,TN,83.52426305805064
robustness_08,surrogate,reference,reactor_3,TP,60.80202026316255
robustness_08,surrogate,reference,reactor_3,TSS,1068.6343956162743
robustness_08,surrogate,reference,reactor_4,DO,0.0767040836819028
robustness_08,surrogate,reference,reactor_4,TN,81.5709256924359
robustness_08,surrogate,reference,reactor_4,TP,60.80202026347927
robustness_08,surrogate,reference,reactor_4,TSS,1089.2983934640358
robustness_08,surrogate,reference,reactor_5,DO,0.2880056286818004
robustness_08,surrogate,reference,reactor_5,TN,78.90093303806155
robustness_08,surrogate,reference,reactor_5,TP,60.80202026380651
robustness_08,surrogate,reference,reactor_5,TSS,1095.2411019519
robustness_08,surrogate,reference,clarifier_overflow,COD,37.38513241826475
robustness_08,surrogate,reference,clarifier_overflow,TN,27.407013759786945
robustness_08,surrogate,reference,clarifier_overflow,TP,25.53273731065064
robustness_08,surrogate,reference,clarifier_overflow,TSS,5.276269829966926
robustness_08,surrogate,reference,clarifier_underflow,COD,5258.650352319187
robustness_08,surrogate,reference,clarifier_underflow,TN,241.96501075760187
robustness_08,surrogate,reference,clarifier_underflow,TP,172.48808295222753
robustness_08,surrogate,reference,clarifier_underflow,TSS,4546.796403777276
robustness_08,surrogate,reference,clarifier_inventory,TSS_mass,3057444.156451451
robustness_08,surrogate,reference,clarifier_layer_1,TSS,5.276269829966926
robustness_08,surrogate,reference,clarifier_layer_2,TSS,7.770885167525361
robustness_08,surrogate,reference,clarifier_layer_3,TSS,12.218495447769506
robustness_08,surrogate,reference,clarifier_layer_4,TSS,25.24460538325248
robustness_08,surrogate,reference,clarifier_layer_5,TSS,99.68672022929833
robustness_08,surrogate,reference,clarifier_layer_6,TSS,99.68672022931189
robustness_08,surrogate,reference,clarifier_layer_7,TSS,99.68672022932547
robustness_08,surrogate,reference,clarifier_layer_8,TSS,99.68672022933909
robustness_08,surrogate,reference,clarifier_layer_9,TSS,99.6867202293527
robustness_08,surrogate,reference,clarifier_layer_10,TSS,4546.796403777276
robustness_08,surrogate,exact_mechanistic_start_1,clarifier_layer_1,TSS,5.276269829966926
robustness_08,surrogate,exact_mechanistic_start_1,clarifier_layer_2,TSS,7.770885167525361
robustness_08,surrogate,exact_mechanistic_start_1,clarifier_layer_3,TSS,12.218495447769506
robustness_08,surrogate,exact_mechanistic_start_1,clarifier_layer_4,TSS,25.24460538325248
robustness_08,surrogate,exact_mechanistic_start_1,clarifier_layer_5,TSS,99.68672022929833
robustness_08,surrogate,exact_mechanistic_start_1,clarifier_layer_6,TSS,99.68672022931189
robustness_08,surrogate,exact_mechanistic_start_1,clarifier_layer_7,TSS,99.68672022932547
robustness_08,surrogate,exact_mechanistic_start_1,clarifier_layer_8,TSS,99.68672022933909
robustness_08,surrogate,exact_mechanistic_start_1,clarifier_layer_9,TSS,99.6867202293527
robustness_08,surrogate,exact_mechanistic_start_1,clarifier_layer_10,TSS,4546.796403777276
robustness_08,surrogate,exact_mechanistic_start_2,clarifier_layer_1,TSS,5.276269829946998
robustness_08,surrogate,exact_mechanistic_start_2,clarifier_layer_2,TSS,7.770885167502606
robustness_08,surrogate,exact_mechanistic_start_2,clarifier_layer_3,TSS,12.218495447735561
robustness_08,surrogate,exact_mechanistic_start_2,clarifier_layer_4,TSS,25.244605383164185
robustness_08,surrogate,exact_mechanistic_start_2,clarifier_layer_5,TSS,99.68672022870555
robustness_08,surrogate,exact_mechanistic_start_2,clarifier_layer_6,TSS,99.68672022871878
robustness_08,surrogate,exact_mechanistic_start_2,clarifier_layer_7,TSS,99.68672022873189
robustness_08,surrogate,exact_mechanistic_start_2,clarifier_layer_8,TSS,99.68672022874513
robustness_08,surrogate,exact_mechanistic_start_2,clarifier_layer_9,TSS,99.68672022875828
robustness_08,surrogate,exact_mechanistic_start_2,clarifier_layer_10,TSS,4546.796403725479
robustness_08,direct,smooth,mixer,COD,1395.8247884830319
robustness_08,direct,smooth,mixer,TN,89.62496361300293
robustness_08,direct,smooth,mixer,TP,60.58499507374421
robustness_08,direct,smooth,mixer,TSS,1115.0358103308474
robustness_08,direct,smooth,reactor_1,DO,0.00037347653777175765
robustness_08,direct,smooth,reactor_1,TN,87.62855841311041
robustness_08,direct,smooth,reactor_1,TP,60.58499507374421
robustness_08,direct,smooth,reactor_1,TSS,1084.1164689110071
robustness_08,direct,smooth,reactor_2,DO,5.136236113924525e-07
robustness_08,direct,smooth,reactor_2,TN,87.59574624126081
robustness_08,direct,smooth,reactor_2,TP,60.58499507374421
robustness_08,direct,smooth,reactor_2,TSS,1054.5818673723209
robustness_08,direct,smooth,reactor_3,DO,0.05459174323813169
robustness_08,direct,smooth,reactor_3,TN,86.12814047701762
robustness_08,direct,smooth,reactor_3,TP,60.58499507374421
robustness_08,direct,smooth,reactor_3,TSS,1073.4925409483171
robustness_08,direct,smooth,reactor_4,DO,0.05806483161498205
robustness_08,direct,smooth,reactor_4,TN,84.59034922691824
robustness_08,direct,smooth,reactor_4,TP,60.58499507374421
robustness_08,direct,smooth,reactor_4,TSS,1095.0366112803142
robustness_08,direct,smooth,reactor_5,DO,0.22377175843795055
robustness_08,direct,smooth,reactor_5,TN,80.86940704590609
robustness_08,direct,smooth,reactor_5,TP,60.58499507374421
robustness_08,direct,smooth,reactor_5,TSS,1107.585597669915
robustness_08,direct,smooth,clarifier_overflow,COD,38.13994102827787
robustness_08,direct,smooth,clarifier_overflow,TN,28.52281128722019
robustness_08,direct,smooth,clarifier_overflow,TP,25.589849201278007
robustness_08,direct,smooth,clarifier_overflow,TSS,5.2967974217643095
robustness_08,direct,smooth,clarifier_underflow,COD,5330.014170193438
robustness_08,direct,smooth,clarifier_underflow,TN,246.63362692995815
robustness_08,direct,smooth,clarifier_underflow,TP,171.402956990884
robustness_08,direct,smooth,clarifier_underflow,TSS,4598.166798067146
robustness_08,direct,smooth,clarifier_inventory,TSS_mass,3090240.179257186
robustness_08,direct,raw,mixer,COD,1962.9472160184873
robustness_08,direct,raw,mixer,TN,96.56566829429154
robustness_08,direct,raw,mixer,TP,86.610064754044
robustness_08,direct,raw,mixer,TSS,1653.989247895632
robustness_08,direct,raw,reactor_1,DO,0.000677715749674643
robustness_08,direct,raw,reactor_1,TN,94.13494886904209
robustness_08,direct,raw,reactor_1,TP,86.610064754185
robustness_08,direct,raw,reactor_1,TSS,1625.1841597594778
robustness_08,direct,raw,reactor_2,DO,1.7207351257002787e-06
robustness_08,direct,raw,reactor_2,TN,94.03089356509993
robustness_08,direct,raw,reactor_2,TP,86.6100647542991
robustness_08,direct,raw,reactor_2,TSS,1595.3185037612345
robustness_08,direct,raw,reactor_3,DO,0.06769289230017748
robustness_08,direct,raw,reactor_3,TN,92.82195663941175
robustness_08,direct,raw,reactor_3,TP,86.61006475441388
robustness_08,direct,raw,reactor_3,TSS,1607.0897722576885
robustness_08,direct,raw,reactor_4,DO,0.10478069991517161
robustness_08,direct,raw,reactor_4,TN,91.62816901072348
robustness_08,direct,raw,reactor_4,TP,86.61006475453077
robustness_08,direct,raw,reactor_4,TSS,1618.6337915110753
robustness_08,direct,raw,reactor_5,DO,0.2899819064049859
robustness_08,direct,raw,reactor_5,TN,90.21594465425878
robustness_08,direct,raw,reactor_5,TP,86.61006475467663
robustness_08,direct,raw,reactor_5,TSS,1629.9284490106097
robustness_08,direct,raw,clarifier_overflow,COD,60.76127386017882
robustness_08,direct,raw,clarifier_overflow,TN,27.12255677016262
robustness_08,direct,raw,clarifier_overflow,TP,24.563667381576177
robustness_08,direct,raw,clarifier_overflow,TSS,14.302668923345973
robustness_08,direct,raw,clarifier_underflow,COD,9446.543422636283
robustness_08,direct,raw,clarifier_underflow,TN,311.5361285968118
robustness_08,direct,raw,clarifier_underflow,TP,356.2048949994727
robustness_08,direct,raw,clarifier_underflow,TSS,8248.894444474825
robustness_08,direct,raw,clarifier_inventory,TSS_mass,7335155.40944954
robustness_08,direct,projected,mixer,COD,1864.2231152432303
robustness_08,direct,projected,mixer,TN,97.48493788811564
robustness_08,direct,projected,mixer,TP,70.38726600195031
robustness_08,direct,projected,mixer,TSS,1485.2589311065387
robustness_08,direct,projected,reactor_1,DO,0.000677715749674643
robustness_08,direct,projected,reactor_1,TN,91.80794492014289
robustness_08,direct,projected,reactor_1,TP,70.38726600194765
robustness_08,direct,projected,reactor_1,TSS,1457.7630284201484
robustness_08,direct,projected,reactor_2,DO,1.7207351257002787e-06
robustness_08,direct,projected,reactor_2,TN,91.70307828565178
robustness_08,direct,projected,reactor_2,TP,70.38726600194506
robustness_08,direct,projected,reactor_2,TSS,1427.1166047856943
robustness_08,direct,projected,reactor_3,DO,0.06769289230017748
robustness_08,direct,projected,reactor_3,TN,90.49637237987467
robustness_08,direct,projected,reactor_3,TP,70.38726600194262
robustness_08,direct,projected,reactor_3,TSS,1439.5458446426442
robustness_08,direct,projected,reactor_4,DO,0.10478069991517161
robustness_08,direct,projected,reactor_4,TN,89.30549228578163
robustness_08,direct,projected,reactor_4,TP,70.38726600194035
robustness_08,direct,projected,reactor_4,TSS,1451.8387508638682
robustness_08,direct,projected,reactor_5,DO,0.31390783891525975
robustness_08,direct,projected,reactor_5,TN,87.43299474694737
robustness_08,direct,projected,reactor_5,TP,70.38726600193829
robustness_08,direct,projected,reactor_5,TSS,1552.9948477874584
robustness_08,direct,projected,clarifier_overflow,COD,49.310156848237895
robustness_08,direct,projected,clarifier_overflow,TN,24.74862519577372
robustness_08,direct,projected,clarifier_overflow,TP,23.010304221017023
robustness_08,direct,projected,clarifier_overflow,TSS,6.7987780326083325
robustness_08,direct,projected,clarifier_underflow,COD,7672.005803367938
robustness_08,direct,projected,clarifier_underflow,TN,285.93349830356266
robustness_08,direct,projected,clarifier_underflow,TP,220.41431162484767
robustness_08,direct,projected,clarifier_underflow,TSS,6449.2824014660955
robustness_08,direct,projected,clarifier_inventory,TSS_mass,7335155.40944954
robustness_08,direct,reference,mixer,COD,1395.824788850416
robustness_08,direct,reference,mixer,TN,89.62496362593214
robustness_08,direct,reference,mixer,TP,60.58499508417404
robustness_08,direct,reference,mixer,TSS,1115.0358106497592
robustness_08,direct,reference,reactor_1,DO,0.00037347653765552175
robustness_08,direct,reference,reactor_1,TN,87.62855842688653
robustness_08,direct,reference,reactor_1,TP,60.58499508445461
robustness_08,direct,reference,reactor_1,TSS,1084.1164692319928
robustness_08,direct,reference,reactor_2,DO,5.136236111129391e-07
robustness_08,direct,reference,reactor_2,TN,87.59574625543245
robustness_08,direct,reference,reactor_2,TP,60.5849950847451
robustness_08,direct,reference,reactor_2,TSS,1054.5818677000407
robustness_08,direct,reference,reactor_3,DO,0.054591743223076986
robustness_08,direct,reference,reactor_3,TN,86.12814049185116
robustness_08,direct,reference,reactor_3,TP,60.58499508504626
robustness_08,direct,reference,reactor_3,TSS,1073.492541282752
robustness_08,direct,reference,reactor_4,DO,0.058064831592126005
robustness_08,direct,reference,reactor_4,TN,84.59034924261341
robustness_08,direct,reference,reactor_4,TP,60.58499508535719
robustness_08,direct,reference,reactor_4,TSS,1095.036611622194
robustness_08,direct,reference,reactor_5,DO,0.22377175832115231
robustness_08,direct,reference,reactor_5,TN,80.8694070612161
robustness_08,direct,reference,reactor_5,TP,60.58499508568717
robustness_08,direct,reference,reactor_5,TSS,1107.5855980273536
robustness_08,direct,reference,clarifier_overflow,COD,38.13994103000223
robustness_08,direct,reference,clarifier_overflow,TN,28.522811288559193
robustness_08,direct,reference,clarifier_overflow,TP,25.589849201599804
robustness_08,direct,reference,clarifier_overflow,TSS,5.296797422410214
robustness_08,direct,reference,clarifier_underflow,COD,5330.014172030359
robustness_08,direct,reference,clarifier_underflow,TN,246.63362699460419
robustness_08,direct,reference,clarifier_underflow,TP,171.40295704303313
robustness_08,direct,reference,clarifier_underflow,TSS,4598.166799661705
robustness_08,direct,reference,clarifier_inventory,TSS_mass,3090240.180271101
robustness_08,direct,smooth,clarifier_layer_1,TSS,5.29679742176431
robustness_08,direct,smooth,clarifier_layer_2,TSS,7.7942862431529685
robustness_08,direct,smooth,clarifier_layer_3,TSS,12.253721142397834
robustness_08,direct,smooth,clarifier_layer_4,TSS,25.337043399483978
robustness_08,direct,smooth,clarifier_layer_5,TSS,100.31033049760609
robustness_08,direct,smooth,clarifier_layer_6,TSS,100.31033049760609
robustness_08,direct,smooth,clarifier_layer_7,TSS,100.3103304976061
robustness_08,direct,smooth,clarifier_layer_8,TSS,100.3103304976061
robustness_08,direct,smooth,clarifier_layer_9,TSS,100.31033049760613
robustness_08,direct,smooth,clarifier_layer_10,TSS,4598.166798067147
robustness_08,direct,reference,clarifier_layer_1,TSS,5.296797422410214
robustness_08,direct,reference,clarifier_layer_2,TSS,7.794286243854851
robustness_08,direct,reference,clarifier_layer_3,TSS,12.253721143431822
robustness_08,direct,reference,clarifier_layer_4,TSS,25.337043402164472
robustness_08,direct,reference,clarifier_layer_5,TSS,100.31033051562636
robustness_08,direct,reference,clarifier_layer_6,TSS,100.31033051564006
robustness_08,direct,reference,clarifier_layer_7,TSS,100.31033051565376
robustness_08,direct,reference,clarifier_layer_8,TSS,100.31033051566749
robustness_08,direct,reference,clarifier_layer_9,TSS,100.3103305156812
robustness_08,direct,reference,clarifier_layer_10,TSS,4598.166799661705
robustness_08,direct,exact_mechanistic_start_1,clarifier_layer_1,TSS,5.296797422410214
robustness_08,direct,exact_mechanistic_start_1,clarifier_layer_2,TSS,7.794286243854851
robustness_08,direct,exact_mechanistic_start_1,clarifier_layer_3,TSS,12.253721143431822
robustness_08,direct,exact_mechanistic_start_1,clarifier_layer_4,TSS,25.337043402164472
robustness_08,direct,exact_mechanistic_start_1,clarifier_layer_5,TSS,100.31033051562636
robustness_08,direct,exact_mechanistic_start_1,clarifier_layer_6,TSS,100.31033051564006
robustness_08,direct,exact_mechanistic_start_1,clarifier_layer_7,TSS,100.31033051565376
robustness_08,direct,exact_mechanistic_start_1,clarifier_layer_8,TSS,100.31033051566749
robustness_08,direct,exact_mechanistic_start_1,clarifier_layer_9,TSS,100.3103305156812
robustness_08,direct,exact_mechanistic_start_1,clarifier_layer_10,TSS,4598.166799661705
robustness_08,direct,exact_mechanistic_start_2,clarifier_layer_1,TSS,5.296797422309179
robustness_08,direct,exact_mechanistic_start_2,clarifier_layer_2,TSS,7.794286243739606
robustness_08,direct,exact_mechanistic_start_2,clarifier_layer_3,TSS,12.25372114325945
robustness_08,direct,exact_mechanistic_start_2,clarifier_layer_4,TSS,25.337043401715782
robustness_08,direct,exact_mechanistic_start_2,clarifier_layer_5,TSS,100.31033051260815
robustness_08,direct,exact_mechanistic_start_2,clarifier_layer_6,TSS,100.31033051261969
robustness_08,direct,exact_mechanistic_start_2,clarifier_layer_7,TSS,100.31033051263118
robustness_08,direct,exact_mechanistic_start_2,clarifier_layer_8,TSS,100.31033051264276
robustness_08,direct,exact_mechanistic_start_2,clarifier_layer_9,TSS,100.31033051265439
robustness_08,direct,exact_mechanistic_start_2,clarifier_layer_10,TSS,4598.166799395546
robustness_09,surrogate,raw,mixer,COD,2368.2082804668553
robustness_09,surrogate,raw,mixer,TN,109.7769485886492
robustness_09,surrogate,raw,mixer,TP,62.42682587805865
robustness_09,surrogate,raw,mixer,TSS,1861.7280859743603
robustness_09,surrogate,raw,reactor_1,DO,0.0002677318494343889
robustness_09,surrogate,raw,reactor_1,TN,107.29247921697407
robustness_09,surrogate,raw,reactor_1,TP,62.42682587819989
robustness_09,surrogate,raw,reactor_1,TSS,1845.3551515274473
robustness_09,surrogate,raw,reactor_2,DO,1.646639308855974e-07
robustness_09,surrogate,raw,reactor_2,TN,107.2182958273722
robustness_09,surrogate,raw,reactor_2,TP,62.426825878302516
robustness_09,surrogate,raw,reactor_2,TSS,1824.6919526645993
robustness_09,surrogate,raw,reactor_3,DO,0.028472135058308118
robustness_09,surrogate,raw,reactor_3,TN,107.15536063413482
robustness_09,surrogate,raw,reactor_3,TP,62.4268258784043
robustness_09,surrogate,raw,reactor_3,TSS,1825.8178108851127
robustness_09,surrogate,raw,reactor_4,DO,0.012849175507674305
robustness_09,surrogate,raw,reactor_4,TN,107.11152091485644
robustness_09,surrogate,raw,reactor_4,TP,62.426825878508154
robustness_09,surrogate,raw,reactor_4,TSS,1822.3463705939416
robustness_09,surrogate,raw,reactor_5,DO,0.008538605990938409
robustness_09,surrogate,raw,reactor_5,TN,106.93438712336132
robustness_09,surrogate,raw,reactor_5,TP,62.426825878636116
robustness_09,surrogate,raw,reactor_5,TSS,1825.2633569904651
robustness_09,surrogate,raw,clarifier_overflow,COD,202.81579627155168
robustness_09,surrogate,raw,clarifier_overflow,TN,32.910948846226276
robustness_09,surrogate,raw,clarifier_overflow,TP,13.90727370411045
robustness_09,surrogate,raw,clarifier_overflow,TSS,13.700340868938564
robustness_09,surrogate,raw,clarifier_underflow,COD,11898.342566798197
robustness_09,surrogate,raw,clarifier_underflow,TN,394.16923021627906
robustness_09,surrogate,raw,clarifier_underflow,TP,295.51559040966856
robustness_09,surrogate,raw,clarifier_underflow,TSS,9914.486478878174
robustness_09,surrogate,raw,clarifier_inventory,TSS_mass,7251784.88658997
robustness_09,surrogate,projected,mixer,COD,2239.7312029569357
robustness_09,surrogate,projected,mixer,TN,105.09193983179325
robustness_09,surrogate,projected,mixer,TP,49.52820453793678
robustness_09,surrogate,projected,mixer,TSS,1702.1415474635016
robustness_09,surrogate,projected,reactor_1,DO,0.0002677318494343889
robustness_09,surrogate,projected,reactor_1,TN,102.91800031712259
robustness_09,surrogate,projected,reactor_1,TP,49.52820453790962
robustness_09,surrogate,projected,reactor_1,TSS,1713.3895323365055
robustness_09,surrogate,projected,reactor_2,DO,1.646639308855974e-07
robustness_09,surrogate,projected,reactor_2,TN,102.78908431078206
robustness_09,surrogate,projected,reactor_2,TP,49.52820453788407
robustness_09,surrogate,projected,reactor_2,TSS,1664.4541364956456
robustness_09,surrogate,projected,reactor_3,DO,0.028472135058308118
robustness_09,surrogate,projected,reactor_3,TN,102.70260908169503
robustness_09,surrogate,projected,reactor_3,TP,49.52820453786034
robustness_09,surrogate,projected,reactor_3,TSS,1652.972651340014
robustness_09,surrogate,projected,reactor_4,DO,0.012849175507674305
robustness_09,surrogate,projected,reactor_4,TN,102.63633082545809
robustness_09,surrogate,projected,reactor_4,TP,49.52820453783882
robustness_09,surrogate,projected,reactor_4,TSS,1638.3863503451782
robustness_09,surrogate,projected,reactor_5,DO,-6.938893903907228e-18
robustness_09,surrogate,projected,reactor_5,TN,103.02741799809377
robustness_09,surrogate,projected,reactor_5,TP,49.52820453781982
robustness_09,surrogate,projected,reactor_5,TSS,1756.9090991378278
robustness_09,surrogate,projected,clarifier_overflow,COD,193.80171299209277
robustness_09,surrogate,projected,clarifier_overflow,TN,29.704783165726127
robustness_09,surrogate,projected,clarifier_overflow,TP,11.550648217242868
robustness_09,surrogate,projected,clarifier_overflow,TSS,6.823166107343278
robustness_09,surrogate,projected,clarifier_underflow,COD,8985.977700706637
robustness_09,surrogate,projected,clarifier_underflow,TN,335.21576163390273
robustness_09,surrogate,projected,clarifier_underflow,TP,169.79046621972824
robustness_09,surrogate,projected,clarifier_underflow,TSS,7298.8478870674035
robustness_09,surrogate,projected,clarifier_inventory,TSS_mass,7251784.886455212
robustness_09,surrogate,reference,mixer,COD,1500.9331276002486
robustness_09,surrogate,reference,mixer,TN,86.38520485644625
robustness_09,surrogate,reference,mixer,TP,43.02541097215531
robustness_09,surrogate,reference,mixer,TSS,1127.746681799294
robustness_09,surrogate,reference,reactor_1,DO,0.0007819837528429558
robustness_09,surrogate,reference,reactor_1,TN,83.7643960102425
robustness_09,surrogate,reference,reactor_1,TP,43.0254109720225
robustness_09,surrogate,reference,reactor_1,TSS,1118.4343124038026
robustness_09,surrogate,reference,reactor_2,DO,2.750770975132431e-06
robustness_09,surrogate,reference,reactor_2,TN,83.64838040741618
robustness_09,surrogate,reference,reactor_2,TP,43.02541097188707
robustness_09,surrogate,reference,reactor_2,TSS,1101.9253373253514
robustness_09,surrogate,reference,reactor_3,DO,0.052199756080663434
robustness_09,surrogate,reference,reactor_3,TN,83.49649351225669
robustness_09,surrogate,reference,reactor_3,TP,43.02541097175417
robustness_09,surrogate,reference,reactor_3,TSS,1101.680739303191
robustness_09,surrogate,reference,reactor_4,DO,0.033618004620092116
robustness_09,surrogate,reference,reactor_4,TN,83.3952888319622
robustness_09,surrogate,reference,reactor_4,TP,43.02541097161868
robustness_09,surrogate,reference,reactor_4,TSS,1097.7042110197751
robustness_09,surrogate,reference,reactor_5,DO,0.050139478453288276
robustness_09,surrogate,reference,reactor_5,TN,83.25190968498529
robustness_09,surrogate,reference,reactor_5,TP,43.02541097147581
robustness_09,surrogate,reference,reactor_5,TSS,1098.0318705283719
robustness_09,surrogate,reference,clarifier_overflow,COD,203.23577641353407
robustness_09,surrogate,reference,clarifier_overflow,TN,32.69583921781844
robustness_09,surrogate,reference,clarifier_overflow,TP,13.261909680022226
robustness_09,surrogate,reference,clarifier_overflow,TSS,5.28091101199656
robustness_09,surrogate,reference,clarifier_underflow,COD,5451.3366244687795
robustness_09,surrogate,reference,clarifier_underflow,TN,243.34613282652685
robustness_09,surrogate,reference,clarifier_underflow,TP,137.27649839177062
robustness_09,surrogate,reference,clarifier_underflow,TSS,4558.409908899912
robustness_09,surrogate,reference,clarifier_inventory,TSS_mass,3064859.2623814447
robustness_09,surrogate,reference,clarifier_layer_1,TSS,5.280911011996559
robustness_09,surrogate,reference,clarifier_layer_2,TSS,7.776181203517563
robustness_09,surrogate,reference,clarifier_layer_3,TSS,12.226475207707152
robustness_09,surrogate,reference,clarifier_layer_4,TSS,25.265555489762036
robustness_09,surrogate,reference,clarifier_layer_5,TSS,99.82794776459349
robustness_09,surrogate,reference,clarifier_layer_6,TSS,99.82794776458147
robustness_09,surrogate,reference,clarifier_layer_7,TSS,99.82794776456932
robustness_09,surrogate,reference,clarifier_layer_8,TSS,99.82794776455721
robustness_09,surrogate,reference,clarifier_layer_9,TSS,99.82794776454503
robustness_09,surrogate,reference,clarifier_layer_10,TSS,4558.409908899912
robustness_09,surrogate,exact_mechanistic_start_1,clarifier_layer_1,TSS,5.280911011996559
robustness_09,surrogate,exact_mechanistic_start_1,clarifier_layer_2,TSS,7.776181203517563
robustness_09,surrogate,exact_mechanistic_start_1,clarifier_layer_3,TSS,12.226475207707152
robustness_09,surrogate,exact_mechanistic_start_1,clarifier_layer_4,TSS,25.265555489762036
robustness_09,surrogate,exact_mechanistic_start_1,clarifier_layer_5,TSS,99.82794776459349
robustness_09,surrogate,exact_mechanistic_start_1,clarifier_layer_6,TSS,99.82794776458147
robustness_09,surrogate,exact_mechanistic_start_1,clarifier_layer_7,TSS,99.82794776456932
robustness_09,surrogate,exact_mechanistic_start_1,clarifier_layer_8,TSS,99.82794776455721
robustness_09,surrogate,exact_mechanistic_start_1,clarifier_layer_9,TSS,99.82794776454503
robustness_09,surrogate,exact_mechanistic_start_1,clarifier_layer_10,TSS,4558.409908899912
robustness_09,surrogate,exact_mechanistic_start_2,clarifier_layer_1,TSS,5.28091101199376
robustness_09,surrogate,exact_mechanistic_start_2,clarifier_layer_2,TSS,7.776181203514325
robustness_09,surrogate,exact_mechanistic_start_2,clarifier_layer_3,TSS,12.226475207701059
robustness_09,surrogate,exact_mechanistic_start_2,clarifier_layer_4,TSS,25.26555548974344
robustness_09,surrogate,exact_mechanistic_start_2,clarifier_layer_5,TSS,99.82794776446279
robustness_09,surrogate,exact_mechanistic_start_2,clarifier_layer_6,TSS,99.82794776445108
robustness_09,surrogate,exact_mechanistic_start_2,clarifier_layer_7,TSS,99.82794776443929
robustness_09,surrogate,exact_mechanistic_start_2,clarifier_layer_8,TSS,99.82794776442753
robustness_09,surrogate,exact_mechanistic_start_2,clarifier_layer_9,TSS,99.82794776441574
robustness_09,surrogate,exact_mechanistic_start_2,clarifier_layer_10,TSS,4558.409908888351
robustness_09,direct,smooth,mixer,COD,1325.284339415643
robustness_09,direct,smooth,mixer,TN,70.71294607416046
robustness_09,direct,smooth,mixer,TP,54.87485243097272
robustness_09,direct,smooth,mixer,TSS,1152.982736090999
robustness_09,direct,smooth,reactor_1,DO,0.0024712531200933485
robustness_09,direct,smooth,reactor_1,TN,66.52355386055348
robustness_09,direct,smooth,reactor_1,TP,54.87485243097273
robustness_09,direct,smooth,reactor_1,TSS,1142.5342158762678
robustness_09,direct,smooth,reactor_2,DO,5.140954946736797e-06
robustness_09,direct,smooth,reactor_2,TN,66.34641613122346
robustness_09,direct,smooth,reactor_2,TP,54.87485243097272
robustness_09,direct,smooth,reactor_2,TSS,1118.48398736679
robustness_09,direct,smooth,reactor_3,DO,0.27161153585262443
robustness_09,direct,smooth,reactor_3,TN,64.84110526230205
robustness_09,direct,smooth,reactor_3,TP,54.87485243097273
robustness_09,direct,smooth,reactor_3,TSS,1129.8736025490573
robustness_09,direct,smooth,reactor_4,DO,0.5255998604409488
robustness_09,direct,smooth,reactor_4,TN,64.18133387119713
robustness_09,direct,smooth,reactor_4,TP,54.87485243097272
robustness_09,direct,smooth,reactor_4,TSS,1136.8902246904092
robustness_09,direct,smooth,reactor_5,DO,1.2394071040967054
robustness_09,direct,smooth,reactor_5,TN,64.09663356277021
robustness_09,direct,smooth,reactor_5,TP,54.87485243097272
robustness_09,direct,smooth,reactor_5,TSS,1144.6836978487906
robustness_09,direct,smooth,clarifier_overflow,COD,19.083519460576603
robustness_09,direct,smooth,clarifier_overflow,TN,5.0213420107761575
robustness_09,direct,smooth,clarifier_overflow,TP,10.143635617000179
robustness_09,direct,smooth,clarifier_overflow,TSS,5.35846376592349
robustness_09,direct,smooth,clarifier_underflow,COD,5241.308616171702
robustness_09,direct,smooth,clarifier_underflow,TN,251.16839012208976
robustness_09,direct,smooth,clarifier_underflow,TP,196.5237056585648
robustness_09,direct,smooth,clarifier_underflow,TSS,4752.54693868701
robustness_09,direct,smooth,clarifier_inventory,TSS_mass,3188747.3642770164
robustness_09,direct,raw,mixer,COD,2356.195126001199
robustness_09,direct,raw,mixer,TN,106.64242573766995
robustness_09,direct,raw,mixer,TP,69.07362865460246
robustness_09,direct,raw,mixer,TSS,2009.5767705614467
robustness_09,direct,raw,reactor_1,DO,0.0006092371358274186
robustness_09,direct,raw,reactor_1,TN,105.07761872347692
robustness_09,direct,raw,reactor_1,TP,69.07362865457209
robustness_09,direct,raw,reactor_1,TSS,1989.402134800273
robustness_09,direct,raw,reactor_2,DO,2.2581989479693804e-06
robustness_09,direct,raw,reactor_2,TN,104.98280803874049
robustness_09,direct,raw,reactor_2,TP,69.0736286545336
robustness_09,direct,raw,reactor_2,TSS,1967.0147686537903
robustness_09,direct,raw,reactor_3,DO,0.08008220058245089
robustness_09,direct,raw,reactor_3,TN,104.6533602415045
robustness_09,direct,raw,reactor_3,TP,69.0736286544913
robustness_09,direct,raw,reactor_3,TSS,1979.6595628915147
robustness_09,direct,raw,reactor_4,DO,0.11801593711974943
robustness_09,direct,raw,reactor_4,TN,104.25901388336125
robustness_09,direct,raw,reactor_4,TP,69.07362865445108
robustness_09,direct,raw,reactor_4,TSS,1994.269179479479
robustness_09,direct,raw,reactor_5,DO,0.2621766705711672
robustness_09,direct,raw,reactor_5,TN,103.77102761358968
robustness_09,direct,raw,reactor_5,TP,69.07362865442343
robustness_09,direct,raw,reactor_5,TSS,2007.4719761001568
robustness_09,direct,raw,clarifier_overflow,COD,-15.878283387694992
robustness_09,direct,raw,clarifier_overflow,TN,24.06536564906987
robustness_09,direct,raw,clarifier_overflow,TP,11.74170040289866
robustness_09,direct,raw,clarifier_overflow,TSS,23.377046061156022
robustness_09,direct,raw,clarifier_underflow,COD,13489.015794486653
robustness_09,direct,raw,clarifier_underflow,TN,420.69440467773893
robustness_09,direct,raw,clarifier_underflow,TP,328.7795076259678
robustness_09,direct,raw,clarifier_underflow,TSS,11590.36294324313
robustness_09,direct,raw,clarifier_inventory,TSS_mass,9556377.003907776
robustness_09,direct,projected,mixer,COD,2296.2505218631723
robustness_09,direct,projected,mixer,TN,99.74628232006273
robustness_09,direct,projected,mixer,TP,62.330382529061204
robustness_09,direct,projected,mixer,TSS,1926.1984215090924
robustness_09,direct,projected,reactor_1,DO,0.0006092371358274186
robustness_09,direct,projected,reactor_1,TN,98.08486792608178
robustness_09,direct,projected,reactor_1,TP,62.330382529083636
robustness_09,direct,projected,reactor_1,TSS,1777.9209155452318
robustness_09,direct,projected,reactor_2,DO,2.2581989479693804e-06
robustness_09,direct,projected,reactor_2,TN,97.98867188914369
robustness_09,direct,projected,reactor_2,TP,62.330382529105954
robustness_09,direct,projected,reactor_2,TSS,1754.1755991123007
robustness_09,direct,projected,reactor_3,DO,0.08008220058245089
robustness_09,direct,projected,reactor_3,TN,97.66316342025273
robustness_09,direct,projected,reactor_3,TP,62.33038252912793
robustness_09,direct,projected,reactor_3,TSS,1768.108494781158
robustness_09,direct,projected,reactor_4,DO,0.11801593711974943
robustness_09,direct,projected,reactor_4,TN,97.2739861836229
robustness_09,direct,projected,reactor_4,TP,62.3303825291497
robustness_09,direct,projected,reactor_4,TSS,1784.3518182645566
robustness_09,direct,projected,reactor_5,DO,0.2655156976710234
robustness_09,direct,projected,reactor_5,TN,97.1227496119408
robustness_09,direct,projected,reactor_5,TP,62.33038252917086
robustness_09,direct,projected,reactor_5,TSS,1954.3479648012853
robustness_09,direct,projected,clarifier_overflow,COD,23.59504459082013
robustness_09,direct,projected,clarifier_overflow,TN,19.98843034579838
robustness_09,direct,projected,clarifier_overflow,TP,8.181654013444073
robustness_09,direct,projected,clarifier_overflow,TSS,8.255448351942354
robustness_09,direct,projected,clarifier_underflow,COD,9464.067169507061
robustness_09,direct,projected,clarifier_underflow,TN,341.3814272593479
robustness_09,direct,projected,clarifier_underflow,TP,233.8013561421214
robustness_09,direct,projected,clarifier_underflow,TSS,8116.974266166436
robustness_09,direct,projected,clarifier_inventory,TSS_mass,9556377.003904399
robustness_09,direct,reference,mixer,COD,1325.2843392069951
robustness_09,direct,reference,mixer,TN,70.71294607278458
robustness_09,direct,reference,mixer,TP,54.87485239691188
robustness_09,direct,reference,mixer,TSS,1152.9827358403556
robustness_09,direct,reference,reactor_1,DO,0.002471253116073465
robustness_09,direct,reference,reactor_1,TN,66.52355385929411
robustness_09,direct,reference,reactor_1,TP,54.87485239678257
robustness_09,direct,reference,reactor_1,TSS,1142.53421563601
robustness_09,direct,reference,reactor_2,DO,5.1409549311823676e-06
robustness_09,direct,reference,reactor_2,TN,66.34641613024402
robustness_09,direct,reference,reactor_2,TP,54.87485239662534
robustness_09,direct,reference,reactor_2,TSS,1118.4839871614404
robustness_09,direct,reference,reactor_3,DO,0.27161153521662934
robustness_09,direct,reference,reactor_3,TN,64.84110526102558
robustness_09,direct,reference,reactor_3,TP,54.87485239648472
robustness_09,direct,reference,reactor_3,TSS,1129.873602342657
robustness_09,direct,reference,reactor_4,DO,0.5255998605415599
robustness_09,direct,reference,reactor_4,TN,64.18133387006145
robustness_09,direct,reference,reactor_4,TP,54.87485239634813
robustness_09,direct,reference,reactor_4,TSS,1136.8902244591375
robustness_09,direct,reference,reactor_5,DO,1.239407103333813
robustness_09,direct,reference,reactor_5,TN,64.09663356144026
robustness_09,direct,reference,reactor_5,TP,54.874852396206805
robustness_09,direct,reference,reactor_5,TSS,1144.6836975873325
robustness_09,direct,reference,clarifier_overflow,COD,19.08351945981873
robustness_09,direct,reference,clarifier_overflow,TN,5.021342011132893
robustness_09,direct,reference,clarifier_overflow,TP,10.143635621770319
robustness_09,direct,reference,clarifier_overflow,TSS,5.358463765529376
robustness_09,direct,reference,clarifier_underflow,COD,5241.308615250085
robustness_09,direct,reference,clarifier_underflow,TN,251.1683901145783
robustness_09,direct,reference,clarifier_underflow,TP,196.52370549796498
robustness_09,direct,reference,clarifier_underflow,TSS,4752.5469375826415
robustness_09,direct,reference,clarifier_inventory,TSS_mass,3188747.363573232
robustness_09,direct,smooth,clarifier_layer_1,TSS,5.35846376592349
robustness_09,direct,smooth,clarifier_layer_2,TSS,7.864235464678743
robustness_09,direct,smooth,clarifier_layer_3,TSS,12.358501588054146
robustness_09,direct,smooth,clarifier_layer_4,TSS,25.611331505763076
robustness_09,direct,smooth,clarifier_layer_5,TSS,102.16789389005277
robustness_09,direct,smooth,clarifier_layer_6,TSS,102.16789389005274
robustness_09,direct,smooth,clarifier_layer_7,TSS,102.16789389005274
robustness_09,direct,smooth,clarifier_layer_8,TSS,102.16789389005277
robustness_09,direct,smooth,clarifier_layer_9,TSS,102.16789389005264
robustness_09,direct,smooth,clarifier_layer_10,TSS,4752.546938687011
robustness_09,direct,reference,clarifier_layer_1,TSS,5.358463765529376
robustness_09,direct,reference,clarifier_layer_2,TSS,7.8642354641982655
robustness_09,direct,reference,clarifier_layer_3,TSS,12.358501587322749
robustness_09,direct,reference,clarifier_layer_4,TSS,25.611331503846085
robustness_09,direct,reference,clarifier_layer_5,TSS,102.16789387704088
robustness_09,direct,reference,clarifier_layer_6,TSS,102.16789387703884
robustness_09,direct,reference,clarifier_layer_7,TSS,102.16789387703672
robustness_09,direct,reference,clarifier_layer_8,TSS,102.16789387703463
robustness_09,direct,reference,clarifier_layer_9,TSS,102.16789387703265
robustness_09,direct,reference,clarifier_layer_10,TSS,4752.546937582641
robustness_09,direct,exact_mechanistic_start_1,clarifier_layer_1,TSS,5.358463765529376
robustness_09,direct,exact_mechanistic_start_1,clarifier_layer_2,TSS,7.8642354641982655
robustness_09,direct,exact_mechanistic_start_1,clarifier_layer_3,TSS,12.358501587322749
robustness_09,direct,exact_mechanistic_start_1,clarifier_layer_4,TSS,25.611331503846085
robustness_09,direct,exact_mechanistic_start_1,clarifier_layer_5,TSS,102.16789387704088
robustness_09,direct,exact_mechanistic_start_1,clarifier_layer_6,TSS,102.16789387703884
robustness_09,direct,exact_mechanistic_start_1,clarifier_layer_7,TSS,102.16789387703672
robustness_09,direct,exact_mechanistic_start_1,clarifier_layer_8,TSS,102.16789387703463
robustness_09,direct,exact_mechanistic_start_1,clarifier_layer_9,TSS,102.16789387703265
robustness_09,direct,exact_mechanistic_start_1,clarifier_layer_10,TSS,4752.546937582641
robustness_09,direct,exact_mechanistic_start_2,clarifier_layer_1,TSS,5.358463765324201
robustness_09,direct,exact_mechanistic_start_2,clarifier_layer_2,TSS,7.864235463966343
robustness_09,direct,exact_mechanistic_start_2,clarifier_layer_3,TSS,12.358501586977008
robustness_09,direct,exact_mechanistic_start_2,clarifier_layer_4,TSS,25.611331502944246
robustness_09,direct,exact_mechanistic_start_2,clarifier_layer_5,TSS,102.16789387092155
robustness_09,direct,exact_mechanistic_start_2,clarifier_layer_6,TSS,102.16789387091856
robustness_09,direct,exact_mechanistic_start_2,clarifier_layer_7,TSS,102.16789387091548
robustness_09,direct,exact_mechanistic_start_2,clarifier_layer_8,TSS,102.16789387091248
robustness_09,direct,exact_mechanistic_start_2,clarifier_layer_9,TSS,102.1678938709094
robustness_09,direct,exact_mechanistic_start_2,clarifier_layer_10,TSS,4752.54693706331
robustness_10,surrogate,raw,mixer,COD,2833.11497808923
robustness_10,surrogate,raw,mixer,TN,123.62527600700531
robustness_10,surrogate,raw,mixer,TP,56.56630167094366
robustness_10,surrogate,raw,mixer,TSS,2211.4872553029036
robustness_10,surrogate,raw,reactor_1,DO,0.00024181626157679866
robustness_10,surrogate,raw,reactor_1,TN,120.52559883062672
robustness_10,surrogate,raw,reactor_1,TP,56.566301671101414
robustness_10,surrogate,raw,reactor_1,TSS,2182.6563268512755
robustness_10,surrogate,raw,reactor_2,DO,5.170535730871937e-07
robustness_10,surrogate,raw,reactor_2,TN,120.42445337481928
robustness_10,surrogate,raw,reactor_2,TP,56.566301671216124
robustness_10,surrogate,raw,reactor_2,TSS,2148.5167352625886
robustness_10,surrogate,raw,reactor_3,DO,0.033791906749138866
robustness_10,surrogate,raw,reactor_3,TN,119.95908650234868
robustness_10,surrogate,raw,reactor_3,TP,56.56630167133015
robustness_10,surrogate,raw,reactor_3,TSS,2140.0586763623196
robustness_10,surrogate,raw,reactor_4,DO,0.04349886587133557
robustness_10,surrogate,raw,reactor_4,TN,119.48111222201749
robustness_10,surrogate,raw,reactor_4,TP,56.56630167144616
robustness_10,surrogate,raw,reactor_4,TSS,2133.382820513954
robustness_10,surrogate,raw,reactor_5,DO,0.07205253599804191
robustness_10,surrogate,raw,reactor_5,TN,118.98016106866366
robustness_10,surrogate,raw,reactor_5,TP,56.5663016715715
robustness_10,surrogate,raw,reactor_5,TSS,2128.4126044956856
robustness_10,surrogate,raw,clarifier_overflow,COD,236.58920336224858
robustness_10,surrogate,raw,clarifier_overflow,TN,27.51327003569122
robustness_10,surrogate,raw,clarifier_overflow,TP,13.278447862064178
robustness_10,surrogate,raw,clarifier_overflow,TSS,14.9745269869773
robustness_10,surrogate,raw,clarifier_underflow,COD,13831.385476465486
robustness_10,surrogate,raw,clarifier_underflow,TN,461.153057640605
robustness_10,surrogate,raw,clarifier_underflow,TP,189.45256383097558
robustness_10,surrogate,raw,clarifier_underflow,TSS,10894.635826715536
robustness_10,surrogate,raw,clarifier_inventory,TSS_mass,8683633.659317607
robustness_10,surrogate,projected,mixer,COD,2649.2919944291675
robustness_10,surrogate,projected,mixer,TN,118.91647809780928
robustness_10,surrogate,projected,mixer,TP,65.15084333865899
robustness_10,surrogate,projected,mixer,TSS,2131.6591388469446
robustness_10,surrogate,projected,reactor_1,DO,0.00024181626157679866
robustness_10,surrogate,projected,reactor_1,TN,114.8433179826522
robustness_10,surrogate,projected,reactor_1,TP,65.15084333866902
robustness_10,surrogate,projected,reactor_1,TSS,2067.894920608315
robustness_10,surrogate,projected,reactor_2,DO,5.170535730871937e-07
robustness_10,surrogate,projected,reactor_2,TN,114.73518887803274
robustness_10,surrogate,projected,reactor_2,TP,65.15084333867881
robustness_10,surrogate,projected,reactor_2,TSS,2029.447621977658
robustness_10,surrogate,projected,reactor_3,DO,0.033791906749138866
robustness_10,surrogate,projected,reactor_3,TN,114.27413234218852
robustness_10,surrogate,projected,reactor_3,TP,65.15084333868798
robustness_10,surrogate,projected,reactor_3,TSS,2022.1601544089615
robustness_10,surrogate,projected,reactor_4,DO,0.04349886587133557
robustness_10,surrogate,projected,reactor_4,TN,113.80799101720777
robustness_10,surrogate,projected,reactor_4,TP,65.1508433386962
robustness_10,surrogate,projected,reactor_4,TSS,2019.5650833666894
robustness_10,surrogate,projected,reactor_5,DO,0.07931806377324097
robustness_10,surrogate,projected,reactor_5,TN,113.8417253529197
robustness_10,surrogate,projected,reactor_5,TP,65.1508433387038
robustness_10,surrogate,projected,reactor_5,TSS,2175.0142722822206
robustness_10,surrogate,projected,clarifier_overflow,COD,232.22559316232312
robustness_10,surrogate,projected,clarifier_overflow,TN,22.60547148521425
robustness_10,surrogate,projected,clarifier_overflow,TP,10.833448971338088
robustness_10,surrogate,projected,clarifier_overflow,TSS,8.054930361258839
robustness_10,surrogate,projected,clarifier_underflow,COD,10778.105214249157
robustness_10,surrogate,projected,clarifier_underflow,TN,402.7565292673346
robustness_10,surrogate,projected,clarifier_underflow,TP,237.15592550195453
robustness_10,surrogate,projected,clarifier_underflow,TSS,9037.05218836535
robustness_10,surrogate,projected,clarifier_inventory,TSS_mass,8683633.659317607
robustness_10,surrogate,reference,mixer,COD,2049.1419174509697
robustness_10,surrogate,reference,mixer,TN,97.26349956648642
robustness_10,surrogate,reference,mixer,TP,57.06584196208853
robustness_10,surrogate,reference,mixer,TSS,1666.2553461466425
robustness_10,surrogate,reference,reactor_1,DO,3.8197625696899464e-05
robustness_10,surrogate,reference,reactor_1,TN,93.45042103850419
robustness_10,surrogate,reference,reactor_1,TP,57.065841962224724
robustness_10,surrogate,reference,reactor_1,TSS,1652.2688775427478
robustness_10,surrogate,reference,reactor_2,DO,8.728041357235931e-08
robustness_10,surrogate,reference,reactor_2,TN,93.3096078770537
robustness_10,surrogate,reference,reactor_2,TP,57.06584196236062
robustness_10,surrogate,reference,reactor_2,TSS,1629.328583513299
robustness_10,surrogate,reference,reactor_3,DO,0.04270684207391656
robustness_10,surrogate,reference,reactor_3,TN,92.87332914040063
robustness_10,surrogate,reference,reactor_3,TP,57.06584196249838
robustness_10,surrogate,reference,reactor_3,TSS,1625.0530819331507
robustness_10,surrogate,reference,reactor_4,DO,0.041970114484554316
robustness_10,surrogate,reference,reactor_4,TN,92.44426130061952
robustness_10,surrogate,reference,reactor_4,TP,57.0658419626388
robustness_10,surrogate,reference,reactor_4,TSS,1620.3019519303787
robustness_10,surrogate,reference,reactor_5,DO,0.04117394164953419
robustness_10,surrogate,reference,reactor_5,TN,92.02707892736153
robustness_10,surrogate,reference,reactor_5,TP,57.065841962782216
robustness_10,surrogate,reference,reactor_5,TSS,1615.0767671871497
robustness_10,surrogate,reference,clarifier_overflow,COD,167.78199585774183
robustness_10,surrogate,reference,clarifier_overflow,TN,28.090902817848598
robustness_10,surrogate,reference,clarifier_overflow,TP,12.961080914148548
robustness_10,surrogate,reference,clarifier_overflow,TSS,6.143148999246943
robustness_10,surrogate,reference,clarifier_underflow,COD,7777.3548293587955
robustness_10,surrogate,reference,clarifier_underflow,TN,294.49163661073425
robustness_10,surrogate,reference,clarifier_underflow,TP,196.73091861902972
robustness_10,surrogate,reference,clarifier_underflow,TSS,6710.033224863922
robustness_10,surrogate,reference,clarifier_inventory,TSS_mass,4432242.827306993
robustness_10,surrogate,reference,clarifier_layer_1,TSS,6.143148999246944
robustness_10,surrogate,reference,clarifier_layer_2,TSS,8.71632452676254
robustness_10,surrogate,reference,clarifier_layer_3,TSS,13.579002297353549
robustness_10,surrogate,reference,clarifier_layer_4,TSS,28.72826707806856
robustness_10,surrogate,reference,clarifier_layer_5,TSS,123.97428221591215
robustness_10,surrogate,reference,clarifier_layer_6,TSS,123.97428221591952
robustness_10,surrogate,reference,clarifier_layer_7,TSS,123.9742822159269
robustness_10,surrogate,reference,clarifier_layer_8,TSS,123.97428221593425
robustness_10,surrogate,reference,clarifier_layer_9,TSS,123.97428221594167
robustness_10,surrogate,reference,clarifier_layer_10,TSS,6710.033224863922
robustness_10,surrogate,exact_mechanistic_start_1,clarifier_layer_1,TSS,6.143148999246944
robustness_10,surrogate,exact_mechanistic_start_1,clarifier_layer_2,TSS,8.71632452676254
robustness_10,surrogate,exact_mechanistic_start_1,clarifier_layer_3,TSS,13.579002297353549
robustness_10,surrogate,exact_mechanistic_start_1,clarifier_layer_4,TSS,28.72826707806856
robustness_10,surrogate,exact_mechanistic_start_1,clarifier_layer_5,TSS,123.97428221591215
robustness_10,surrogate,exact_mechanistic_start_1,clarifier_layer_6,TSS,123.97428221591952
robustness_10,surrogate,exact_mechanistic_start_1,clarifier_layer_7,TSS,123.9742822159269
robustness_10,surrogate,exact_mechanistic_start_1,clarifier_layer_8,TSS,123.97428221593425
robustness_10,surrogate,exact_mechanistic_start_1,clarifier_layer_9,TSS,123.97428221594167
robustness_10,surrogate,exact_mechanistic_start_1,clarifier_layer_10,TSS,6710.033224863922
robustness_10,surrogate,exact_mechanistic_start_2,clarifier_layer_1,TSS,6.143148998745611
robustness_10,surrogate,exact_mechanistic_start_2,clarifier_layer_2,TSS,8.71632452623507
robustness_10,surrogate,exact_mechanistic_start_2,clarifier_layer_3,TSS,13.57900229663333
robustness_10,surrogate,exact_mechanistic_start_2,clarifier_layer_4,TSS,28.728267076297506
robustness_10,surrogate,exact_mechanistic_start_2,clarifier_layer_5,TSS,123.9742822032735
robustness_10,surrogate,exact_mechanistic_start_2,clarifier_layer_6,TSS,123.97428220326613
robustness_10,surrogate,exact_mechanistic_start_2,clarifier_layer_7,TSS,123.9742822032587
robustness_10,surrogate,exact_mechanistic_start_2,clarifier_layer_8,TSS,123.97428220325132
robustness_10,surrogate,exact_mechanistic_start_2,clarifier_layer_9,TSS,123.97428220324399
robustness_10,surrogate,exact_mechanistic_start_2,clarifier_layer_10,TSS,6710.033223492433
robustness_10,direct,smooth,mixer,COD,1398.5350418985395
robustness_10,direct,smooth,mixer,TN,77.2482069523477
robustness_10,direct,smooth,mixer,TP,99.26545596670161
robustness_10,direct,smooth,mixer,TSS,1399.0678342371402
robustness_10,direct,smooth,reactor_1,DO,0.004428645027593936
robustness_10,direct,smooth,reactor_1,TN,74.35049102853473
robustness_10,direct,smooth,reactor_1,TP,99.26545596670164
robustness_10,direct,smooth,reactor_1,TSS,1382.1920634477385
robustness_10,direct,smooth,reactor_2,DO,2.0620087221681797e-05
robustness_10,direct,smooth,reactor_2,TN,74.12000293894363
robustness_10,direct,smooth,reactor_2,TP,99.26545596670162
robustness_10,direct,smooth,reactor_2,TSS,1350.2355142967099
robustness_10,direct,smooth,reactor_3,DO,0.2720147535737957
robustness_10,direct,smooth,reactor_3,TN,72.62669299283817
robustness_10,direct,smooth,reactor_3,TP,99.26545596670161
robustness_10,direct,smooth,reactor_3,TSS,1357.9924471995207
robustness_10,direct,smooth,reactor_4,DO,0.3998839665901131
robustness_10,direct,smooth,reactor_4,TN,71.57215889251009
robustness_10,direct,smooth,reactor_4,TP,99.2654559667016
robustness_10,direct,smooth,reactor_4,TSS,1367.6559185438996
robustness_10,direct,smooth,reactor_5,DO,1.435601023303413
robustness_10,direct,smooth,reactor_5,TN,71.50149650977696
robustness_10,direct,smooth,reactor_5,TP,99.26545596670161
robustness_10,direct,smooth,reactor_5,TSS,1377.3904892813357
robustness_10,direct,smooth,clarifier_overflow,COD,64.90917446486098
robustness_10,direct,smooth,clarifier_overflow,TN,3.6506404929573266
robustness_10,direct,smooth,clarifier_overflow,TP,1.8559193386245594
robustness_10,direct,smooth,clarifier_overflow,TSS,5.745427739748443
robustness_10,direct,smooth,clarifier_underflow,COD,5394.955693708388
robustness_10,direct,smooth,clarifier_underflow,TN,286.3625405383599
robustness_10,direct,smooth,clarifier_underflow,TP,407.72898858684846
robustness_10,direct,smooth,clarifier_underflow,TSS,5720.933183664123
robustness_10,direct,smooth,clarifier_inventory,TSS_mass,3805064.05959303
robustness_10,direct,raw,mixer,COD,2215.589521076848
robustness_10,direct,raw,mixer,TN,109.81066717554965
robustness_10,direct,raw,mixer,TP,65.05696193104883
robustness_10,direct,raw,mixer,TSS,1845.8841726034984
robustness_10,direct,raw,reactor_1,DO,0.0007613996165109214
robustness_10,direct,raw,reactor_1,TN,108.34369437462742
robustness_10,direct,raw,reactor_1,TP,65.05696193099857
robustness_10,direct,raw,reactor_1,TSS,1821.609132006555
robustness_10,direct,raw,reactor_2,DO,3.178137391775539e-06
robustness_10,direct,raw,reactor_2,TN,108.24256972835623
robustness_10,direct,raw,reactor_2,TP,65.0569619309352
robustness_10,direct,raw,reactor_2,TSS,1794.7663345938156
robustness_10,direct,raw,reactor_3,DO,0.07194570433338805
robustness_10,direct,raw,reactor_3,TN,107.66836269915974
robustness_10,direct,raw,reactor_3,TP,65.05696193087029
robustness_10,direct,raw,reactor_3,TSS,1801.937192570643
robustness_10,direct,raw,reactor_4,DO,0.13022968218790681
robustness_10,direct,raw,reactor_4,TN,107.08135142396146
robustness_10,direct,raw,reactor_4,TP,65.0569619308054
robustness_10,direct,raw,reactor_4,TSS,1812.0431911902624
robustness_10,direct,raw,reactor_5,DO,0.2709328963404645
robustness_10,direct,raw,reactor_5,TN,106.43237247412863
robustness_10,direct,raw,reactor_5,TP,65.05696193074264
robustness_10,direct,raw,reactor_5,TSS,1822.5748695410507
robustness_10,direct,raw,clarifier_overflow,COD,55.36206537855794
robustness_10,direct,raw,clarifier_overflow,TN,20.488409018509856
robustness_10,direct,raw,clarifier_overflow,TP,11.914654754311492
robustness_10,direct,raw,clarifier_overflow,TSS,25.668174953647984
robustness_10,direct,raw,clarifier_underflow,COD,11897.398893978625
robustness_10,direct,raw,clarifier_underflow,TN,436.319354559496
robustness_10,direct,raw,clarifier_underflow,TP,239.00402224785637
robustness_10,direct,raw,clarifier_underflow,TSS,9811.947015397076
robustness_10,direct,raw,clarifier_inventory,TSS_mass,10150616.714885406
robustness_10,direct,projected,mixer,COD,2075.9301751024227
robustness_10,direct,projected,mixer,TN,101.10166942103847
robustness_10,direct,projected,mixer,TP,74.54222755910975
robustness_10,direct,projected,mixer,TSS,1794.5390214398926
robustness_10,direct,projected,reactor_1,DO,0.0007613996165109214
robustness_10,direct,projected,reactor_1,TN,99.5894867427377
robustness_10,direct,projected,reactor_1,TP,74.54222755913722
robustness_10,direct,projected,reactor_1,TSS,1624.741426604818
robustness_10,direct,projected,reactor_2,DO,3.178137391775539e-06
robustness_10,direct,projected,reactor_2,TN,99.4876105895868
robustness_10,direct,projected,reactor_2,TP,74.54222755916302
robustness_10,direct,projected,reactor_2,TSS,1596.3937904934448
robustness_10,direct,projected,reactor_3,DO,0.07194570433338805
robustness_10,direct,projected,reactor_3,TN,98.91965334288902
robustness_10,direct,projected,reactor_3,TP,74.54222755918858
robustness_10,direct,projected,reactor_3,TSS,1604.9413791454326
robustness_10,direct,projected,reactor_4,DO,0.13022968218790681
robustness_10,direct,projected,reactor_4,TN,98.34064641961858
robustness_10,direct,projected,reactor_4,TP,74.5422275592138
robustness_10,direct,projected,reactor_4,TSS,1616.7551019136201
robustness_10,direct,projected,reactor_5,DO,0.2766676305660471
robustness_10,direct,projected,reactor_5,TN,98.24563656192909
robustness_10,direct,projected,reactor_5,TP,74.54222755923796
robustness_10,direct,projected,reactor_5,TSS,1789.7279560362424
robustness_10,direct,projected,clarifier_overflow,COD,70.62281761943359
robustness_10,direct,projected,clarifier_overflow,TN,15.782465500317782
robustness_10,direct,projected,clarifier_overflow,TP,8.362032076214048
robustness_10,direct,projected,clarifier_overflow,TSS,9.085632451522752
robustness_10,direct,projected,clarifier_underflow,COD,8319.711870437184
robustness_10,direct,projected,clarifier_underflow,TN,359.3790115603789
robustness_10,direct,projected,clarifier_underflow,TP,284.1128465647186
robustness_10,direct,projected,clarifier_underflow,TSS,7428.428646740327
robustness_10,direct,projected,clarifier_inventory,TSS_mass,10150616.714884948
robustness_10,direct,reference,mixer,COD,1398.5350416035506
robustness_10,direct,reference,mixer,TN,77.24820694052711
robustness_10,direct,reference,mixer,TP,99.26545588803972
robustness_10,direct,reference,mixer,TSS,1399.067833720994
robustness_10,direct,reference,reactor_1,DO,0.004428645028861949
robustness_10,direct,reference,reactor_1,TN,74.35049101631924
robustness_10,direct,reference,reactor_1,TP,99.26545588738847
robustness_10,direct,reference,reactor_1,TSS,1382.1920629326355
robustness_10,direct,reference,reactor_2,DO,2.0620087224282358e-05
robustness_10,direct,reference,reactor_2,TN,74.12000292662624
robustness_10,direct,reference,reactor_2,TP,99.26545588674783
robustness_10,direct,reference,reactor_2,TSS,1350.2355137784955
robustness_10,direct,reference,reactor_3,DO,0.2720147536046239
robustness_10,direct,reference,reactor_3,TN,72.62669298054595
robustness_10,direct,reference,reactor_3,TP,99.26545588610512
robustness_10,direct,reference,reactor_3,TSS,1357.9924466768007
robustness_10,direct,reference,reactor_4,DO,0.3998839666745185
robustness_10,direct,reference,reactor_4,TN,71.57215888044499
robustness_10,direct,reference,reactor_4,TP,99.26545588545952
robustness_10,direct,reference,reactor_4,TSS,1367.655918015918
robustness_10,direct,reference,reactor_5,DO,1.4356010237947665
robustness_10,direct,reference,reactor_5,TN,71.50149649768109
robustness_10,direct,reference,reactor_5,TP,99.26545588481034
robustness_10,direct,reference,reactor_5,TSS,1377.3904887468918
robustness_10,direct,reference,clarifier_overflow,COD,64.90917446498482
robustness_10,direct,reference,clarifier_overflow,TN,3.6506404933182166
robustness_10,direct,reference,clarifier_overflow,TP,1.8559193373278322
robustness_10,direct,reference,clarifier_overflow,TSS,5.745427738898125
robustness_10,direct,reference,clarifier_underflow,COD,5394.955692380947
robustness_10,direct,reference,clarifier_underflow,TN,286.3625404836609
robustness_10,direct,reference,clarifier_underflow,TP,407.7289882452091
robustness_10,direct,reference,clarifier_underflow,TSS,5720.933181376151
robustness_10,direct,reference,clarifier_inventory,TSS_mass,3805064.0581420064
robustness_10,direct,smooth,clarifier_layer_1,TSS,5.745427739748442
robustness_10,direct,smooth,clarifier_layer_2,TSS,8.292407219767753
robustness_10,direct,smooth,clarifier_layer_3,TSS,12.984009361431006
robustness_10,direct,smooth,clarifier_layer_4,TSS,27.227083689668696
robustness_10,direct,smooth,clarifier_layer_5,TSS,113.31826419606212
robustness_10,direct,smooth,clarifier_layer_6,TSS,113.31826419606212
robustness_10,direct,smooth,clarifier_layer_7,TSS,113.3182641960621
robustness_10,direct,smooth,clarifier_layer_8,TSS,113.31826419606212
robustness_10,direct,smooth,clarifier_layer_9,TSS,113.31826419606207
robustness_10,direct,smooth,clarifier_layer_10,TSS,5720.933183664123
robustness_10,direct,reference,clarifier_layer_1,TSS,5.745427738898125
robustness_10,direct,reference,clarifier_layer_2,TSS,8.292407218807162
robustness_10,direct,reference,clarifier_layer_3,TSS,12.984009360044993
robustness_10,direct,reference,clarifier_layer_4,TSS,27.227083686134833
robustness_10,direct,reference,clarifier_layer_5,TSS,113.31826417134266
robustness_10,direct,reference,clarifier_layer_6,TSS,113.31826417133553
robustness_10,direct,reference,clarifier_layer_7,TSS,113.31826417132834
robustness_10,direct,reference,clarifier_layer_8,TSS,113.3182641713211
robustness_10,direct,reference,clarifier_layer_9,TSS,113.31826417131388
robustness_10,direct,reference,clarifier_layer_10,TSS,5720.933181376151
robustness_10,direct,exact_mechanistic_start_1,clarifier_layer_1,TSS,5.745427738898125
robustness_10,direct,exact_mechanistic_start_1,clarifier_layer_2,TSS,8.292407218807162
robustness_10,direct,exact_mechanistic_start_1,clarifier_layer_3,TSS,12.984009360044993
robustness_10,direct,exact_mechanistic_start_1,clarifier_layer_4,TSS,27.227083686134833
robustness_10,direct,exact_mechanistic_start_1,clarifier_layer_5,TSS,113.31826417134266
robustness_10,direct,exact_mechanistic_start_1,clarifier_layer_6,TSS,113.31826417133553
robustness_10,direct,exact_mechanistic_start_1,clarifier_layer_7,TSS,113.31826417132834
robustness_10,direct,exact_mechanistic_start_1,clarifier_layer_8,TSS,113.3182641713211
robustness_10,direct,exact_mechanistic_start_1,clarifier_layer_9,TSS,113.31826417131388
robustness_10,direct,exact_mechanistic_start_1,clarifier_layer_10,TSS,5720.933181376151
robustness_10,direct,exact_mechanistic_start_2,clarifier_layer_1,TSS,5.745427740506446
robustness_10,direct,exact_mechanistic_start_2,clarifier_layer_2,TSS,8.292407220553176
robustness_10,direct,exact_mechanistic_start_2,clarifier_layer_3,TSS,12.984009362537153
robustness_10,direct,exact_mechanistic_start_2,clarifier_layer_4,TSS,27.227083692474867
robustness_10,direct,exact_mechanistic_start_2,clarifier_layer_5,TSS,113.31826421568874
robustness_10,direct,exact_mechanistic_start_2,clarifier_layer_6,TSS,113.31826421569463
robustness_10,direct,exact_mechanistic_start_2,clarifier_layer_7,TSS,113.31826421570048
robustness_10,direct,exact_mechanistic_start_2,clarifier_layer_8,TSS,113.31826421570646
robustness_10,direct,exact_mechanistic_start_2,clarifier_layer_9,TSS,113.31826421571235
robustness_10,direct,exact_mechanistic_start_2,clarifier_layer_10,TSS,5720.933185482191
