row,projection_input,accepted,elapsed_ns,status,status_value,iterations,equality_rank_tolerance,equality_smallest_singular_value,equality_condition_number,equality_residual,inequality_residual,nonnegativity_residual,dual_feasibility_residual,stationarity_residual,complementarity_residual,retried_cold,active_inequality_count,multipliers_reconstructed,solver_attempts,fallback_used
0,raw_prediction,True,7880500.0,solved,1,1925,7.216390533295317e-14,0.0015410114608469,1309.9299079374891,8.352611698272512e-15,4.23424993088384e-16,4.8441218007987445e-15,0.0,8.850035069691417e-14,2.5189785295456927e-15,False,19,True,1,False
0,mechanistic_target,True,,solved,1,3900,7.216390533295317e-14,0.0015410114608469,1309.9299079374891,2.8018977757235506e-13,0.0,1.6862451186856155e-14,0.0,5.136061446601114e-14,1.1814549395055174e-17,False,1,True,1,False
1,raw_prediction,True,4119400.0,solved,1,450,5.807175800389547e-14,0.0033593764288965,483.5486792950355,9.264977970704688e-15,0.0,1.8652104093305592e-14,0.0,2.1193356940313623e-14,1.0026156500021588e-14,False,21,True,1,False
1,mechanistic_target,True,,solved,1,3325,5.807175800389547e-14,0.0033593764288965,483.5486792950355,5.425194119247813e-13,0.0,0.0,0.0,5.172794977082584e-15,0.0,False,0,True,1,False
2,raw_prediction,True,5560000.0,solved,1,1175,7.619598578923157e-14,0.0017368101993417,1227.1951487768124,2.985459102156085e-15,3.809651045679623e-14,2.073237702822601e-15,0.0,3.931106400880329e-13,1.8580382344069164e-14,False,9,True,1,False
2,mechanistic_target,True,,solved,1,3275,7.619598578923157e-14,0.0017368101993417,1227.1951487768124,1.3358648436550772e-13,0.0,0.0,0.0,9.70835457106358e-15,0.0,False,0,True,1,False
3,raw_prediction,True,6005300.0,solved,1,1200,6.303084435682521e-14,0.0025221065182308,699.074722372607,2.1763976098755128e-14,1.0141268583277416e-13,1.0734447391012745e-13,0.0,1.999675536460421e-14,1.4281990179789514e-14,False,4,True,1,False
3,mechanistic_target,True,,solved,1,6800,6.303084435682521e-14,0.0025221065182308,699.074722372607,1.803687136337605e-13,0.0,3.4824554634946624e-14,0.0,2.233399128504644e-15,7.894073365794553e-17,False,2,True,1,False
4,raw_prediction,True,20691100.0,solved,1,7050,6.3331438186903e-14,0.0024695458065049,717.3583583344762,9.015184432303869e-14,0.0,3.443313623517805e-15,0.0,1.11401288964684e-14,2.991670695870832e-15,False,12,True,1,False
4,mechanistic_target,True,,solved,1,5125,6.3331438186903e-14,0.0024695458065049,717.3583583344762,9.681691777657856e-13,0.0,0.0,0.0,5.510638397909287e-15,0.0,False,0,True,1,False
5,raw_prediction,True,245805500.0,solved inaccurate,2,100000,7.02482223600775e-14,0.0007980944928345,2462.152356572352,4.3397569608495955e-14,0.0,0.0,0.0,3.498717783627009e-13,0.0,False,0,True,1,False
5,mechanistic_target,True,,solved inaccurate,2,100000,7.02482223600775e-14,0.0007980944928345,2462.152356572352,1.3484521388091264e-13,0.0,0.0,0.0,3.439249031416445e-13,9.530027446976201e-15,False,2,True,1,False
6,raw_prediction,True,4453300.0,solved,1,625,6.548083881614251e-14,0.0031002942305201,590.8064398581957,4.129075553693795e-14,4.254273844057839e-14,6.336462880863599e-14,0.0,8.878665293494777e-15,1.622850405205052e-14,False,25,True,1,False
6,mechanistic_target,True,,solved,1,4200,6.548083881614251e-14,0.0031002942305201,590.8064398581957,2.932741536432665e-13,0.0,3.9633331241384896e-14,0.0,4.790553768968164e-15,7.19793442909938e-17,False,1,True,1,False
7,raw_prediction,True,33778000.0,solved,1,13550,1.0258595979771865e-13,0.0009536311067587,3009.1332226039835,1.479747160189666e-14,0.0,4.804724503593379e-15,0.0,6.58928741155659e-14,1.7339833400245788e-15,False,12,True,1,False
7,mechanistic_target,True,,solved,1,9000,1.0258595979771865e-13,0.0009536311067587,3009.1332226039835,1.9754187101920934e-13,0.0,0.0,0.0,2.5266612274441248e-14,0.0,False,0,True,1,False
8,raw_prediction,True,18621500.0,solved,1,7000,6.950779687208364e-14,0.0028282919262058,687.4532793327393,1.9907686610309838e-14,3.1095710763052603e-15,4.2897654982312345e-15,0.0,1.6681257783308352e-14,8.210700090049801e-16,False,10,True,1,False
8,mechanistic_target,True,,solved,1,5275,6.950779687208364e-14,0.0028282919262058,687.4532793327393,2.2598881688213195e-13,0.0,2.7229046698187023e-14,0.0,4.161268108105155e-15,2.7507819260176997e-17,False,1,True,1,False
9,raw_prediction,True,57183400.0,solved,1,22650,7.241798263279536e-14,0.000743403913916,2724.930798987749,8.779307446378515e-15,4.6125114575771055e-18,8.937011454648407e-16,0.0,6.308204828898911e-14,3.117221784465386e-16,False,8,True,1,False
9,mechanistic_target,True,,solved,1,21825,7.241798263279536e-14,0.000743403913916,2724.930798987749,1.0082443655450374e-14,0.0,9.011486550103813e-16,0.0,2.0324248328811255e-14,3.845097041566373e-17,False,2,True,1,False
10,raw_prediction,True,17607900.0,solved,1,4900,5.962678856381472e-14,0.001493987496951,1116.4219199964894,2.1532626234390563e-14,0.0,5.4626592209906425e-16,0.0,1.696800245451241e-13,4.426481497016423e-16,False,32,True,1,False
10,mechanistic_target,True,,solved,1,3500,5.962678856381472e-14,0.001493987496951,1116.4219199964894,3.01612941314051e-13,0.0,0.0,0.0,3.4666787211229186e-14,0.0,False,0,True,1,False
11,raw_prediction,True,37853100.0,solved,1,13575,8.965876251488555e-14,0.0009743560812199,2574.002348484402,1.4017085090831932e-14,2.1379359386672287e-15,1.9139912053797323e-14,0.0,5.769947353091945e-14,4.478051882995156e-15,False,25,True,1,False
11,mechanistic_target,True,,solved,1,9625,8.965876251488555e-14,0.0009743560812199,2574.002348484402,7.189994683072364e-14,0.0,0.0,0.0,3.4295508456091226e-15,4.036462873286296e-20,False,3,True,1,False
12,raw_prediction,True,11607800.0,solved,1,2975,9.693807371242497e-14,0.0014716450304424,1842.5751755441072,9.138306431011324e-15,0.0,9.305344268078471e-15,0.0,3.3673944384471525e-14,3.4498400207073484e-16,False,15,True,1,False
12,mechanistic_target,True,,solved,1,3375,9.693807371242497e-14,0.0014716450304424,1842.5751755441072,9.452547982507226e-13,0.0,0.0,0.0,1.1011309998976324e-13,0.0,False,0,True,1,False
13,raw_prediction,True,4649400.0,solved,1,200,5.707871675191525e-14,0.0069962438442528,228.21446153822524,5.473689333530125e-15,1.1696877185832002e-14,1.6795118372688332e-14,0.0,5.341436465608925e-14,1.121883038736952e-14,False,25,True,1,False
13,mechanistic_target,True,,solved,1,475,5.707871675191525e-14,0.0069962438442528,228.21446153822524,2.38244436224879e-16,0.0,0.0,0.0,2.994214255497641e-17,0.0,False,0,True,1,False
14,raw_prediction,True,22313000.0,solved,1,6775,7.548302787219178e-14,0.0012401477559691,1702.5888289137172,9.151126189593167e-15,3.5869886528612686e-17,1.0613722584365927e-14,0.0,9.70909202099259e-14,3.006251788474927e-15,False,30,True,1,False
14,mechanistic_target,True,,solved,1,5700,7.548302787219178e-14,0.0012401477559691,1702.5888289137172,1.232527791309681e-13,0.0,0.0,0.0,1.1273916214394923e-14,0.0,False,0,True,1,False
15,raw_prediction,True,13339000.0,solved,1,3650,6.498423654839007e-14,0.0015191134616143,1196.607463609728,5.792978943763849e-14,0.0,2.653848450900704e-15,0.0,1.3215598303996442e-14,1.1426779568169824e-15,False,17,True,1,False
15,mechanistic_target,True,,solved,1,4425,6.498423654839007e-14,0.0015191134616143,1196.607463609728,3.2592348163033823e-14,0.0,0.0,0.0,4.716220999231465e-15,1.741523417315127e-19,False,3,True,1,False
16,raw_prediction,True,5938100.0,solved,1,1525,5.968850939961354e-14,0.002542078949469,656.8037104530267,6.841749389252527e-15,0.0,6.689812160168353e-17,0.0,1.5820096153111248e-14,2.7883090063192795e-17,False,3,True,1,False
16,mechanistic_target,True,,solved,1,6925,5.968850939961354e-14,0.002542078949469,656.8037104530267,1.0152537699761384e-13,0.0,0.0,0.0,1.2610291216973724e-15,0.0,False,0,True,1,False
17,raw_prediction,True,24168900.0,solved,1,9125,5.876550122332663e-14,0.0022744912585478,722.7233247727198,2.2889248930163542e-14,0.0,4.853217819108775e-18,0.0,3.4712839096271964e-14,1.086809030064166e-16,False,5,True,1,False
17,mechanistic_target,True,,solved,1,7200,5.876550122332663e-14,0.0022744912585478,722.7233247727198,5.780564220611246e-13,0.0,0.0,0.0,4.204041990427437e-15,0.0,False,0,True,1,False
18,raw_prediction,True,5994400.0,solved,1,1400,6.269918106508003e-14,0.002621532675971,669.022142196042,1.3945391896988122e-14,0.0,6.488958357266372e-14,0.0,1.6957139162982467e-14,1.583963878704556e-14,False,11,True,1,False
18,mechanistic_target,True,,solved,1,6125,6.269918106508003e-14,0.002621532675971,669.022142196042,2.1529107339417626e-13,0.0,3.103644418661629e-14,0.0,2.670953531371189e-15,5.183423900010741e-18,False,1,True,1,False
19,raw_prediction,True,19844700.0,solved,1,5550,6.972862383953253e-14,0.0015284943195817,1276.089583158555,8.190362529201632e-15,4.852111031838988e-15,2.0606492778048882e-17,0.0,1.0401849328742993e-13,3.661889450164953e-16,False,8,True,1,False
19,mechanistic_target,True,,solved,1,4050,6.972862383953253e-14,0.0015284943195817,1276.089583158555,1.4993655883401461e-13,0.0,8.215812636306801e-15,0.0,3.401020429211928e-14,1.0069237296512996e-17,False,1,True,1,False
20,raw_prediction,True,7061800.0,solved,1,1575,5.707947909694013e-14,0.0055924241981761,285.50504932219945,5.339478859056612e-14,0.0,9.696657428293522e-15,0.0,1.1255397781707951e-14,1.3318151663262518e-15,False,5,True,1,False
20,mechanistic_target,True,,solved,1,850,5.707947909694013e-14,0.0055924241981761,285.50504932219945,2.276627849505678e-15,0.0,0.0,0.0,4.783495803094954e-18,0.0,False,0,True,1,False
21,raw_prediction,True,5145900.0,solved,1,225,6.134054880694967e-14,0.0052225126671938,328.55044042937715,5.819997261902188e-15,3.076527155069074e-15,1.99969266454875e-14,0.0,1.0383457069631551e-14,9.594924539304476e-15,False,18,True,1,False
21,mechanistic_target,True,,solved,1,1300,6.134054880694967e-14,0.0052225126671938,328.55044042937715,1.670938329136285e-13,0.0,3.265069452387677e-17,0.0,9.373021824725548e-17,2.2197373955272954e-20,False,1,True,1,False
22,raw_prediction,True,10644200.0,solved,1,2100,7.2104033238717e-14,0.0018368423678659,1098.0486154275045,1.360370149861012e-14,3.648923018896456e-17,5.525466573095231e-15,0.0,4.6474098166770746e-14,1.2937465503474526e-15,False,24,True,1,False
22,mechanistic_target,True,,solved,1,2850,7.2104033238717e-14,0.0018368423678659,1098.0486154275045,3.0448259716144977e-13,0.0,2.4544751474642813e-14,0.0,3.7726111425613796e-14,3.3329771546860723e-17,False,1,True,1,False
23,raw_prediction,True,53149300.0,solved,1,16525,8.529607429784776e-14,0.0006334679752638,3766.502654049599,1.2630654100973755e-14,0.0,6.4716697395339376e-15,0.0,8.825553972823063e-14,1.5020967921150125e-15,False,14,True,1,False
23,mechanistic_target,True,,solved,1,29175,8.529607429784776e-14,0.0006334679752638,3766.502654049599,8.996261390840759e-15,0.0,0.0,0.0,1.7941081254767238e-14,0.0,False,0,True,1,False
24,raw_prediction,True,4433700.0,solved,1,650,5.715971523594255e-14,0.0028486648840417,561.2839103699206,1.2273116337432414e-14,0.0,1.6137870626182896e-14,0.0,3.9779336073931724e-14,1.3591582892511158e-14,False,23,True,1,False
24,mechanistic_target,True,,solved,1,5050,5.715971523594255e-14,0.0028486648840417,561.2839103699206,2.635685490617916e-13,0.0,0.0,0.0,1.6313615733790222e-15,0.0,False,0,True,1,False
25,raw_prediction,True,16389000.0,solved,1,5250,7.394839244558657e-14,0.0016066810677953,1287.4576721738124,1.3422729574012683e-14,0.0,0.0,0.0,6.464037574959929e-14,0.0,False,0,True,1,False
25,mechanistic_target,True,,solved,1,3225,7.394839244558657e-14,0.0016066810677953,1287.4576721738124,1.3491417273987292e-10,0.0,0.0,0.0,1.2883420428290312e-14,0.0,False,0,True,1,False
26,raw_prediction,True,230076800.0,solved inaccurate,2,100000,9.82699894145172e-14,0.0008700800992266,3159.3342258313933,2.5517782331618832e-14,0.0,0.0,0.0,2.0948873402454411e-13,7.303415871334801e-16,False,3,True,1,False
26,mechanistic_target,True,,solved,1,13500,9.82699894145172e-14,0.0008700800992266,3159.3342258313933,3.825201449739636e-14,0.0,9.847449468401232e-16,0.0,6.086751998994751e-15,4.867043988821932e-19,False,1,True,1,False
27,raw_prediction,True,19821100.0,solved,1,7300,6.4382033301358e-14,0.0011322557763824,1590.5745963134952,3.4675387561300403e-14,0.0,1.934354238498231e-15,0.0,1.3717304688448282e-14,3.602016790114072e-16,False,11,True,1,False
27,mechanistic_target,True,,solved,1,7775,6.4382033301358e-14,0.0011322557763824,1590.5745963134952,2.7382140940205702e-14,0.0,0.0,0.0,4.406159076399649e-15,1.5160991137793394e-20,False,3,True,1,False
28,raw_prediction,True,17821100.0,solved,1,6125,6.91883619943957e-14,0.0014072674487583,1375.277396879679,1.1209783101762127e-14,0.0,1.914667665095102e-16,0.0,6.431256868281789e-14,8.11536684095993e-18,False,4,True,1,False
28,mechanistic_target,True,,solved,1,4400,6.91883619943957e-14,0.0014072674487583,1375.277396879679,2.7858648000026774e-13,0.0,0.0,0.0,4.7739413864704856e-14,0.0,False,0,True,1,False
29,raw_prediction,True,6474400.0,solved,1,1400,6.210235207049776e-14,0.0028438783595931,610.8448700847955,1.1377968804212072e-14,3.891374326980224e-15,1.5140902833621536e-14,0.0,5.172988959920144e-14,3.0140230919659576e-15,False,20,True,1,False
29,mechanistic_target,True,,solved,1,4775,6.210235207049776e-14,0.0028438783595931,610.8448700847955,4.056565887823626e-13,0.0,6.68196463431138e-14,0.0,5.058430761095044e-15,2.077844506179588e-17,False,1,True,1,False
30,raw_prediction,True,29623800.0,solved,1,10475,7.2401177050321e-14,0.0010069293075221,2011.3170894927891,1.5527591563533096e-14,6.175940758232528e-17,1.8022973100207626e-15,0.0,2.5120061971121963e-14,5.619710312310557e-16,False,11,True,1,False
30,mechanistic_target,True,,solved,1,10000,7.2401177050321e-14,0.0010069293075221,2011.3170894927891,1.2886386089673476e-14,0.0,0.0,0.0,1.4012822166492961e-14,4.771850615233576e-20,False,3,True,1,False
31,raw_prediction,True,46257400.0,solved,1,18500,8.019268482677599e-14,0.000962896156528,2329.6420626604345,4.00009886325492e-14,0.0,8.928605491587451e-15,0.0,1.878206556436761e-13,7.690080483240824e-16,False,3,True,1,False
31,mechanistic_target,True,,solved,1,8200,8.019268482677599e-14,0.000962896156528,2329.6420626604345,4.715032196242512e-13,0.0,0.0,0.0,4.4127889155440427e-14,0.0,False,0,True,1,False
32,raw_prediction,True,13873300.0,solved,1,3725,7.248470175897491e-14,0.0011220986221944,1806.962857820212,9.422670976810821e-14,1.717228534151499e-14,2.991826571810875e-14,0.0,7.48536580677795e-14,1.6253079356377864e-14,False,20,True,1,False
32,mechanistic_target,True,,solved,1,3750,7.248470175897491e-14,0.0011220986221944,1806.962857820212,3.2403239816851707e-11,0.0,0.0,0.0,1.2328376690202905e-15,0.0,False,0,True,1,False
33,raw_prediction,True,4979500.0,solved,1,275,5.85413091271274e-14,0.0049062103956397,333.7721991730681,1.0476463446762452e-11,3.354230402777124e-15,9.935294050337057e-14,0.0,7.252969238171847e-15,1.149142577938641e-13,False,34,True,1,False
33,mechanistic_target,True,,solved,1,1500,5.85413091271274e-14,0.0049062103956397,333.7721991730681,3.0591533373441466e-13,0.0,6.391373453048877e-17,0.0,2.0484274219237922e-16,1.189746531608102e-19,False,1,True,1,False
34,raw_prediction,True,7147700.0,solved,1,1800,6.116517631030204e-14,0.0025293085497059,676.4509614463409,5.165550419500627e-15,0.0,4.330789093374984e-15,0.0,2.2083642703994715e-14,5.096580786773534e-16,False,17,True,1,False
34,mechanistic_target,True,,solved,1,4875,6.116517631030204e-14,0.0025293085497059,676.4509614463409,1.0327245928901557e-12,0.0,0.0,0.0,8.983652427038774e-15,0.0,False,0,True,1,False
35,raw_prediction,True,16587600.0,solved,1,5650,9.404754106169125e-14,0.0013781419050424,1908.9185802081263,8.968346898452496e-14,0.0,2.0289300902701324e-15,0.0,5.205525332414912e-14,1.7988012271477114e-15,False,19,True,1,False
35,mechanistic_target,True,,solved,1,4525,9.404754106169125e-14,0.0013781419050424,1908.9185802081263,1.8734140204947665e-13,0.0,1.065033004674336e-14,0.0,1.4837060085623848e-14,1.4955421766215365e-17,False,1,True,1,False
36,raw_prediction,True,6027000.0,solved,1,1300,5.97710594694462e-14,0.00164720764173,1015.0244508683896,5.627442956068762e-14,0.0,1.3565166613313159e-14,0.0,3.637304446372658e-14,7.905136362877868e-15,False,23,True,1,False
36,mechanistic_target,True,,solved,1,15850,5.97710594694462e-14,0.00164720764173,1015.0244508683896,1.0553685664762465e-13,0.0,0.0,0.0,9.80005974321414e-16,2.6356640203300875e-20,False,3,True,1,False
37,raw_prediction,True,15920900.0,solved,1,5375,6.674173815675988e-14,0.0010221870049677,1826.421689017268,9.441058203544952e-15,5.065570256713357e-17,1.6358881531839282e-16,0.0,5.743977339648037e-14,2.0067452286049387e-16,False,20,True,1,False
37,mechanistic_target,True,,solved,1,9425,6.674173815675988e-14,0.0010221870049677,1826.421689017268,5.1508250880227765e-14,0.0,0.0,0.0,4.844011920282341e-15,0.0,False,0,True,1,False
38,raw_prediction,True,9960700.0,solved,1,2850,8.475736740588255e-14,0.0019430086171202,1220.2157622423215,9.119136247620498e-15,0.0,0.0,0.0,7.655281159192403e-14,0.0,False,0,True,1,False
38,mechanistic_target,True,,solved,1,2025,8.475736740588255e-14,0.0019430086171202,1220.2157622423215,1.907299744131928e-11,0.0,0.0,0.0,3.6637884983739255e-15,0.0,False,0,True,1,False
39,raw_prediction,True,15485600.0,solved,1,4875,6.134426084194969e-14,0.0018556389296198,924.7287525006412,6.702104149436394e-15,5.257349364006549e-19,1.8284778006715712e-14,0.0,6.939094558939376e-14,7.946090451648598e-16,False,6,True,1,False
39,mechanistic_target,True,,solved,1,11925,6.134426084194969e-14,0.0018556389296198,924.7287525006412,2.1115616524415685e-13,0.0,0.0,0.0,1.5227193365798753e-15,0.0,False,0,True,1,False
40,raw_prediction,True,9825700.0,solved,1,2925,6.668237578081751e-14,0.0019362595923362,963.3439645304812,4.9729317885827135e-14,2.7367120262529863e-14,4.390521174565225e-14,0.0,2.3270596828300774e-14,2.4629282696687874e-14,False,20,True,1,False
40,mechanistic_target,True,,solved,1,11300,6.668237578081751e-14,0.0019362595923362,963.3439645304812,2.4170776669947723e-13,0.0,1.9794401928363983e-14,0.0,2.722846814644547e-15,1.4421249907490576e-17,False,1,True,1,False
41,raw_prediction,True,8373500.0,solved,1,2200,9.374979669806304e-14,0.0011970143877361,2190.8107464600425,1.6080886622305002e-14,7.813175097729018e-14,1.7453085899936657e-15,0.0,3.399023464302512e-14,4.114863413922305e-14,False,14,True,1,False
41,mechanistic_target,True,,solved,1,5800,9.374979669806304e-14,0.0011970143877361,2190.8107464600425,2.491689779502875e-13,0.0,0.0,0.0,4.3690441315144426e-14,0.0,False,0,True,1,False
42,raw_prediction,True,22564200.0,solved,1,7925,6.94752978201526e-14,0.0027591471529841,704.3515139352439,1.394246145099614e-14,1.917173618204511e-15,2.6357721563169645e-15,0.0,5.6012802013463255e-14,1.0877823968043024e-15,False,17,True,1,False
42,mechanistic_target,True,,solved,1,5175,6.94752978201526e-14,0.0027591471529841,704.3515139352439,4.08785555452735e-13,0.0,0.0,0.0,7.726761418030235e-15,0.0,False,0,True,1,False
43,raw_prediction,True,4432200.0,solved,1,375,5.834821994817078e-14,0.0069699129253498,234.1715644437564,2.0816159908048243e-15,8.082248635226535e-14,1.036062497016488e-15,0.0,9.090617118861357e-15,2.7617479777381868e-14,False,15,True,1,False
43,mechanistic_target,True,,solved,1,525,5.834821994817078e-14,0.0069699129253498,234.1715644437564,5.885825320054376e-16,0.0,0.0,0.0,9.467686985508817e-18,0.0,False,0,True,1,False
44,raw_prediction,True,16453700.0,solved,1,6100,7.13782692139807e-14,0.0014499166516268,1377.0727166181168,1.1957035453089256e-14,3.5936026382268124e-16,5.660107254610658e-16,0.0,5.148113279696006e-14,2.1862655850753418e-17,False,10,True,1,False
44,mechanistic_target,True,,solved,1,4250,7.13782692139807e-14,0.0014499166516268,1377.0727166181168,2.1740015141448455e-13,0.0,1.1241470871098151e-14,0.0,3.876822734567744e-14,6.0445022038073096e-18,False,1,True,1,False
45,raw_prediction,True,14604600.0,solved,1,4650,8.712314003516945e-14,0.0011046315633771,2206.225854004137,1.779593443015646e-14,0.0,1.2863520064348685e-15,0.0,2.205899452149967e-13,3.5690390591441035e-15,False,23,True,1,False
45,mechanistic_target,True,,solved,1,6625,8.712314003516945e-14,0.0011046315633771,2206.225854004137,2.1180904068144577e-13,0.0,0.0,0.0,1.4293252806424133e-14,0.0,False,0,True,1,False
46,raw_prediction,True,4838900.0,solved,1,675,5.970374477156161e-14,0.0030782560566107,542.5387068428157,1.0908544796232184e-14,2.0095021751046423e-14,2.8082746629657437e-14,0.0,3.3683993503343305e-14,1.950202333351479e-14,False,25,True,1,False
46,mechanistic_target,True,,solved,1,3100,5.970374477156161e-14,0.0030782560566107,542.5387068428157,7.143251071506888e-13,0.0,0.0,0.0,8.990385203168141e-17,0.0,False,0,True,1,False
47,raw_prediction,True,15087600.0,solved,1,4200,6.93856170666757e-14,0.0014680706106742,1322.0759616568632,1.516991478862233e-14,4.068681288217276e-15,7.551131042421574e-15,0.0,1.5832354192926009e-13,5.032600967051269e-15,False,32,True,1,False
47,mechanistic_target,True,,solved,1,4325,6.93856170666757e-14,0.0014680706106742,1322.0759616568632,1.288381118814203e-13,0.0,6.510793368269956e-15,0.0,2.8877224192875924e-14,9.109693163872537e-18,False,1,True,1,False
48,raw_prediction,True,6145500.0,solved,1,800,5.720650281536292e-14,0.0028409347222861,563.2718437153784,5.336009412104659e-15,0.0,1.0086169141364311e-14,0.0,4.25782691386754e-14,3.639910558460141e-15,False,16,True,1,False
48,mechanistic_target,True,,solved,1,3475,5.720650281536292e-14,0.0028409347222861,563.2718437153784,8.374049625749776e-13,0.0,0.0,0.0,8.843483675985205e-17,0.0,False,0,True,1,False
49,raw_prediction,True,19414100.0,solved,1,6725,7.164510507443283e-14,0.0013187410788073,1519.7105827662251,2.5608929378546143e-14,0.0,9.234911836470021e-16,0.0,1.5212893480204986e-13,1.9036639376815766e-16,False,11,True,1,False
49,mechanistic_target,True,,solved,1,5225,7.164510507443283e-14,0.0013187410788073,1519.7105827662251,1.1579860611487936e-13,0.0,0.0,0.0,2.414887113346549e-14,0.0,False,0,True,1,False
50,raw_prediction,True,23360900.0,solved,1,7100,8.59247484817708e-14,0.0012880848015224,1865.9831260976052,1.45539163566294e-14,0.0,3.552395564197792e-16,0.0,1.0500300968703337e-13,1.9689881127094758e-17,False,3,True,1,False
50,mechanistic_target,True,,solved,1,4975,8.59247484817708e-14,0.0012880848015224,1865.9831260976052,3.100344220096039e-13,0.0,0.0,0.0,5.237041630073245e-14,0.0,False,0,True,1,False
51,raw_prediction,True,54750200.0,solved,1,21100,7.603630423023969e-14,0.0007554730873976,2815.372734177536,2.1455059950881153e-14,2.018204014229765e-17,6.046762130372619e-16,0.0,1.957154480121996e-13,8.522343998535993e-17,False,13,True,1,False
51,mechanistic_target,True,,solved,1,18625,7.603630423023969e-14,0.0007554730873976,2815.372734177536,1.2251451908807416e-14,0.0,0.0,0.0,1.302596314530276e-14,2.008421260401954e-21,False,3,True,1,False
52,raw_prediction,True,253281500.0,maximum iterations reached,7,100000,8.74679382258135e-14,0.0006077017484445,4026.171795651467,7.960497346822703e-14,1.1501251842817233e-15,7.907316468950894e-15,0.0,1.073803595410336e-12,3.4548691457800085e-15,False,33,True,1,False
52,mechanistic_target,True,,solved,1,24950,8.74679382258135e-14,0.0006077017484445,4026.171795651467,4.5465578982677355e-14,0.0,0.0,0.0,4.039872589252395e-15,0.0,False,0,True,1,False
53,raw_prediction,True,16867700.0,solved,1,5800,6.351235735429808e-14,0.0015776917955778,1126.0818636817385,1.0035214258463488e-14,0.0,0.0,0.0,5.236550574044978e-14,4.615569363712847e-17,False,4,True,1,False
53,mechanistic_target,True,,solved,1,3650,6.351235735429808e-14,0.0015776917955778,1126.0818636817385,1.5606385159602325e-13,0.0,8.158755547626326e-15,0.0,2.7016205801800622e-14,8.70654835023688e-18,False,1,True,1,False
54,raw_prediction,True,16422400.0,solved,1,5875,6.569645957673705e-14,0.0012793574478504,1436.428332043144,1.3621948430311102e-14,0.0,4.528007234753975e-15,0.0,6.98016588935966e-14,5.724266906882505e-16,False,19,True,1,False
54,mechanistic_target,True,,solved,1,29875,6.569645957673705e-14,0.0012793574478504,1436.428332043144,1.1910988506401188e-14,0.0,0.0,0.0,8.307220252028127e-15,5.4608844840534615e-21,False,3,True,1,False
55,raw_prediction,True,7001300.0,solved,1,1700,5.718674723590676e-14,0.0022020730958926,726.4363411032307,1.5397341664610373e-14,0.0,8.361288041826645e-15,0.0,2.6960735821296483e-14,3.359765749975697e-14,False,14,True,1,False
55,mechanistic_target,True,,solved,1,9725,5.718674723590676e-14,0.0022020730958926,726.4363411032307,5.628918049638979e-14,0.0,0.0,0.0,6.434218935924982e-15,7.063843315526672e-19,False,3,True,1,False
56,raw_prediction,True,11214800.0,solved,1,3600,6.902541159734885e-14,0.0011887107621554,1624.3017373740834,1.1302779137915428e-14,3.3032486830990468e-15,3.5618542652931953e-16,0.0,7.523667696021571e-14,8.909113033326798e-16,False,17,True,1,False
56,mechanistic_target,True,,solved,1,5225,6.902541159734885e-14,0.0011887107621554,1624.3017373740834,8.005801853730961e-13,0.0,0.0,0.0,6.945077443792349e-14,0.0,False,0,True,1,False
57,raw_prediction,True,12226800.0,solved,1,3725,5.80292009522747e-14,0.0039418500814267,411.7943523015084,1.468886963387688e-14,0.0,5.166023965713206e-16,0.0,2.880734660263466e-14,9.689587792530478e-16,False,13,True,1,False
57,mechanistic_target,True,,solved,1,2475,5.80292009522747e-14,0.0039418500814267,411.7943523015084,2.606674656559401e-12,0.0,0.0,0.0,4.2056680972427323e-16,0.0,False,0,True,1,False
58,raw_prediction,True,21920700.0,solved,1,7975,7.785341727096515e-14,0.0012870523481527,1692.0584741501104,2.9243565326035725e-14,0.0,0.0,0.0,1.1256870979791583e-13,0.0,False,0,True,1,False
58,mechanistic_target,True,,solved,1,5925,7.785341727096515e-14,0.0012870523481527,1692.0584741501104,4.5274162827048287e-14,0.0,0.0,0.0,2.818241504370874e-15,0.0,False,0,True,1,False
59,raw_prediction,True,13029600.0,solved,1,4375,7.303930785863317e-14,0.0015830438857546,1290.6176285268589,1.5150207477443445e-14,0.0,1.3256566991061805e-15,0.0,2.0316559587552788e-14,3.211335670280408e-16,False,6,True,1,False
59,mechanistic_target,True,,solved,1,3625,7.303930785863317e-14,0.0015830438857546,1290.6176285268589,1.8705298411232161e-13,0.0,0.0,0.0,1.8678120077124362e-14,1.795648037270784e-19,False,3,True,1,False
60,raw_prediction,True,8185900.0,solved,1,2050,7.807329586228348e-14,0.0012102419539091,1804.5304215873764,1.2305748867819101e-14,3.2256342282911083e-16,1.9340868660542052e-14,0.0,1.6795610727184185e-13,3.219240026797804e-15,False,24,True,1,False
60,mechanistic_target,True,,solved,1,6025,7.807329586228348e-14,0.0012102419539091,1804.5304215873764,1.7271428823859025e-13,0.0,6.9928298562048025e-15,0.0,2.634102293016077e-14,8.592934715949803e-18,False,1,True,1,False
61,raw_prediction,True,66163200.0,solved,1,27175,9.080924478424299e-14,0.0007061236664265,3597.35414803854,5.6476132785729536e-14,9.318237295043076e-17,1.659140791127493e-16,0.0,2.2811432479280963e-13,3.386169397284474e-17,False,12,True,1,False
61,mechanistic_target,True,,solved,1,20175,9.080924478424299e-14,0.0007061236664265,3597.35414803854,2.9989825451028345e-14,0.0,0.0,0.0,1.0048739924203671e-14,0.0,False,0,True,1,False
62,raw_prediction,True,252299900.0,solved inaccurate,2,100000,8.623455151337784e-14,0.0007989210867842,3019.335153405972,6.823708265102368e-14,0.0,0.0,0.0,2.7122650059329423e-13,8.56978601740653e-18,False,4,True,1,False
62,mechanistic_target,True,,solved,1,18500,8.623455151337784e-14,0.0007989210867842,3019.335153405972,9.73792544434536e-15,0.0,0.0,0.0,1.964271219815699e-14,3.213900096571697e-21,False,3,True,1,False
63,raw_prediction,True,14475000.0,solved,1,4550,7.709646166052359e-14,0.0012103835537019,1781.7441069948388,8.860779742975193e-15,0.0,3.0989389245930918e-15,0.0,6.244435486410354e-14,1.2008888708804296e-15,False,18,True,1,False
63,mechanistic_target,True,,solved,1,5925,7.709646166052359e-14,0.0012103835537019,1781.7441069948388,1.3802322278696596e-13,0.0,0.0,0.0,2.8183913141064882e-14,0.0,False,0,True,1,False
64,raw_prediction,True,10551300.0,solved,1,2850,6.986553972335589e-14,0.0020927317554367,933.8633949084272,1.7907495259637675e-14,0.0,0.0,0.0,5.105745200475435e-14,0.0,False,0,True,1,False
64,mechanistic_target,True,,solved,1,6975,6.986553972335589e-14,0.0020927317554367,933.8633949084272,9.80537684441184e-13,0.0,0.0,0.0,4.272110251912635e-15,0.0,False,0,True,1,False
65,raw_prediction,True,7821900.0,solved,1,1675,6.423022943260429e-14,0.0022609357048996,794.6669652095618,1.5842797439711024e-14,0.0,1.8710574639052632e-14,0.0,2.6947597773570072e-14,1.0227459971493469e-13,False,20,True,1,False
65,mechanistic_target,True,,solved,1,7475,6.423022943260429e-14,0.0022609357048996,794.6669652095618,4.978559037399571e-13,0.0,0.0,0.0,5.3932218311812626e-15,0.0,False,0,True,1,False
66,raw_prediction,True,227173400.0,maximum iterations reached,7,100000,9.86902717677487e-14,0.0005097586932926,5415.562877035122,8.714839843144239e-14,0.0,1.1647722765861062e-16,0.0,9.975097585752046e-13,1.0171195890228532e-16,False,12,True,1,False
66,mechanistic_target,True,,solved,1,49850,9.86902717677487e-14,0.0005097586932926,5415.562877035122,2.8294097402388115e-14,0.0,2.040617615478053e-15,0.0,1.643819050466698e-13,8.606363119115216e-16,False,2,True,1,False
67,raw_prediction,True,10893500.0,solved,1,3275,6.922152579268317e-14,0.0018757833026576,1032.2678482284416,1.1563146273818606e-13,0.0,3.6378685636806936e-15,0.0,1.8337907925419e-14,5.124418075032634e-16,False,8,True,1,False
67,mechanistic_target,True,,solved,1,10425,6.922152579268317e-14,0.0018757833026576,1032.2678482284416,5.816177790617174e-13,0.0,0.0,0.0,4.690049290027082e-15,0.0,False,0,True,1,False
68,raw_prediction,True,8638600.0,solved,1,2025,8.554294959508122e-14,0.0020355987956607,1175.508934292988,2.8215634741761816e-14,5.541847640244071e-14,7.814092411708563e-14,0.0,1.0293630939503803e-13,4.79572222121116e-14,False,11,True,1,False
68,mechanistic_target,True,,solved,1,5625,8.554294959508122e-14,0.0020355987956607,1175.508934292988,1.0259899277330763e-12,0.0,0.0,0.0,4.548059331284101e-15,0.0,False,0,True,1,False
69,raw_prediction,True,12339600.0,solved,1,4300,6.17299498522719e-14,0.0037076416957088,465.7276956682875,1.2162146290073396e-14,0.0,7.049582864021121e-17,0.0,2.5356264503330996e-14,2.290578698873681e-17,False,5,True,1,False
69,mechanistic_target,True,,solved,1,2275,6.17299498522719e-14,0.0037076416957088,465.7276956682875,5.084228825860096e-13,0.0,0.0,0.0,8.38380224563771e-17,0.0,False,0,True,1,False
70,raw_prediction,True,20814300.0,solved,1,6750,8.613963209996453e-14,0.0013479241568234,1787.6045626471482,8.887855729167171e-15,3.149007663315799e-18,3.922224084566023e-15,0.0,2.201523374696796e-14,7.364354529847747e-16,False,21,True,1,False
70,mechanistic_target,True,,solved,1,4850,8.613963209996453e-14,0.0013479241568234,1787.6045626471482,1.4585819817319445e-13,0.0,0.0,0.0,1.621725303006941e-14,0.0,False,0,True,1,False
71,raw_prediction,True,13407900.0,solved,1,4450,5.920597277068595e-14,0.0015179863730231,1091.0170727163943,1.1623682244755582e-14,1.486196207136787e-14,3.3617268564016927e-15,0.0,4.3762187272707415e-14,1.845522045127769e-14,False,23,True,1,False
71,mechanistic_target,True,,solved,1,4875,5.920597277068595e-14,0.0015179863730231,1091.0170727163943,1.6368172601098692e-14,0.0,0.0,0.0,6.101136276694545e-15,6.746798916028586e-20,False,3,True,1,False
72,raw_prediction,True,10110000.0,solved,1,2650,6.214639671352258e-14,0.0017650521452684,984.90039399741,1.263138899032512e-14,3.1426826925169778e-15,7.199576468353994e-15,0.0,8.489027465038712e-14,1.6457207845770677e-15,False,23,True,1,False
72,mechanistic_target,True,,solved,1,2800,6.214639671352258e-14,0.0017650521452684,984.90039399741,3.4573781667500815e-13,0.0,0.0,0.0,3.642028157240029e-14,0.0,False,0,True,1,False
73,raw_prediction,True,12264100.0,solved,1,3950,8.221621011572682e-14,0.0017660114029909,1302.260442045701,2.4740626214381223e-14,1.4333522988238088e-17,5.823861382930531e-17,0.0,4.286266670162299e-14,8.640176088479395e-18,False,8,True,1,False
73,mechanistic_target,True,,solved,1,2550,8.221621011572682e-14,0.0017660114029909,1302.260442045701,5.528350829934337e-11,0.0,0.0,0.0,7.301480285199137e-15,0.0,False,0,True,1,False
74,raw_prediction,True,12363400.0,solved,1,3725,7.001715324595461e-14,0.0014779361050177,1325.2038501001816,1.2514081091109071e-14,0.0,6.110172030565625e-15,0.0,2.3194223786113104e-14,1.5949473243780022e-15,False,14,True,1,False
74,mechanistic_target,True,,solved,1,4525,7.001715324595461e-14,0.0014779361050177,1325.2038501001816,9.551054720099765e-14,0.0,0.0,0.0,7.066429969476262e-15,0.0,False,0,True,1,False
75,raw_prediction,True,21192700.0,solved,1,6900,5.965710574778602e-14,0.0010505066399328,1588.5367868216956,2.301804580273625e-14,1.8776712935490933e-14,1.5977231481897504e-16,0.0,2.7534767605277373e-14,3.2991354293053505e-14,False,26,True,1,False
75,mechanistic_target,True,,solved,1,9050,5.965710574778602e-14,0.0010505066399328,1588.5367868216956,2.591520894946752e-14,0.0,4.9451463382387846e-15,0.0,1.2635881072914777e-13,3.796288502624748e-15,False,5,True,1,False
76,raw_prediction,True,7662100.0,solved,1,1875,6.341126359802591e-14,0.0020399162234319,869.5368147837893,8.705276083320612e-15,4.603209415806575e-15,1.1897413056516938e-14,0.0,2.8199833173182968e-14,3.56706697251578e-15,False,20,True,1,False
76,mechanistic_target,True,,solved,1,10375,6.341126359802591e-14,0.0020399162234319,869.5368147837893,1.917345413338047e-13,0.0,0.0,0.0,1.9043479908255944e-15,0.0,False,0,True,1,False
77,raw_prediction,True,11811700.0,solved,1,3025,7.625827137604085e-14,0.0012557951393522,1698.6427787500013,1.029577718612229e-14,0.0,7.947729178020317e-17,0.0,1.0123619330840049e-13,1.4966685434748384e-15,False,13,True,1,False
77,mechanistic_target,True,,solved,1,5625,7.625827137604085e-14,0.0012557951393522,1698.6427787500013,9.990956897446945e-14,0.0,0.0,0.0,7.014953203230585e-15,8.163310620332133e-20,False,3,True,1,False
78,raw_prediction,True,96818900.0,solved,1,36850,9.719835440482095e-14,0.0004971049227717,5469.4637314586,4.6305126148342416e-14,9.972593555035182e-16,1.5983063144606546e-14,0.0,4.147382899029141e-13,4.010084819595463e-15,False,21,True,1,False
78,mechanistic_target,True,,solved,1,49450,9.719835440482095e-14,0.0004971049227717,5469.4637314586,5.564502529969467e-15,0.0,6.668904356501829e-17,0.0,6.16579465284204e-14,8.676737728706048e-19,False,1,True,1,False
79,raw_prediction,True,275708900.0,solved inaccurate,2,100000,5.7876539043592e-14,0.0011740308912719,1378.9766966298996,4.653650922282584e-14,1.3487802670077381e-15,1.0366188514113004e-15,0.0,3.605686961919895e-13,2.4415377503748523e-15,False,22,True,1,False
79,mechanistic_target,True,,solved,1,5950,5.7876539043592e-14,0.0011740308912719,1378.9766966298996,4.1386150444574737e-14,0.0,6.1963279418895615e-15,0.0,2.4863127171170685e-13,1.0983057411470498e-15,False,2,True,1,False
80,raw_prediction,True,8329400.0,solved,1,1775,5.774314211378347e-14,0.0018286182005785,883.3061880173196,2.534282066369265e-14,1.821798968878781e-14,2.5301736769244755e-14,0.0,3.5356268220759496e-14,1.5335231458004464e-14,False,32,True,1,False
80,mechanistic_target,True,,solved,1,3200,5.774314211378347e-14,0.0018286182005785,883.3061880173196,3.2328110569587265e-14,0.0,0.0,0.0,4.093283067178684e-15,2.0782398746913716e-19,False,3,True,1,False
81,raw_prediction,True,6248400.0,solved,1,975,5.801105565972699e-14,0.0029298580395754,553.8575613488655,1.15990327494434e-14,0.0,7.981229494470889e-15,0.0,4.019177005786027e-14,4.433202925160407e-15,False,17,True,1,False
81,mechanistic_target,True,,solved,1,3950,5.801105565972699e-14,0.0029298580395754,553.8575613488655,3.514413160193372e-12,0.0,0.0,0.0,1.3455643919654451e-16,0.0,False,0,True,1,False
82,raw_prediction,True,21139700.0,solved,1,7075,9.846972503705257e-14,0.0008478303018181,3248.83525529804,2.4958334010616312e-14,1.780580558042467e-15,3.0106430911304402e-15,0.0,4.7255435463105086e-14,1.4432030891530563e-15,False,25,True,1,False
82,mechanistic_target,True,,solved,1,12300,9.846972503705257e-14,0.0008478303018181,3248.83525529804,1.2924105572310356e-13,0.0,3.367266126247411e-15,0.0,1.2432293044857847e-14,6.070894938110617e-19,False,1,True,1,False
83,raw_prediction,True,21894400.0,solved,1,7625,7.66381009973923e-14,0.0008737244078257,2453.602273131805,1.0345986887264503e-14,0.0,1.0826253552105951e-15,0.0,5.3072789028663196e-14,1.8166959451435608e-16,False,14,True,1,False
83,mechanistic_target,True,,solved,1,14000,7.66381009973923e-14,0.0008737244078257,2453.602273131805,1.1458050490091107e-14,0.0,0.0,0.0,1.9379901505094622e-14,1.472605712806039e-20,False,3,True,1,False
84,raw_prediction,True,17394600.0,solved,1,6175,6.046857585015929e-14,0.0014040743314744,1204.6851000567085,9.80656381341516e-15,0.0,6.689135597608546e-17,0.0,2.4538331911787983e-14,1.471347132448648e-16,False,5,True,1,False
84,mechanistic_target,True,,solved,1,4825,6.046857585015929e-14,0.0014040743314744,1204.6851000567085,4.058352247686095e-14,0.0,0.0,0.0,5.507268170568512e-15,0.0,False,0,True,1,False
85,raw_prediction,True,6434000.0,solved,1,1250,6.228942103080492e-14,0.0030518353863634,570.9355533723144,1.1955445985462548e-14,0.0,6.57780988169769e-16,0.0,8.668201996733828e-15,2.7125201485049834e-16,False,18,True,1,False
85,mechanistic_target,True,,solved,1,3850,6.228942103080492e-14,0.0030518353863634,570.9355533723144,6.859525825584014e-13,0.0,1.2583545018807582e-13,0.0,9.127471036853624e-15,1.3993185972503308e-17,False,1,True,1,False
86,raw_prediction,True,9109600.0,solved,1,2700,9.54334758505326e-14,0.0013631181655477,1958.39880251876,7.729927808952652e-14,4.701015387498162e-15,4.642561332314935e-14,0.0,2.9877780469523785e-14,5.263933023808416e-14,False,27,True,1,False
86,mechanistic_target,True,,solved,1,4750,9.54334758505326e-14,0.0013631181655477,1958.39880251876,1.712472892465861e-13,0.0,1.0480219928273964e-14,0.0,1.6567757765349646e-14,1.986767822362183e-17,False,1,True,1,False
87,raw_prediction,True,6495700.0,solved,1,1200,6.557995777364268e-14,0.0028960513812503,633.4302044717285,7.302131555147577e-15,8.877357890867955e-16,7.947729178020317e-17,0.0,1.8668273267672871e-13,1.6989472038775101e-15,False,19,True,1,False
87,mechanistic_target,True,,solved,1,4800,6.557995777364268e-14,0.0028960513812503,633.4302044717285,2.888154488436691e-13,0.0,3.567480185067823e-14,0.0,4.5137466319999835e-15,6.348163884777998e-18,False,1,True,1,False
88,raw_prediction,True,4792100.0,solved,1,500,5.715333994180427e-14,0.0035192471463984,454.28222712208736,7.940634836435846e-15,1.2447493727319638e-15,1.7102634631009046e-14,0.0,2.0466007761879615e-14,3.7093879638824126e-15,False,15,True,1,False
88,mechanistic_target,True,,solved,1,2425,5.715333994180427e-14,0.0035192471463984,454.28222712208736,4.995294362606284e-13,0.0,1.181138874401242e-16,0.0,9.075220414410415e-17,3.11612843909835e-20,False,1,True,1,False
89,raw_prediction,True,8784600.0,solved,1,2550,6.876656434621893e-14,0.0013907474450006,1383.129852061247,1.847133557220104e-14,2.693982935528782e-16,1.2680201184443776e-14,0.0,5.1688666674120656e-14,4.324175270178535e-15,False,33,True,1,False
89,mechanistic_target,True,,solved,1,5000,6.876656434621893e-14,0.0013907474450006,1383.129852061247,1.1278462384895645e-13,0.0,4.951151317600672e-15,0.0,1.702930508199955e-14,6.617485236116173e-18,False,1,True,1,False
90,raw_prediction,True,104409100.0,solved,1,44775,5.750469008157065e-14,0.0011930887101673,1348.2313751991624,2.8568641861206553e-14,0.0,1.4299218327437452e-15,0.0,2.0439926696656972e-13,2.445861144407688e-16,False,9,True,1,False
90,mechanistic_target,True,,solved,1,34500,5.750469008157065e-14,0.0011930887101673,1348.2313751991624,5.001476701670264e-14,0.0,4.408925650959881e-15,0.0,1.0611343251987509e-13,4.396082918756753e-15,False,2,True,1,False
91,raw_prediction,True,6454700.0,solved,1,1450,5.706463072395359e-14,0.0090534334214789,176.3143244781236,9.374602981569085e-14,1.9769309073135426e-17,0.0,0.0,9.459296887687991e-15,3.6035231573477916e-17,False,7,True,1,False
91,mechanistic_target,True,,solved,1,275,5.706463072395359e-14,0.0090534334214789,176.3143244781236,2.4084164853179008e-17,0.0,0.0,0.0,2.504560536382528e-17,0.0,False,0,True,1,False
92,raw_prediction,True,5520400.0,solved,1,625,5.761712614933384e-14,0.0020827771053456,773.8248923311006,2.381785711588924e-15,0.0,1.779895293565293e-15,0.0,2.7761851688658305e-14,2.531431434487173e-15,False,20,True,1,False
92,mechanistic_target,True,,solved,1,10525,5.761712614933384e-14,0.0020827771053456,773.8248923311006,7.548382928611159e-14,0.0,0.0,0.0,1.0882144853372982e-14,0.0,False,0,True,1,False
93,raw_prediction,True,31376400.0,solved,1,10375,5.718738050655675e-14,0.0008871635396648,1803.144026293572,1.0678957718113224e-13,0.0,3.5715527301386606e-17,0.0,8.061132989685215e-13,4.070810149965308e-16,False,8,True,1,False
93,mechanistic_target,True,,solved inaccurate,2,100000,5.718738050655675e-14,0.0008871635396648,1803.144026293572,3.834026417561778e-13,0.0,0.0,0.0,1.7598266166722524e-12,4.022861853269316e-14,False,3,True,1,False
94,raw_prediction,True,6644000.0,solved,1,825,6.622450107892226e-14,0.0017890759943197,1035.437298737181,1.6638166538962553e-15,7.732050285328564e-15,2.2738293985173613e-16,0.0,3.692490878185946e-14,9.021473641956338e-16,False,12,True,1,False
94,mechanistic_target,True,,solved,1,13425,6.622450107892226e-14,0.0017890759943197,1035.437298737181,1.6359740416104212e-13,0.0,1.1764861504315896e-14,0.0,3.414942086328159e-14,1.4039879521913128e-17,False,1,True,1,False
95,raw_prediction,True,11626200.0,solved,1,3050,6.48924569830955e-14,0.0015235083751938,1191.4704352396227,1.3080328397601418e-14,1.0839854733830364e-15,3.8568536831565895e-15,0.0,3.788004934642698e-14,1.360978082575507e-15,False,23,True,1,False
95,mechanistic_target,True,,solved,1,19850,6.48924569830955e-14,0.0015235083751938,1191.4704352396227,1.7266825636043095e-14,0.0,0.0,0.0,8.011363838888165e-15,5.3816195840660974e-20,False,3,True,1,False
96,raw_prediction,True,16838200.0,solved,1,6075,6.674933730887526e-14,0.0013708464399471,1362.04685678697,9.60531211445378e-15,0.0,3.4646312746999877e-15,0.0,3.878087331051586e-14,1.4122066713149437e-15,False,16,True,1,False
96,mechanistic_target,True,,solved,1,5325,6.674933730887526e-14,0.0013708464399471,1362.04685678697,3.3358548084867163e-14,0.0,0.0,0.0,6.725282514768857e-15,5.2475674179165336e-20,False,3,True,1,False
97,raw_prediction,True,6606800.0,solved,1,975,6.176437499194873e-14,0.0030073799458426,574.4915565838296,7.528699885739343e-15,0.0,1.0729345144581744e-14,0.0,2.1049625174987922e-14,5.474743035918957e-15,False,17,True,1,False
97,mechanistic_target,True,,solved,1,2925,6.176437499194873e-14,0.0030073799458426,574.4915565838296,2.0572890321390886e-13,0.0,0.0,0.0,2.3985130371038975e-17,0.0,False,0,True,1,False
98,raw_prediction,True,3872900.0,solved,1,550,6.976567762934663e-14,0.0025418756652724,767.7528052124223,3.25434124093249e-15,0.0,3.054519480313843e-15,0.0,1.0765802751465833e-13,1.4541476484092225e-14,False,17,True,1,False
98,mechanistic_target,True,,solved,1,6325,6.976567762934663e-14,0.0025418756652724,767.7528052124223,2.821010708123455e-13,0.0,0.0,0.0,5.446829138019103e-15,0.0,False,0,True,1,False
99,raw_prediction,True,7153100.0,solved,1,1100,6.693924468299982e-14,0.0024012951004086,779.7747558680596,2.1427804942963136e-14,2.335116475984912e-15,3.9759971107986846e-14,0.0,3.3092803677823584e-14,7.094261943417974e-14,False,33,True,1,False
99,mechanistic_target,True,,solved,1,5575,6.693924468299982e-14,0.0024012951004086,779.7747558680596,8.108367377273247e-13,0.0,1.2590475128720273e-13,0.0,3.2330960231926845e-15,2.2469740875229623e-16,False,1,True,1,False
100,raw_prediction,True,5641300.0,solved,1,1050,5.769973483120232e-14,0.0021737090684777,742.5168243405491,1.6397167489128323e-14,0.0,7.250347672632895e-15,0.0,3.333750953146984e-14,8.156397058911636e-15,False,18,True,1,False
100,mechanistic_target,True,,solved,1,10625,5.769973483120232e-14,0.0021737090684777,742.5168243405491,3.5093932923606966e-14,0.0,0.0,0.0,2.3885539971844038e-15,1.906179219819911e-19,False,3,True,1,False
101,raw_prediction,True,5367700.0,solved,1,1050,8.117945400982833e-14,0.0020490132598148,1108.2436604942338,1.3735528345738724e-14,0.0,2.929374341926677e-14,0.0,3.0587143879631e-14,4.19479858100104e-14,False,25,True,1,False
101,mechanistic_target,True,,solved,1,1800,8.117945400982833e-14,0.0020490132598148,1108.2436604942338,5.516486353867724e-13,0.0,0.0,0.0,6.155279047978174e-17,0.0,False,0,True,1,False
102,raw_prediction,True,247854900.0,solved inaccurate,2,100000,7.079962793722669e-14,0.0008119673112573,2439.0815914101945,6.659961768839539e-14,0.0,3.6260062099849527e-16,0.0,5.724439048668496e-13,7.50335873329299e-17,False,1,True,1,False
102,mechanistic_target,True,,solved,1,19650,7.079962793722669e-14,0.0008119673112573,2439.0815914101945,6.566941754015781e-14,0.0,3.6939647345880084e-15,0.0,2.7292417246819553e-13,3.6545342248500745e-15,False,5,True,1,False
103,raw_prediction,True,10089500.0,solved,1,2950,6.532591688897895e-14,0.0014634775430924,1248.628805929163,1.2099073684719404e-14,9.45110295004147e-16,1.4112389489673937e-15,0.0,9.696370277590145e-14,6.603263934443549e-16,False,22,True,1,False
103,mechanistic_target,True,,solved,1,24650,6.532591688897895e-14,0.0014634775430924,1248.628805929163,1.5243910826606836e-14,0.0,0.0,0.0,7.648742802603105e-15,0.0,False,0,True,1,False
104,raw_prediction,True,252435000.0,solved inaccurate,2,100000,5.71932273269825e-14,0.0010839824831423,1475.8976394377169,6.018982294446069e-14,0.0,0.0,0.0,2.9408439975708543e-13,0.0,False,0,True,1,False
104,mechanistic_target,True,,solved,1,3875,5.71932273269825e-14,0.0010839824831423,1475.8976394377169,2.6079707851126425e-13,0.0,1.9763464375530753e-14,0.0,1.059557489209173e-12,7.734617347870237e-13,False,2,True,1,False
105,raw_prediction,True,3656000.0,solved,1,225,6.113956678974994e-14,0.0046449544772938,368.1923777670112,1.7732868992648143e-11,5.016569338423899e-15,9.62856502161507e-14,0.0,7.869130682525757e-15,6.411303122990376e-14,False,18,True,1,False
105,mechanistic_target,True,,solved,1,1775,6.113956678974994e-14,0.0046449544772938,368.1923777670112,8.083063666565766e-13,0.0,1.2276661140977664e-16,0.0,3.9027927105160167e-16,1.8469061154970465e-19,False,1,True,1,False
106,raw_prediction,True,49347000.0,solved,1,20275,6.915792413284863e-14,0.0015639774187185,1236.930701350032,1.482536678339122e-14,0.0,1.9437999913860288e-15,0.0,1.891518549407012e-14,8.310552117823439e-17,False,2,True,1,False
106,mechanistic_target,True,,solved,1,3725,6.915792413284863e-14,0.0015639774187185,1236.930701350032,1.8053429705967642e-13,0.0,0.0,0.0,4.4880332914879785e-14,0.0,False,0,True,1,False
107,raw_prediction,True,15494300.0,solved,1,5500,9.70568501952793e-14,0.0014910543740289,1820.8183033257217,1.0717917847163652e-14,0.0,7.11616145429866e-15,0.0,4.88187734622909e-14,2.174827188145367e-17,False,4,True,1,False
107,mechanistic_target,True,,solved,1,3475,9.70568501952793e-14,0.0014910543740289,1820.8183033257217,6.482695479915035e-13,0.0,6.279789704513529e-14,0.0,8.209538311050856e-14,4.482092116547467e-17,False,1,True,1,False
108,raw_prediction,True,4766000.0,solved,1,550,5.712707635006758e-14,0.0044094726789068,362.40087762830245,1.0691892746318875e-14,0.0,6.78258330665658e-14,0.0,3.3029487758534634e-14,7.266799338651821e-14,False,26,True,1,False
108,mechanistic_target,True,,solved,1,1075,5.712707635006758e-14,0.0044094726789068,362.40087762830245,2.561673545299191e-15,0.0,0.0,0.0,2.1403058953548723e-16,0.0,False,0,True,1,False
109,raw_prediction,True,8538100.0,solved,1,2300,8.834447631010139e-14,0.0014769162867416,1673.236845712304,1.07106164215498e-14,4.452506520270654e-16,8.361288041826645e-15,0.0,2.5689074188557703e-14,2.3507728057853623e-15,False,20,True,1,False
109,mechanistic_target,True,,solved,1,3500,8.834447631010139e-14,0.0014769162867416,1673.236845712304,9.572063883766792e-13,0.0,0.0,0.0,1.486610201728024e-13,0.0,False,0,True,1,False
110,raw_prediction,True,3362400.0,solved,1,250,5.937557486081303e-14,0.0045132367764797,368.0049052195656,7.23431731186608e-14,1.436777955834422e-13,1.982696441658921e-13,0.0,2.1826479849603195e-14,1.0690198059222463e-13,False,28,True,1,False
110,mechanistic_target,True,,solved,1,1850,5.937557486081303e-14,0.0045132367764797,368.0049052195656,7.825348737028968e-13,0.0,0.0,0.0,2.3911232547490573e-16,0.0,False,0,True,1,False
111,raw_prediction,True,12032500.0,solved,1,3450,7.085947313390193e-14,0.001638094509858,1210.0208746404376,9.85132218890975e-15,0.0,3.0326446663272204e-16,0.0,1.034324741381651e-13,1.2831083708730844e-15,False,13,True,1,False
111,mechanistic_target,True,,solved,1,16000,7.085947313390193e-14,0.001638094509858,1210.0208746404376,1.475283400652104e-13,0.0,0.0,0.0,4.04627825295082e-14,0.0,False,0,True,1,False
112,raw_prediction,True,3636500.0,solved,1,450,6.25887643677126e-14,0.0025397586780235,689.3468943301359,6.517486410394743e-15,0.0,0.0,0.0,2.2304374623321702e-14,1.6710687817424364e-14,False,2,True,1,False
112,mechanistic_target,True,,solved,1,4700,6.25887643677126e-14,0.0025397586780235,689.3468943301359,8.814604824439603e-13,0.0,0.0,0.0,5.603908169059571e-15,0.0,False,0,True,1,False
113,raw_prediction,True,94590500.0,solved,1,34300,6.076849840743287e-14,0.0013397702192032,1268.767611343476,7.911494401367483e-14,0.0,0.0,0.0,1.457991712767796e-13,0.0,False,0,True,1,False
113,mechanistic_target,True,,solved,1,26150,6.076849840743287e-14,0.0013397702192032,1268.767611343476,3.7602087819658213e-14,0.0,0.0,0.0,2.794199317177517e-15,0.0,False,0,True,1,False
114,raw_prediction,True,5404300.0,solved,1,1025,7.112968241004907e-14,0.0017822566969187,1116.38633733708,4.9829931847433776e-15,9.18487713180702e-18,1.4286210920554642e-16,0.0,7.025266354273447e-14,2.757333586058583e-15,False,20,True,1,False
114,mechanistic_target,True,,solved,1,10725,7.112968241004907e-14,0.0017822566969187,1116.38633733708,1.017716288382385e-12,0.0,0.0,0.0,1.0056624557742255e-14,1.7211459091116408e-19,False,3,True,1,False
115,raw_prediction,True,10110100.0,solved,1,2675,5.720407217087964e-14,0.0012852073906203,1245.0524008521222,1.8101926618203723e-14,7.540483204297091e-15,1.0578743390589402e-14,0.0,7.059245036556764e-14,1.6524397614656703e-14,False,29,True,1,False
115,mechanistic_target,True,,solved,1,6150,5.720407217087964e-14,0.0012852073906203,1245.0524008521222,2.2159358224869262e-14,0.0,0.0,0.0,8.195943880044163e-15,4.494739170042867e-20,False,3,True,1,False
116,raw_prediction,True,7235400.0,solved,1,1950,9.354510071542409e-14,0.0012541311157178,2086.4693162147423,1.911838742874039e-14,0.0,6.366564026273905e-16,0.0,5.88869062949535e-14,7.50240773521801e-16,False,7,True,1,False
116,mechanistic_target,True,,solved,1,3700,9.354510071542409e-14,0.0012541311157178,2086.4693162147423,1.5992293935802728e-13,0.0,6.949858463476808e-14,0.0,3.4703419861550395e-14,3.050906905722801e-16,False,3,True,1,False
117,raw_prediction,True,13881200.0,solved,1,4250,6.667259668977404e-14,0.0012313941247266,1514.552008426633,9.037780057635212e-15,8.188935473784789e-16,2.4830269186321107e-15,0.0,5.5358472385410896e-14,1.7191080084076977e-15,False,12,True,1,False
117,mechanistic_target,True,,solved,1,8175,6.667259668977404e-14,0.0012313941247266,1514.552008426633,8.892364914962206e-15,0.0,1.7325867370081836e-17,0.0,1.504927707749738e-14,3.245976387040742e-20,False,4,True,1,False
118,raw_prediction,True,13224100.0,solved,1,3825,8.778925249550087e-14,0.0015157680871178,1620.102493365544,1.5730472480157687e-14,0.0,2.4748585362597332e-14,0.0,1.7466991693395312e-14,2.2860163451338428e-15,False,6,True,1,False
118,mechanistic_target,True,,solved,1,3850,8.778925249550087e-14,0.0015157680871178,1620.102493365544,2.644934853793974e-13,0.0,1.9752364159164487e-14,0.0,3.4482404387309454e-14,2.0525880174689032e-17,False,1,True,1,False
119,raw_prediction,True,8704500.0,solved,1,2650,7.082280296268111e-14,0.0019882109060559,996.4248676962644,6.823361320407173e-14,0.0,7.627202240777612e-15,0.0,2.3841800967595563e-14,2.2353784609412506e-15,False,5,True,1,False
119,mechanistic_target,True,,solved,1,10700,7.082280296268111e-14,0.0019882109060559,996.4248676962644,1.7262580756163768e-13,0.0,0.0,0.0,2.075389236105975e-15,0.0,False,0,True,1,False
120,raw_prediction,True,21424800.0,solved,1,8075,6.696794983844951e-14,0.0014095910364498,1328.947341495378,1.3198618538378475e-14,0.0,4.7933485810976944e-14,0.0,1.6826858785104823e-14,1.4334835807134856e-15,False,1,True,1,False
120,mechanistic_target,True,,solved,1,4125,6.696794983844951e-14,0.0014095910364498,1328.947341495378,2.2372240976347278e-13,0.0,0.0,0.0,4.721073008815216e-14,0.0,False,0,True,1,False
121,raw_prediction,True,8426700.0,solved,1,2500,5.71694734595095e-14,0.0045062060244683,354.8845126738348,1.2290380208276896e-14,1.896332147760665e-15,2.53194161039438e-16,0.0,3.5593486412699525e-14,7.689734167770647e-17,False,8,True,1,False
121,mechanistic_target,True,,solved,1,1225,5.71694734595095e-14,0.0045062060244683,354.8845126738348,1.4279584924175708e-14,0.0,0.0,0.0,3.0980278619516963e-17,0.0,False,0,True,1,False
122,raw_prediction,True,17708200.0,solved,1,5750,6.91638032426074e-14,0.0014458778831134,1338.0771380591343,2.747792499178253e-14,0.0,8.242597111219553e-17,0.0,3.1635084372115243e-14,1.6540632663578824e-16,False,19,True,1,False
122,mechanistic_target,True,,solved,1,4400,6.91638032426074e-14,0.0014458778831134,1338.0771380591343,1.754067389613409e-13,0.0,0.0,0.0,3.2065706764114054e-14,0.0,False,0,True,1,False
123,raw_prediction,True,22820800.0,solved,1,8850,6.928936809130868e-14,0.0010146324580759,1910.256771582161,1.3144693666866658e-13,2.6472235693973588e-17,1.94128712764351e-17,0.0,6.788400271582774e-14,2.159508627624048e-15,False,6,True,1,False
123,mechanistic_target,True,,solved,1,11100,6.928936809130868e-14,0.0010146324580759,1910.256771582161,1.6113033692063412e-14,0.0,0.0,0.0,1.1839439550132252e-14,2.634672186677408e-20,False,3,True,1,False
124,raw_prediction,True,4640800.0,solved,1,875,6.803136017855244e-14,0.0026927313345064,706.7243066602836,1.2500296494103388e-14,0.0,7.759235205408971e-17,0.0,6.278044806624583e-14,1.5493814853616992e-14,False,5,True,1,False
124,mechanistic_target,True,,solved,1,2850,6.803136017855244e-14,0.0026927313345064,706.7243066602836,7.45434163761375e-13,0.0,0.0,0.0,2.032602441608858e-16,0.0,False,0,True,1,False
125,raw_prediction,True,24204200.0,solved,1,9475,6.241465544121168e-14,0.0024163484700611,722.5383620751859,1.6423475270630567e-14,0.0,1.2500434555485315e-16,0.0,7.707081227624572e-15,3.3524538266508947e-16,False,14,True,1,False
125,mechanistic_target,True,,solved,1,6450,6.241465544121168e-14,0.0024163484700611,722.5383620751859,4.906408271631931e-13,0.0,0.0,0.0,5.443636706219826e-15,0.0,False,0,True,1,False
126,raw_prediction,True,7592600.0,solved,1,1850,6.855974127161343e-14,0.0022148674456833,865.8752551053673,2.2379633867616015e-14,1.0118594782512475e-13,5.8833361268490355e-16,0.0,1.0178805991604325e-13,1.0066596957479591e-14,False,9,True,1,False
126,mechanistic_target,True,,solved,1,8350,6.855974127161343e-14,0.0022148674456833,865.8752551053673,2.07278091242605e-13,0.0,0.0,0.0,2.6914781360009592e-15,0.0,False,0,True,1,False
127,raw_prediction,True,120531500.0,solved,1,41875,6.82595943531698e-14,0.0013485310709326,1415.9132447621807,7.893886046427076e-15,1.3193154940010222e-12,7.451968867858491e-13,0.0,1.7754741581683339e-13,3.4557942683157937e-13,False,14,True,1,False
127,mechanistic_target,True,,solved,1,5550,6.82595943531698e-14,0.0013485310709326,1415.9132447621807,4.405482193462993e-14,0.0,0.0,0.0,4.700244720147914e-15,0.0,False,0,True,1,False
128,raw_prediction,True,236137200.0,maximum iterations reached,7,100000,8.64074573649147e-14,0.0005652293907736,4276.223422993462,4.205577222347281e-14,0.0,3.5247914320105603e-17,0.0,4.942642430703599e-13,2.294573429155686e-15,False,10,True,1,False
128,mechanistic_target,True,,solved,1,35425,8.64074573649147e-14,0.0005652293907736,4276.223422993462,1.4993846314211348e-14,0.0,0.0,0.0,1.974075916682904e-14,0.0,False,0,True,1,False
129,raw_prediction,True,10965100.0,solved,1,2750,8.678013970834652e-14,0.0013969772230511,1737.660457007779,1.31041011375288e-14,0.0,7.893523675850331e-15,0.0,5.2881252258978775e-14,3.1007241629556374e-15,False,21,True,1,False
129,mechanistic_target,True,,solved,1,4075,8.678013970834652e-14,0.0013969772230511,1737.660457007779,6.722861470403842e-13,0.0,0.0,0.0,1.3085957021853928e-13,0.0,False,0,True,1,False
130,raw_prediction,True,38871500.0,solved,1,14300,8.00366575612003e-14,0.0007703546242838,2906.2444991840634,4.890792631995212e-14,7.657330867447622e-17,6.1247896670023845e-15,0.0,1.8131364093301168e-14,2.438277980192074e-15,False,27,True,1,False
130,mechanistic_target,True,,solved,1,18100,8.00366575612003e-14,0.0007703546242838,2906.2444991840634,1.3727920275650884e-14,0.0,0.0,0.0,1.6495482915292073e-14,2.665148968401318e-21,False,3,True,1,False
131,raw_prediction,True,17502600.0,solved,1,6450,5.845989192308791e-14,0.0013252853473122,1233.9072338018746,2.0994441516712952e-14,0.0,0.0,0.0,7.95877126730494e-14,4.112413492484665e-16,False,2,True,1,False
131,mechanistic_target,True,,solved,1,6500,5.845989192308791e-14,0.0013252853473122,1233.9072338018746,1.466385619580668e-14,0.0,0.0,0.0,1.1092568451033311e-14,0.0,False,0,True,1,False
132,raw_prediction,True,226644800.0,solved inaccurate,2,100000,6.953372310662014e-14,0.0014317345199936,1358.5226579247555,1.9689140093984077e-14,0.0,1.9395134179898542e-16,0.0,8.135064796767764e-14,3.67908406724347e-16,False,12,True,1,False
132,mechanistic_target,True,,solved,1,26875,6.953372310662014e-14,0.0014317345199936,1358.5226579247555,1.5998884439796553e-14,0.0,0.0,0.0,7.444569634499674e-15,5.679875752505561e-20,False,1,True,1,False
133,raw_prediction,True,20938400.0,solved,1,6800,5.821953893132791e-14,0.0013526310716217,1203.9911669246874,1.81774377413394e-14,0.0,0.0,0.0,1.2738607280039516e-13,2.2657843857763213e-16,False,3,True,1,False
133,mechanistic_target,True,,solved,1,29200,5.821953893132791e-14,0.0013526310716217,1203.9911669246874,1.3401858571254576e-14,0.0,0.0,0.0,1.3178369835699495e-14,4.702840769826448e-21,False,3,True,1,False
134,raw_prediction,True,12260200.0,solved,1,3125,6.404171671381127e-14,0.0016195531144904,1106.1185306791906,1.2520012972700286e-14,1.1018108819025385e-15,1.5994041421630465e-15,0.0,2.0690339527177552e-14,2.965238832369387e-16,False,10,True,1,False
134,mechanistic_target,True,,solved,1,17825,6.404171671381127e-14,0.0016195531144904,1106.1185306791906,1.7180230557673323e-14,0.0,0.0,0.0,4.8928981893993706e-15,0.0,False,0,True,1,False
135,raw_prediction,True,20943100.0,solved,1,7100,5.865416157271631e-14,0.001267653284891,1294.2919305798132,2.0048916743468533e-14,0.0,0.0,0.0,5.2602547873834345e-14,1.4376260002433686e-17,False,5,True,1,False
135,mechanistic_target,True,,solved,1,7200,5.865416157271631e-14,0.001267653284891,1294.2919305798132,1.4203492004228275e-14,0.0,0.0,0.0,1.7822452655323573e-14,8.953385960162628e-20,False,3,True,1,False
136,raw_prediction,True,11654200.0,solved,1,3475,8.64840774290839e-14,0.0014475311509992,1671.252757617892,8.840150833577809e-15,1.3374253169781691e-14,3.9743946115712496e-17,0.0,6.545160115782655e-14,9.156762139742023e-15,False,7,True,1,False
136,mechanistic_target,True,,solved,1,3550,8.64840774290839e-14,0.0014475311509992,1671.252757617892,9.457664163742776e-13,0.0,0.0,0.0,1.6419147207811689e-13,0.0,False,0,True,1,False
137,raw_prediction,True,17604200.0,solved,1,5725,6.975039794947025e-14,0.0014592534409757,1337.0568157027467,9.658608655858027e-15,0.0,3.4549986373343997e-15,0.0,4.3838240420448165e-14,1.0509541228484273e-15,False,14,True,1,False
137,mechanistic_target,True,,solved,1,4850,6.975039794947025e-14,0.0014592534409757,1337.0568157027467,3.270056574214079e-14,0.0,0.0,0.0,8.442454158391257e-15,0.0,False,0,True,1,False
138,raw_prediction,True,3084100.0,solved,1,100,5.88923730830104e-14,0.0062588582302796,263.20724458118974,1.593364329366409e-12,3.3796007238397594e-14,2.057272778939134e-14,0.0,7.959254225784678e-15,2.8688115891656487e-14,False,38,True,1,False
138,mechanistic_target,True,,solved,1,825,5.88923730830104e-14,0.0062588582302796,263.20724458118974,1.2633599939745644e-14,0.0,0.0,0.0,5.350163188355782e-17,0.0,False,0,True,1,False
139,raw_prediction,True,46042700.0,solved,1,18200,9.73991668213918e-14,0.0008000165630859,3405.5727477420664,2.757208908819652e-14,0.0,2.653488648941053e-17,0.0,3.8513877379951845e-13,1.0092144196294745e-17,False,3,True,1,False
139,mechanistic_target,True,,solved,1,11225,9.73991668213918e-14,0.0008000165630859,3405.5727477420664,5.861955298211491e-13,0.0,0.0,0.0,5.183195710900373e-14,0.0,False,0,True,1,False
140,raw_prediction,True,14478300.0,solved,1,4600,8.97114413360357e-14,0.001590758523846,1577.5294432831397,1.953550920969425e-14,1.1385006029709602e-15,1.629922670631928e-15,0.0,4.47054730891124e-14,3.6093212781396717e-16,False,9,True,1,False
140,mechanistic_target,True,,solved,1,2625,8.97114413360357e-14,0.001590758523846,1577.5294432831397,1.904162041692765e-11,0.0,0.0,0.0,2.5307206060773857e-15,0.0,False,0,True,1,False
141,raw_prediction,True,4568800.0,solved,1,450,6.946260169192538e-14,0.0032447360459595,598.8327870946526,2.083195485088836e-15,0.0,6.459221274421791e-15,0.0,1.068095293022344e-12,1.2136137439791328e-14,False,16,True,1,False
141,mechanistic_target,True,,solved,1,3025,6.946260169192538e-14,0.0032447360459595,598.8327870946526,8.416837257948642e-13,0.0,0.0,0.0,1.1141642568282722e-16,0.0,False,0,True,1,False
142,raw_prediction,True,31743000.0,solved,1,10875,6.53213965479887e-14,0.0022609881018983,808.148335500546,2.38073449843057e-14,0.0,0.0,0.0,3.1323233348099734e-14,3.824393008938091e-18,False,3,True,1,False
142,mechanistic_target,True,,solved,1,6050,6.53213965479887e-14,0.0022609881018983,808.148335500546,1.0199900051210649e-12,0.0,0.0,0.0,7.371041981884423e-15,0.0,False,0,True,1,False
143,raw_prediction,True,55603100.0,solved,1,23125,7.698866392740639e-14,0.0006340054220196,3396.782265518893,4.767800737548456e-14,0.0,0.0,0.0,2.037056445797437e-14,3.001080629956736e-19,False,3,True,1,False
143,mechanistic_target,True,,solved,1,27650,7.698866392740639e-14,0.0006340054220196,3396.782265518893,6.441618073867138e-15,0.0,0.0,0.0,2.657308017656146e-14,2.308893998879896e-21,False,3,True,1,False
144,raw_prediction,True,4381100.0,solved,1,625,5.711463381390372e-14,0.0023026301558114,693.8364434003066,3.871073760597486e-15,1.5900604856551203e-14,7.092997678083796e-16,0.0,2.0758671960206976e-14,1.1668020181368556e-14,False,11,True,1,False
144,mechanistic_target,True,,solved,1,9425,5.711463381390372e-14,0.0023026301558114,693.8364434003066,4.4146418261495445e-14,0.0,0.0,0.0,1.858634109155337e-15,0.0,False,0,True,1,False
145,raw_prediction,True,11802200.0,solved,1,3075,7.610864009426342e-14,0.0012783176088789,1665.440375710461,1.877729742527645e-14,4.4524388004468026e-15,6.270904587205058e-15,0.0,2.8678220019168325e-14,1.5595457709292184e-15,False,23,True,1,False
145,mechanistic_target,True,,solved,1,4575,7.610864009426342e-14,0.0012783176088789,1665.440375710461,5.131727124052927e-13,0.0,0.0,0.0,5.140622851085454e-14,0.0,False,0,True,1,False
146,raw_prediction,True,4313300.0,solved,1,825,5.713115670754106e-14,0.0035665641980778,448.0813518125003,8.411628846551601e-15,7.813168249839308e-16,5.642040013725905e-16,0.0,2.4466741215535633e-14,7.100360570646158e-16,False,11,True,1,False
146,mechanistic_target,True,,solved,1,2600,5.713115670754106e-14,0.0035665641980778,448.0813518125003,1.2027453614870009e-12,0.0,2.589200075743427e-16,0.0,1.8122090900841052e-16,1.8778799585836653e-19,False,1,True,1,False
147,raw_prediction,True,4808800.0,solved,1,750,7.620524547244289e-14,0.0022366338458983,953.0679654769342,3.3103196382660236e-14,2.754503259134474e-15,6.694698405175692e-15,0.0,1.4683787485180828e-14,3.5796216367611786e-15,False,15,True,1,False
147,mechanistic_target,True,,solved,1,4200,7.620524547244289e-14,0.0022366338458983,953.0679654769342,1.1980245246428708e-12,0.0,0.0,0.0,4.417594550564606e-16,5.119029953992478e-22,False,1,True,1,False
148,raw_prediction,True,7704300.0,solved,1,1875,7.4708625345619e-14,0.0014892023425278,1403.3013182158795,7.444565797154468e-15,0.0,1.2375325544521792e-14,0.0,4.3973343415323735e-14,8.773913440969541e-15,False,8,True,1,False
148,mechanistic_target,True,,solved,1,4475,7.4708625345619e-14,0.0014892023425278,1403.3013182158795,1.2192907268556322e-13,0.0,0.0,0.0,2.0184721383642197e-14,0.0,False,0,True,1,False
149,raw_prediction,True,30876300.0,solved,1,11675,6.349634970483369e-14,0.0022597556513724,785.9975213378402,9.872272922110224e-15,1.9660247053228e-15,3.449535243623369e-16,0.0,1.6940744968584804e-14,2.1115357657384504e-16,False,6,True,1,False
149,mechanistic_target,True,,solved,1,8200,6.349634970483369e-14,0.0022597556513724,785.9975213378402,2.527210251355391e-13,0.0,0.0,0.0,2.640828591708795e-15,0.0,False,0,True,1,False
150,raw_prediction,True,282943500.0,maximum iterations reached,7,100000,7.038808748292368e-14,0.0006177979178345,3187.033462198092,5.935540971184059e-13,0.0,1.6722838994021365e-17,0.0,2.384949742192612e-12,1.5768465077082102e-17,False,4,True,1,False
150,mechanistic_target,True,,solved,1,20625,7.038808748292368e-14,0.0006177979178345,3187.033462198092,7.250332707364285e-14,0.0,3.013928317268439e-14,0.0,6.850214226562536e-13,6.236991161227232e-14,False,3,True,1,False
151,raw_prediction,True,39364600.0,solved,1,12850,9.454848248480312e-14,0.0007498271626322,3527.177313472697,9.524073311630942e-15,1.0723858374365565e-15,6.537040140943372e-15,0.0,7.851493125403247e-14,1.1127430215100873e-15,False,28,True,1,False
151,mechanistic_target,True,,solved,1,19600,9.454848248480312e-14,0.0007498271626322,3527.177313472697,1.7792589718547843e-14,0.0,0.0,0.0,2.28863509065254e-14,5.4725654796389565e-21,False,3,True,1,False
152,raw_prediction,True,11388500.0,solved,1,3725,7.699500771827985e-14,0.0012411066042168,1735.3511932017686,1.6404412550574676e-14,4.104751981559248e-15,6.3348948375869666e-15,0.0,3.8046101795138484e-14,2.0067463783881694e-15,False,24,True,1,False
152,mechanistic_target,True,,solved,1,5300,7.699500771827985e-14,0.0012411066042168,1735.3511932017686,3.079958914467777e-13,0.0,0.0,0.0,4.2191037906038125e-14,0.0,False,0,True,1,False
153,raw_prediction,True,4409800.0,solved,1,400,6.55953389167072e-14,0.0037820754440682,485.150732008748,4.390635497729807e-14,0.0,1.2185261733683026e-13,0.0,1.2337190946885173e-13,4.9752999187405595e-14,False,19,True,1,False
153,mechanistic_target,True,,solved,1,2350,6.55953389167072e-14,0.0037820754440682,485.150732008748,7.543037304257868e-13,0.0,0.0,0.0,8.992518610582176e-17,0.0,False,0,True,1,False
154,raw_prediction,True,13790200.0,solved,1,3525,5.800800162817705e-14,0.0011939180818164,1359.08704642181,7.197854434021127e-15,0.0,2.3240176948043237e-15,0.0,9.282554809306968e-14,2.4969315678436683e-16,False,14,True,1,False
154,mechanistic_target,True,,solved,1,7825,5.800800162817705e-14,0.0011939180818164,1359.08704642181,1.0963688628484668e-14,0.0,0.0,0.0,1.6152820036672348e-14,3.969799650436583e-20,False,3,True,1,False
155,raw_prediction,True,9648500.0,solved,1,2250,6.229074186346153e-14,0.0023114544249168,753.8276565376517,1.2392826652670994e-14,9.314250751101095e-15,1.2814457199940772e-14,0.0,4.0235179383837626e-14,4.9441175735950805e-15,False,22,True,1,False
155,mechanistic_target,True,,solved,1,6700,6.229074186346153e-14,0.0023114544249168,753.8276565376517,6.131843489198944e-13,0.0,0.0,0.0,3.917024500660178e-15,0.0,False,0,True,1,False
156,raw_prediction,True,7136800.0,solved,1,1600,5.717840859326399e-14,0.0014924896685361,1071.6540973476576,2.086000436520037e-14,3.225928397285054e-14,1.0714658190415984e-16,0.0,4.00951423446763e-14,2.5134767560496133e-14,False,18,True,1,False
156,mechanistic_target,True,,solved,1,5000,5.717840859326399e-14,0.0014924896685361,1071.6540973476576,2.0448339554259112e-14,0.0,2.4129930927550703e-15,0.0,3.3026839301946136e-14,6.947372171893553e-16,False,2,True,1,False
157,raw_prediction,True,6651400.0,solved,1,1175,6.023020585346351e-14,0.0026087100094997,645.8362851631042,1.2292020117230492e-14,1.7404385918526854e-15,2.2920453932839477e-14,0.0,3.7473151286859276e-14,2.0680328440192284e-14,False,21,True,1,False
157,mechanistic_target,True,,solved,1,5000,6.023020585346351e-14,0.0026087100094997,645.8362851631042,6.401478402851376e-13,0.0,1.085717219655212e-13,0.0,3.209914175655927e-15,6.049673706908416e-17,False,1,True,1,False
158,raw_prediction,True,4584800.0,solved,1,775,5.793370610809033e-14,0.0078145139727297,207.37826577402623,4.762752692233363e-13,1.4731479349006974e-16,2.979003818216136e-17,0.0,1.1004666751494273e-14,1.0833485201445553e-17,False,8,True,1,False
158,mechanistic_target,True,,solved,1,450,5.793370610809033e-14,0.0078145139727297,207.37826577402623,4.344423001743978e-16,0.0,0.0,0.0,2.454745564115945e-17,0.0,False,0,True,1,False
159,raw_prediction,True,5045900.0,solved,1,650,7.315679149205443e-14,0.0014612658590943,1400.423245148501,1.713039432527097e-15,3.1995678280327253e-15,1.1092539989163285e-15,0.0,4.250254702407376e-14,3.1146404040241045e-15,False,17,True,1,False
159,mechanistic_target,True,,solved,1,4400,7.315679149205443e-14,0.0014612658590943,1400.423245148501,1.0055196664002814e-13,0.0,4.786408157043637e-15,0.0,1.1840917718844931e-14,1.506214155781472e-17,False,1,True,1,False
160,raw_prediction,True,243704200.0,solved inaccurate,2,100000,8.203481904593634e-14,0.0007815836959793,2936.00392364712,3.1252778143198157e-14,2.85649339890461e-17,1.1184222393020632e-14,0.0,2.0262607038479482e-13,4.6089800589271746e-15,False,26,True,1,False
160,mechanistic_target,True,,solved,1,16900,8.203481904593634e-14,0.0007815836959793,2936.00392364712,3.5483877129234545e-14,0.0,0.0,0.0,4.337243419316696e-15,0.0,False,0,True,1,False
161,raw_prediction,True,24710700.0,solved,1,8300,1.0149094572149757e-13,0.0009571727534681,2965.9981120654406,2.3840304730349263e-14,1.4269743704715753e-15,1.0333829687181885e-14,0.0,1.7065423445149326e-13,9.870306380781517e-16,False,19,True,1,False
161,mechanistic_target,True,,solved,1,8550,1.0149094572149757e-13,0.0009571727534681,2965.9981120654406,2.8299932672955895e-13,0.0,0.0,0.0,3.1474837798389894e-14,0.0,False,0,True,1,False
162,raw_prediction,True,5617400.0,solved,1,1000,6.632167846151103e-14,0.0022166828549741,836.9236588532038,4.4349940386823056e-14,4.2193994370662435e-14,6.8053078205761e-14,0.0,7.472722947447854e-14,3.3858055093833285e-14,False,23,True,1,False
162,mechanistic_target,True,,solved,1,7500,6.632167846151103e-14,0.0022166828549741,836.9236588532038,4.389255915147428e-13,0.0,0.0,0.0,4.702391557394518e-15,0.0,False,0,True,1,False
163,raw_prediction,True,8268900.0,solved,1,2100,7.084659990961705e-14,0.0017345525693932,1142.5242959456943,2.2804281296104627e-14,8.866232353794162e-16,1.350669606756612e-14,0.0,8.89841423184543e-14,7.950758040304396e-15,False,27,True,1,False
163,mechanistic_target,True,,solved,1,12875,7.084659990961705e-14,0.0017345525693932,1142.5242959456943,5.189120747105961e-13,0.0,0.0,0.0,5.275156799186903e-15,0.0,False,0,True,1,False
164,raw_prediction,True,11869800.0,solved,1,3800,7.422487989671636e-14,0.0014529357766316,1429.0156472682352,1.0131180864344863e-14,0.0,1.3865305475958291e-14,0.0,4.527491995263922e-14,9.294548586909978e-16,False,9,True,1,False
164,mechanistic_target,True,,solved,1,3200,7.422487989671636e-14,0.0014529357766316,1429.0156472682352,1.4717898449893936e-10,0.0,0.0,0.0,9.995707046857852e-15,0.0,False,0,True,1,False
165,raw_prediction,True,16982800.0,solved,1,5700,8.684198140455141e-14,0.001434381371012,1693.5537550864171,1.4846028959309226e-14,0.0,6.6181255406799935e-15,0.0,3.9077949732152155e-14,2.8442366166837e-15,False,20,True,1,False
165,mechanistic_target,True,,solved,1,4300,8.684198140455141e-14,0.001434381371012,1693.5537550864171,2.813377265345892e-13,0.0,0.0,0.0,5.551980189072962e-14,0.0,False,0,True,1,False
166,raw_prediction,True,10388700.0,solved,1,3275,6.508710993004231e-14,0.0042506274076059,428.327391382666,9.901620187054167e-15,0.0,3.8462273425295965e-16,0.0,1.0116808215286933e-13,3.2622488009061923e-16,False,9,True,1,False
166,mechanistic_target,True,,solved,1,1825,6.508710993004231e-14,0.0042506274076059,428.327391382666,3.2329514225755223e-13,0.0,0.0,0.0,8.95692489055597e-17,0.0,False,0,True,1,False
167,raw_prediction,True,12666600.0,solved,1,3700,8.48869038310713e-14,0.0018312461568653,1296.6652305919238,1.6656814816329302e-14,8.3564762758208e-15,1.166933549271202e-14,0.0,5.903738530392678e-14,5.1284298829431545e-15,False,31,True,1,False
167,mechanistic_target,True,,solved,1,2475,8.48869038310713e-14,0.0018312461568653,1296.6652305919238,8.037687074878656e-11,0.0,0.0,0.0,1.2772964721261991e-14,1.6785426300696785e-19,False,3,True,1,False
168,raw_prediction,True,2831000.0,solved,1,150,5.834924242912127e-14,0.0046793771017688,348.803693267123,4.850594108540653e-15,0.0,1.446823777368217e-16,0.0,5.997864305778338e-14,6.936471358844622e-15,False,7,True,1,False
168,mechanistic_target,True,,solved,1,1475,5.834924242912127e-14,0.0046793771017688,348.803693267123,1.667164627988278e-13,0.0,0.0,0.0,1.5419859371610127e-16,0.0,False,0,True,1,False
169,raw_prediction,True,10496200.0,solved,1,3325,6.424663627009328e-14,0.0016713815864485,1075.248089810124,2.103915999751571e-14,1.282725380388887e-15,2.6801864577867826e-15,0.0,7.300683714359527e-15,6.489634022964423e-16,False,5,True,1,False
169,mechanistic_target,True,,solved,1,3625,6.424663627009328e-14,0.0016713815864485,1075.248089810124,1.3453195734872385e-13,0.0,0.0,0.0,2.1462876961256987e-14,0.0,False,0,True,1,False
170,raw_prediction,True,6886700.0,solved,1,1575,5.728163758917051e-14,0.0026598923426912,602.4004179792969,6.1857070865118825e-15,1.0757005085885645e-17,6.4084841447138286e-18,0.0,4.5682396806873135e-14,1.260686253926259e-16,False,17,True,1,False
170,mechanistic_target,True,,solved,1,4900,5.728163758917051e-14,0.0026598923426912,602.4004179792969,9.659879921708838e-13,0.0,0.0,0.0,7.070067817770171e-15,0.0,False,0,True,1,False
171,raw_prediction,True,29091900.0,solved,1,10950,6.838798302280352e-14,0.0009630991964758,1986.290077907496,8.862702238765507e-15,5.786313214298135e-15,7.690180973656594e-17,0.0,4.856167799018983e-14,2.0836330153103704e-15,False,18,True,1,False
171,mechanistic_target,True,,solved,1,10975,6.838798302280352e-14,0.0009630991964758,1986.290077907496,1.6703991522722465e-14,0.0,0.0,0.0,1.1541591034594576e-14,0.0,False,0,True,1,False
172,raw_prediction,True,10695900.0,solved,1,3575,7.591296051258994e-14,0.0015142420156629,1402.3439164775682,4.56405746529498e-14,2.5997215423295257e-15,3.0872448154436845e-14,0.0,4.1906225914992064e-14,2.020228785233696e-14,False,21,True,1,False
172,mechanistic_target,True,,solved,1,4125,7.591296051258994e-14,0.0015142420156629,1402.3439164775682,2.1370990963879547e-13,0.0,0.0,0.0,4.0040189245679726e-14,0.0,False,0,True,1,False
173,raw_prediction,True,9869000.0,solved,1,2275,6.815874276654203e-14,0.0021993508775039,866.8839228013001,4.1195078270602123e-14,5.705321858428365e-15,1.9295280096523028e-14,0.0,2.66852917984404e-14,3.557967394439234e-15,False,19,True,1,False
173,mechanistic_target,True,,solved,1,9425,6.815874276654203e-14,0.0021993508775039,866.8839228013001,1.0298030501104219e-13,0.0,2.5165134754380802e-14,0.0,1.5575511890189318e-15,3.691537518950605e-17,False,2,True,1,False
174,raw_prediction,True,32425400.0,solved,1,12525,8.405683428217157e-14,0.0009030889263869,2603.6128793560374,1.6721846802306562e-14,1.165967782485092e-15,1.7405280370597857e-15,0.0,1.434514701489316e-13,5.067856229231578e-16,False,9,True,1,False
174,mechanistic_target,True,,solved,1,8100,8.405683428217157e-14,0.0009030889263869,2603.6128793560374,9.926243343238546e-13,0.0,0.0,0.0,7.49861749340336e-14,0.0,False,0,True,1,False
175,raw_prediction,True,15077600.0,solved,1,5425,5.870546145326606e-14,0.0031721462777434,517.6773919543414,1.3912308432227871e-14,0.0,4.659089106344425e-16,0.0,4.398712390519045e-14,1.5561342302348342e-16,False,8,True,1,False
175,mechanistic_target,True,,solved,1,2600,5.870546145326606e-14,0.0031721462777434,517.6773919543414,2.6250530539798335e-13,0.0,0.0,0.0,6.853898717197857e-17,0.0,False,0,True,1,False
176,raw_prediction,True,7463500.0,solved,1,2100,6.425187767051773e-14,0.0015779611186744,1138.9992141498522,3.481572669050692e-13,0.0,9.679111372908492e-13,0.0,2.7271397924669332e-14,1.8147500561193643e-13,False,12,True,1,False
176,mechanistic_target,True,,solved,1,3975,6.425187767051773e-14,0.0015779611186744,1138.9992141498522,8.567949740348101e-14,0.0,4.499428958862837e-15,0.0,1.4171254669799851e-14,8.49973641734555e-18,False,1,True,1,False
177,raw_prediction,True,9000400.0,solved,1,2375,5.996659104395423e-14,0.0023509284840842,713.516205738726,1.2830014828324464e-14,2.014190174307072e-15,3.5333069198851608e-15,0.0,4.1417535674588304e-14,8.341574071580651e-15,False,20,True,1,False
177,mechanistic_target,True,,solved,1,8125,5.996659104395423e-14,0.0023509284840842,713.516205738726,1.3817748236620212e-13,0.0,0.0,0.0,1.1892778797709924e-15,0.0,False,0,True,1,False
178,raw_prediction,True,36392600.0,solved,1,14925,6.113816410336398e-14,0.0019992350490735,855.4259778136438,8.505768748887581e-15,0.0,5.338539601019653e-17,0.0,3.109974749926035e-14,5.339366270067595e-16,False,7,True,1,False
178,mechanistic_target,True,,solved,1,11650,6.113816410336398e-14,0.0019992350490735,855.4259778136438,5.829933284979768e-14,0.0,0.0,0.0,1.5381886532643154e-15,0.0,False,0,True,1,False
179,raw_prediction,True,6667000.0,solved,1,1700,6.551751432198153e-14,0.0019529174238469,938.4419874768636,1.4142333137900921e-14,0.0,8.361288041826645e-15,0.0,3.8162812736062814e-14,3.5162843033893137e-15,False,26,True,1,False
179,mechanistic_target,True,,solved,1,9025,6.551751432198153e-14,0.0019529174238469,938.4419874768636,1.0061721222182705e-12,0.0,0.0,0.0,1.0913703438963068e-14,0.0,False,0,True,1,False
180,raw_prediction,True,5198400.0,solved,1,600,6.725221145933918e-14,0.0034532018635345,544.7766713083699,1.5463979286629556e-14,2.542452383912577e-15,2.7481156501108555e-14,0.0,1.7846238944182704e-14,1.7217074030236812e-14,False,30,True,1,False
180,mechanistic_target,True,,solved,1,2575,6.725221145933918e-14,0.0034532018635345,544.7766713083699,3.734407354003765e-13,0.0,0.0,0.0,4.803737189821885e-17,0.0,False,0,True,1,False
181,raw_prediction,True,5419600.0,solved,1,1075,6.404680963678835e-14,0.0022342805770033,801.8510264301962,7.537136523244973e-15,2.4117138188777787e-15,3.775565521210787e-15,0.0,3.958309761247561e-14,1.6977572754303876e-15,False,21,True,1,False
181,mechanistic_target,True,,solved,1,6425,6.404680963678835e-14,0.0022342805770033,801.8510264301962,9.738771946690668e-13,0.0,0.0,0.0,8.265947461705446e-15,0.0,False,0,True,1,False
182,raw_prediction,True,6105100.0,solved,1,1425,5.708056590799709e-14,0.0063384553278675,251.906129324024,8.09556442625282e-13,5.851772606257407e-18,0.0,0.0,1.4494228066775e-14,0.0,False,5,True,1,False
182,mechanistic_target,True,,solved,1,575,5.708056590799709e-14,0.0063384553278675,251.906129324024,1.923620921587331e-15,0.0,0.0,0.0,4.2890880943461657e-17,0.0,False,0,True,1,False
183,raw_prediction,True,13953100.0,solved,1,4625,8.848025506190612e-14,0.0016581757316133,1492.6215574348385,3.4052621833424723e-14,0.0,4.57592809866036e-16,0.0,1.1069423578976723e-13,8.066932327478091e-17,False,10,True,1,False
183,mechanistic_target,True,,solved,1,3075,8.848025506190612e-14,0.0016581757316133,1492.6215574348385,4.73236614798601e-13,0.0,0.0,0.0,7.174490126951535e-14,0.0,False,0,True,1,False
184,raw_prediction,True,19633700.0,solved,1,7425,7.653599630155067e-14,0.0012564858539472,1703.891886723472,1.7411419528379213e-14,0.0,1.345531338978001e-18,0.0,1.0430666219412536e-14,5.5657925442537855e-21,False,2,True,1,False
184,mechanistic_target,True,,solved,1,5925,7.653599630155067e-14,0.0012564858539472,1703.891886723472,9.677673712443121e-14,0.0,3.9383267734700146e-15,0.0,1.3606633849196755e-14,4.616584959628228e-19,False,1,True,1,False
185,raw_prediction,True,25439900.0,solved,1,9600,5.835849220099399e-14,0.0024127270489053,676.5965328856781,1.9713666021024757e-14,0.0,0.0,0.0,8.424594475459851e-15,3.4149006269083624e-16,False,3,True,1,False
185,mechanistic_target,True,,solved,1,6575,5.835849220099399e-14,0.0024127270489053,676.5965328856781,5.279133587133847e-13,0.0,0.0,0.0,3.833034820093349e-15,0.0,False,0,True,1,False
186,raw_prediction,True,10347100.0,solved,1,3275,9.258493788727117e-14,0.0013544903371986,1912.045958423318,1.859016413030545e-14,1.557442092760213e-17,5.700878210336349e-15,0.0,8.342543149191228e-14,1.572025996407268e-15,False,20,True,1,False
186,mechanistic_target,True,,solved,1,4100,9.258493788727117e-14,0.0013544903371986,1912.045958423318,6.560411090915183e-13,0.0,0.0,0.0,4.514152079611828e-14,0.0,False,0,True,1,False
187,raw_prediction,True,18607100.0,solved,1,6325,5.921163112625217e-14,0.0010189760876125,1625.4624112959468,2.046470834582928e-14,1.5360141133416173e-15,6.709026093019181e-15,0.0,2.8415527998868437e-14,7.770153132265041e-15,False,34,True,1,False
187,mechanistic_target,True,,solved,1,10975,5.921163112625217e-14,0.0010189760876125,1625.4624112959468,8.435932624888265e-15,0.0,0.0,0.0,1.3773323297450336e-14,1.3804013794623285e-20,False,3,True,1,False
188,raw_prediction,True,12558800.0,solved,1,3300,5.974899301328007e-14,0.0013657625215345,1223.740399957829,1.4849252287680612e-14,0.0,6.431760032174342e-16,0.0,1.0451407606626775e-13,2.198840096480937e-15,False,23,True,1,False
188,mechanistic_target,True,,solved,1,6225,5.974899301328007e-14,0.0013657625215345,1223.740399957829,1.2555152964105416e-14,0.0,4.3588677189375483e-16,0.0,2.9397725218633985e-14,1.3524959967557908e-17,False,1,True,1,False
189,raw_prediction,True,8184100.0,solved,1,2250,6.868499095624221e-14,0.0021616254372482,888.8230353675189,7.886052921790565e-15,1.1443380874269893e-15,4.80618223391466e-16,0.0,2.882617624050448e-14,8.178793447966578e-15,False,14,True,1,False
189,mechanistic_target,True,,solved,1,9800,6.868499095624221e-14,0.0021616254372482,888.8230353675189,1.0341431408961528e-13,0.0,9.970052826338388e-15,0.0,1.5953635012201624e-15,1.863898225900957e-17,False,1,True,1,False
190,raw_prediction,True,19094500.0,solved,1,6850,6.448599005381103e-14,0.0029456309397244,612.3799142284537,1.2309597785531423e-14,0.0,0.0,0.0,3.021334816345071e-14,3.7442969731947455e-17,False,4,True,1,False
190,mechanistic_target,True,,solved,1,4200,6.448599005381103e-14,0.0029456309397244,612.3799142284537,4.626069990748012e-13,0.0,0.0,0.0,6.7796049638467065e-15,0.0,False,0,True,1,False
191,raw_prediction,True,37602700.0,solved,1,14325,7.918794552428083e-14,0.0007003012105079,3163.064857740985,1.6553560176012544e-14,2.074220945984866e-15,3.2301691498587008e-15,0.0,1.0991687798256764e-13,1.0337571359689109e-15,False,22,True,1,False
191,mechanistic_target,True,,solved,1,23125,7.918794552428083e-14,0.0007003012105079,3163.064857740985,1.0955083395078322e-14,0.0,0.0,0.0,1.0103459615756024e-14,0.0,False,0,True,1,False
192,raw_prediction,True,7788000.0,solved,1,1525,8.638465198669035e-14,0.0016149468419723,1496.2778774528565,1.279821392351693e-14,5.273457910066557e-15,1.0867788793292986e-14,0.0,1.3179877217805297e-13,8.739070143546811e-15,False,31,True,1,False
192,mechanistic_target,True,,solved,1,3350,8.638465198669035e-14,0.0016149468419723,1496.2778774528565,2.253583747957457e-13,0.0,0.0,0.0,1.4273611286387434e-14,0.0,False,0,True,1,False
193,raw_prediction,True,5811000.0,solved,1,1375,6.138663124311331e-14,0.0028508399135353,602.3305193363955,1.7176459466229085e-14,4.69866525920266e-16,0.0,0.0,4.414951040309424e-14,1.130434168765022e-15,False,7,True,1,False
193,mechanistic_target,True,,solved,1,2775,6.138663124311331e-14,0.0028508399135353,602.3305193363955,2.639555376993568e-13,0.0,0.0,0.0,1.9250061722924542e-16,0.0,False,0,True,1,False
194,raw_prediction,True,15136400.0,solved,1,4325,9.934106864171135e-14,0.0011487123791524,2419.08664978748,3.076401980384169e-14,1.3072117024491304e-15,2.2893431838804388e-15,0.0,5.6066184543829185e-14,1.8519511490589203e-15,False,35,True,1,False
194,mechanistic_target,True,,solved,1,6625,9.934106864171135e-14,0.0011487123791524,2419.08664978748,1.217335292358362e-13,0.0,5.985729386957863e-15,0.0,1.7059974650796625e-14,1.37838143076984e-17,False,1,True,1,False
195,raw_prediction,True,273917100.0,maximum iterations reached,7,100000,9.552471317099509e-14,0.0004756147092591,5618.163362907095,2.358460648999028e-13,3.9155556020354806e-16,1.0114796119087678e-15,0.0,9.506159039116148e-13,5.460559757032847e-16,False,15,True,1,False
195,mechanistic_target,True,,solved,1,40375,9.552471317099509e-14,0.0004756147092591,5618.163362907095,7.864855315495659e-14,0.0,1.1201054356492672e-14,0.0,7.576833800058484e-13,1.4780940206326834e-14,False,5,True,1,False
196,raw_prediction,True,4624900.0,solved,1,850,6.30069485677254e-14,0.0038416509736958,458.7799612997925,8.876580026573322e-15,2.030411222331543e-15,3.561854265293195e-17,0.0,1.7720951630563452e-14,1.827545143240126e-16,False,9,True,1,False
196,mechanistic_target,True,,solved,1,2300,6.30069485677254e-14,0.0038416509736958,458.7799612997925,6.960099217942463e-13,0.0,0.0,0.0,8.757103041296274e-17,0.0,False,0,True,1,False
197,raw_prediction,True,11702100.0,solved,1,3125,6.14507792624554e-14,0.0019663565833113,874.1762768426903,2.7943359431903403e-14,0.0,2.785368570032087e-15,0.0,2.4705342127694665e-14,1.972087139002821e-16,False,17,True,1,False
197,mechanistic_target,True,,solved,1,9500,6.14507792624554e-14,0.0019663565833113,874.1762768426903,8.241387995130022e-13,0.0,0.0,0.0,4.448165482117381e-15,0.0,False,0,True,1,False
198,raw_prediction,True,9819800.0,solved,1,2175,6.823243149688588e-14,0.0019395430539941,984.0684808734568,1.1700745300654631e-14,1.4028907462013534e-15,7.622368127727438e-15,0.0,4.783974786879521e-14,1.297819666010943e-15,False,28,True,1,False
198,mechanistic_target,True,,solved,1,12300,6.823243149688588e-14,0.0019395430539941,984.0684808734568,8.895185386969287e-14,0.0,7.408442587467638e-15,0.0,1.3228527664793724e-15,5.8992510930784346e-18,False,1,True,1,False
199,raw_prediction,True,8870000.0,solved,1,2800,6.023993906109904e-14,0.0044444840018568,379.1377907288484,2.1227811175528188e-14,5.692740863328485e-15,4.997278905057568e-15,0.0,1.2861377045601808e-14,4.2753255513178005e-16,False,5,True,1,False
199,mechanistic_target,True,,solved,1,1750,6.023993906109904e-14,0.0044444840018568,379.1377907288484,3.4096293567606263e-13,0.0,0.0,0.0,2.2256232175191713e-16,0.0,False,0,True,1,False
200,raw_prediction,True,17685900.0,solved,1,5825,6.376111501380815e-14,0.0012664411566278,1408.3311519766432,2.3256570280683064e-14,0.0,2.678664547603996e-17,0.0,2.646029045283836e-14,2.2130109876972504e-16,False,12,True,1,False
200,mechanistic_target,True,,solved,1,6800,6.376111501380815e-14,0.0012664411566278,1408.3311519766432,1.4426896209719576e-14,0.0,0.0,0.0,9.190056306191683e-15,0.0,False,0,True,1,False
201,raw_prediction,True,42807600.0,solved,1,12975,9.057819107836802e-14,0.0010135302088017,2499.8896823458467,2.3267635910728456e-14,0.0,5.958007636432272e-17,0.0,1.0468297102883413e-13,1.3330413821045149e-15,False,13,True,1,False
201,mechanistic_target,True,,solved,1,8825,9.057819107836802e-14,0.0010135302088017,2499.8896823458467,1.2402725922930417e-13,0.0,0.0,0.0,1.7109430007326714e-14,0.0,False,0,True,1,False
202,raw_prediction,True,15396500.0,solved,1,4625,6.923988771181482e-14,0.0017241500257817,1123.350286513417,9.128982292327947e-15,2.851639304336591e-14,4.0333537669620614e-14,0.0,9.952890166470232e-14,3.527982997362094e-14,False,31,True,1,False
202,mechanistic_target,True,,solved,1,13275,6.923988771181482e-14,0.0017241500257817,1123.350286513417,2.4903179014180533e-13,0.0,0.0,0.0,7.737748308235301e-14,0.0,False,0,True,1,False
203,raw_prediction,True,4571800.0,solved,1,625,6.531073709961039e-14,0.0022286172812065,819.7529532440635,6.984864076020614e-15,9.158418033028876e-16,1.1504079875730016e-14,0.0,1.1116069934003811e-14,2.025920907326141e-14,False,13,True,1,False
203,mechanistic_target,True,,solved,1,6350,6.531073709961039e-14,0.0022286172812065,819.7529532440635,9.835610677931125e-13,0.0,0.0,0.0,5.3666854918954005e-15,0.0,False,0,True,1,False
204,raw_prediction,True,6251100.0,solved,1,975,7.095608235110908e-14,0.0019050798758855,1041.8623356912096,4.0211757534880383e-14,0.0,1.5625543194356644e-16,0.0,1.1553959633723028e-14,1.4884954674121413e-15,False,8,True,1,False
204,mechanistic_target,True,,solved,1,2700,7.095608235110908e-14,0.0019050798758855,1041.8623356912096,2.9634341083145925e-13,0.0,2.4173594704642638e-14,0.0,3.1089461323748174e-14,3.2894647715668246e-17,False,1,True,1,False
205,raw_prediction,True,14520300.0,solved,1,4525,6.734670838103466e-14,0.0016415894327342,1147.587277349029,8.81759942839011e-15,0.0,0.0,0.0,4.363114954959337e-14,6.214018046288978e-16,False,10,True,1,False
205,mechanistic_target,True,,solved,1,3525,6.734670838103466e-14,0.0016415894327342,1147.587277349029,2.887610142827317e-13,0.0,1.7307725033425523e-14,0.0,5.1867876109389443e-14,1.4739106153753424e-17,False,1,True,1,False
206,raw_prediction,True,17921500.0,solved,1,4775,6.686795517905602e-14,0.0011394735871064,1641.5256695658836,4.8565866355599205e-14,2.0508419802012365e-15,3.708013147216904e-15,0.0,1.4041252503164625e-12,5.409714884638881e-15,False,27,True,1,False
206,mechanistic_target,True,,solved,1,45675,6.686795517905602e-14,0.0011394735871064,1641.5256695658836,6.96803776368285e-14,0.0,2.979003818216136e-15,0.0,1.940779233336831e-13,8.402231225488755e-16,False,2,True,1,False
207,raw_prediction,True,29908600.0,solved,1,11150,6.704298594987495e-14,0.0022555756147631,831.4379746265479,2.205049372520921e-14,0.0,5.000173822194126e-16,0.0,1.9085113589663253e-14,6.000432002202206e-16,False,18,True,1,False
207,mechanistic_target,True,,solved,1,8350,6.704298594987495e-14,0.0022555756147631,831.4379746265479,2.0181547009944162e-13,0.0,0.0,0.0,3.010019927819581e-15,0.0,False,0,True,1,False
208,raw_prediction,True,5185800.0,solved,1,725,5.720016904666132e-14,0.0030752615046279,520.2944088094745,5.732393726365359e-15,4.597077766955693e-16,1.0232345505731907e-14,0.0,1.892068964494736e-14,4.374707471401013e-15,False,12,True,1,False
208,mechanistic_target,True,,solved,1,2600,5.720016904666132e-14,0.0030752615046279,520.2944088094745,2.070833449020149e-13,0.0,0.0,0.0,7.03773766474076e-17,0.0,False,0,True,1,False
209,raw_prediction,True,36129000.0,solved,1,12550,6.346405913033259e-14,0.0022220960027033,798.9119665002114,1.2248100829862878e-14,0.0,3.1499371264467807e-16,0.0,2.3471928603832472e-14,1.890550180027141e-16,False,2,True,1,False
209,mechanistic_target,True,,solved,1,7250,6.346405913033259e-14,0.0022220960027033,798.9119665002114,7.142027681342942e-13,0.0,0.0,0.0,8.003285500168847e-15,0.0,False,0,True,1,False
210,raw_prediction,True,23665400.0,solved,1,8375,6.049931162095606e-14,0.0010115594280752,1672.9883989583377,2.6911090179128604e-14,1.163032635191684e-15,1.5745423474395308e-15,0.0,2.0553907151014218e-13,6.168043442118939e-16,False,11,True,1,False
210,mechanistic_target,True,,solved,1,9950,6.049931162095606e-14,0.0010115594280752,1672.9883989583377,1.9341397357655752e-14,0.0,0.0,0.0,4.742919412032829e-15,5.5082861928346925e-21,False,3,True,1,False
211,raw_prediction,True,20135300.0,solved,1,6550,6.727503535390703e-14,0.0010812500687553,1740.450536086337,1.376752444687268e-14,7.646703352316701e-16,1.0976302936413062e-15,0.0,4.062412326824371e-14,2.443548764498538e-16,False,18,True,1,False
211,mechanistic_target,True,,solved,1,8925,6.727503535390703e-14,0.0010812500687553,1740.450536086337,3.4155222482646254e-14,0.0,0.0,0.0,4.248255590538344e-15,0.0,False,0,True,1,False
212,raw_prediction,True,34583100.0,solved,1,13575,6.747295177013012e-14,0.0021498282644103,877.9298994967323,1.815875050838592e-14,0.0,0.0,0.0,1.5614969471684637e-13,0.0,False,0,True,1,False
212,mechanistic_target,True,,solved,1,8750,6.747295177013012e-14,0.0021498282644103,877.9298994967323,1.988647375308794e-13,0.0,0.0,0.0,2.129155781635285e-15,0.0,False,0,True,1,False
213,raw_prediction,True,9991700.0,solved,1,2300,6.88348452428867e-14,0.0021662635921953,888.8550376244056,1.2040914137508368e-14,6.532631870037506e-17,2.8599550616627253e-15,0.0,3.793172442305897e-14,2.7336174184628403e-16,False,22,True,1,False
213,mechanistic_target,True,,solved,1,9125,6.88348452428867e-14,0.0021662635921953,888.8550376244056,1.973778771758759e-13,0.0,0.0,0.0,3.154449884056437e-15,0.0,False,0,True,1,False
214,raw_prediction,True,3659000.0,solved,1,350,5.710789556289252e-14,0.0044681537537841,357.5213206483449,4.549145581566019e-16,6.825195789902136e-16,6.4084841447138286e-18,0.0,4.370361661752769e-14,9.024190205884172e-15,False,8,True,1,False
214,mechanistic_target,True,,solved,1,1400,5.710789556289252e-14,0.0044681537537841,357.5213206483449,6.774718729701115e-14,0.0,2.0569937550042362e-17,0.0,1.517148673534641e-16,2.046435577746796e-21,False,1,True,1,False
215,raw_prediction,True,6532100.0,solved,1,1600,6.255345508343865e-14,0.0017552320803595,996.8978357445404,1.2809198146612744e-14,3.390813671541069e-15,4.907664459551785e-15,0.0,4.7996038303429135e-14,4.229191114029493e-15,False,16,True,1,False
215,mechanistic_target,True,,solved,1,16400,6.255345508343865e-14,0.0017552320803595,996.8978357445404,2.3754018765402475e-14,0.0,0.0,0.0,3.433423815462468e-15,0.0,False,0,True,1,False
216,raw_prediction,True,13689300.0,solved,1,4500,6.509271483735098e-14,0.001634065544562,1114.286351311287,8.671535711712863e-14,0.0,2.2183183221352485e-13,0.0,2.1945853585859472e-14,1.1232390459578804e-14,False,3,True,1,False
216,mechanistic_target,True,,solved,1,3125,6.509271483735098e-14,0.001634065544562,1114.286351311287,3.626305344155801e-13,0.0,0.0,0.0,3.965479684233865e-14,0.0,False,0,True,1,False
217,raw_prediction,True,11126500.0,solved,1,2975,8.467919906439518e-14,0.0011420942715924,2073.9996886395074,6.941278499896792e-15,0.0,2.585205289328122e-16,0.0,1.3254236782014982e-13,1.4820554789071274e-14,False,12,True,1,False
217,mechanistic_target,True,,solved,1,7425,8.467919906439518e-14,0.0011420942715924,2073.9996886395074,9.129398111256373e-14,0.0,0.0,0.0,4.622945402297502e-15,5.450333088982827e-20,False,3,True,1,False
218,raw_prediction,True,5399200.0,solved,1,650,5.721828726592927e-14,0.0030207346409631,529.8539500033272,8.664203720043691e-14,2.853593953024063e-13,3.9975653503304593e-13,0.0,1.7501159484330137e-14,3.853397187462533e-13,False,23,True,1,False
218,mechanistic_target,True,,solved,1,2525,5.721828726592927e-14,0.0030207346409631,529.8539500033272,1.8498634766930042e-13,0.0,0.0,0.0,1.710709378415651e-16,0.0,False,0,True,1,False
219,raw_prediction,True,16461100.0,solved,1,5300,7.421473810157523e-14,0.0013500872678969,1537.666723902054,1.309889696710087e-14,5.126594495693715e-16,8.545835857635885e-16,0.0,9.605236064487781e-14,4.589932424264079e-17,False,15,True,1,False
219,mechanistic_target,True,,solved,1,4800,7.421473810157523e-14,0.0013500872678969,1537.666723902054,1.8301296809846733e-13,0.0,0.0,0.0,3.23734385756022e-14,0.0,False,0,True,1,False
220,raw_prediction,True,11979800.0,solved,1,3150,6.657851904907534e-14,0.0017018464679012,1094.3283529038413,7.389140389935092e-15,0.0,3.257497645986449e-16,0.0,5.85626379661938e-14,2.7241785606891736e-16,False,19,True,1,False
220,mechanistic_target,True,,solved,1,3500,6.657851904907534e-14,0.0017018464679012,1094.3283529038413,1.1734032744301513e-13,0.0,7.502150080751163e-15,0.0,2.751183994017352e-14,5.3426946748974335e-18,False,1,True,1,False
221,raw_prediction,True,12535400.0,solved,1,4100,8.02364468409707e-14,0.0015771775037037,1423.0659030240554,3.4649366709160745e-14,0.0,3.1501390076636304e-15,0.0,1.71238379183558e-13,1.935098892328005e-16,False,16,True,1,False
221,mechanistic_target,True,,solved,1,3875,8.02364468409707e-14,0.0015771775037037,1423.0659030240554,2.2244522436175107e-13,0.0,0.0,0.0,5.0186030563953096e-14,5.696878746610219e-19,False,3,True,1,False
222,raw_prediction,True,5338500.0,solved,1,1200,5.873915500542797e-14,0.0025659002734806,640.3564969015753,1.4255552639447545e-15,4.758273290248757e-18,4.969996388498356e-15,0.0,2.524379835883599e-14,7.53521121044134e-14,False,13,True,1,False
222,mechanistic_target,True,,solved,1,5775,5.873915500542797e-14,0.0025659002734806,640.3564969015753,5.306171150916049e-13,0.0,0.0,0.0,4.367203270548456e-15,0.0,False,0,True,1,False
223,raw_prediction,True,12278100.0,solved,1,4025,9.21399068112718e-14,0.0012231385608413,2107.201220467785,2.6090241078691182e-14,4.152394932223809e-17,8.91884746347806e-17,0.0,2.3517278736592602e-14,3.042401061935272e-17,False,9,True,1,False
223,mechanistic_target,True,,solved,1,5925,9.21399068112718e-14,0.0012231385608413,2107.201220467785,1.5229384098986377e-13,0.0,0.0,0.0,2.3836693810964972e-14,0.0,False,0,True,1,False
224,raw_prediction,True,13519900.0,solved,1,4600,7.457224296193968e-14,0.0015329235336105,1360.7884447043425,3.938863124552938e-14,0.0,0.0,0.0,2.377035183705189e-14,0.0,False,0,True,1,False
224,mechanistic_target,True,,solved,1,3450,7.457224296193968e-14,0.0015329235336105,1360.7884447043425,3.674434575715766e-13,0.0,1.8376545518664632e-14,0.0,3.145987619688262e-14,8.245211432467671e-18,False,1,True,1,False
225,raw_prediction,True,11668500.0,solved,1,2900,9.140966921338542e-14,0.0013975325936766,1829.6334450651805,1.2762013668066174e-13,9.027733330460171e-15,7.983730232819244e-15,0.0,2.816317755411624e-14,2.0315330359696803e-14,False,32,True,1,False
225,mechanistic_target,True,,solved,1,4450,9.140966921338542e-14,0.0013975325936766,1829.6334450651805,2.018907698892213e-13,0.0,1.1526348180818975e-14,0.0,1.6646752096124823e-14,1.571320369678956e-17,False,1,True,1,False
226,raw_prediction,True,51066400.0,solved,1,21225,1.0397759332608057e-13,0.0007582168266211,3836.014510216261,1.1336200211042891e-14,0.0,7.690180973656594e-17,0.0,1.2394275218454441e-13,2.29011361095845e-15,False,18,True,1,False
226,mechanistic_target,True,,solved,1,13400,1.0397759332608057e-13,0.0007582168266211,3836.014510216261,3.2508036265977654e-13,0.0,0.0,0.0,3.3198674275764276e-14,0.0,False,0,True,1,False
227,raw_prediction,True,61439400.0,solved,1,25750,8.447570378205135e-14,0.0007775728945739,3038.9573429016405,3.5601608317416564e-14,1.964996649977107e-16,1.5593620858547096e-14,0.0,3.805556785311499e-13,2.589606404740708e-15,False,21,True,1,False
227,mechanistic_target,True,,solved,1,18025,8.447570378205135e-14,0.0007775728945739,3038.9573429016405,1.627535118730261e-14,0.0,0.0,0.0,9.112998713387208e-15,0.0,False,0,True,1,False
228,raw_prediction,True,7037200.0,solved,1,1800,5.711828456705592e-14,0.0021417201108978,746.0129038114261,1.5069227437156825e-14,1.9547397105680192e-15,2.9445986757310705e-15,0.0,5.946581942703961e-14,1.0892788721910965e-15,False,25,True,1,False
228,mechanistic_target,True,,solved,1,9875,5.711828456705592e-14,0.0021417201108978,746.0129038114261,9.17992009621802e-14,0.0,0.0,0.0,1.3398579202621096e-14,2.845960112112792e-19,False,3,True,1,False
229,raw_prediction,True,4181500.0,solved,1,275,5.721455386675988e-14,0.0044804073273797,357.2094301579652,2.460884843719092e-12,0.0,6.7094951244727805e-15,0.0,9.028601964179178e-15,8.792012519120748e-15,False,13,True,1,False
229,mechanistic_target,True,,solved,1,1425,5.721455386675988e-14,0.0044804073273797,357.2094301579652,4.8403296931943455e-14,0.0,0.0,0.0,4.306854426850488e-17,0.0,False,0,True,1,False
230,raw_prediction,True,17454400.0,solved,1,6475,6.536853271516724e-14,0.0030308752116795,603.3017421726448,7.618905506490137e-15,0.0,2.452683052456467e-16,0.0,3.711688432407212e-14,4.595288381023768e-17,False,5,True,1,False
230,mechanistic_target,True,,solved,1,4100,6.536853271516724e-14,0.0030308752116795,603.3017421726448,3.663710302851191e-13,0.0,0.0,0.0,5.857428460853177e-15,0.0,False,0,True,1,False
231,raw_prediction,True,7502500.0,solved,1,1650,6.995367120898431e-14,0.0022958719946443,852.3083426083175,1.2023905535171978e-14,1.346367607104056e-15,7.951994221597368e-15,0.0,7.297441820691563e-14,4.3202771028779024e-15,False,26,True,1,False
231,mechanistic_target,True,,solved,1,7725,6.995367120898431e-14,0.0022958719946443,852.3083426083175,3.078107711047296e-13,0.0,0.0,0.0,5.489767232601792e-15,0.0,False,0,True,1,False
232,raw_prediction,True,6688600.0,solved,1,1300,6.338870248292203e-14,0.0019558355592096,906.5952157408028,6.016107750861367e-14,3.119735314197171e-14,4.3591603090326166e-14,0.0,6.892181488640383e-14,3.0908134776278365e-14,False,25,True,1,False
232,mechanistic_target,True,,solved,1,12000,6.338870248292203e-14,0.0019558355592096,906.5952157408028,8.222801486754783e-14,0.0,0.0,0.0,1.7488035713064632e-15,6.409853157386258e-20,False,3,True,1,False
233,raw_prediction,True,227613200.0,solved inaccurate,2,100000,5.775017231778113e-14,0.0009510694890427,1698.5366939737514,1.4120035278375551e-14,4.71577198778371e-16,3.5953720775188554e-16,0.0,7.047989080488839e-14,1.9129385467650835e-16,False,23,True,1,False
233,mechanistic_target,True,,solved,1,12125,5.775017231778113e-14,0.0009510694890427,1698.5366939737514,1.7209754677269118e-14,0.0,0.0,0.0,1.2124853683895068e-14,5.161987538793799e-20,False,4,True,1,False
234,raw_prediction,True,4881100.0,solved,1,850,5.820586118386601e-14,0.0026465065774778,615.216025949437,1.302430385763387e-13,2.5382321597837647e-14,2.529581985381296e-13,0.0,1.5686693055541904e-14,6.017746320331635e-14,False,18,True,1,False
234,mechanistic_target,True,,solved,1,5400,5.820586118386601e-14,0.0026465065774778,615.216025949437,4.956152087217403e-13,0.0,7.18889931748909e-14,0.0,3.7807886265899696e-15,6.06052346440969e-17,False,1,True,1,False
235,raw_prediction,True,10026900.0,solved,1,3025,7.266679602468398e-14,0.0018624171191194,1091.4226328669497,1.3930696873831751e-14,0.0,3.70955274851243e-15,0.0,3.162328551558426e-14,5.462881242144069e-16,False,13,True,1,False
235,mechanistic_target,True,,solved,1,2725,7.266679602468398e-14,0.0018624171191194,1091.4226328669497,4.179539090294491e-13,0.0,0.0,0.0,5.0383451469718144e-14,0.0,False,0,True,1,False
236,raw_prediction,True,53172400.0,solved,1,22025,5.756401501297215e-14,0.0016694213540946,964.537266241152,1.5678430775878383e-14,0.0,1.083737890111814e-15,0.0,2.1801603736180649e-13,5.584134231868889e-16,False,19,True,1,False
236,mechanistic_target,True,,solved,1,18075,5.756401501297215e-14,0.0016694213540946,964.537266241152,2.764219412369896e-14,0.0,0.0,0.0,4.142102100626017e-15,7.435388018397654e-20,False,3,True,1,False
237,raw_prediction,True,6916900.0,solved,1,1275,5.897887458619396e-14,0.0026336054400038,626.4402715110233,4.291705879566621e-15,0.0,2.681103436394522e-16,0.0,3.2363315700718444e-14,7.215056541100866e-17,False,6,True,1,False
237,mechanistic_target,True,,solved,1,4950,5.897887458619396e-14,0.0026336054400038,626.4402715110233,7.269437851644983e-13,0.0,0.0,0.0,3.4624358587388306e-15,0.0,False,0,True,1,False
238,raw_prediction,True,4720000.0,solved,1,500,6.152157666738225e-14,0.0024836999429989,692.8867048265502,2.913541166640085e-16,0.0,4.940866093882689e-16,0.0,7.832582210740877e-13,5.902469880372964e-14,False,11,True,1,False
238,mechanistic_target,True,,solved,1,5100,6.152157666738225e-14,0.0024836999429989,692.8867048265502,1.0186751512528936e-12,0.0,0.0,0.0,6.983372884949611e-15,0.0,False,0,True,1,False
239,raw_prediction,True,17751900.0,solved,1,5950,9.305096892016617e-14,0.0014532726377565,1791.0499647010663,1.1045760421252224e-14,6.593811996460612e-16,0.0,0.0,5.896837622583978e-14,2.5026329855394117e-15,False,4,True,1,False
239,mechanistic_target,True,,solved,1,3950,9.305096892016617e-14,0.0014532726377565,1791.0499647010663,3.7657330640699233e-13,0.0,2.530428825600449e-14,0.0,3.349760779617702e-14,6.8314979884557676e-18,False,1,True,1,False
240,raw_prediction,True,20367400.0,solved,1,5475,8.879168689379178e-14,0.0013924173290029,1783.7614992851295,2.8121997938300315e-14,2.2141297984887697e-15,3.298332709035956e-15,0.0,2.772050804673997e-13,3.3131462247011453e-15,False,29,True,1,False
240,mechanistic_target,True,,solved,1,4450,8.879168689379178e-14,0.0013924173290029,1783.7614992851295,1.6310878262413246e-13,0.0,0.0,0.0,1.0113052910762604e-14,0.0,False,0,True,1,False
241,raw_prediction,True,10347000.0,solved,1,3325,5.716439892168872e-14,0.0035847403201436,446.0687909948926,2.6169941751134054e-14,0.0,5.535906731714926e-16,0.0,2.1997973083976796e-14,3.684496087069466e-16,False,14,True,1,False
241,mechanistic_target,True,,solved,1,1400,5.716439892168872e-14,0.0035847403201436,446.0687909948926,3.907645308421182e-15,0.0,0.0,0.0,1.1098192244608086e-17,0.0,False,0,True,1,False
242,raw_prediction,True,45935000.0,solved,1,19050,6.750417560747587e-14,0.0017687106051315,1067.5980121800137,2.54792274102314e-14,1.0593745185956506e-15,0.0,0.0,3.3574447567390147e-14,3.778829836746645e-17,False,2,True,1,False
242,mechanistic_target,True,,solved,1,12225,6.750417560747587e-14,0.0017687106051315,1067.5980121800137,5.757108485451235e-13,0.0,4.175680997311337e-14,0.0,4.614705722180529e-15,5.637274164855199e-18,False,1,True,1,False
243,raw_prediction,True,14265700.0,solved,1,4500,6.104064022064212e-14,0.0010962859163939,1557.5039029125296,1.7261130677524187e-14,1.5039785069826953e-15,1.5680432766304376e-15,0.0,1.224850157302564e-13,1.3205122219600149e-15,False,27,True,1,False
243,mechanistic_target,True,,solved,1,7900,6.104064022064212e-14,0.0010962859163939,1557.5039029125296,2.6285590539125787e-14,0.0,0.0,0.0,4.660730758079692e-15,0.0,False,0,True,1,False
244,raw_prediction,True,14955700.0,solved,1,4975,7.465832392485767e-14,0.0015447527636154,1351.9267254806553,1.3595027881230236e-14,0.0,6.847962114892336e-16,0.0,4.457793038694951e-14,1.1570311069932482e-16,False,14,True,1,False
244,mechanistic_target,True,,solved,1,3150,7.465832392485767e-14,0.0015447527636154,1351.9267254806553,7.70346005424988e-13,0.0,0.0,0.0,7.64060340080664e-14,0.0,False,0,True,1,False
245,raw_prediction,True,8285700.0,solved,1,1700,7.001957954571627e-14,0.0018492545056666,1059.148148969597,2.277691923957548e-13,1.3711884257399861e-13,2.120445322446383e-13,0.0,1.1953258255144868e-13,1.6142453494471052e-14,False,16,True,1,False
245,mechanistic_target,True,,solved,1,8475,7.001957954571627e-14,0.0018492545056666,1059.148148969597,9.804070865256893e-13,0.0,0.0,0.0,7.432007870361651e-15,0.0,False,0,True,1,False
246,raw_prediction,True,4144900.0,solved,1,250,5.709124273018281e-14,0.0049916648824003,319.93221587743074,3.0467065813332115e-14,1.0400121490198143e-14,1.8865156144371369e-13,0.0,1.405702163556899e-13,1.8524672013036492e-14,False,18,True,1,False
246,mechanistic_target,True,,solved,1,1225,5.709124273018281e-14,0.0049916648824003,319.93221587743074,5.1642659097432434e-14,0.0,0.0,0.0,7.650886085749716e-17,0.0,False,0,True,1,False
247,raw_prediction,True,229866100.0,solved inaccurate,2,100000,7.36682008389174e-14,0.0008203060209279,2512.1065894536123,3.4266928505106015e-14,0.0,0.0,0.0,1.2849588171008398e-13,3.1653932281711126e-17,False,1,True,1,False
247,mechanistic_target,True,,solved,1,13950,7.36682008389174e-14,0.0008203060209279,2512.1065894536123,4.6433782711430697e-14,0.0,0.0,0.0,5.876275152119183e-15,2.364567892948163e-21,False,3,True,1,False
248,raw_prediction,True,8602300.0,solved,1,1725,6.432883105274285e-14,0.001880100792751,957.1024449952754,3.32390365231916e-14,1.8888029991053623e-14,2.8428624605309835e-14,0.0,2.8510257833754955e-14,7.141240837464125e-15,False,20,True,1,False
248,mechanistic_target,True,,solved,1,11900,6.432883105274285e-14,0.001880100792751,957.1024449952754,2.815576191195959e-13,0.0,0.0,0.0,2.185579331383559e-15,0.0,False,0,True,1,False
249,raw_prediction,True,18343900.0,solved,1,5925,9.05010476804478e-14,0.0010462799196597,2419.577932697282,7.657392493101583e-15,2.4438268282967828e-17,5.033520908526397e-15,0.0,1.1935943417254306e-13,1.0416912012558409e-15,False,24,True,1,False
249,mechanistic_target,True,,solved,1,7600,9.05010476804478e-14,0.0010462799196597,2419.577932697282,2.1789210857274981e-13,0.0,7.348283682807395e-15,0.0,2.366942441349357e-14,3.4204447004292565e-18,False,1,True,1,False
250,raw_prediction,True,6743500.0,solved,1,1775,7.654709457979543e-14,0.0021878319601603,978.6978798064588,1.0482500284458851e-14,0.0,6.125475031066776e-15,0.0,4.6298992990638904e-14,2.455197557509981e-15,False,18,True,1,False
250,mechanistic_target,True,,solved,1,4250,7.654709457979543e-14,0.0021878319601603,978.6978798064588,6.422420735038237e-13,0.0,0.0,0.0,8.11078218180736e-17,0.0,False,0,True,1,False
251,raw_prediction,True,232258000.0,solved inaccurate,2,100000,9.13797153731562e-14,0.0007289530040689,3506.5833748518376,2.2912227670701668e-14,0.0,9.756596248640611e-15,0.0,1.5893169643468276e-13,8.85829659398411e-16,False,12,True,1,False
251,mechanistic_target,True,,solved,1,20375,9.13797153731562e-14,0.0007289530040689,3506.5833748518376,1.716348041367461e-14,0.0,0.0,0.0,7.250166015966904e-15,0.0,False,0,True,1,False
252,raw_prediction,True,18381900.0,solved,1,6425,6.865715573769806e-14,0.0012715890653641,1510.33373078896,1.9793628541764363e-14,0.0,2.4499791665017286e-15,0.0,8.699925670699397e-14,6.878912556802558e-16,False,26,True,1,False
252,mechanistic_target,True,,solved,1,3925,6.865715573769806e-14,0.0012715890653641,1510.33373078896,9.457882791509508e-13,0.0,0.0,0.0,1.308201132887961e-13,0.0,False,0,True,1,False
253,raw_prediction,True,3123900.0,solved,1,200,5.816631674883309e-14,0.0062961130421219,258.42406020789514,4.7908413347563794e-12,1.737660292091483e-15,4.645922355042356e-14,0.0,1.1427327310964474e-14,4.5392689438506514e-14,False,22,True,1,False
253,mechanistic_target,True,,solved,1,875,5.816631674883309e-14,0.0062961130421219,258.42406020789514,3.2280704907576484e-14,0.0,7.183152795252889e-18,0.0,7.946807135572622e-17,1.916711593823892e-21,False,1,True,1,False
254,raw_prediction,True,7492700.0,solved,1,1275,6.339713442860842e-14,0.0021775233615605,814.4055104445357,2.502911072843617e-13,1.742927096845683e-13,9.086553780283703e-13,0.0,3.608775395980909e-14,1.2212599303157485e-13,False,29,True,1,False
254,mechanistic_target,True,,solved,1,9250,6.339713442860842e-14,0.0021775233615605,814.4055104445357,1.8122464744447017e-13,0.0,1.8136318033705208e-14,0.0,1.795891227778982e-15,3.1777054704138817e-17,False,1,True,1,False
255,raw_prediction,True,23482400.0,solved,1,9100,6.543920704911084e-14,0.0022514355574872,813.0409236636258,3.3606797900098684e-14,0.0,4.241503400571485e-16,0.0,1.0419983650388731e-14,2.658614566687795e-18,False,1,True,1,False
255,mechanistic_target,True,,solved,1,7300,6.543920704911084e-14,0.0022514355574872,813.0409236636258,5.154664131689881e-13,0.0,0.0,0.0,6.224009498394385e-15,0.0,False,0,True,1,False
256,raw_prediction,True,53201400.0,solved,1,21950,7.935754344018119e-14,0.0007591034886029,2924.294629649478,1.8117814083389472e-14,0.0,1.864180209680723e-15,0.0,1.514360933272869e-13,8.298555808368471e-17,False,8,True,1,False
256,mechanistic_target,True,,solved,1,19450,7.935754344018119e-14,0.0007591034886029,2924.294629649478,1.2657131137832299e-14,0.0,0.0,0.0,4.144999395624498e-14,9.080656296316179e-21,False,3,True,1,False
257,raw_prediction,True,20247100.0,solved,1,7850,6.865409961602311e-14,0.0008371307123743,2294.072288658953,1.231653667943533e-14,1.6180004137148436e-16,5.770203909774977e-15,0.0,1.0840958164076992e-13,9.730859928043036e-16,False,18,True,1,False
257,mechanistic_target,True,,solved,1,15425,6.865409961602311e-14,0.0008371307123743,2294.072288658953,1.8509424038696124e-14,0.0,0.0,0.0,8.855988116677909e-15,0.0,False,0,True,1,False
258,raw_prediction,True,12232400.0,solved,1,3725,7.21466268835806e-14,0.0018673696547526,1080.7360350775166,1.2299973824577e-14,0.0,4.853217819108775e-18,0.0,2.560904386623697e-14,1.3713088092953266e-16,False,7,True,1,False
258,mechanistic_target,True,,solved,1,10625,7.21466268835806e-14,0.0018673696547526,1080.7360350775166,3.838215012174209e-13,0.0,0.0,0.0,3.413538107614467e-15,0.0,False,0,True,1,False
259,raw_prediction,True,5533200.0,solved,1,1000,7.720675947800522e-14,0.0016790303946048,1286.2656299942305,2.617450775394941e-14,1.286541173344074e-14,2.2203492797086997e-14,0.0,1.5604390548256692e-13,8.862919249584929e-14,False,28,True,1,False
259,mechanistic_target,True,,solved,1,3750,7.720675947800522e-14,0.0016790303946048,1286.2656299942305,2.073726636882187e-13,0.0,0.0,0.0,4.642892023076622e-14,8.491107910224964e-19,False,3,True,1,False
260,raw_prediction,True,244046200.0,solved inaccurate,2,100000,7.949473487009774e-14,0.0010033367455449,2216.284687401977,5.4544364606603154e-14,0.0,1.2747228274839577e-15,0.0,2.547823779018697e-13,3.026333593644071e-16,False,12,True,1,False
260,mechanistic_target,True,,solved,1,9250,7.949473487009774e-14,0.0010033367455449,2216.284687401977,1.0598305724489773e-13,0.0,3.207114469607795e-15,0.0,1.3797427686960376e-14,3.0199567039477117e-18,False,1,True,1,False
261,raw_prediction,True,4377200.0,solved,1,150,5.995627589237911e-14,0.0052818194846826,317.53016824508285,2.2110785424800383e-14,1.4727889878110598e-14,8.837822989665017e-14,0.0,2.2538894269497543e-14,2.4127343925291438e-14,False,28,True,1,False
261,mechanistic_target,True,,solved,1,1275,5.995627589237911e-14,0.0052818194846826,317.53016824508285,1.8924668420266697e-13,0.0,3.918083342865212e-17,0.0,1.7412006500955542e-16,2.071318560056637e-20,False,1,True,1,False
262,raw_prediction,True,13871200.0,solved,1,4450,7.101514313503406e-14,0.0011268266235121,1762.9003570279374,2.2183643810791412e-14,2.4733853416919333e-15,8.263501895480213e-15,0.0,3.3642455766190313e-14,1.0847363266174136e-14,False,25,True,1,False
262,mechanistic_target,True,,solved,1,7175,7.101514313503406e-14,0.0011268266235121,1762.9003570279374,1.755672101983904e-13,0.0,0.0,0.0,2.370967396621378e-14,0.0,False,0,True,1,False
263,raw_prediction,True,19868300.0,solved,1,6950,6.171759544453694e-14,0.0028075096123726,614.9242837658996,2.0528717614709532e-14,5.722035522623378e-17,4.659089106344425e-16,0.0,2.4757258341727263e-14,1.685967335132557e-16,False,13,True,1,False
263,mechanistic_target,True,,solved,1,3975,6.171759544453694e-14,0.0028075096123726,614.9242837658996,3.8324678082744776e-12,0.0,0.0,0.0,5.207157092337499e-16,0.0,False,0,True,1,False
264,raw_prediction,True,70271300.0,solved,1,28375,6.900649969035033e-14,0.0006548009501828,2947.9125513795334,1.5133727604421665e-13,3.103233813668547e-15,4.256717298597346e-15,0.0,9.57314231628674e-13,2.0508432698748235e-16,False,15,True,1,False
264,mechanistic_target,True,,solved,1,28100,6.900649969035033e-14,0.0006548009501828,2947.9125513795334,8.187074444522485e-15,0.0,6.404858209164693e-16,0.0,4.898370455811402e-14,3.931567308712418e-17,False,2,True,1,False
265,raw_prediction,True,5592600.0,solved,1,1125,5.716580796969293e-14,0.0067023480334861,238.58507309386823,1.5827616994812388e-14,6.212425344685917e-15,0.0,0.0,1.2253674891016358e-14,2.8147756784585614e-15,False,1,True,1,False
265,mechanistic_target,True,,solved,1,650,5.716580796969293e-14,0.0067023480334861,238.58507309386823,4.849398107110039e-15,0.0,0.0,0.0,6.500463432680496e-17,0.0,False,0,True,1,False
266,raw_prediction,True,35290500.0,solved,1,11325,7.67119541588796e-14,0.000858822340022,2498.582026965244,1.2425509058742166e-14,6.991372916467008e-16,1.4722993378655353e-15,0.0,2.229887085600897e-13,1.9339670582454237e-15,False,22,True,1,False
266,mechanistic_target,True,,solved,1,14275,7.67119541588796e-14,0.000858822340022,2498.582026965244,1.4502041086849518e-14,0.0,0.0,0.0,7.832519477699857e-15,0.0,False,0,True,1,False
267,raw_prediction,True,33344500.0,solved,1,12100,8.661185548921789e-14,0.0009265039003076,2614.9536125617665,3.549578004263411e-14,0.0,1.63845296203487e-15,0.0,2.275596134983609e-13,4.604228926785954e-16,False,15,True,1,False
267,mechanistic_target,True,,solved,1,10600,8.661185548921789e-14,0.0009265039003076,2614.9536125617665,6.599224209759732e-14,0.0,0.0,0.0,4.755126882374496e-15,0.0,False,0,True,1,False
268,raw_prediction,True,6109800.0,solved,1,975,7.659336686055e-14,0.0021512696544166,995.9331948707628,1.0675343205514268e-14,1.1978762997014684e-14,1.6222557519073956e-14,0.0,4.056356690755746e-14,9.710810799153058e-15,False,26,True,1,False
268,mechanistic_target,True,,solved,1,5950,7.659336686055e-14,0.0021512696544166,995.9331948707628,1.0116719654336613e-12,0.0,1.681257316963412e-13,0.0,3.5341757670093933e-15,2.0667152549061198e-16,False,1,True,1,False
269,raw_prediction,True,15099300.0,solved,1,4725,5.999742740538426e-14,0.0012341751576148,1359.8459966461407,3.454783816789168e-14,0.0,2.259071698982113e-15,0.0,2.808194589200457e-13,4.396967965483787e-15,False,21,True,1,False
269,mechanistic_target,True,,solved,1,7475,5.999742740538426e-14,0.0012341751576148,1359.8459966461407,2.9382182488189085e-14,0.0,4.468505727324204e-15,0.0,1.2786774757878798e-13,4.338003130765986e-15,False,2,True,1,False
270,raw_prediction,True,5096700.0,solved,1,575,5.713432690802224e-14,0.0038969669690942,410.1137112125359,5.233503648062261e-15,9.001714262694631e-16,1.458181316642109e-16,0.0,1.663198349013183e-14,2.53941910508923e-16,False,17,True,1,False
270,mechanistic_target,True,,solved,1,1675,5.713432690802224e-14,0.0038969669690942,410.1137112125359,5.995255077587524e-14,0.0,0.0,0.0,1.1623939713999295e-16,0.0,False,0,True,1,False
271,raw_prediction,True,30745400.0,solved,1,12125,6.35907142238118e-14,0.0018585068509373,957.113484579102,2.101062379633589e-13,0.0,0.0,0.0,1.3823624139589403e-14,5.186571823221378e-16,False,1,True,1,False
271,mechanistic_target,True,,solved,1,2775,6.35907142238118e-14,0.0018585068509373,957.113484579102,3.861847684306953e-13,0.0,0.0,0.0,5.142831369706794e-14,0.0,False,0,True,1,False
272,raw_prediction,True,230304000.0,solved inaccurate,2,100000,6.622511749786462e-14,0.0013726341402327,1349.5899623789187,2.980798514909706e-14,9.640901528275556e-16,1.812586918158224e-15,0.0,1.8039173071385581e-13,5.77513707030986e-16,False,13,True,1,False
272,mechanistic_target,True,,solved,1,4025,6.622511749786462e-14,0.0013726341402327,1349.5899623789187,3.125893897423312e-13,0.0,0.0,0.0,6.523362837410693e-14,0.0,False,0,True,1,False
273,raw_prediction,True,28424500.0,solved,1,10800,6.312542327686732e-14,0.0021312682698004,828.5144408256286,1.0691642065945058e-14,0.0,1.7857763650693306e-17,0.0,5.189528391464648e-14,1.9655700468258656e-16,False,11,True,1,False
273,mechanistic_target,True,,solved,1,8725,6.312542327686732e-14,0.0021312682698004,828.5144408256286,3.9227854944809357e-13,0.0,3.713559392367648e-14,0.0,1.940322024100309e-15,3.847397926907359e-18,False,1,True,1,False
274,raw_prediction,True,91742200.0,solved,1,38600,6.324372052079129e-14,0.0012462981337461,1419.480283640832,1.4564692859153313e-14,0.0,4.273585936143996e-16,0.0,6.692389277825348e-14,8.8475907066832e-17,False,3,True,1,False
274,mechanistic_target,True,,solved,1,34175,6.324372052079129e-14,0.0012462981337461,1419.480283640832,1.3169233325025981e-14,0.0,0.0,0.0,1.0757641747452972e-14,0.0,False,0,True,1,False
275,raw_prediction,True,93016100.0,solved,1,40475,7.75516828455598e-14,0.0005619886260937,3860.091494004873,2.6892377213982854e-13,0.0,6.47789779353715e-16,0.0,2.062374526642632e-12,1.7462473778508487e-16,False,8,True,1,False
275,mechanistic_target,True,,solved,1,37475,7.75516828455598e-14,0.0005619886260937,3860.091494004873,4.8396121252324505e-14,0.0,1.8469823672940042e-15,0.0,3.019517159116141e-13,7.36741572098641e-16,False,2,True,1,False
276,raw_prediction,True,10219000.0,solved,1,2625,7.1764078958745e-14,0.0018184146497559,1103.946666227528,2.389755060505649e-14,0.0,4.652244371071694e-16,0.0,2.976763482792195e-14,1.8908871934525574e-15,False,13,True,1,False
276,mechanistic_target,True,,solved,1,12825,7.1764078958745e-14,0.0018184146497559,1103.946666227528,2.3099649834430786e-13,0.0,1.4381651416931997e-14,0.0,2.8300078111182044e-15,6.229833675603765e-18,False,1,True,1,False
277,raw_prediction,True,11771600.0,solved,1,3425,9.472739731405277e-14,0.0015947952446315,1661.5161671625194,8.716215859647445e-15,4.885059079498008e-15,6.816200638266368e-15,0.0,2.1237631853315505e-14,6.148773052911704e-15,False,8,True,1,False
277,mechanistic_target,True,,solved,1,2925,9.472739731405277e-14,0.0015947952446315,1661.5161671625194,9.55744311388483e-13,0.0,0.0,0.0,9.697577614007399e-14,0.0,False,0,True,1,False
278,raw_prediction,True,4791300.0,solved,1,575,6.309683880990089e-14,0.0030456866444271,579.5037904553118,3.0168269712814544e-11,3.322855913297684e-13,1.7006997378333726e-13,0.0,2.789327382644916e-14,2.2259134416649219e-13,False,12,True,1,False
278,mechanistic_target,True,,solved,1,4175,6.309683880990089e-14,0.0030456866444271,579.5037904553118,4.151879418838602e-13,0.0,0.0,0.0,6.075782690015208e-15,0.0,False,0,True,1,False
279,raw_prediction,True,21347700.0,solved,1,7675,9.091967193594163e-14,0.0012818233077811,1984.100169747517,1.2191067994120632e-14,1.1856296454453142e-16,4.249076091613192e-16,0.0,5.304340804746469e-14,5.89163555517619e-17,False,11,True,1,False
279,mechanistic_target,True,,solved,1,5175,9.091967193594163e-14,0.0012818233077811,1984.100169747517,3.1320933472975583e-13,0.0,0.0,0.0,5.2783536454763163e-14,0.0,False,0,True,1,False
280,raw_prediction,True,8766600.0,solved,1,2175,6.952823130467841e-14,0.0014819939910773,1312.3468630094844,2.5757174171303632e-14,0.0,1.0700109871708223e-14,0.0,2.5284759127791963e-14,1.1815661175610756e-14,False,24,True,1,False
280,mechanistic_target,True,,solved,1,3225,6.952823130467841e-14,0.0014819939910773,1312.3468630094844,9.939800701124337e-13,0.0,0.0,0.0,8.416646973387666e-14,0.0,False,0,True,1,False
281,raw_prediction,True,7914600.0,solved,1,2375,6.036710500089685e-14,0.0023159871794507,729.1184644950021,8.958471821852808e-15,0.0,1.8913553041334544e-14,0.0,4.1937564508444506e-14,2.6123050635305018e-15,False,12,True,1,False
281,mechanistic_target,True,,solved,1,7300,6.036710500089685e-14,0.0023159871794507,729.1184644950021,3.567956831987392e-13,0.0,0.0,0.0,2.3875114259405776e-15,0.0,False,0,True,1,False
282,raw_prediction,True,3553500.0,solved,1,450,5.717052236977877e-14,0.0034237157738104,467.0983736598845,3.3507560910375926e-14,5.438681034935989e-15,1.0426513363756474e-15,0.0,1.1632084693834994e-14,4.3405660601959544e-16,False,9,True,1,False
282,mechanistic_target,True,,solved,1,2025,5.717052236977877e-14,0.0034237157738104,467.0983736598845,6.207706266233905e-14,0.0,0.0,0.0,3.8337535349799104e-17,0.0,False,0,True,1,False
283,raw_prediction,True,12394000.0,solved,1,3750,6.46430643987907e-14,0.001728011924876,1046.4273913663606,2.30145763557843e-14,0.0,9.438913803026968e-16,0.0,2.0321368353752965e-14,5.73792825881334e-16,False,9,True,1,False
283,mechanistic_target,True,,solved,1,3450,6.46430643987907e-14,0.001728011924876,1046.4273913663606,6.71331108238955e-14,0.0,0.0,0.0,1.5077409458749356e-14,0.0,False,0,True,1,False
284,raw_prediction,True,12220700.0,solved,1,3600,9.129621915622069e-14,0.0013865416469386,1841.8479378230995,1.5879658699091692e-14,2.693893686487905e-15,4.939336321385878e-15,0.0,3.50986285874458e-14,6.6028957798529185e-15,False,17,True,1,False
284,mechanistic_target,True,,solved,1,4725,9.129621915622069e-14,0.0013865416469386,1841.8479378230995,1.896510664976132e-13,0.0,0.0,0.0,3.9376636161732886e-14,0.0,False,0,True,1,False
285,raw_prediction,True,30077300.0,solved,1,9775,6.364417313752497e-14,0.0025140394391948,708.1421750711623,8.045082917576868e-15,1.548016220840828e-15,1.0426513363756474e-15,0.0,2.584886531619751e-14,1.6920473702522412e-16,False,6,True,1,False
285,mechanistic_target,True,,solved,1,6350,6.364417313752497e-14,0.0025140394391948,708.1421750711623,3.19765342678528e-13,0.0,3.7207751958574245e-14,0.0,4.132033555819459e-15,8.942994641203e-18,False,1,True,1,False
286,raw_prediction,True,18176000.0,solved,1,5625,1.0108604995893297e-13,0.00119609094558,2364.073213007435,1.9910575667364702e-14,0.0,4.736114205510198e-15,0.0,1.0576699614004819e-13,4.180991563363039e-14,False,22,True,1,False
286,mechanistic_target,True,,solved,1,6025,1.0108604995893297e-13,0.00119609094558,2364.073213007435,1.986910740823605e-13,0.0,1.1877016640005411e-14,0.0,3.1446234496728026e-14,1.2309245015205573e-17,False,1,True,1,False
287,raw_prediction,True,3426900.0,solved,1,250,5.832557708902761e-14,0.0066372244715878,245.81390000556567,7.795676018346764e-12,2.446816330173428e-13,1.4770967665858722e-13,0.0,3.3682232264045765e-14,8.504559674514983e-14,False,19,True,1,False
287,mechanistic_target,True,,solved,1,625,5.832557708902761e-14,0.0066372244715878,245.81390000556567,2.8825979453111973e-15,0.0,0.0,0.0,1.8593802995696308e-16,0.0,False,0,True,1,False
288,raw_prediction,True,11360600.0,solved,1,2750,8.849327416377564e-14,0.0019181448871932,1290.5140996226853,1.23837281198927e-14,1.1084482944036552e-14,1.5281921830993196e-14,0.0,2.637477910060168e-14,2.239139279261752e-16,False,11,True,1,False
288,mechanistic_target,True,,solved,1,1825,8.849327416377564e-14,0.0019181448871932,1290.5140996226853,3.6170236670628876e-13,0.0,0.0,0.0,1.9652226659497646e-16,0.0,False,0,True,1,False
289,raw_prediction,True,9646100.0,solved,1,2975,5.950092021676163e-14,0.0064049831568025,259.8600926035649,7.994535589084249e-12,1.4685584044491304e-13,4.844475851100138e-14,0.0,1.7476879188020758e-14,2.1312414824458057e-13,False,25,True,1,False
289,mechanistic_target,True,,solved,1,800,5.950092021676163e-14,0.0064049831568025,259.8600926035649,1.685740764732647e-14,0.0,4.673130653729862e-18,0.0,7.45936505145349e-17,5.915863625694351e-21,False,1,True,1,False
290,raw_prediction,True,28717100.0,solved,1,11325,6.028412837588764e-14,0.0033524929640184,503.0011864442381,6.261180142928677e-15,0.0,5.819171339986069e-17,0.0,4.1534825066364845e-14,3.108732554182653e-14,False,13,True,1,False
290,mechanistic_target,True,,solved,1,2525,6.028412837588764e-14,0.0033524929640184,503.0011864442381,9.635998312532434e-13,0.0,0.0,0.0,9.898320514486771e-15,2.5509841749500762e-18,False,3,True,1,False
291,raw_prediction,True,34579000.0,solved,1,11275,8.162602500224337e-14,0.0007583747005256,3010.777833444516,1.3434180821323051e-14,2.0937963861440783e-15,3.3556126119891365e-15,0.0,9.180393024493454e-14,1.5099246963454656e-15,False,23,True,1,False
291,mechanistic_target,True,,solved,1,20425,8.162602500224337e-14,0.0007583747005256,3010.777833444516,9.31544408833141e-15,0.0,0.0,0.0,3.7276260619629034e-14,8.880032809051083e-21,False,3,True,1,False
292,raw_prediction,True,13967900.0,solved,1,4750,8.332176647914161e-14,0.0015193860601772,1533.9960086898757,1.4023504579796507e-14,0.0,2.3365280286435893e-14,0.0,2.2372045676878987e-14,1.0132911006731557e-15,False,6,True,1,False
292,mechanistic_target,True,,solved,1,3775,8.332176647914161e-14,0.0015193860601772,1533.9960086898757,3.2684744309160215e-13,0.0,0.0,0.0,3.9026688319447635e-14,0.0,False,0,True,1,False
293,raw_prediction,True,18582600.0,solved,1,6425,6.071128399583818e-14,0.0026612231306001,638.1489028377766,1.424853593181142e-13,0.0,8.735792074395794e-17,0.0,5.740310506250662e-15,5.960315092124616e-15,False,10,True,1,False
293,mechanistic_target,True,,solved,1,5900,6.071128399583818e-14,0.0026612231306001,638.1489028377766,2.383986357106423e-13,0.0,3.315122967092779e-14,0.0,2.500239036761582e-15,2.0680970139095356e-17,False,1,True,1,False
294,raw_prediction,True,8675500.0,solved,1,2650,8.767315661976918e-14,0.0015524973993355,1579.6819672019317,2.258436493374205e-14,0.0,1.94128712764351e-17,0.0,9.304275152677104e-15,5.651603627381167e-17,False,7,True,1,False
294,mechanistic_target,True,,solved,1,3425,8.767315661976918e-14,0.0015524973993355,1579.6819672019317,5.344333049861142e-13,0.0,0.0,0.0,6.722118107321288e-14,0.0,False,0,True,1,False
295,raw_prediction,True,8416300.0,solved,1,2450,8.667518127517993e-14,0.0020419165546481,1187.3825631418774,1.3047491486099506e-14,0.0,7.76514851057404e-17,0.0,4.367889272244541e-14,3.133513431210382e-16,False,9,True,1,False
295,mechanistic_target,True,,solved,1,4925,8.667518127517993e-14,0.0020419165546481,1187.3825631418774,2.727032851439077e-12,0.0,0.0,0.0,1.0087115512320588e-15,0.0,False,0,True,1,False
296,raw_prediction,True,23530800.0,solved,1,8875,6.409063760103192e-14,0.002420445339657,740.6844227152341,1.2965540099885152e-14,1.4427396936228868e-15,0.0,0.0,1.2613862781016176e-14,4.875010809110007e-17,False,1,True,1,False
296,mechanistic_target,True,,solved,1,5050,6.409063760103192e-14,0.002420445339657,740.6844227152341,9.88384148285758e-13,0.0,0.0,0.0,5.439364838811682e-15,0.0,False,0,True,1,False
297,raw_prediction,True,8041600.0,solved,1,2300,6.021103047344837e-14,0.0019750912557375,852.7520893842667,1.1347397103809204e-14,0.0,5.493933242174988e-15,0.0,8.120343272404078e-14,4.596229203208079e-16,False,16,True,1,False
297,mechanistic_target,True,,solved,1,10775,6.021103047344837e-14,0.0019750912557375,852.7520893842667,1.4464161671829298e-13,0.0,0.0,0.0,6.892820282905e-16,7.507908663693213e-20,False,3,True,1,False
298,raw_prediction,True,26589500.0,solved,1,8475,6.194782716045726e-14,0.0008752648497591,1979.7962108235104,9.147719104612627e-15,0.0,3.987594485975457e-15,0.0,4.764712156984433e-14,8.064414441082295e-16,False,16,True,1,False
298,mechanistic_target,True,,solved,1,13225,6.194782716045726e-14,0.0008752648497591,1979.7962108235104,2.414317132052518e-14,0.0,0.0,0.0,5.309466241215998e-15,5.4619093659781516e-21,False,3,True,1,False
299,raw_prediction,True,37085300.0,solved,1,15325,7.195219697159766e-14,0.0008927182976911,2254.56894793574,2.938405864000032e-14,0.0,0.0,0.0,2.890730712585947e-13,1.1694353216221105e-18,False,2,True,1,False
299,mechanistic_target,True,,solved,1,14825,7.195219697159766e-14,0.0008927182976911,2254.56894793574,1.3229505927235516e-14,0.0,0.0,0.0,1.0567625709235696e-14,2.650514751278264e-20,False,3,True,1,False
300,raw_prediction,True,7889700.0,solved,1,2100,7.023536082941751e-14,0.0018896206129254,1039.7168889499214,8.315377268001876e-15,1.5985551772208196e-16,5.818540253969562e-17,0.0,3.739262186974812e-14,1.5687668482944182e-16,False,5,True,1,False
300,mechanistic_target,True,,solved,1,10050,7.023536082941751e-14,0.0018896206129254,1039.7168889499214,8.550308704530945e-13,0.0,7.709367713546948e-14,0.0,1.0006195680635555e-14,1.954054323072981e-17,False,1,True,1,False
301,raw_prediction,True,12311600.0,solved,1,3400,5.751542432784819e-14,0.002003977491911,802.8333174650643,1.2869859215590087e-14,6.326428386115504e-14,2.8198331456084483e-16,0.0,2.2775783909978823e-14,1.2030864560701628e-13,False,26,True,1,False
301,mechanistic_target,True,,solved,1,8325,5.751542432784819e-14,0.002003977491911,802.8333174650643,9.754855594214896e-13,0.0,0.0,0.0,5.0530959327203615e-15,0.0,False,0,True,1,False
302,raw_prediction,True,14281600.0,solved,1,4200,6.920800078043685e-14,0.0013267389717893,1459.1660485275866,1.743397093356691e-14,2.8088725264203872e-15,4.390521174565225e-15,0.0,2.4456732588719035e-14,1.6917305495192442e-15,False,26,True,1,False
302,mechanistic_target,True,,solved,1,5275,6.920800078043685e-14,0.0013267389717893,1459.1660485275866,5.2386461306663515e-14,0.0,0.0,0.0,1.2505173197453358e-14,0.0,False,0,True,1,False
303,raw_prediction,True,9809500.0,solved,1,2625,5.936394485577824e-14,0.0021419471438547,775.2609370640333,1.3281042932078435e-14,0.0,0.0,0.0,4.8205374623634655e-14,4.5453758441362246e-15,False,8,True,1,False
303,mechanistic_target,True,,solved,1,7575,5.936394485577824e-14,0.0021419471438547,775.2609370640333,1.0021201128888024e-12,0.0,0.0,0.0,6.437365467889532e-15,0.0,False,0,True,1,False
304,raw_prediction,True,230435000.0,solved inaccurate,2,100000,5.709498431675855e-14,0.001099015648671,1453.2086698092169,6.279782596465673e-14,2.930257323811451e-16,1.6601120278526876e-15,0.0,1.0183384202270697e-12,8.850812346161998e-16,False,13,True,1,False
304,mechanistic_target,True,,solved,1,4375,5.709498431675855e-14,0.001099015648671,1453.2086698092169,9.040678354739281e-14,0.0,3.2609716219625736e-14,0.0,7.167417619106179e-13,5.792830774691257e-13,False,3,True,1,False
305,raw_prediction,True,26664100.0,solved,1,9200,6.557502754186621e-14,0.002386875810404,768.4976733399601,2.918845720678576e-14,0.0,4.184513010180046e-15,0.0,3.212111030128186e-14,4.426396983150876e-16,False,13,True,1,False
305,mechanistic_target,True,,solved,1,5550,6.557502754186621e-14,0.002386875810404,768.4976733399601,7.2449741877973035e-12,0.0,0.0,0.0,8.92763032578023e-16,0.0,False,0,True,1,False
306,raw_prediction,True,10058400.0,solved,1,2475,6.31305437772344e-14,0.0017161294607132,1029.0189716389195,9.495876307497042e-15,7.778805702567212e-16,2.3994055321054722e-14,0.0,7.701487266981611e-14,5.255071234927561e-15,False,35,True,1,False
306,mechanistic_target,True,,solved,1,2700,6.31305437772344e-14,0.0017161294607132,1029.0189716389195,4.708923394952021e-13,0.0,0.0,0.0,9.176952951086897e-14,0.0,False,0,True,1,False
307,raw_prediction,True,15085200.0,solved,1,4075,6.615484685610606e-14,0.0012063241601273,1534.0218338282973,1.9345940726591696e-14,0.0,7.452225760675444e-15,0.0,1.1495883216589614e-13,3.515604404941852e-15,False,34,True,1,False
307,mechanistic_target,True,,solved,1,32700,6.615484685610606e-14,0.0012063241601273,1534.0218338282973,9.018032719278972e-15,0.0,0.0,0.0,1.8628987928731574e-14,6.6377560994258046e-21,False,3,True,1,False
308,raw_prediction,True,8845400.0,solved,1,1675,7.301717124241636e-14,0.0018887859669921,1081.3745766611073,1.5875198058309822e-14,4.054287523333832e-17,1.3799048796301316e-14,0.0,5.073737877497712e-14,1.186303235390332e-14,False,33,True,1,False
308,mechanistic_target,True,,solved,1,10875,7.301717124241636e-14,0.0018887859669921,1081.3745766611073,2.294858119441255e-13,0.0,0.0,0.0,1.9478316229844202e-15,7.03409785762112e-19,False,3,True,1,False
309,raw_prediction,True,26991000.0,solved,1,8500,7.163946104561262e-14,0.002656267785171,754.4220149912228,9.975458639258618e-15,0.0,2.5823443423375667e-16,0.0,2.2079305368702102e-14,7.57786251831647e-18,False,3,True,1,False
309,mechanistic_target,True,,solved,1,5600,7.163946104561262e-14,0.002656267785171,754.4220149912228,3.540212414680661e-13,0.0,0.0,0.0,7.708272252547842e-15,0.0,False,0,True,1,False
310,raw_prediction,True,17624300.0,solved,1,5775,5.866401164964257e-14,0.0014202745294911,1155.4026466502628,1.3831033362570356e-14,0.0,3.4279695365791438e-15,0.0,1.1067675658609965e-13,2.2529347511005677e-16,False,15,True,1,False
310,mechanistic_target,True,,solved,1,5750,5.866401164964257e-14,0.0014202745294911,1155.4026466502628,1.6103566874042785e-14,0.0,0.0,0.0,9.482090272400924e-15,1.173791573722013e-19,False,3,True,1,False
311,raw_prediction,True,3517400.0,solved,1,325,5.714147298657244e-14,0.0039060675985674,409.2093750861973,1.3055805799731471e-14,2.309140321160723e-15,7.063241926242369e-14,0.0,3.4964666831199514e-14,3.3514060410173657e-14,False,21,True,1,False
311,mechanistic_target,True,,solved,1,1425,5.714147298657244e-14,0.0039060675985674,409.2093750861973,1.3497584854771028e-14,0.0,0.0,0.0,5.729013537810844e-17,0.0,False,0,True,1,False
312,raw_prediction,True,12351500.0,solved,1,3600,6.55777668268808e-14,0.0015735698109543,1165.747537343826,1.834123131150278e-14,2.5356415976336053e-16,5.867585498726259e-16,0.0,1.270763067730416e-13,3.2803606980424704e-16,False,16,True,1,False
312,mechanistic_target,True,,solved,1,3525,6.55777668268808e-14,0.0015735698109543,1165.747537343826,2.767903791562697e-13,0.0,0.0,0.0,4.6529817683672336e-14,0.0,False,0,True,1,False
313,raw_prediction,True,37976600.0,solved,1,12625,6.223506889678219e-14,0.0009774954610975,1780.9606490990898,1.744912815445674e-14,0.0,8.928881825346654e-17,0.0,6.17245751340874e-14,2.5078293935343853e-16,False,13,True,1,False
313,mechanistic_target,True,,solved,1,10475,6.223506889678219e-14,0.0009774954610975,1780.9606490990898,1.3712382848838924e-14,0.0,0.0,0.0,9.233592381539076e-15,0.0,False,0,True,1,False
314,raw_prediction,True,8690100.0,solved,1,2200,6.487317917541811e-14,0.0022705609023101,799.2192296245389,7.616823838318966e-14,0.0,3.157582468848864e-13,0.0,3.3463789161299995e-14,3.096179911836876e-14,False,2,True,1,False
314,mechanistic_target,True,,solved,1,7225,6.487317917541811e-14,0.0022705609023101,799.2192296245389,6.146449332341619e-13,0.0,0.0,0.0,7.279186739794298e-15,0.0,False,0,True,1,False
315,raw_prediction,True,7007800.0,solved,1,1300,7.259260529200194e-14,0.0022163162841586,916.2089803649568,7.278017476603715e-14,0.0,1.824865732765102e-13,0.0,6.638328361045901e-14,5.5930609321058915e-14,False,13,True,1,False
315,mechanistic_target,True,,solved,1,5550,7.259260529200194e-14,0.0022163162841586,916.2089803649568,1.0725945358639585e-12,0.0,0.0,0.0,5.544027209971372e-15,0.0,False,0,True,1,False
316,raw_prediction,True,12691500.0,solved,1,3075,9.367317727113724e-14,0.0018103460618754,1447.3965998388255,6.606851424977042e-15,1.1480926525485421e-14,1.6195292716520888e-14,0.0,4.733682845194034e-14,2.7702082368638397e-15,False,21,True,1,False
316,mechanistic_target,True,,solved,1,2125,9.367317727113724e-14,0.0018103460618754,1447.3965998388255,3.5299399644575413e-12,0.0,0.0,0.0,1.6938564771599778e-15,0.0,False,0,True,1,False
317,raw_prediction,True,20123700.0,solved,1,7300,8.860352554426693e-14,0.0009444204311789,2624.3365407349,1.5790320440078887e-14,0.0,6.304482049568956e-15,0.0,8.881001730159252e-14,3.990354551560739e-15,False,29,True,1,False
317,mechanistic_target,True,,solved,1,9900,8.860352554426693e-14,0.0009444204311789,2624.3365407349,1.1291425084003901e-13,0.0,0.0,0.0,1.4218993678002787e-14,0.0,False,0,True,1,False
318,raw_prediction,True,8430400.0,solved,1,2350,8.608838351861379e-14,0.0020555645895924,1171.5135712376575,1.9693206989651053e-14,0.0,0.0,0.0,7.28056225909781e-14,3.1394114722112655e-17,False,11,True,1,False
318,mechanistic_target,True,,solved,1,5225,8.608838351861379e-14,0.0020555645895924,1171.5135712376575,1.0169049852670753e-12,0.0,0.0,0.0,4.78110229733236e-15,9.60118913712489e-17,False,1,True,1,False
319,raw_prediction,True,4265000.0,solved,1,700,6.291825241631133e-14,0.00254836605459,690.6352459959105,4.5509386014517007e-14,7.609835090965867e-15,7.279582945506416e-14,0.0,1.253831956074296e-14,3.461344585324603e-14,False,27,True,1,False
319,mechanistic_target,True,,solved,1,6050,6.291825241631133e-14,0.00254836605459,690.6352459959105,3.8806984458500393e-13,0.0,0.0,0.0,4.694197721571142e-15,0.0,False,0,True,1,False
320,raw_prediction,True,8763100.0,solved,1,2375,6.686770149542839e-14,0.001847223427762,1012.5835449616408,9.833087398987016e-15,3.478214539955278e-14,1.0598385630856668e-16,0.0,3.584089082088112e-14,2.4473520291653043e-14,False,14,True,1,False
320,mechanistic_target,True,,solved,1,12400,6.686770149542839e-14,0.001847223427762,1012.5835449616408,2.621028461068876e-13,0.0,2.0566835734062597e-14,0.0,2.4068555865923168e-15,1.9331495160337578e-17,False,1,True,1,False
321,raw_prediction,True,5937600.0,solved,1,800,5.85779975977548e-14,0.0028117617716695,582.7602196938157,1.8804416520525662e-14,2.5904986275395962e-14,3.575778854834536e-14,0.0,2.5660930959385582e-14,3.2720511791879736e-15,False,26,True,1,False
321,mechanistic_target,True,,solved,1,4675,5.85779975977548e-14,0.0028117617716695,582.7602196938157,6.196494501381983e-13,0.0,0.0,0.0,5.3945309284509726e-15,0.0,False,0,True,1,False
322,raw_prediction,True,14417800.0,solved,1,4325,9.861946438748493e-14,0.0013743270940648,2007.2729382839248,1.3037608432484892e-14,6.106537711142582e-16,5.905525120450987e-15,0.0,2.1458716133932898e-13,2.5549227192160186e-15,False,24,True,1,False
322,mechanistic_target,True,,solved,1,4400,9.861946438748493e-14,0.0013743270940648,2007.2729382839248,3.154079908591692e-13,0.0,2.3584086415014044e-14,0.0,4.099124040577168e-14,1.5671343257772078e-17,False,1,True,1,False
323,raw_prediction,True,14753300.0,solved,1,4450,7.14535586735648e-14,0.0011937039098648,1674.4074413276069,6.384109948971308e-14,2.8454658707844934e-15,3.9806611727475584e-15,0.0,1.71550991570944e-13,3.166357270343994e-15,False,21,True,1,False
323,mechanistic_target,True,,solved,1,8100,7.14535586735648e-14,0.0011937039098648,1674.4074413276069,1.4133832336680263e-14,0.0,0.0,0.0,1.2402762068595355e-14,0.0,False,0,True,1,False
324,raw_prediction,True,6175600.0,solved,1,1275,6.363084961713999e-14,0.0028575375650634,622.887581261836,9.568324450263129e-15,4.771533461259266e-16,4.683125273426943e-15,0.0,2.844898311525574e-14,2.453627958263592e-16,False,8,True,1,False
324,mechanistic_target,True,,solved,1,4125,6.363084961713999e-14,0.0028575375650634,622.887581261836,5.083965987455445e-12,0.0,0.0,0.0,5.394872946489339e-16,0.0,False,0,True,1,False
325,raw_prediction,True,5997800.0,solved,1,1100,6.394325197413096e-14,0.0029269264911375,611.1063585818252,1.6807307513535012e-14,0.0,0.0,0.0,4.634023143191549e-14,4.044387129160996e-16,False,9,True,1,False
325,mechanistic_target,True,,solved,1,5175,6.394325197413096e-14,0.0029269264911375,611.1063585818252,1.2860333561141066e-13,0.0,0.0,0.0,1.75028041384168e-15,0.0,False,0,True,1,False
326,raw_prediction,True,10000800.0,solved,1,2475,9.29529045209497e-14,0.0014696858328185,1769.181362140564,1.4059721014958783e-14,7.952167516985418e-16,5.525466573095231e-15,0.0,6.949962810069597e-14,1.6961403191636017e-15,False,22,True,1,False
326,mechanistic_target,True,,solved,1,3725,9.29529045209497e-14,0.0014696858328185,1769.181362140564,5.030221406936254e-13,0.0,0.0,0.0,4.2934119421563295e-14,0.0,False,0,True,1,False
327,raw_prediction,True,29938700.0,solved,1,11400,7.452452289834012e-14,0.0009846565346129,2117.1339450386263,2.2490689866039304e-14,0.0,0.0,0.0,2.7194014660567007e-14,2.1093665709284158e-17,False,3,True,1,False
327,mechanistic_target,True,,solved,1,10450,7.452452289834012e-14,0.0009846565346129,2117.1339450386263,2.1010104513862716e-14,0.0,0.0,0.0,7.32126589425698e-15,0.0,False,0,True,1,False
328,raw_prediction,True,5774500.0,solved,1,900,9.900120947563753e-14,0.0013320858755065,2078.9410532661905,4.070637056596826e-14,0.0,7.483695788753273e-17,0.0,2.013338333437316e-13,8.962422725802322e-17,False,7,True,1,False
328,mechanistic_target,True,,solved,1,4550,9.900120947563753e-14,0.0013320858755065,2078.9410532661905,4.2659382264440513e-13,0.0,0.0,0.0,6.107767829967483e-14,0.0,False,0,True,1,False
329,raw_prediction,True,4248700.0,solved,1,725,5.712619609128666e-14,0.0036079638629504,442.9013721384763,7.230327447871332e-15,1.068390950460682e-15,0.0,0.0,2.048833705537799e-14,2.2144732783613104e-16,False,2,True,1,False
329,mechanistic_target,True,,solved,1,2625,5.712619609128666e-14,0.0036079638629504,442.9013721384763,1.3623696155033037e-12,0.0,0.0,0.0,1.4065795151286066e-16,0.0,False,0,True,1,False
330,raw_prediction,True,9907600.0,solved,1,2150,7.06901757777028e-14,0.0018606027775146,1062.7700208971207,8.149735061588655e-15,1.3570975321027213e-15,2.3834257804782648e-15,0.0,9.59199663040423e-14,6.012719027851789e-15,False,34,True,1,False
330,mechanistic_target,True,,solved,1,13250,7.06901757777028e-14,0.0018606027775146,1062.7700208971207,1.0981369367947177e-13,0.0,0.0,0.0,1.3756887493888076e-15,0.0,False,0,True,1,False
331,raw_prediction,True,9336900.0,solved,1,2425,7.095102555752647e-14,0.0014509086047959,1367.8942357895912,4.8594808732538303e-14,1.0494031494045035e-14,1.8220662874445685e-14,0.0,5.572226490555188e-14,5.472584489509229e-15,False,25,True,1,False
331,mechanistic_target,True,,solved,1,4225,7.095102555752647e-14,0.0014509086047959,1367.8942357895912,2.2030063941659815e-13,0.0,1.1171598384817054e-14,0.0,5.019068251461521e-14,1.2818422606328054e-18,False,1,True,1,False
332,raw_prediction,True,17798100.0,solved,1,6000,7.13000668184859e-14,0.0011158911482319,1787.318714554949,3.486794186713382e-14,5.350582939859013e-14,8.276305391056248e-16,0.0,2.6373049435438913e-14,1.0830267354091981e-13,False,21,True,1,False
332,mechanistic_target,True,,solved,1,5075,7.13000668184859e-14,0.0011158911482319,1787.318714554949,9.5354876039375e-13,0.0,0.0,0.0,1.525585250509698e-13,0.0,False,0,True,1,False
333,raw_prediction,True,59288100.0,solved,1,23100,6.73624068477824e-14,0.0010466416833183,1800.3355930449627,5.014391679658559e-14,0.0,2.203694702086592e-16,0.0,1.735553965196862e-13,1.1354859185665975e-16,False,15,True,1,False
333,mechanistic_target,True,,solved,1,6150,6.73624068477824e-14,0.0010466416833183,1800.3355930449627,9.617262922669603e-13,0.0,0.0,0.0,7.916511348326459e-14,0.0,False,0,True,1,False
334,raw_prediction,True,10002100.0,solved,1,2550,6.594165131636332e-14,0.0016969880003815,1086.9634621681755,9.817096731790815e-15,5.378636186374352e-16,9.0996278520856e-16,0.0,7.379290292870036e-14,1.071605762554277e-16,False,18,True,1,False
334,mechanistic_target,True,,solved,1,3125,6.594165131636332e-14,0.0016969880003815,1086.9634621681755,4.666487612559503e-13,0.0,0.0,0.0,7.38709908247241e-14,0.0,False,0,True,1,False
335,raw_prediction,True,8572500.0,solved,1,2075,7.468932241420023e-14,0.0015855223738024,1317.7106109499302,1.71655224756595e-14,0.0,1.2571167335613488e-14,0.0,2.3210362754649924e-14,3.809552509211556e-15,False,18,True,1,False
335,mechanistic_target,True,,solved,1,3350,7.468932241420023e-14,0.0015855223738024,1317.7106109499302,3.7783566869011686e-13,0.0,0.0,0.0,3.953389017564293e-14,0.0,False,0,True,1,False
336,raw_prediction,True,32104700.0,solved,1,12125,8.256109905762024e-14,0.0007661840855977,3014.2289532852565,9.109553389397008e-14,0.0,6.990038773330159e-17,0.0,3.020127863574787e-14,6.383225991642639e-16,False,6,True,1,False
336,mechanistic_target,True,,solved,1,19400,8.256109905762024e-14,0.0007661840855977,3014.2289532852565,1.1607995095393934e-14,0.0,0.0,0.0,1.5910068395758022e-14,1.5291227503254402e-20,False,3,True,1,False
337,raw_prediction,True,5120800.0,solved,1,525,6.177673860171516e-14,0.0030663000555222,563.5652735195915,2.5488292032527227e-14,2.422933764517305e-14,3.375382556069505e-14,0.0,4.426481803014469e-14,1.0064663908892556e-14,False,21,True,1,False
337,mechanistic_target,True,,solved,1,3650,6.177673860171516e-14,0.0030663000555222,563.5652735195915,4.534123740475949e-12,0.0,0.0,0.0,1.9230310782950562e-16,0.0,False,0,True,1,False
338,raw_prediction,True,6860900.0,solved,1,1300,6.056980204826054e-14,0.0027327169360646,620.0053035209854,7.200580645577341e-15,9.99124579629289e-15,1.425949173525324e-14,0.0,3.59299411709802e-14,5.66468108820634e-15,False,19,True,1,False
338,mechanistic_target,True,,solved,1,3075,6.056980204826054e-14,0.0027327169360646,620.0053035209854,2.304226333620723e-13,0.0,0.0,0.0,3.971161568140908e-17,0.0,False,0,True,1,False
339,raw_prediction,True,11386200.0,solved,1,3475,7.740497484615845e-14,0.0013194390907376,1641.0183056414369,6.862697267752236e-15,1.82885848547637e-15,3.0106430911304402e-15,0.0,6.7665661455274e-14,5.723254766890505e-15,False,22,True,1,False
339,mechanistic_target,True,,solved,1,5500,7.740497484615845e-14,0.0013194390907376,1641.0183056414369,9.080719039034517e-14,0.0,4.414700406573377e-15,0.0,1.57119057952956e-14,7.016107745983334e-18,False,1,True,1,False
340,raw_prediction,True,11782900.0,solved,1,3225,8.962470271236549e-14,0.0016579140561016,1512.1665013506113,7.867731406441188e-15,5.1642531488977054e-15,7.0615838612439555e-15,0.0,5.053643884487617e-14,1.540131505146593e-15,False,22,True,1,False
340,mechanistic_target,True,,solved,1,2525,8.962470271236549e-14,0.0016579140561016,1512.1665013506113,4.4235731161584807e-11,0.0,0.0,0.0,6.293086001359231e-15,0.0,False,0,True,1,False
341,raw_prediction,True,29328400.0,solved,1,11875,9.2366678611302e-14,0.0010095643081727,2559.2648825593683,1.2881946413120351e-14,1.9939970539919012e-16,0.0,0.0,3.8986663275002485e-14,3.9813907316199054e-16,False,6,True,1,False
341,mechanistic_target,True,,solved,1,9375,9.2366678611302e-14,0.0010095643081727,2559.2648825593683,8.387463583755888e-14,0.0,3.0149651323347804e-15,0.0,1.1426628297713764e-14,1.7137327779216668e-18,False,1,True,1,False
342,raw_prediction,True,14030300.0,solved,1,4725,6.354163936435529e-14,0.0014527669230279,1223.4785809517757,3.98875825892729e-14,0.0,1.9886194533293248e-15,0.0,1.3094627753729202e-13,4.2292025244807375e-16,False,18,True,1,False
342,mechanistic_target,True,,solved,1,26250,6.354163936435529e-14,0.0014527669230279,1223.4785809517757,1.0455811401027088e-14,0.0,0.0,0.0,1.8226403642072614e-14,0.0,False,0,True,1,False
343,raw_prediction,True,4673100.0,solved,1,725,6.125868495852712e-14,0.002740182800267,625.3483842370209,2.0324945750192712e-14,2.630670867544501e-15,6.42883650488699e-14,0.0,5.950472618502544e-14,2.9895966403711854e-14,False,22,True,1,False
343,mechanistic_target,True,,solved,1,3625,6.125868495852712e-14,0.002740182800267,625.3483842370209,2.474133539386467e-12,0.0,4.652723969652438e-16,0.0,4.682294378711758e-16,3.275595233495185e-19,False,1,True,1,False
344,raw_prediction,True,13729800.0,solved,1,3775,9.536007957106675e-14,0.0013212019813937,2018.9766068107492,1.6129458879632352e-14,8.555099575085366e-15,1.3736059103282631e-14,0.0,3.133334092127119e-14,8.047635806979007e-15,False,27,True,1,False
344,mechanistic_target,True,,solved,1,4225,9.536007957106675e-14,0.0013212019813937,2018.9766068107492,8.976481298464123e-13,0.0,0.0,0.0,1.4453753368660582e-13,0.0,False,0,True,1,False
345,raw_prediction,True,248190200.0,maximum iterations reached,7,100000,9.124501385954211e-14,0.0004905286426692,5203.29763098362,2.668421039686564e-13,0.0,4.575928098660361e-15,0.0,2.063681570508812e-12,2.376475859775615e-15,False,12,True,1,False
345,mechanistic_target,True,,solved,1,51400,9.124501385954211e-14,0.0004905286426692,5203.29763098362,3.138449252837295e-14,0.0,2.2640429018442628e-15,0.0,6.295048380669709e-13,2.1730390473138857e-15,False,2,True,1,False
346,raw_prediction,True,20334400.0,solved,1,6600,8.790776587435773e-14,0.0011061951473672,2222.948454090321,4.4992655434672464e-14,0.0,1.5670717881504656e-15,0.0,1.3560457722728486e-13,5.096121871505173e-16,False,21,True,1,False
346,mechanistic_target,True,,solved,1,7075,8.790776587435773e-14,0.0011061951473672,2222.948454090321,1.3201631055902637e-13,0.0,4.350623418570269e-15,0.0,1.0298773145803056e-14,4.983411519130774e-18,False,1,True,1,False
347,raw_prediction,True,3761200.0,solved,1,400,5.973454698009503e-14,0.0055566578593495,300.7085774484596,1.1079458047430532e-14,6.216141096566366e-15,8.370294383791099e-15,0.0,6.261251388043369e-14,3.228652205753884e-15,False,19,True,1,False
347,mechanistic_target,True,,solved,1,975,5.973454698009503e-14,0.0055566578593495,300.7085774484596,2.1116441863858952e-14,0.0,0.0,0.0,1.1679878582766896e-16,0.0,False,0,True,1,False
348,raw_prediction,True,17861700.0,solved,1,6575,6.475209493808825e-14,0.0011083390258618,1634.237217733065,2.5329174521693254e-13,0.0,9.006367577466166e-15,0.0,3.167596703113423e-14,4.987855826125705e-16,False,2,True,1,False
348,mechanistic_target,True,,solved,1,9100,6.475209493808825e-14,0.0011083390258618,1634.237217733065,9.855190715531112e-15,0.0,0.0,0.0,1.6685615557251094e-14,7.775462979449598e-22,False,3,True,1,False
349,raw_prediction,True,8898700.0,solved,1,2725,6.618627100885785e-14,0.0020812615206957,889.559817114539,1.0377115833293262e-14,9.269345143846213e-16,6.582380016013556e-16,0.0,2.460663523402366e-14,6.6453343094818e-17,False,19,True,1,False
349,mechanistic_target,True,,solved,1,8675,6.618627100885785e-14,0.0020812615206957,889.559817114539,5.744036733200585e-13,0.0,0.0,0.0,6.132216501943254e-15,0.0,False,0,True,1,False
350,raw_prediction,True,7066100.0,solved,1,1325,8.95477748635737e-14,0.0015529384886546,1613.0002822669223,1.5473299724844125e-14,6.427801375667878e-14,3.439797645991353e-15,0.0,3.9637571987196204e-14,4.9958093328334977e-14,False,30,True,1,False
350,mechanistic_target,True,,solved,1,3550,8.95477748635737e-14,0.0015529384886546,1613.0002822669223,3.5418313727047783e-13,0.0,2.6418248326422854e-14,0.0,3.120249620438389e-14,3.4800955581424815e-17,False,1,True,1,False
351,raw_prediction,True,6924100.0,solved,1,825,5.75619802408878e-14,0.0032207896703827,499.9277679894933,1.421493315707653e-14,0.0,1.448607770882903e-14,0.0,2.8713656164568555e-14,2.016463801338299e-15,False,16,True,1,False
351,mechanistic_target,True,,solved,1,4350,5.75619802408878e-14,0.0032207896703827,499.9277679894933,1.1308527981127825e-13,0.0,0.0,0.0,1.0553930474982805e-15,1.294113711230375e-18,False,3,True,1,False
352,raw_prediction,True,11265000.0,solved,1,3375,8.817252090298607e-14,0.0013777030019755,1790.2412159030837,8.773774728386158e-15,2.84258237021234e-15,4.048823179130222e-15,0.0,6.5556555971843e-14,1.6534155224946136e-15,False,13,True,1,False
352,mechanistic_target,True,,solved,1,4200,8.817252090298607e-14,0.0013777030019755,1790.2412159030837,3.4168669830071823e-13,0.0,0.0,0.0,2.7998223185975437e-14,0.0,False,0,True,1,False
353,raw_prediction,True,11527900.0,solved,1,3325,6.821240178264257e-14,0.0020361532121918,937.101830427634,1.0968135078758376e-14,9.316801475020571e-15,2.849483412234556e-16,0.0,5.1321479547035937e-14,3.0435494607035083e-16,False,16,True,1,False
353,mechanistic_target,True,,solved,1,8150,6.821240178264257e-14,0.0020361532121918,937.101830427634,9.781192243827652e-13,0.0,0.0,0.0,1.327649262691322e-14,0.0,False,0,True,1,False
354,raw_prediction,True,7792400.0,solved,1,1650,6.579410225007862e-14,0.0025166733818651,731.2973643290225,1.647293412787576e-14,7.720970866473492e-15,4.434121544132021e-14,0.0,2.0223874757764883e-14,1.2344338503123287e-14,False,35,True,1,False
354,mechanistic_target,True,,solved,1,6675,6.579410225007862e-14,0.0025166733818651,731.2973643290225,2.0529462770972925e-13,0.0,2.8877743518170185e-14,0.0,3.0903313294199506e-15,4.89255967888205e-17,False,1,True,1,False
355,raw_prediction,True,21091800.0,solved,1,7725,7.030228099173968e-14,0.0007187552502621,2736.0390059972992,1.255211212747298e-13,6.327596195091838e-14,3.739946978557855e-15,0.0,3.949172388323139e-14,3.664833503112856e-15,False,20,True,1,False
355,mechanistic_target,True,,solved,1,22150,7.030228099173968e-14,0.0007187552502621,2736.0390059972992,1.0467219850572128e-14,0.0,1.1990490368319946e-15,0.0,8.944963789374699e-15,2.610158076526449e-17,False,2,True,1,False
356,raw_prediction,True,5342300.0,solved,1,650,5.716085277309683e-14,0.0034935765763978,457.6804173122644,1.0544320330866796e-14,1.0079636910762587e-15,2.4733040850997697e-14,0.0,7.930847103045766e-14,1.6046721562173923e-14,False,19,True,1,False
356,mechanistic_target,True,,solved,1,2075,5.716085277309683e-14,0.0034935765763978,457.6804173122644,1.6215185416490722e-13,0.0,0.0,0.0,2.075113412254482e-16,0.0,False,0,True,1,False
357,raw_prediction,True,21827700.0,solved,1,7650,6.405825871616455e-14,0.0028064915439533,638.4770476739008,1.778511890934892e-14,3.415796815585589e-15,4.794292318297563e-15,0.0,3.9891165587880376e-14,1.837613850847449e-15,False,20,True,1,False
357,mechanistic_target,True,,solved,1,5100,6.405825871616455e-14,0.0028064915439533,638.4770476739008,2.886213794211395e-13,0.0,3.0299354757739784e-14,0.0,3.678300071457539e-15,4.919681968974445e-18,False,1,True,1,False
358,raw_prediction,True,7624000.0,solved,1,1600,6.823586855188784e-14,0.0021195667846075,900.5327617861496,7.926589788632955e-15,5.657849903990121e-14,4.694023953136379e-16,0.0,2.546660053012045e-14,1.943744939591552e-14,False,17,True,1,False
358,mechanistic_target,True,,solved,1,8300,6.823586855188784e-14,0.0021195667846075,900.5327617861496,5.528615663006827e-13,0.0,0.0,0.0,6.8147754217046976e-15,0.0,False,0,True,1,False
359,raw_prediction,True,11144900.0,solved,1,2875,7.097710306560175e-14,0.001743353217246,1138.8506672117587,7.239997649884941e-15,0.0,1.3074080281886744e-15,0.0,3.5256767020009666e-14,7.464823731688821e-16,False,13,True,1,False
359,mechanistic_target,True,,solved,1,13250,7.097710306560175e-14,0.001743353217246,1138.8506672117587,3.677582674223435e-13,0.0,2.8680696576718586e-14,0.0,3.673877947081305e-15,1.389031343552878e-17,False,1,True,1,False
360,raw_prediction,True,41954900.0,solved,1,16575,8.45713207043396e-14,0.0008951414935919,2642.8062323238178,1.3459643910070994e-14,0.0,1.3467023179418064e-16,0.0,1.4445869001739126e-13,1.0825669634533623e-17,False,3,True,1,False
360,mechanistic_target,True,,solved,1,11525,8.45713207043396e-14,0.0008951414935919,2642.8062323238178,1.1345977810008772e-13,0.0,0.0,0.0,8.275757260557258e-15,0.0,False,0,True,1,False
361,raw_prediction,True,226307200.0,solved inaccurate,2,100000,7.754629485715772e-14,0.0006900153885427,3143.664380412728,6.734497843539574e-14,0.0,1.5304157756766963e-16,0.0,7.590859675194468e-13,4.245029569374201e-17,False,8,True,1,False
361,mechanistic_target,True,,solved,1,21950,7.754629485715772e-14,0.0006900153885427,3143.664380412728,9.464926973511292e-15,0.0,1.8072159418965786e-16,0.0,2.440675317894098e-14,8.251973901345674e-19,False,1,True,1,False
362,raw_prediction,True,12464000.0,solved,1,4375,8.487244253535554e-14,0.0014629202356246,1622.8558751309224,2.4747565108285133e-14,7.152044527226465e-17,1.1022314127399702e-15,0.0,2.7300284294072487e-14,1.6604975139392442e-16,False,9,True,1,False
362,mechanistic_target,True,,solved,1,4000,8.487244253535554e-14,0.0014629202356246,1622.8558751309224,4.533633670625921e-13,0.0,0.0,0.0,9.726313175914338e-14,0.0,False,0,True,1,False
363,raw_prediction,True,18875100.0,solved,1,6750,6.229673971073443e-14,0.0030043098272561,580.0353985839137,1.2292250550771655e-14,0.0,1.893565281769472e-16,0.0,2.8133164491672163e-14,1.773082394829171e-16,False,11,True,1,False
363,mechanistic_target,True,,solved,1,3700,6.229673971073443e-14,0.0030043098272561,580.0353985839137,3.99484082652676e-12,0.0,0.0,0.0,4.765756008040103e-16,0.0,False,0,True,1,False
364,raw_prediction,True,14386800.0,solved,1,4625,6.755297636866742e-14,0.0014605503413772,1293.784240188058,9.189468959172471e-15,4.5770649329337017e-17,1.0258140284044402e-14,0.0,1.7027165912809077e-13,2.5609006028584747e-15,False,26,True,1,False
364,mechanistic_target,True,,solved,1,4275,6.755297636866742e-14,0.0014605503413772,1293.784240188058,1.0031599580629133e-13,0.0,0.0,0.0,2.2863534745117004e-14,0.0,False,0,True,1,False
365,raw_prediction,True,15793400.0,solved,1,5950,6.713128402626463e-14,0.0015891810535192,1181.6407887676662,1.6767942909957635e-14,1.1917514045386939e-15,2.3038317268434102e-14,0.0,1.6327476311325614e-13,7.765376398693262e-15,False,6,True,1,False
365,mechanistic_target,True,,solved,1,3850,6.713128402626463e-14,0.0015891810535192,1181.6407887676662,7.949697121829466e-14,0.0,0.0,0.0,1.8606262196112632e-14,0.0,False,0,True,1,False
366,raw_prediction,True,11285700.0,solved,1,3850,6.173215715486651e-14,0.0016650884099971,1037.0699580167404,9.26999865835992e-15,0.0,3.88257425528702e-17,0.0,5.116300804850886e-14,2.627726073538038e-16,False,11,True,1,False
366,mechanistic_target,True,,solved,1,3150,6.173215715486651e-14,0.0016650884099971,1037.0699580167404,2.1621877366064998e-13,0.0,0.0,0.0,3.6897512076105645e-14,0.0,False,0,True,1,False
367,raw_prediction,True,6424700.0,solved,1,1175,5.955606915701651e-14,0.0027200115320225,612.4761456565351,2.332088158041382e-14,5.4206647995024996e-14,7.617785833326492e-14,0.0,1.4330853935364055e-14,6.583348256670712e-14,False,32,True,1,False
367,mechanistic_target,True,,solved,1,3825,5.955606915701651e-14,0.0027200115320225,612.4761456565351,3.3288194906931466e-12,0.0,0.0,0.0,4.789596007163759e-16,0.0,False,0,True,1,False
368,raw_prediction,True,12394700.0,solved,1,3825,6.475797568159017e-14,0.001323771119898,1368.4037661717591,9.018177346951504e-15,0.0,3.771350200684047e-15,0.0,6.60251947010748e-14,1.3799534492261774e-15,False,20,True,1,False
368,mechanistic_target,True,,solved,1,6350,6.475797568159017e-14,0.001323771119898,1368.4037661717591,2.3664674685528124e-14,0.0,0.0,0.0,6.246962939843644e-15,0.0,False,0,True,1,False
369,raw_prediction,True,4138300.0,solved,1,675,7.059443031828613e-14,0.0020012147477207,986.7579673763772,1.8480876551318914e-14,0.0,9.26412392603004e-14,0.0,7.284085261631382e-14,1.4288252241287488e-13,False,12,True,1,False
369,mechanistic_target,True,,solved,1,1850,7.059443031828613e-14,0.0020012147477207,986.7579673763772,2.2219853941931e-13,0.0,0.0,0.0,4.9284660995668055e-14,6.191623058196091e-19,False,3,True,1,False
370,raw_prediction,True,12936000.0,solved,1,4175,8.907551597898208e-14,0.0011775457622912,2115.994094763178,9.888574334371293e-14,2.045203100429413e-13,1.8335080009485218e-13,0.0,6.270089327613235e-14,2.9052298109326534e-13,False,22,True,1,False
370,mechanistic_target,True,,solved,1,6725,8.907551597898208e-14,0.0011775457622912,2115.994094763178,9.010914525253051e-14,0.0,0.0,0.0,1.4273667112251636e-14,0.0,False,0,True,1,False
371,raw_prediction,True,15152000.0,solved,1,4425,6.053312500933188e-14,0.0016774183028848,1009.4518676815906,7.851358452271029e-15,0.0,0.0,0.0,4.6568196142126873e-14,1.0570534333810023e-16,False,5,True,1,False
371,mechanistic_target,True,,solved,1,14450,6.053312500933188e-14,0.0016774183028848,1009.4518676815906,4.2979190049178615e-14,0.0,0.0,0.0,6.500213349453651e-15,1.0991571341702736e-20,False,3,True,1,False
372,raw_prediction,True,10187900.0,solved,1,3350,6.483816655122122e-14,0.0041276508317055,439.4016385055504,1.3161558367324688e-14,0.0,2.3404017834714865e-15,0.0,2.0986203636989034e-14,2.89344299386523e-16,False,9,True,1,False
372,mechanistic_target,True,,solved,1,2025,6.483816655122122e-14,0.0041276508317055,439.4016385055504,6.699179618562916e-13,0.0,0.0,0.0,2.0904609082262726e-16,0.0,False,0,True,1,False
373,raw_prediction,True,54617900.0,solved,1,23250,7.708984914382353e-14,0.0005888735478516,3661.9216504825567,3.0922732989717434e-14,4.981213544526491e-15,2.7475323704065174e-17,0.0,3.5460455972322353e-13,8.941096742070634e-16,False,4,True,1,False
373,mechanistic_target,True,,solved,1,35100,7.708984914382353e-14,0.0005888735478516,3661.9216504825567,1.0171032766102525e-13,0.0,4.468505727324204e-15,0.0,4.5242940911460273e-13,6.155936464751685e-15,False,5,True,1,False
374,raw_prediction,True,8064400.0,solved,1,2400,6.691266100615661e-14,0.0022229832411095,841.988211919409,1.5586993655569695e-14,1.1773513173899324e-14,1.6449026682715942e-16,0.0,9.008884977842489e-14,5.7566970108943525e-15,False,10,True,1,False
374,mechanistic_target,True,,solved,1,7000,6.691266100615661e-14,0.0022229832411095,841.988211919409,7.66678613177407e-13,0.0,0.0,0.0,8.927064008157558e-15,0.0,False,0,True,1,False
375,raw_prediction,True,7718000.0,solved,1,1500,7.726163666797255e-14,0.0019565625747041,1104.5975107979368,5.536508751458058e-13,7.504059660638522e-13,1.044207856779216e-12,0.0,2.107878328892889e-14,1.8968433236530067e-13,False,24,True,1,False
375,mechanistic_target,True,,solved,1,2400,7.726163666797255e-14,0.0019565625747041,1104.5975107979368,8.406127500450866e-11,0.0,0.0,0.0,1.0401032546919158e-14,0.0,False,0,True,1,False
376,raw_prediction,True,17010100.0,solved,1,6175,9.399809807414456e-14,0.0017792185810385,1477.8272126993777,8.729128531115293e-15,1.0263076232379943e-14,2.4158578816032293e-14,0.0,2.3839881547311123e-13,1.499316726083804e-14,False,20,True,1,False
376,mechanistic_target,True,,solved,1,2150,9.399809807414456e-14,0.0017792185810385,1477.8272126993777,9.368580205092298e-13,0.0,0.0,0.0,6.740543867372321e-16,0.0,False,0,True,1,False
377,raw_prediction,True,242649200.0,solved inaccurate,2,100000,1.0319961355905925e-13,0.0004639976937981,6221.51492836434,8.473145615493238e-14,0.0,1.3467023179418064e-16,0.0,7.100929951232813e-13,6.02647383741209e-18,False,7,True,1,False
377,mechanistic_target,True,,solved,1,55775,1.0319961355905925e-13,0.0004639976937981,6221.51492836434,9.207343327597928e-15,0.0,0.0,0.0,3.8598347666748476e-14,5.11752204936344e-22,False,3,True,1,False
378,raw_prediction,True,9970900.0,solved,1,2200,8.979764208660904e-14,0.0016098127173749,1560.355217988581,3.2324837251351823e-14,1.0461628992597538e-14,2.248499523796952e-14,0.0,5.72809569614172e-14,1.444447880239454e-14,False,29,True,1,False
378,mechanistic_target,True,,solved,1,3325,8.979764208660904e-14,0.0016098127173749,1560.355217988581,3.2976915887651063e-13,0.0,2.93621165714319e-14,0.0,3.373019961451379e-14,3.389640813472642e-17,False,1,True,1,False
379,raw_prediction,True,11312700.0,solved,1,2950,7.007388363435044e-14,0.0016368421149331,1197.5214341302897,5.772917594505176e-15,3.3906169734270504e-15,1.2399443682683416e-14,0.0,1.264664667822485e-13,1.0041417785753642e-15,False,19,True,1,False
379,mechanistic_target,True,,solved,1,3925,7.007388363435044e-14,0.0016368421149331,1197.5214341302897,7.93538928003615e-14,0.0,0.0,0.0,2.222326407995017e-14,0.0,False,0,True,1,False
380,raw_prediction,True,6244000.0,solved,1,650,5.707982445452782e-14,0.0066931828771816,238.55242511714783,5.078748275666948e-12,2.042779094773415e-13,1.335972871689133e-13,0.0,2.6596461201672273e-14,2.803623408253261e-13,False,30,True,1,False
380,mechanistic_target,True,,solved,1,350,5.707982445452782e-14,0.0066931828771816,238.55242511714783,8.027263831967533e-18,0.0,0.0,0.0,2.642736925533025e-19,0.0,False,0,True,1,False
381,raw_prediction,True,13846100.0,solved,1,4525,7.836346491152846e-14,0.0016621371924553,1318.8052321322689,1.7872855972989043e-14,9.571620641543454e-16,7.522720018301206e-16,0.0,4.733347174203005e-14,2.4556498271714245e-15,False,11,True,1,False
381,mechanistic_target,True,,solved,1,3450,7.836346491152846e-14,0.0016621371924553,1318.8052321322689,2.0060592068193382e-13,0.0,1.454490488955138e-14,0.0,2.3957269152029276e-14,7.058688055219714e-18,False,1,True,1,False
382,raw_prediction,True,6764700.0,solved,1,900,7.028318974485922e-14,0.0020823429669919,944.1328342767912,1.7795065001800656e-15,6.457762024691245e-15,5.676316661402184e-15,0.0,6.870864570014428e-14,5.6404286853588065e-15,False,13,True,1,False
382,mechanistic_target,True,,solved,1,10525,7.028318974485922e-14,0.0020823429669919,944.1328342767912,1.280652898323653e-13,0.0,2.2711180359125264e-14,0.0,2.0249194102557746e-15,1.5498163050386122e-16,False,2,True,1,False
383,raw_prediction,True,8867200.0,solved,1,1925,8.436749571858858e-14,0.0015826253406248,1491.182991160522,9.455286190059786e-15,0.0,4.370127376792514e-15,0.0,6.271036583557782e-14,2.6392052037635546e-15,False,13,True,1,False
383,mechanistic_target,True,,solved,1,3625,8.436749571858858e-14,0.0015826253406248,1491.182991160522,2.999318039637802e-13,0.0,0.0,0.0,5.655976781390964e-14,0.0,False,0,True,1,False
384,raw_prediction,True,18065500.0,solved,1,5050,9.080206496915078e-14,0.0012371506145433,2053.085559673754,1.4700046735427463e-14,1.2090799214767348e-14,1.4286210920554642e-16,0.0,7.67289085102709e-14,7.028997022434664e-15,False,14,True,1,False
384,mechanistic_target,True,,solved,1,6575,9.080206496915078e-14,0.0012371506145433,2053.085559673754,4.090156427509756e-14,0.0,0.0,0.0,4.2279723447842366e-15,0.0,False,0,True,1,False
385,raw_prediction,True,16076400.0,solved,1,4325,6.032185550083392e-14,0.0011363110756778,1484.94835870529,1.906114155403316e-14,6.132168308966428e-16,1.1766672253698073e-15,0.0,6.030023476374572e-14,8.513276293052151e-16,False,35,True,1,False
385,mechanistic_target,True,,solved,1,7850,6.032185550083392e-14,0.0011363110756778,1484.94835870529,2.048729666726574e-14,0.0,0.0,0.0,4.659036219970902e-15,0.0,False,0,True,1,False
386,raw_prediction,True,22253600.0,solved,1,8025,5.894885628539423e-14,0.0011569103757495,1425.310766915349,1.2318271402911307e-14,0.0,0.0,0.0,2.8045020994536543e-14,0.0,False,0,True,1,False
386,mechanistic_target,True,,solved,1,9025,5.894885628539423e-14,0.0011569103757495,1425.310766915349,1.1064924955262722e-14,0.0,3.199768063339923e-16,0.0,2.5745568058279785e-14,6.841584014961535e-18,False,1,True,1,False
387,raw_prediction,True,13704500.0,solved,1,3675,6.675834704066213e-14,0.0018443537326289,1012.5005186755676,1.0263592536720571e-14,0.0,1.544960357328646e-16,0.0,4.1731930945093005e-14,6.646274698733521e-17,False,3,True,1,False
387,mechanistic_target,True,,solved,1,12250,6.675834704066213e-14,0.0018443537326289,1012.5005186755676,2.9963985809226364e-13,0.0,0.0,0.0,2.7747436937458416e-15,0.0,False,0,True,1,False
388,raw_prediction,True,6250600.0,solved,1,800,6.465965208535687e-14,0.0023585763008884,766.8622007157833,7.575709625255041e-15,7.567675688800742e-15,1.0306095365058747e-14,0.0,4.0674986907318465e-14,6.524349964836415e-15,False,22,True,1,False
388,mechanistic_target,True,,solved,1,5925,6.465965208535687e-14,0.0023585763008884,766.8622007157833,6.468255748412399e-13,0.0,0.0,0.0,4.461803570763761e-15,6.925198423457217e-19,False,3,True,1,False
389,raw_prediction,True,7871400.0,solved,1,1275,8.50895837654349e-14,0.0016373952628494,1453.6396756971992,2.45556597525856e-14,0.0,2.2852733769749124e-15,0.0,4.961178504991414e-14,1.4125796699039322e-15,False,8,True,1,False
389,mechanistic_target,True,,solved,1,3200,8.50895837654349e-14,0.0016373952628494,1453.6396756971992,3.851913925484805e-13,0.0,0.0,0.0,2.967858871078974e-14,0.0,False,0,True,1,False
390,raw_prediction,True,4476100.0,solved,1,525,5.949180434932322e-14,0.005118660914499,325.1132569456376,9.871001473916762e-15,0.0,1.7505096963788355e-14,0.0,5.3536502415699484e-14,7.155573695084937e-16,False,5,True,1,False
390,mechanistic_target,True,,solved,1,1075,5.949180434932322e-14,0.005118660914499,325.1132569456376,1.661439106195975e-14,0.0,0.0,0.0,4.790629892574905e-17,0.0,False,0,True,1,False
391,raw_prediction,True,7352200.0,solved,1,675,6.135438463367527e-14,0.0029048222293947,590.8264693727791,8.305102236051394e-15,5.032992188453931e-15,6.925259848478629e-15,0.0,6.771380372656365e-14,1.6851072374507417e-15,False,24,True,1,False
391,mechanistic_target,True,,solved,1,3900,6.135438463367527e-14,0.0029048222293947,590.8264693727791,3.892238382956097e-12,0.0,0.0,0.0,9.904799307990056e-17,0.0,False,0,True,1,False
392,raw_prediction,True,7017700.0,solved,1,1025,5.715230685053991e-14,0.0026881115030593,594.7307361766656,5.109873995063551e-14,0.0,6.624172905004118e-15,0.0,1.8680609270516327e-14,2.340818085258305e-15,False,10,True,1,False
392,mechanistic_target,True,,solved,1,4925,5.715230685053991e-14,0.0026881115030593,594.7307361766656,8.736413760871514e-13,0.0,0.0,0.0,5.335758245838082e-15,0.0,False,0,True,1,False
393,raw_prediction,True,12753800.0,solved,1,4425,6.112104810761534e-14,0.0017105845469484,999.4938979824584,1.3024303857633868e-14,0.0,6.689135597608546e-17,0.0,7.006891760218853e-14,2.378922281277771e-17,False,4,True,1,False
393,mechanistic_target,True,,solved,1,3675,6.112104810761534e-14,0.0017105845469484,999.4938979824584,2.6643945786610923e-14,0.0,0.0,0.0,4.400445957007687e-15,2.5560916540246343e-19,False,3,True,1,False
394,raw_prediction,True,5546700.0,solved,1,1175,6.273308953757553e-14,0.0023958198257672,732.4473644896786,1.6012195222913123e-14,1.708890064190493e-13,4.1072856396594607e-16,0.0,1.2624987209894675e-14,1.4844352759438826e-13,False,8,True,1,False
394,mechanistic_target,True,,solved,1,5800,6.273308953757553e-14,0.0023958198257672,732.4473644896786,7.486888946145056e-13,0.0,0.0,0.0,6.504687239004544e-15,0.0,False,0,True,1,False
395,raw_prediction,True,10109100.0,solved,1,3125,7.060037721044134e-14,0.0012295928934219,1606.1258630823847,1.3913220264803e-14,3.1004498751606177e-15,4.8922950230869645e-15,0.0,5.0960246277555924e-14,3.150735214931559e-15,False,18,True,1,False
395,mechanistic_target,True,,solved,1,5700,7.060037721044134e-14,0.0012295928934219,1606.1258630823847,9.505332019472195e-14,0.0,3.369388421391463e-15,0.0,1.4497035216208266e-14,4.222106031223559e-18,False,1,True,1,False
396,raw_prediction,True,89832800.0,solved,1,35375,9.529850373710129e-14,0.0005492461758874,4853.476582896755,5.84671200343223e-14,0.0,8.48243773407932e-17,0.0,5.345067215337703e-13,1.3981469247035506e-17,False,2,True,1,False
396,mechanistic_target,True,,solved,1,38275,9.529850373710129e-14,0.0005492461758874,4853.476582896755,7.953515658501371e-15,0.0,0.0,0.0,3.111107712812657e-14,8.38856243033525e-21,False,3,True,1,False
397,raw_prediction,True,5208600.0,solved,1,625,6.82321699568924e-14,0.0027237849726101,700.729275605083,3.886013803896096e-14,3.754326018401539e-14,6.215723548563054e-14,0.0,1.3212296618290057e-13,2.852129519324884e-14,False,10,True,1,False
397,mechanistic_target,True,,solved,1,4475,6.82321699568924e-14,0.0027237849726101,700.729275605083,5.0636737411781455e-12,0.0,0.0,0.0,6.553092815986594e-16,0.0,False,0,True,1,False
398,raw_prediction,True,17179500.0,solved,1,6375,6.815596930995006e-14,0.0013426885869057,1419.9154993332222,2.2717938641392263e-14,0.0,5.3257438272991675e-17,0.0,1.7172966354048856e-14,6.858911138704014e-16,False,8,True,1,False
398,mechanistic_target,True,,solved,1,5850,6.815596930995006e-14,0.0013426885869057,1419.9154993332222,3.2627151777555825e-14,0.0,0.0,0.0,4.7068708808077775e-15,9.901102763887585e-20,False,3,True,1,False
399,raw_prediction,True,70813600.0,solved,1,30125,1.0041411266452643e-13,0.0005993459751835,4686.526316827088,1.5488848503487606e-14,0.0,1.5639770045634714e-15,0.0,6.093311758520485e-14,2.7498076856469952e-16,False,3,True,1,False
399,mechanistic_target,True,,solved,1,33600,1.0041411266452643e-13,0.0005993459751835,4686.526316827088,9.703231220321864e-15,0.0,0.0,0.0,4.0936168770917534e-14,7.610367547521552e-21,False,3,True,1,False
400,raw_prediction,True,7620500.0,solved,1,1575,7.042110393347076e-14,0.0018595440373283,1059.327531748649,3.0126942607289215e-14,1.8222741150518872e-14,3.054548302876092e-14,0.0,3.74806353168286e-14,1.5008705055140964e-14,False,21,True,1,False
400,mechanistic_target,True,,solved,1,11200,7.042110393347076e-14,0.0018595440373283,1059.327531748649,3.545601543772659e-13,0.0,0.0,0.0,3.3150626858587096e-15,0.0,False,0,True,1,False
401,raw_prediction,True,16857500.0,solved,1,5500,7.051391450048391e-14,0.0012055196032296,1636.1926833710177,2.8500666349041136e-14,7.102647655574753e-16,3.4646312746999877e-15,0.0,1.5814472632102205e-13,9.246027790928324e-15,False,27,True,1,False
401,mechanistic_target,True,,solved,1,6250,7.051391450048391e-14,0.0012055196032296,1636.1926833710177,6.34360708158682e-14,0.0,0.0,0.0,1.3842178597630304e-14,0.0,False,0,True,1,False
402,raw_prediction,True,5864700.0,solved,1,1300,5.751897376390703e-14,0.0018408773852863,874.017573367141,2.2784725495217373e-14,9.484309905748451e-15,1.3196164435683687e-14,0.0,1.9781545018730475e-14,5.390160978035149e-15,False,17,True,1,False
402,mechanistic_target,True,,solved,1,15650,5.751897376390703e-14,0.0018408773852863,874.017573367141,1.7763857224191894e-14,0.0,0.0,0.0,7.409005980300128e-15,1.284097435245115e-19,False,3,True,1,False
403,raw_prediction,True,10170000.0,solved,1,3025,5.715310695165039e-14,0.0038049449283897,420.1703163097264,1.1941115474985652e-14,0.0,4.3712510479111743e-16,0.0,1.7156739758098526e-14,6.554203159715952e-17,False,6,True,1,False
403,mechanistic_target,True,,solved,1,1650,5.715310695165039e-14,0.0038049449283897,420.1703163097264,1.0554551157466977e-13,0.0,0.0,0.0,1.01606767708076e-16,0.0,False,0,True,1,False
404,raw_prediction,True,12554300.0,solved,1,4550,6.843698830636487e-14,0.0025446534601191,752.3087982528546,4.4681679801776726e-13,0.0,0.0,0.0,2.764546054273644e-14,8.558417190849191e-16,False,1,True,1,False
404,mechanistic_target,True,,solved,1,3000,6.843698830636487e-14,0.0025446534601191,752.3087982528546,1.5346357839494197e-13,0.0,0.0,0.0,4.1691937011965446e-17,0.0,False,0,True,1,False
405,raw_prediction,True,90176000.0,solved,1,35900,6.604784926648318e-14,0.0012802479156977,1443.1068932449728,1.198551687152066e-14,0.0,6.268933348584339e-17,0.0,3.5322235361252285e-14,1.0082086797711005e-17,False,3,True,1,False
405,mechanistic_target,True,,solved,1,32825,6.604784926648318e-14,0.0012802479156977,1443.1068932449728,1.1686176491863994e-14,0.0,0.0,0.0,1.2214555686019811e-14,0.0,False,0,True,1,False
406,raw_prediction,True,7991200.0,solved,1,1800,6.109424951826443e-14,0.0021404671915204,798.4094291995052,1.0385228614835054e-14,8.751241535228679e-16,6.607171669415461e-15,0.0,4.3400709524695485e-14,2.4639915198839268e-15,False,26,True,1,False
406,mechanistic_target,True,,solved,1,8575,6.109424951826443e-14,0.0021404671915204,798.4094291995052,4.1010477557183885e-13,0.0,0.0,0.0,3.53375693868699e-15,0.0,False,0,True,1,False
407,raw_prediction,True,11252100.0,solved,1,2700,6.920297800070334e-14,0.0015160096656217,1276.8994856949746,2.0088097851811423e-14,0.0,6.109038960627686e-15,0.0,8.330546325970451e-14,5.6317387829700034e-15,False,26,True,1,False
407,mechanistic_target,True,,solved,1,3475,6.920297800070334e-14,0.0015160096656217,1276.8994856949746,5.064640537226184e-13,0.0,0.0,0.0,1.1671274169070818e-13,0.0,False,0,True,1,False
408,raw_prediction,True,31362800.0,solved,1,11650,6.833885084071136e-14,0.0007365852758449,2595.246039320843,4.6138864090967655e-14,2.385985059836871e-16,4.040874729165189e-15,0.0,7.787381020449162e-13,6.71824352826315e-16,False,20,True,1,False
408,mechanistic_target,True,,solved,1,21325,6.833885084071136e-14,0.0007365852758449,2595.246039320843,1.2685229274533351e-14,0.0,1.117126431831051e-15,0.0,7.822785502361164e-14,1.3373633845164427e-16,False,2,True,1,False
409,raw_prediction,True,246108900.0,solved inaccurate,2,100000,8.08250585492765e-14,0.0006031335729151,3748.57688289076,5.143350381618901e-14,0.0,6.236310605640763e-15,0.0,5.219850531362141e-13,2.1761957781584805e-15,False,24,True,1,False
409,mechanistic_target,True,,solved inaccurate,2,100000,8.08250585492765e-14,0.0006031335729151,3748.57688289076,1.040937053239979e-13,0.0,0.0,0.0,3.5992499467524514e-13,8.653758882029338e-16,False,2,True,1,False
410,raw_prediction,True,9729200.0,solved,1,2050,7.838676029570639e-14,0.0018378620156795,1193.063919534851,1.7553359125386014e-14,1.5359169994701882e-14,2.1388110293239172e-14,0.0,4.7162543112502686e-14,2.608784745753717e-14,False,14,True,1,False
410,mechanistic_target,True,,solved,1,2500,7.838676029570639e-14,0.0018378620156795,1193.063919534851,4.928107545316084e-11,0.0,0.0,0.0,6.164073064442738e-15,0.0,False,0,True,1,False
411,raw_prediction,True,8071900.0,solved,1,2275,5.95179740081485e-14,0.002199406652802,756.96622731543,9.670072532052863e-15,7.921591761729937e-16,0.0,0.0,3.3458808061218853e-14,1.752540598184733e-15,False,4,True,1,False
411,mechanistic_target,True,,solved,1,8125,5.95179740081485e-14,0.002199406652802,756.96622731543,4.3757695505703925e-13,0.0,4.360141096023979e-14,0.0,2.8302818650115497e-15,8.194365644069102e-18,False,1,True,1,False
412,raw_prediction,True,4664300.0,solved,1,775,6.586366162220042e-14,0.0020181135332216,912.9230551022492,1.4557799410397365e-14,0.0,4.613533715162959e-14,0.0,5.188039128631157e-14,2.8792293732085766e-14,False,2,True,1,False
412,mechanistic_target,True,,solved,1,10075,6.586366162220042e-14,0.0020181135332216,912.9230551022492,2.6212151945127853e-13,0.0,0.0,0.0,2.228263709687953e-15,0.0,False,0,True,1,False
413,raw_prediction,True,28093900.0,solved,1,10925,7.057947990182345e-14,0.0009736382285149,2027.751515788568,2.5982254542311622e-14,0.0,1.9611120422830118e-16,0.0,2.12961302579448e-14,5.195451644819306e-17,False,13,True,1,False
413,mechanistic_target,True,,solved,1,11650,7.057947990182345e-14,0.0009736382285149,2027.751515788568,2.384136951699336e-14,0.0,0.0,0.0,4.305410306029413e-15,0.0,False,0,True,1,False
414,raw_prediction,True,8547900.0,solved,1,2050,6.248603211231803e-14,0.0019811045679386,882.2861195754775,4.0846557906870646e-14,3.4027456273227034e-14,4.5368631448300944e-14,0.0,1.3234875842261604e-14,3.638349076320745e-14,False,25,True,1,False
414,mechanistic_target,True,,solved,1,10875,6.248603211231803e-14,0.0019811045679386,882.2861195754775,2.50354886603026e-13,0.0,2.0115195002061067e-14,0.0,1.4212299727226945e-15,3.184837307592415e-17,False,1,True,1,False
415,raw_prediction,True,6561300.0,solved,1,1575,9.564792515735261e-14,0.0016700358889808,1602.0779673790316,9.08205686059356e-15,5.938278061651121e-15,8.370294383791099e-15,0.0,6.535992086299649e-14,3.030062487336263e-15,False,19,True,1,False
415,mechanistic_target,True,,solved,1,2600,9.564792515735261e-14,0.0016700358889808,1602.0779673790316,4.5801798289231867e-11,0.0,0.0,0.0,9.056348268535032e-15,0.0,False,0,True,1,False
416,raw_prediction,True,6017600.0,solved,1,1450,6.520397928226237e-14,0.0017234266805342,1058.3155741332157,1.3654875841151435e-14,1.234583612958261e-15,0.0,0.0,2.146881273630084e-14,2.3496697752494753e-16,False,4,True,1,False
416,mechanistic_target,True,,solved,1,1175,6.520397928226237e-14,0.0017234266805342,1058.3155741332157,1.6977910221243663e-14,0.0,5.922863230041873e-14,0.0,4.266637186082503e-14,3.7152701191489886e-14,False,1,True,1,False
417,raw_prediction,True,10968500.0,solved,1,3250,7.213670519731355e-14,0.0019010512735985,1061.442249708997,6.754483349933198e-15,0.0,0.0,0.0,3.666138722944492e-14,5.938712075648066e-17,False,2,True,1,False
417,mechanistic_target,True,,solved,1,2700,7.213670519731355e-14,0.0019010512735985,1061.442249708997,1.9080975387127222e-13,0.0,0.0,0.0,1.482182646931614e-14,0.0,False,0,True,1,False
418,raw_prediction,True,15049500.0,solved,1,5250,7.278375246463763e-14,0.0015312781793238,1329.57930626797,9.278778510907775e-15,5.247095899745572e-16,4.902780105707529e-16,0.0,4.7076859849272445e-14,5.2527571185514e-16,False,13,True,1,False
418,mechanistic_target,True,,solved,1,3375,7.278375246463763e-14,0.0015312781793238,1329.57930626797,5.725307336184117e-13,0.0,0.0,0.0,6.824330146711125e-14,0.0,False,0,True,1,False
419,raw_prediction,True,12077600.0,solved,1,3550,8.178663308141489e-14,0.0014271928900258,1603.000120258638,1.2279591225770907e-14,9.985948206264264e-16,8.185876404585527e-15,0.0,4.76008769273948e-14,3.0414918127188775e-15,False,26,True,1,False
419,mechanistic_target,True,,solved,1,4500,8.178663308141489e-14,0.0014271928900258,1603.000120258638,1.6208391488909674e-13,0.0,0.0,0.0,1.1985545973584545e-14,0.0,False,0,True,1,False
420,raw_prediction,True,11542000.0,solved,1,2875,8.830478098931582e-14,0.0013979886057819,1766.9102271245797,4.266899333860152e-14,1.5181158141899466e-15,2.970303723949605e-14,0.0,2.8044399145616847e-14,1.870615663013556e-14,False,19,True,1,False
420,mechanistic_target,True,,solved,1,3500,8.830478098931582e-14,0.0013979886057819,1766.9102271245797,1.1474556344083236e-10,0.0,0.0,0.0,1.1606956029303882e-14,0.0,False,0,True,1,False
421,raw_prediction,True,6610700.0,solved,1,1100,6.28658179592052e-14,0.003503852186002,501.8832393496834,2.3129365976662082e-14,4.1879302445873675e-14,5.908387066343488e-14,0.0,1.5226022724714433e-14,3.631950792406461e-14,False,27,True,1,False
421,mechanistic_target,True,,solved,1,2975,6.28658179592052e-14,0.003503852186002,501.8832393496834,2.580725876005073e-12,0.0,0.0,0.0,3.033954841149336e-16,0.0,False,0,True,1,False
422,raw_prediction,True,7032300.0,solved,1,1750,6.196139559758281e-14,0.002395705896662,723.4717670598701,7.763028193828243e-15,5.670133791032412e-18,3.7613322570898686e-14,0.0,2.7716772894033212e-14,2.3228276280204963e-15,False,16,True,1,False
422,mechanistic_target,True,,solved,1,7325,6.196139559758281e-14,0.002395705896662,723.4717670598701,2.0189944348361054e-13,0.0,0.0,0.0,2.0605605182340757e-15,0.0,False,0,True,1,False
423,raw_prediction,True,238127500.0,maximum iterations reached,7,100000,6.70519543467735e-14,0.0010375986891971,1807.6565730824268,9.549999679947518e-14,0.0,2.9373261933421327e-17,0.0,5.239060556616557e-13,5.296740875676127e-16,False,18,True,1,False
423,mechanistic_target,True,,solved,1,10675,6.70519543467735e-14,0.0010375986891971,1807.6565730824268,1.1081809454644844e-14,0.0,0.0,0.0,1.5839646312471792e-14,6.5913165123748406e-21,False,3,True,1,False
424,raw_prediction,True,14082500.0,solved,1,5225,6.116291642743127e-14,0.0032674331640732,523.6189691959398,1.5516069281570446e-14,2.6586895668983625e-15,2.9803984417576187e-16,0.0,1.4654071025895415e-14,4.548290831395821e-16,False,7,True,1,False
424,mechanistic_target,True,,solved,1,3450,6.116291642743127e-14,0.0032674331640732,523.6189691959398,6.383540618414157e-13,0.0,0.0,0.0,7.563027390498184e-15,0.0,False,0,True,1,False
425,raw_prediction,True,8167900.0,solved,1,2450,6.733146784518293e-14,0.0022182684503713,849.0590166686476,9.883589473444132e-15,9.3145701526083e-16,4.803643656873518e-16,0.0,3.3099734515012395e-14,8.816691560083587e-17,False,9,True,1,False
425,mechanistic_target,True,,solved,1,6500,6.733146784518293e-14,0.0022182684503713,849.0590166686476,9.918737172816482e-13,0.0,0.0,0.0,4.967488426841591e-15,0.0,False,0,True,1,False
426,raw_prediction,True,15430100.0,solved,1,4675,8.351933844904815e-14,0.0016255754047034,1437.1888012262236,1.0005885009434223e-14,0.0,4.575928098660361e-15,0.0,3.5333299563751013e-14,8.843020423964884e-16,False,8,True,1,False
426,mechanistic_target,True,,solved,1,3125,8.351933844904815e-14,0.0016255754047034,1437.1888012262236,7.419226282970368e-13,0.0,7.071552721370279e-14,0.0,1.2835713052288045e-13,4.265156676468396e-18,False,1,True,1,False
427,raw_prediction,True,74314200.0,solved,1,29950,8.417607644190159e-14,0.0005909565926593,3984.437284561431,1.7271728004351423e-14,0.0,8.185876404585527e-16,0.0,9.972517614771316e-14,3.3817735091680688e-15,False,25,True,1,False
427,mechanistic_target,True,,solved inaccurate,2,100000,8.417607644190159e-14,0.0005909565926593,3984.437284561431,2.1743662394727832e-14,0.0,5.213256681878237e-16,0.0,1.155397308060437e-13,1.7732233325840374e-16,False,2,True,1,False
428,raw_prediction,True,8066700.0,solved,1,1900,7.682996665678579e-14,0.0017178791903846,1251.0420986798963,2.46677678283902e-14,9.996588101150128e-15,1.36596660790858e-14,0.0,1.7480745206172038e-14,2.2982282688267337e-15,False,10,True,1,False
428,mechanistic_target,True,,solved,1,2975,7.682996665678579e-14,0.0017178791903846,1251.0420986798963,5.136684737166483e-13,0.0,0.0,0.0,6.659060439625733e-14,0.0,False,0,True,1,False
429,raw_prediction,True,245513500.0,maximum iterations reached,7,100000,8.453436707832997e-14,0.000738261587809,3202.99994689404,1.5380318546531768e-13,0.0,5.440862824309033e-15,0.0,7.937176880706933e-13,1.0771772354539997e-15,False,23,True,1,False
429,mechanistic_target,True,,solved,1,16725,8.453436707832997e-14,0.000738261587809,3202.99994689404,1.0113171756652183e-13,0.0,0.0,0.0,4.686490142187408e-15,0.0,False,0,True,1,False
430,raw_prediction,True,4629500.0,solved,1,250,5.708995352128864e-14,0.004755643545549,335.80278438352553,6.994062536905567e-12,2.239043033914314e-15,7.176096031966833e-14,0.0,3.385062522653356e-15,3.2962431788524986e-14,False,25,True,1,False
430,mechanistic_target,True,,solved,1,1475,5.708995352128864e-14,0.004755643545549,335.80278438352553,1.44696913761777e-13,0.0,3.660959123489682e-17,0.0,7.492107955141523e-17,3.0810115716537224e-20,False,1,True,1,False
431,raw_prediction,True,28573700.0,solved,1,11250,6.44731588144452e-14,0.0020454754030563,881.6954217670936,3.066283532780575e-14,2.9349097620700068e-15,5.316590876822611e-15,0.0,2.8156099395587467e-14,2.42784702656716e-16,False,9,True,1,False
431,mechanistic_target,True,,solved,1,8775,6.44731588144452e-14,0.0020454754030563,881.6954217670936,7.237795366263913e-13,0.0,0.0,0.0,7.517500137755392e-15,0.0,False,0,True,1,False
432,raw_prediction,True,12821400.0,solved,1,4375,8.482843406375505e-14,0.0010267306452872,2311.100458271252,9.499154862607306e-15,0.0,1.923401303258325e-14,0.0,6.318021385444365e-14,1.4084931213710715e-14,False,19,True,1,False
432,mechanistic_target,True,,solved,1,9075,8.482843406375505e-14,0.0010267306452872,2311.100458271252,4.923321825626076e-14,0.0,0.0,0.0,6.695362933375771e-15,6.913425733311786e-21,False,3,True,1,False
433,raw_prediction,True,22597900.0,solved,1,7050,9.93074610299066e-14,0.0012930625686882,2148.306472970997,2.0306673009784504e-14,0.0,4.355302993903522e-15,0.0,4.411854499992449e-14,3.9615171566795296e-16,False,10,True,1,False
433,mechanistic_target,True,,solved,1,4125,9.93074610299066e-14,0.0012930625686882,2148.306472970997,9.744238237715772e-13,0.0,0.0,0.0,1.562656069713831e-13,0.0,False,0,True,1,False
434,raw_prediction,True,5504200.0,solved,1,800,5.779311007828264e-14,0.0030663617335776,527.2135676935227,9.536802279351863e-15,1.8187327345058443e-15,2.6048628130306087e-14,0.0,2.3864193094627565e-14,1.3101853494632754e-14,False,24,True,1,False
434,mechanistic_target,True,,solved,1,3025,5.779311007828264e-14,0.0030663617335776,527.2135676935227,5.561323650711654e-13,0.0,0.0,0.0,6.327386463217887e-17,0.0,False,0,True,1,False
435,raw_prediction,True,9836400.0,solved,1,3300,6.782614860571445e-14,0.0018853460833513,1006.3289636091334,2.5635743527985252e-14,0.0,7.143105460277321e-17,0.0,2.4575602652430233e-14,5.538560393832163e-16,False,11,True,1,False
435,mechanistic_target,True,,solved,1,10900,6.782614860571445e-14,0.0018853460833513,1006.3289636091334,4.822545967358763e-13,0.0,4.1494788149559266e-14,0.0,4.662840079760792e-15,6.597908435906174e-18,False,1,True,1,False
436,raw_prediction,True,15097900.0,solved,1,5500,8.737019154820155e-14,0.0012367653980782,1976.1042863455648,8.113343511496339e-15,0.0,3.3992608732905536e-15,0.0,9.59073958810914e-14,1.0467688607545092e-15,False,18,True,1,False
436,mechanistic_target,True,,solved,1,5250,8.737019154820155e-14,0.0012367653980782,1976.1042863455648,3.114036093440329e-13,0.0,0.0,0.0,4.9654902932076144e-14,0.0,False,0,True,1,False
437,raw_prediction,True,7114000.0,solved,1,1325,6.612932100025495e-14,0.0029654465944929,623.789205120573,9.979510419594407e-15,1.5492621527771825e-15,1.53339006221611e-14,0.0,2.9460468777035816e-14,4.5630685861361495e-15,False,24,True,1,False
437,mechanistic_target,True,,solved,1,4300,6.612932100025495e-14,0.0029654465944929,623.789205120573,4.905352140957385e-13,0.0,8.478462985730496e-14,0.0,8.650733589202332e-15,7.381735400624176e-17,False,1,True,1,False
438,raw_prediction,True,12109700.0,solved,1,3325,7.20461882540211e-14,0.0011104882937528,1814.808991279047,7.194765616613807e-15,1.8635116805956573e-15,4.459423731739031e-17,0.0,2.741419876662549e-13,8.301824967622412e-16,False,11,True,1,False
438,mechanistic_target,True,,solved,1,7275,7.20461882540211e-14,0.0011104882937528,1814.808991279047,7.682214840370815e-14,0.0,0.0,0.0,1.0795693803941928e-14,0.0,False,0,True,1,False
439,raw_prediction,True,29758600.0,solved,1,12175,5.718358159147505e-14,0.0009583723182791,1669.0563162050412,1.3435433321440371e-14,0.0,0.0,0.0,3.0728034685658915e-14,0.0,False,0,True,1,False
439,mechanistic_target,True,,solved,1,12475,5.718358159147505e-14,0.0009583723182791,1669.0563162050412,9.751491836354326e-15,0.0,1.936186185265892e-16,0.0,3.5569059112998896e-14,3.0564494700311013e-18,False,1,True,1,False
440,raw_prediction,True,12528300.0,solved,1,3275,8.948865291852011e-14,0.0017665069386922,1417.0543953972003,8.162914788556463e-14,9.867732212782935e-15,1.4232226932700174e-14,0.0,1.1856171032997886e-13,1.0995371104186836e-14,False,20,True,1,False
440,mechanistic_target,True,,solved,1,2475,8.948865291852011e-14,0.0017665069386922,1417.0543953972003,4.8140568716495077e-11,0.0,0.0,0.0,8.537137075107625e-15,0.0,False,0,True,1,False
441,raw_prediction,True,18130400.0,solved,1,6925,6.11978163398982e-14,0.0029393163905762,582.40284525304,6.9663663196602766e-15,3.200725379836363e-16,2.0751400348158595e-16,0.0,3.8550491692265276e-14,2.5546759625858693e-16,False,13,True,1,False
441,mechanistic_target,True,,solved,1,4300,6.11978163398982e-14,0.0029393163905762,582.40284525304,5.521158503032564e-13,0.0,9.581427934767945e-14,0.0,6.477397050517243e-15,9.413238695004085e-17,False,1,True,1,False
442,raw_prediction,True,3362200.0,solved,1,225,5.708876895457837e-14,0.0054199773897636,294.6368764665,4.868020989234489e-12,1.3651057398726838e-15,7.95859586523981e-14,0.0,8.397642312741583e-15,2.3821172686170852e-14,False,26,True,1,False
442,mechanistic_target,True,,solved,1,925,5.708876895457837e-14,0.0054199773897636,294.6368764665,9.463401023654371e-15,0.0,3.2242560842328304e-18,0.0,7.944430093066874e-17,4.45180848068876e-21,False,1,True,1,False
443,raw_prediction,True,60508300.0,solved,1,24025,7.524011048064018e-14,0.0007322818555053,2874.1210123226224,8.825326416744104e-15,0.0,6.121374172462756e-16,0.0,9.785901765413729e-14,2.2595723840844313e-16,False,18,True,1,False
443,mechanistic_target,True,,solved,1,20125,7.524011048064018e-14,0.0007322818555053,2874.1210123226224,1.1443221841075536e-14,0.0,0.0,0.0,1.6799086221615715e-14,8.08881759711318e-21,False,3,True,1,False
444,raw_prediction,True,8723000.0,solved,1,2050,5.849038485906774e-14,0.0020469577951889,799.2994039912663,2.5830032557294654e-14,0.0,2.0113867736981575e-14,0.0,3.813909408132913e-14,9.170042471137693e-15,False,14,True,1,False
444,mechanistic_target,True,,solved,1,11575,5.849038485906774e-14,0.0020469577951889,799.2994039912663,5.712025512692407e-14,0.0,0.0,0.0,8.703019184931399e-15,0.0,False,0,True,1,False
445,raw_prediction,True,10434800.0,solved,1,3425,5.712578730094728e-14,0.0039239651532295,407.2311165288894,1.4178162696541016e-14,2.895940144334912e-15,0.0,0.0,1.1081276202573724e-14,1.2362675621993285e-15,False,2,True,1,False
445,mechanistic_target,True,,solved,1,2025,5.712578730094728e-14,0.0039239651532295,407.2311165288894,4.1678939691464054e-13,0.0,1.0807379887403208e-16,0.0,1.3952805469597032e-16,5.056850739314647e-20,False,1,True,1,False
446,raw_prediction,True,9218200.0,solved,1,2350,6.20193700426673e-14,0.0028792019786649,602.5444867024288,1.9835932822364545e-14,0.0,9.326052046652796e-15,0.0,8.588270260432819e-14,7.259586863499472e-14,False,18,True,1,False
446,mechanistic_target,True,,solved,1,4075,6.20193700426673e-14,0.0028792019786649,602.5444867024288,7.552956227284513e-13,0.0,0.0,0.0,8.840556168110908e-15,0.0,False,0,True,1,False
447,raw_prediction,True,30317800.0,solved,1,11000,8.843008272343478e-14,0.0008340873254735,2965.6671589219845,5.499073418846479e-14,0.0,3.6672397567489634e-16,0.0,1.501171075389594e-13,6.6795240157769e-15,False,26,True,1,False
447,mechanistic_target,True,,solved,1,15050,8.843008272343478e-14,0.0008340873254735,2965.6671589219845,1.6406464938525028e-14,0.0,0.0,0.0,1.0169676327633151e-14,0.0,False,0,True,1,False
448,raw_prediction,True,231844600.0,maximum iterations reached,7,100000,9.610477447851269e-14,0.0005498791643001,4888.905002432817,1.5213388629658461e-13,0.0,1.6717155596224904e-16,0.0,1.6341988844831156e-12,1.1033288563758562e-15,False,9,True,1,False
448,mechanistic_target,True,,solved,1,17650,9.610477447851269e-14,0.0005498791643001,4888.905002432817,4.1787066171121837e-14,0.0,8.0906682287329e-15,0.0,1.0984311651649857e-13,8.672157821642912e-15,False,2,True,1,False
449,raw_prediction,True,16085600.0,solved,1,5100,6.266877195628926e-14,0.0031805727335483,551.1626143006018,3.851102436421778e-14,0.0,2.853472455722378e-15,0.0,7.135538054229844e-15,6.012004055108759e-16,False,12,True,1,False
449,mechanistic_target,True,,solved,1,3675,6.266877195628926e-14,0.0031805727335483,551.1626143006018,5.775634403876671e-13,0.0,0.0,0.0,8.431017959831114e-15,0.0,False,0,True,1,False
450,raw_prediction,True,17989000.0,solved,1,5350,6.493510222970539e-14,0.001506764288193,1205.502481352218,9.025047397924867e-15,0.0,6.079447331077336e-15,0.0,2.5911651974373364e-14,1.8924358176831053e-15,False,12,True,1,False
450,mechanistic_target,True,,solved,1,4125,6.493510222970539e-14,0.001506764288193,1205.502481352218,9.938360927577517e-14,0.0,0.0,0.0,1.8413618545984282e-14,0.0,False,0,True,1,False
451,raw_prediction,True,21023300.0,solved,1,7250,7.408026345003049e-14,0.001565317675916,1323.835208177729,5.120903701083535e-15,2.5456751300789994e-14,1.8550121102888503e-14,0.0,5.864876972286064e-13,5.185259798610952e-13,False,20,True,1,False
451,mechanistic_target,True,,solved,1,1550,7.408026345003049e-14,0.001565317675916,1323.835208177729,4.9618427985958326e-14,0.0,1.7500772264797945e-15,0.0,3.7546680841856215e-14,1.1388050446512597e-13,False,3,True,1,False
452,raw_prediction,True,6491500.0,solved,1,950,6.683685813776569e-14,0.0025207655896552,741.6815286089641,2.4890324559728263e-14,3.5226368790328044e-18,5.965934903402762e-15,0.0,1.5383538278832672e-14,5.087584675572057e-16,False,13,True,1,False
452,mechanistic_target,True,,solved,1,3250,6.683685813776569e-14,0.0025207655896552,741.6815286089641,2.62678672710736e-13,0.0,0.0,0.0,7.308445680829362e-17,0.0,False,0,True,1,False
453,raw_prediction,True,14260400.0,solved,1,4800,7.948264168842985e-14,0.0016254673941392,1367.816786060121,7.299716386910404e-15,0.0,5.393058116278282e-16,0.0,1.1907017162839894e-13,1.2942943101921634e-16,False,15,True,1,False
453,mechanistic_target,True,,solved,1,3075,7.948264168842985e-14,0.0016254673941392,1367.816786060121,1.7672794822470516e-10,0.0,0.0,0.0,2.0715186340597292e-14,0.0,False,0,True,1,False
454,raw_prediction,True,40447100.0,solved,1,13175,7.839536528388319e-14,0.0007668658575485,2859.597337509012,1.5909975268755813e-14,0.0,2.0673389445733414e-15,0.0,1.20728507618534e-13,2.3008448796696973e-16,False,25,True,1,False
454,mechanistic_target,True,,solved,1,18475,7.839536528388319e-14,0.0007668658575485,2859.597337509012,1.524052156427301e-14,0.0,0.0,0.0,8.564954333208608e-15,0.0,False,0,True,1,False
455,raw_prediction,True,44795400.0,solved,1,17925,6.017377353971271e-14,0.0017676719795853,952.224755858338,1.1175561250280871e-14,0.0,0.0,0.0,2.8375950414896314e-14,0.0,False,0,True,1,False
455,mechanistic_target,True,,solved,1,2775,6.017377353971271e-14,0.0017676719795853,952.224755858338,1.856087586307328e-14,0.0,0.0,0.0,8.854198598980242e-15,0.0,False,0,True,1,False
456,raw_prediction,True,27493000.0,solved,1,10250,6.453436493094903e-14,0.001020721799792,1768.5508401863472,1.1162945567910754e-14,1.3849732596024037e-17,3.879447559990713e-17,0.0,6.447626405234157e-14,4.167546125646139e-16,False,13,True,1,False
456,mechanistic_target,True,,solved,1,10200,6.453436493094903e-14,0.001020721799792,1768.5508401863472,1.16451245305429e-14,0.0,0.0,0.0,1.5365414632345282e-14,0.0,False,0,True,1,False
457,raw_prediction,True,10283900.0,solved,1,2825,8.370957223766948e-14,0.0019110084095733,1225.31125565094,9.89416106268478e-15,3.013116271245164e-17,1.5518470410817942e-16,0.0,1.6083166670156609e-13,7.269230177646899e-17,False,9,True,1,False
457,mechanistic_target,True,,solved,1,2250,8.370957223766948e-14,0.0019110084095733,1225.31125565094,1.860387637514715e-11,0.0,0.0,0.0,3.0487286808222518e-15,0.0,False,0,True,1,False
458,raw_prediction,True,4688200.0,solved,1,450,6.044926290649331e-14,0.0053823275144803,314.1628203373737,1.0738202850486993e-14,1.736088421933558e-14,2.3965761444144543e-14,0.0,2.5924619544012367e-14,9.581251423844756e-15,False,16,True,1,False
458,mechanistic_target,True,,solved,1,1125,6.044926290649331e-14,0.0053823275144803,314.1628203373737,6.260300807680343e-14,0.0,0.0,0.0,1.332181100635239e-16,0.0,False,0,True,1,False
459,raw_prediction,True,18312700.0,solved,1,6375,6.60228761672074e-14,0.0026035130748841,709.363070151219,1.5699961666685813e-14,1.4791672429751665e-15,7.76514851057404e-17,0.0,1.1733160408763972e-14,3.255154529018745e-16,False,9,True,1,False
459,mechanistic_target,True,,solved,1,2950,6.60228761672074e-14,0.0026035130748841,709.363070151219,1.1703003575705853e-13,0.0,0.0,0.0,1.8738826270237454e-16,0.0,False,0,True,1,False
460,raw_prediction,True,8837900.0,solved,1,1800,6.598449472039979e-14,0.0015356507713734,1201.9415031713502,7.813177609613781e-15,0.0,4.648313677987525e-15,0.0,3.198423167010735e-14,6.7649009424855295e-16,False,14,True,1,False
460,mechanistic_target,True,,solved,1,4075,6.598449472039979e-14,0.0015356507713734,1201.9415031713502,5.762790758502766e-14,0.0,0.0,0.0,4.638831476088613e-15,0.0,False,0,True,1,False
461,raw_prediction,True,28646400.0,solved,1,5775,9.368089121157149e-14,0.0009221220816043,2841.819501198062,2.4490826033840563e-14,0.0,5.613172391715791e-15,0.0,3.350617384525565e-14,2.7393678247989937e-15,False,22,True,1,False
461,mechanistic_target,True,,solved,1,12975,9.368089121157149e-14,0.0009221220816043,2841.819501198062,1.7559419968784272e-14,0.0,0.0,0.0,1.0184056006788752e-14,3.0693351447131444e-20,False,3,True,1,False
462,raw_prediction,True,29328000.0,solved,1,11675,6.593276030272235e-14,0.0020663386006249,892.5522884863252,9.049333036477802e-15,8.36836660612232e-16,5.563678346868601e-16,0.0,3.9537055756479946e-14,1.5899696459494345e-17,False,2,True,1,False
462,mechanistic_target,True,,solved,1,8475,6.593276030272235e-14,0.0020663386006249,892.5522884863252,7.895987303873196e-13,0.0,0.0,0.0,9.222218792245734e-15,0.0,False,0,True,1,False
463,raw_prediction,True,11514100.0,solved,1,2975,8.262234651008473e-14,0.0008740424040298,2644.2281271289407,1.3286247102506366e-14,2.1508254296709503e-15,3.167447418793484e-15,0.0,7.276052274696352e-14,1.69652080278472e-15,False,26,True,1,False
463,mechanistic_target,True,,solved,1,10225,8.262234651008473e-14,0.0008740424040298,2644.2281271289407,2.2840051868459653e-14,0.0,0.0,0.0,6.635048571150077e-15,2.496407171839004e-20,False,3,True,1,False
464,raw_prediction,True,20591300.0,solved,1,7525,6.287237791629547e-14,0.0027773982249234,633.2214693003239,1.0609568779074152e-14,6.305589611235684e-16,9.403400022876509e-16,0.0,3.176964208076464e-14,1.64446368199899e-16,False,4,True,1,False
464,mechanistic_target,True,,solved,1,4200,6.287237791629547e-14,0.0027773982249234,633.2214693003239,4.998588973845958e-12,0.0,9.190354241108213e-16,0.0,6.495582448889778e-16,4.2753264472926506e-19,False,1,True,1,False
465,raw_prediction,True,8445200.0,solved,1,1725,5.858723832200981e-14,0.0053915239313087,303.96626563859826,4.037742362683616e-14,1.2831145803108216e-14,6.6729685528041444e-15,0.0,9.497862450482756e-15,1.2473282187860346e-15,False,6,True,1,False
465,mechanistic_target,True,,solved,1,1150,5.858723832200981e-14,0.0053915239313087,303.96626563859826,7.502864522491206e-14,0.0,0.0,0.0,9.193913732690399e-17,0.0,False,0,True,1,False
466,raw_prediction,True,5246000.0,solved,1,575,6.02196066539652e-14,0.0026115807138118,645.0128402313894,4.968311993229053e-16,3.5339213883537663e-17,2.1886793476388597e-14,0.0,2.6441816544945804e-14,4.4026478884574e-15,False,27,True,1,False
466,mechanistic_target,True,,solved,1,4575,6.02196066539652e-14,0.0026115807138118,645.0128402313894,1.0241833036144912e-12,0.0,0.0,0.0,5.955531249354842e-15,0.0,False,0,True,1,False
467,raw_prediction,True,7246500.0,solved,1,1625,5.98621756091747e-14,0.0025017442301275,669.3349277751332,1.1235040690152439e-14,1.7912312385213215e-15,9.545373375980761e-15,0.0,3.0566186108107866e-14,1.0172195708139656e-14,False,10,True,1,False
467,mechanistic_target,True,,solved,1,6125,5.98621756091747e-14,0.0025017442301275,669.3349277751332,4.803446375840935e-13,0.0,0.0,0.0,4.3322824019587975e-15,0.0,False,0,True,1,False
468,raw_prediction,True,38598500.0,solved,1,15175,6.954324848866594e-14,0.0008516758920067,2284.096866138903,1.5060344828795015e-14,0.0,0.0,0.0,6.843406560698666e-14,0.0,False,0,True,1,False
468,mechanistic_target,True,,solved,1,7700,6.954324848866594e-14,0.0008516758920067,2284.096866138903,5.338215260547911e-14,0.0,1.4822598281648062e-14,0.0,4.875054135681385e-13,8.214038384994411e-14,False,3,True,1,False
469,raw_prediction,True,15970100.0,solved,1,5500,6.947760791032541e-14,0.0010372379702428,1873.7012619255904,8.729128531115293e-15,0.0,2.0026161918361026e-15,0.0,2.646476801226781e-14,6.924321643610849e-16,False,14,True,1,False
469,mechanistic_target,True,,solved,1,11175,6.947760791032541e-14,0.0010372379702428,1873.7012619255904,1.1748894644927844e-14,0.0,0.0,0.0,2.0091373274782883e-14,0.0,False,0,True,1,False
470,raw_prediction,True,18745100.0,solved,1,6875,6.605475095833695e-14,0.0013320253763648,1387.1564939601678,9.043575545469851e-15,0.0,2.146509664380092e-19,0.0,9.237479630130985e-14,6.696438454453265e-17,False,3,True,1,False
470,mechanistic_target,True,,solved,1,3725,6.605475095833695e-14,0.0013320253763648,1387.1564939601678,9.234862985800114e-13,0.0,0.0,0.0,1.3306408437057516e-13,0.0,False,0,True,1,False
471,raw_prediction,True,31193100.0,solved,1,11350,8.6116047446287e-14,0.0009185361515906,2622.537657303457,9.99487857707226e-15,3.0082925179357358e-15,4.641408098826096e-15,0.0,4.56530754991278e-14,2.776411389854477e-15,False,17,True,1,False
471,mechanistic_target,True,,solved,1,9350,8.6116047446287e-14,0.0009185361515906,2622.537657303457,2.507940256653015e-13,0.0,0.0,0.0,3.0228867161295565e-14,0.0,False,0,True,1,False
472,raw_prediction,True,19267700.0,solved,1,7125,6.135386400893553e-14,0.0027351483999339,627.4728269687549,1.7000290064572713e-14,1.048325236668703e-15,2.137112559175917e-16,0.0,4.002164673808788e-14,3.98688000359414e-16,False,12,True,1,False
472,mechanistic_target,True,,solved,1,3625,6.135386400893553e-14,0.0027351483999339,627.4728269687549,1.6164242870501884e-12,0.0,0.0,0.0,2.876252644236737e-16,0.0,False,0,True,1,False
473,raw_prediction,True,227933300.0,solved inaccurate,2,100000,6.46663786287153e-14,0.0019029649716144,950.5646183745696,2.1953752345360023e-14,5.720475907611648e-17,4.1478519778187326e-17,0.0,9.171614140373797e-14,1.1080262885542385e-17,False,8,True,1,False
473,mechanistic_target,True,,solved,1,2150,6.46663786287153e-14,0.0019029649716144,950.5646183745696,4.1471003618350405e-11,0.0,0.0,0.0,2.1473867257267304e-15,0.0,False,0,True,1,False
474,raw_prediction,True,7825900.0,solved,1,1275,6.903937165514677e-14,0.0022828871302462,845.9531050337373,8.507257398537861e-14,5.238218382111158e-14,8.617965848360886e-14,0.0,1.307011888767928e-14,4.3676702960622396e-14,False,25,True,1,False
474,mechanistic_target,True,,solved,1,8325,6.903937165514677e-14,0.0022828871302462,845.9531050337373,1.750583158403313e-13,0.0,1.8242922551325664e-14,0.0,2.8827511804215857e-15,6.720132030343386e-18,False,1,True,1,False
475,raw_prediction,True,25232200.0,solved,1,8375,8.259508076055107e-14,0.0009955059921186,2320.8346625309523,1.2524262241337096e-14,8.002675352432871e-17,4.024160221560541e-15,0.0,1.8392925326593426e-13,1.4529211272630648e-15,False,35,True,1,False
475,mechanistic_target,True,,solved,1,7075,8.259508076055107e-14,0.0009955059921186,2320.8346625309523,9.323757965169229e-13,0.0,0.0,0.0,6.162831817676357e-14,0.0,False,0,True,1,False
476,raw_prediction,True,32409400.0,solved,1,11925,6.882277675730251e-14,0.0018865811605801,1020.4473357545212,1.0174023205989528e-14,1.417830759948596e-17,0.0,0.0,4.319060432143928e-14,4.614000353579465e-17,False,3,True,1,False
476,mechanistic_target,True,,solved,1,10000,6.882277675730251e-14,0.0018865811605801,1020.4473357545212,7.440788961098938e-13,0.0,0.0,0.0,6.468306051704467e-15,0.0,False,0,True,1,False
477,raw_prediction,True,9700800.0,solved,1,2500,6.305529303235547e-14,0.0023847955038694,739.6126023636704,1.7112648870085854e-14,4.2704103685377625e-15,6.240812240989142e-15,0.0,8.97116948536202e-14,2.2337407582404853e-15,False,20,True,1,False
477,mechanistic_target,True,,solved,1,6200,6.305529303235547e-14,0.0023847955038694,739.6126023636704,5.865762930889339e-13,0.0,0.0,0.0,5.560930137547858e-15,0.0,False,0,True,1,False
478,raw_prediction,True,15222000.0,solved,1,3725,6.064762724127596e-14,0.0012606363340421,1345.7298714107865,1.0708781933381483e-14,0.0,3.98426886684645e-15,0.0,8.647780916616802e-14,1.511518660710223e-15,False,28,True,1,False
478,mechanistic_target,True,,solved,1,8200,6.064762724127596e-14,0.0012606363340421,1345.7298714107865,9.746928190706198e-15,0.0,1.7427172336564397e-15,0.0,2.100409734035112e-14,1.9292792881362808e-16,False,2,True,1,False
479,raw_prediction,True,23588500.0,solved,1,7225,7.738904168343396e-14,0.0009333663758186,2319.322898365236,2.1017909634934995e-14,1.0793954109193407e-16,5.200307227328065e-15,0.0,1.7906613072474766e-13,2.399017230251829e-15,False,34,True,1,False
479,mechanistic_target,True,,solved,1,10400,7.738904168343396e-14,0.0009333663758186,2319.322898365236,9.782006924548049e-14,0.0,0.0,0.0,1.0188696736938227e-14,0.0,False,0,True,1,False
480,raw_prediction,True,45655400.0,solved,1,19175,7.746867969407763e-14,0.0015640335008976,1385.5238359203602,1.2418185976778634e-14,2.9030997855735744e-16,1.8085297217102716e-16,0.0,4.355889474892818e-14,1.269202238724409e-16,False,9,True,1,False
480,mechanistic_target,True,,solved,1,3725,7.746867969407763e-14,0.0015640335008976,1385.5238359203602,3.107968817777969e-13,0.0,2.137993802785993e-14,0.0,5.719511948823793e-14,6.434326718604734e-17,False,1,True,1,False
481,raw_prediction,True,6175300.0,solved,1,925,6.349394887507401e-14,0.0023292066503508,762.5322480190538,4.698498534683182e-15,7.864227209139672e-16,2.3860196514443312e-14,0.0,1.8367986506978852e-14,2.0862551971363434e-14,False,38,True,1,False
481,mechanistic_target,True,,solved,1,8000,6.349394887507401e-14,0.0023292066503508,762.5322480190538,1.5189815622376118e-13,0.0,1.4633225018238467e-14,0.0,1.7591424052061002e-15,2.3024179061543058e-17,False,1,True,1,False
482,raw_prediction,True,12708200.0,solved,1,3725,8.015306394047605e-14,0.0016008168406956,1400.5943898800615,4.4570250268272105e-14,2.8631792944613147e-15,3.395672230483184e-15,0.0,1.6444558172228663e-14,3.418980018895356e-15,False,19,True,1,False
482,mechanistic_target,True,,solved,1,3625,8.015306394047605e-14,0.0016008168406956,1400.5943898800615,2.4177324679629334e-13,0.0,1.7789730911334256e-14,0.0,3.4480699510696776e-14,1.728089456581064e-17,False,1,True,1,False
483,raw_prediction,True,10430400.0,solved,1,3225,7.158484885206931e-14,0.0012112117909609,1653.2362556267983,2.4372994941734843e-13,0.0,2.675924864067341e-16,0.0,1.0846244511548105e-13,2.178401549105149e-16,False,6,True,1,False
483,mechanistic_target,True,,solved,1,5775,7.158484885206931e-14,0.0012112117909609,1653.2362556267983,1.303142576630666e-13,0.0,0.0,0.0,1.9700397195299082e-14,0.0,False,0,True,1,False
484,raw_prediction,True,7956000.0,solved,1,1700,8.100954044573811e-14,0.0019265823050847,1176.2035879167584,8.680828369632045e-15,7.768667219763826e-16,5.822677759348264e-15,0.0,4.979299425460695e-14,3.937051457842186e-15,False,16,True,1,False
484,mechanistic_target,True,,solved,1,2325,8.100954044573811e-14,0.0019265823050847,1176.2035879167584,4.9444274337032716e-11,0.0,6.1135160426506846e-15,0.0,7.406432871191581e-15,1.7684877447130828e-18,False,1,True,1,False
485,raw_prediction,True,41407100.0,solved,1,16300,8.964659244656055e-14,0.000880717444332,2847.285957796917,1.824929096727601e-14,0.0,6.36358225065384e-16,0.0,1.6160371951688845e-13,2.909059176206878e-16,False,10,True,1,False
485,mechanistic_target,True,,solved,1,13900,8.964659244656055e-14,0.000880717444332,2847.285957796917,1.7738754956915256e-14,0.0,0.0,0.0,1.9876864775485503e-14,4.2165119539874915e-20,False,3,True,1,False
486,raw_prediction,True,72441200.0,solved,1,26925,8.071551797801628e-14,0.0005677292571259,3976.945697793405,1.0872552858032237e-13,1.6793474440209945e-15,1.963065783820714e-15,0.0,8.804584328580661e-13,2.426139543672729e-15,False,23,True,1,False
486,mechanistic_target,True,,solved,1,36350,8.071551797801628e-14,0.0005677292571259,3976.945697793405,3.4434543001056134e-14,0.0,3.0981639709447808e-15,0.0,2.8364595291962666e-13,2.9354367575419023e-16,False,2,True,1,False
487,raw_prediction,True,7870400.0,solved,1,1325,5.935869828972761e-14,0.0048082358049549,345.32856889476267,1.8167082929032702e-15,2.6235677555718182e-14,1.1205756188005642e-15,0.0,2.31914963416287e-14,2.3578548907826284e-14,False,18,True,1,False
487,mechanistic_target,True,,solved,1,1325,5.935869828972761e-14,0.0048082358049549,345.32856889476267,8.632795929966015e-14,0.0,0.0,0.0,2.6135460876938883e-16,0.0,False,0,True,1,False
488,raw_prediction,True,12878500.0,solved,1,4100,5.719165546547965e-14,0.0011717732583685,1365.2839467664926,1.4521564265999802e-14,1.6830715734240544e-15,2.835539465518809e-15,0.0,1.380244760396631e-13,1.2308891497590297e-15,False,20,True,1,False
488,mechanistic_target,True,,solved,1,7625,5.719165546547965e-14,0.0011717732583685,1365.2839467664926,1.3792345612054832e-14,0.0,0.0,0.0,7.481234918377802e-15,1.7980422272872976e-20,False,3,True,1,False
489,raw_prediction,True,7211100.0,solved,1,1875,7.08033728887498e-14,0.0021195718738698,934.414776124626,1.3943707299901575e-14,9.198319785389832e-14,0.0,0.0,1.8408758731137403e-14,7.79627876912621e-14,False,7,True,1,False
489,mechanistic_target,True,,solved,1,9200,7.08033728887498e-14,0.0021195718738698,934.414776124626,2.4722480450072215e-13,0.0,0.0,0.0,3.5972397682527e-15,0.0,False,0,True,1,False
490,raw_prediction,True,10750200.0,solved,1,2600,7.746628937510995e-14,0.0017727605993712,1222.3527716263866,1.6059378692617232e-14,0.0,1.3045343613840371e-14,0.0,4.509402317846994e-14,1.2219498608998179e-14,False,19,True,1,False
490,mechanistic_target,True,,solved,1,2925,7.746628937510995e-14,0.0017727605993712,1222.3527716263866,6.715462767256844e-13,0.0,0.0,0.0,1.1666866102180225e-13,0.0,False,0,True,1,False
491,raw_prediction,True,3289800.0,solved,1,175,5.707948072959019e-14,0.0061247007153747,260.6928022119407,4.688835879676138e-13,2.299873711933994e-16,8.929222836128942e-15,0.0,3.973481716873799e-15,1.9118291527891592e-15,False,24,True,1,False
491,mechanistic_target,True,,solved,1,775,5.707948072959019e-14,0.0061247007153747,260.6928022119407,8.205336118327827e-15,0.0,0.0,0.0,9.396772376215899e-17,0.0,False,0,True,1,False
492,raw_prediction,True,10758700.0,solved,1,2675,7.16178038546865e-14,0.0019367896908664,1034.3617042522012,1.174581265583896e-14,0.0,2.2261589158082472e-15,0.0,2.1404980478319113e-14,2.949475581062234e-16,False,21,True,1,False
492,mechanistic_target,True,,solved,1,12075,7.16178038546865e-14,0.0019367896908664,1034.3617042522012,1.377869681469353e-13,0.0,2.8274469989643902e-14,0.0,1.973929613375777e-15,3.968361267248948e-17,False,2,True,1,False
493,raw_prediction,True,36669400.0,solved,1,14075,9.616023424903357e-14,0.0008272859656263,3251.4251016206163,1.1245661988582661e-14,1.1620781964218666e-15,1.6358881531839282e-15,0.0,1.8713307808730365e-13,8.345285743899857e-16,False,21,True,1,False
493,mechanistic_target,True,,solved,1,16050,9.616023424903357e-14,0.0008272859656263,3251.4251016206163,1.881927154668984e-14,0.0,0.0,0.0,1.7588974900371868e-14,2.302929832062785e-20,False,3,True,1,False
494,raw_prediction,True,24546400.0,solved,1,9325,7.462223588565186e-14,0.0022597491483859,923.7233558094464,9.683353533716011e-15,4.1361897869703853e-16,1.0866151137546188e-15,0.0,3.248890964586592e-14,7.237827293117326e-17,False,11,True,1,False
494,mechanistic_target,True,,solved,1,3725,7.462223588565186e-14,0.0022597491483859,923.7233558094464,4.641863431905692e-13,0.0,0.0,0.0,1.972460798491124e-16,0.0,False,0,True,1,False
495,raw_prediction,True,17630600.0,solved,1,6500,7.3144306322837e-14,0.001446477650245,1414.499168080038,1.2922897560589864e-14,0.0,5.469678233596715e-15,0.0,1.193667076952362e-13,4.990011585117514e-16,False,20,True,1,False
495,mechanistic_target,True,,solved,1,4500,7.3144306322837e-14,0.001446477650245,1414.499168080038,4.562301425544631e-14,0.0,0.0,0.0,4.053931395122836e-15,6.847737087055268e-20,False,3,True,1,False
496,raw_prediction,True,6569500.0,solved,1,1275,5.75477778585047e-14,0.0038849270595442,414.361682438565,2.9724508488819232e-15,3.57199446195513e-14,1.371419568419193e-14,0.0,1.7615860023503185e-14,4.1473092896392325e-14,False,20,True,1,False
496,mechanistic_target,True,,solved,1,2025,5.75477778585047e-14,0.0038849270595442,414.361682438565,3.464262102875997e-13,0.0,0.0,0.0,1.1362514886044338e-16,0.0,False,0,True,1,False
497,raw_prediction,True,9927100.0,solved,1,2050,6.12641302893385e-14,0.0020983227639165,816.7100107592348,5.971560578652416e-15,1.4550129149267034e-15,2.615704144014352e-14,0.0,5.801009602963377e-14,1.2631384922722165e-15,False,26,True,1,False
497,mechanistic_target,True,,solved,1,8950,6.12641302893385e-14,0.0020983227639165,816.7100107592348,2.71885539190881e-13,0.0,0.0,0.0,1.5195845680189424e-15,0.0,False,0,True,1,False
498,raw_prediction,True,16373600.0,solved,1,5725,9.825335194859925e-14,0.0012342963288936,2226.700653680287,2.72403627432638e-14,9.286959237791688e-16,9.830712600113249e-16,0.0,4.9449944895575374e-14,1.1096038442307005e-16,False,13,True,1,False
498,mechanistic_target,True,,solved,1,5075,9.825335194859925e-14,0.0012342963288936,2226.700653680287,5.583575823155207e-13,0.0,0.0,0.0,9.210231751355684e-14,0.0,False,0,True,1,False
499,raw_prediction,True,8297800.0,solved,1,1975,7.855401795201436e-14,0.0018375149159437,1195.8354644620852,6.775190059110716e-15,7.595389024993704e-16,7.221112399759375e-15,0.0,4.049392783322509e-14,1.371358263903549e-15,False,18,True,1,False
499,mechanistic_target,True,,solved,1,2575,7.855401795201436e-14,0.0018375149159437,1195.8354644620852,6.76418693629889e-13,0.0,0.0,0.0,7.784776113407978e-14,0.0,False,0,True,1,False
500,raw_prediction,True,6164600.0,solved,1,1225,5.982268620231638e-14,0.0026287472777054,636.5770432515318,1.0535215161816458e-14,1.3764764242012739e-15,1.561163571445954e-14,0.0,2.269037424301693e-14,7.867312928215232e-15,False,15,True,1,False
500,mechanistic_target,True,,solved,1,5050,5.982268620231638e-14,0.0026287472777054,636.5770432515318,8.857281751905967e-13,0.0,0.0,0.0,8.014162727919866e-15,0.0,False,0,True,1,False
501,raw_prediction,True,28537300.0,solved,1,11250,7.021313333611463e-14,0.0020155274188526,974.4589353108088,1.2468184487691654e-14,3.706866434061573e-15,6.570101329081533e-15,0.0,7.82020274677044e-14,5.3030859463811455e-15,False,22,True,1,False
501,mechanistic_target,True,,solved,1,9050,7.021313333611463e-14,0.0020155274188526,974.4589353108088,4.912791630339764e-13,0.0,0.0,0.0,5.729968351929519e-15,0.0,False,0,True,1,False
502,raw_prediction,True,13655400.0,solved,1,4775,9.262482698087589e-14,0.0016039741296298,1615.3400054862366,3.293892936184761e-14,2.619503710168101e-16,2.903496384473113e-16,0.0,1.3504365043082313e-13,7.272578964781786e-17,False,8,True,1,False
502,mechanistic_target,True,,solved,1,3300,9.262482698087589e-14,0.0016039741296298,1615.3400054862366,3.2937521337726055e-13,0.0,0.0,0.0,4.5887465117220284e-14,0.0,False,0,True,1,False
503,raw_prediction,True,13783900.0,solved,1,4025,7.445968922345658e-14,0.0013458387361516,1547.6120182825357,3.645434648591461e-14,2.0704679966430555e-15,1.5728576805953622e-14,0.0,7.719424263435062e-14,1.0879212798646666e-14,False,24,True,1,False
503,mechanistic_target,True,,solved,1,5025,7.445968922345658e-14,0.0013458387361516,1547.6120182825357,9.497084866999279e-14,0.0,3.980446169405816e-15,0.0,1.1531543039609122e-14,1.4500527718007166e-18,False,1,True,1,False
504,raw_prediction,True,17180600.0,solved,1,5675,8.855065282263828e-14,0.001523106815182,1626.2799375295265,8.885465994452752e-15,1.563354895537443e-15,2.4775083770760908e-15,0.0,1.695835434252615e-13,8.612723256510398e-16,False,17,True,1,False
504,mechanistic_target,True,,solved,1,3225,8.855065282263828e-14,0.001523106815182,1626.2799375295265,1.6393675904663443e-10,0.0,0.0,0.0,2.1078438957608692e-14,0.0,False,0,True,1,False
505,raw_prediction,True,8126000.0,solved,1,2375,6.007545377883751e-14,0.0015272715345981,1100.3090904612122,1.1490391790619026e-14,1.3668314468433844e-15,2.0993897965860408e-15,0.0,6.76581461715932e-14,2.3130036821449574e-15,False,16,True,1,False
505,mechanistic_target,True,,solved,1,19750,6.007545377883751e-14,0.0015272715345981,1100.3090904612122,1.8569377518614292e-14,0.0,0.0,0.0,5.750973145745654e-15,1.855058062673093e-20,False,3,True,1,False
506,raw_prediction,True,249525000.0,solved inaccurate,2,100000,8.695594412114224e-14,0.000642640311715,3784.994115765413,5.617728504603293e-14,0.0,5.262349117233553e-15,0.0,3.982093723202362e-13,2.0463247465058802e-16,False,28,True,1,False
506,mechanistic_target,True,,solved,1,31825,8.695594412114224e-14,0.000642640311715,3784.994115765413,2.9611497832618743e-14,0.0,0.0,0.0,1.7832950433220598e-13,2.8800360931054275e-16,False,2,True,1,False
507,raw_prediction,True,14544700.0,solved,1,4225,8.818857564732142e-14,0.001235755868064,1996.2436393813489,1.892236367595501e-14,1.6841340245917797e-15,3.0346998340298024e-14,0.0,2.1421126282481874e-13,1.3506678922265122e-14,False,31,True,1,False
507,mechanistic_target,True,,solved,1,5150,8.818857564732142e-14,0.001235755868064,1996.2436393813489,3.803207083734849e-13,0.0,0.0,0.0,4.539503737381336e-14,0.0,False,0,True,1,False
508,raw_prediction,True,237936600.0,solved inaccurate,2,100000,7.038715913921366e-14,0.0018667811782501,1054.7120850070903,1.7538765383668454e-14,7.852420854340918e-16,1.3568474478092757e-15,0.0,8.570520166055767e-14,2.996785343430138e-17,False,16,True,1,False
508,mechanistic_target,True,,solved,1,9550,7.038715913921366e-14,0.0018667811782501,1054.7120850070903,9.995073201353837e-13,0.0,0.0,0.0,1.1623794050203023e-14,0.0,False,0,True,1,False
509,raw_prediction,True,14177700.0,solved,1,4125,9.488539449946589e-14,0.0010878261471416,2439.909807402257,1.3564595490767288e-14,2.9610052254757553e-16,4.1562050576488236e-15,0.0,6.24431170987181e-14,2.2894243898030226e-15,False,23,True,1,False
509,mechanistic_target,True,,solved,1,7225,9.488539449946589e-14,0.0010878261471416,2439.909807402257,1.990938552156847e-13,0.0,0.0,0.0,2.6549584084580603e-14,0.0,False,0,True,1,False
510,raw_prediction,True,5535300.0,solved,1,375,5.710635553951938e-14,0.0046178587467481,345.92161431407607,7.290383899484625e-15,2.064323968725688e-15,4.663026023326398e-14,0.0,8.225906153476745e-15,2.1667678530856972e-14,False,17,True,1,False
510,mechanistic_target,True,,solved,1,1275,5.710635553951938e-14,0.0046178587467481,345.92161431407607,4.079570878321208e-14,0.0,1.2407263919073169e-17,0.0,1.4373861408206875e-16,2.151831119172632e-20,False,1,True,1,False
511,raw_prediction,True,8686900.0,solved,1,1875,8.93403437410383e-14,0.0018014427720551,1387.2701688248671,3.531983733262578e-14,2.9043277025784245e-14,3.995656814151744e-14,0.0,6.571876869797185e-14,1.4689474831800648e-14,False,24,True,1,False
511,mechanistic_target,True,,solved,1,2400,8.93403437410383e-14,0.0018014427720551,1387.2701688248671,6.915703401361373e-11,0.0,0.0,0.0,1.3011442814326636e-14,0.0,False,0,True,1,False
512,raw_prediction,True,13435400.0,solved,1,3125,8.868139950523755e-14,0.0013870096467672,1788.4918072745254,1.9945850526781328e-14,8.566079011178735e-16,1.1124021328374261e-14,0.0,3.3669223637511514e-14,1.6298590911882434e-15,False,31,True,1,False
512,mechanistic_target,True,,solved,1,4525,8.868139950523755e-14,0.0013870096467672,1788.4918072745254,2.595483136895699e-13,0.0,0.0,0.0,3.5373977099373246e-14,0.0,False,0,True,1,False
513,raw_prediction,True,32243600.0,solved,1,12325,7.261085415280632e-14,0.002129346911297,953.8696308398598,6.216641784684286e-14,0.0,4.267392315989784e-16,0.0,1.3837014620453813e-13,1.0109720623707484e-16,False,8,True,1,False
513,mechanistic_target,True,,solved,1,7100,7.261085415280632e-14,0.002129346911297,953.8696308398598,5.490319337332651e-13,0.0,0.0,0.0,3.311458908456588e-15,2.6860322251718197e-18,False,3,True,1,False
514,raw_prediction,True,8090200.0,solved,1,2200,6.294441694686036e-14,0.0017419572114525,1010.7729955493724,2.1384803650104093e-14,7.622970232389573e-15,8.853152487433192e-14,0.0,1.6527530656973633e-14,1.5470716543596202e-14,False,25,True,1,False
514,mechanistic_target,True,,solved,1,3150,6.294441694686036e-14,0.0017419572114525,1010.7729955493724,1.557583783528799e-13,0.0,0.0,0.0,2.994949054294524e-14,0.0,False,0,True,1,False
515,raw_prediction,True,18564300.0,solved,1,6725,7.16202049166681e-14,0.0012550008058983,1596.3402095981403,3.9173525534508264e-14,0.0,1.1702008917357433e-15,0.0,2.6480752721318283e-14,7.696178790418327e-17,False,4,True,1,False
515,mechanistic_target,True,,solved,1,7250,7.16202049166681e-14,0.0012550008058983,1596.3402095981403,2.2262100287229634e-14,0.0,0.0,0.0,1.1318838907715472e-14,0.0,False,0,True,1,False
516,raw_prediction,True,6753800.0,solved,1,1675,6.686046032882172e-14,0.0018359273185604,1018.703449291744,3.5730966796432284e-14,1.1479162933592142e-14,1.8659714991902207e-14,0.0,4.9378512161787417e-14,1.2064767218779941e-14,False,8,True,1,False
516,mechanistic_target,True,,solved,1,11500,6.686046032882172e-14,0.0018359273185604,1018.703449291744,5.196268348523617e-13,0.0,4.036082952874502e-14,0.0,4.6478128302200326e-15,5.5009450210619415e-18,False,1,True,1,False
517,raw_prediction,True,119030000.0,solved,1,50575,6.676323123187688e-14,0.0011241637015409,1661.2756062216615,1.939530889105781e-13,0.0,1.995932558204811e-15,0.0,2.686800258638998e-13,4.813144792242704e-16,False,12,True,1,False
517,mechanistic_target,True,,solved,1,46650,6.676323123187688e-14,0.0011241637015409,1661.2756062216615,2.3954366167405622e-14,0.0,3.187534085491265e-15,0.0,1.9065714572454973e-13,2.6647705313348063e-15,False,2,True,1,False
518,raw_prediction,True,85125600.0,solved,1,30425,7.618594648930313e-14,0.0006470316386009,3293.693998607887,3.056619518687832e-14,0.0,6.408484144713828e-17,0.0,2.548657055304821e-13,7.196137805444777e-18,False,5,True,1,False
518,mechanistic_target,True,,solved,1,23950,7.618594648930313e-14,0.0006470316386009,3293.693998607887,1.5350167591803316e-14,0.0,0.0,0.0,1.5181472490762434e-14,0.0,False,0,True,1,False
519,raw_prediction,True,231601300.0,solved inaccurate,2,100000,9.799417746430213e-14,0.0004545228146739,6030.849391834559,6.677575159486082e-13,1.3161596331050148e-15,2.5645350710111005e-15,0.0,3.809497257959493e-12,6.691283015791703e-16,False,22,True,1,False
519,mechanistic_target,True,,solved inaccurate,2,100000,9.799417746430213e-14,0.0004545228146739,6030.849391834559,1.4223834125027365e-13,1.5180312470868582e-16,8.937011454648407e-16,0.0,7.964148346349235e-13,1.2347883203881393e-15,False,5,True,1,False
520,raw_prediction,True,4988300.0,solved,1,750,5.864883459231625e-14,0.0030085038375337,545.3090626255049,5.344963385771589e-15,0.0,8.185876404585527e-15,0.0,3.2450046898503384e-14,2.2466768934057798e-15,False,21,True,1,False
520,mechanistic_target,True,,solved,1,3800,5.864883459231625e-14,0.0030085038375337,545.3090626255049,3.5331996221872997e-12,0.0,4.731085636509744e-16,0.0,1.3290488814038316e-16,1.4814869968834332e-19,False,1,True,1,False
521,raw_prediction,True,9957000.0,solved,1,3225,8.097537487726361e-14,0.0014802409478628,1530.2220363564638,2.2527119059034817e-14,1.046218641735331e-15,1.251181603650777e-15,0.0,1.0003742138059451e-14,2.4898793156217293e-16,False,12,True,1,False
521,mechanistic_target,True,,solved,1,4300,8.097537487726361e-14,0.0014802409478628,1530.2220363564638,1.6727441366124786e-13,0.0,1.0437610771920304e-14,0.0,2.4520649750973083e-14,1.4031487167573306e-17,False,1,True,1,False
522,raw_prediction,True,90356300.0,solved,1,32100,6.318183117313387e-14,0.0009947506489967,1776.690892303769,2.9618550145519865e-14,0.0,3.2056688387638757e-16,0.0,1.3883221253859417e-13,2.9360840534176407e-16,False,10,True,1,False
522,mechanistic_target,True,,solved,1,9875,6.318183117313387e-14,0.0009947506489967,1776.690892303769,1.6318228890260616e-14,0.0,0.0,0.0,9.574291939944801e-15,0.0,False,0,True,1,False
523,raw_prediction,True,11702500.0,solved,1,3600,5.901100223833783e-14,0.0039417133679896,418.7760623227848,1.2722313657942231e-14,0.0,8.599494114978382e-16,0.0,2.5230497353240894e-14,3.078537561140792e-16,False,8,True,1,False
523,mechanistic_target,True,,solved,1,1800,5.901100223833783e-14,0.0039417133679896,418.7760623227848,8.080591475931414e-14,0.0,0.0,0.0,2.9446620309348403e-17,0.0,False,0,True,1,False
524,raw_prediction,True,11366900.0,solved,1,2950,6.669156185724412e-14,0.0013781694866204,1353.6368126149164,1.5105972028806036e-14,0.0,6.007848575508306e-15,0.0,2.5881019294166334e-13,2.507884318907062e-15,False,19,True,1,False
524,mechanistic_target,True,,solved,1,5450,6.669156185724412e-14,0.0013781694866204,1353.6368126149164,3.8966876869800455e-14,0.0,0.0,0.0,4.266943081761867e-15,0.0,False,0,True,1,False
525,raw_prediction,True,13508200.0,solved,1,4700,5.983528547247444e-14,0.0031011767610936,539.7153189405335,1.4371726555313177e-13,2.9493408717407905e-14,2.4725731691193928e-14,0.0,1.4703956785073e-14,4.660586985625799e-15,False,9,True,1,False
525,mechanistic_target,True,,solved,1,3975,5.983528547247444e-14,0.0031011767610936,539.7153189405335,4.616793816925918e-13,0.0,0.0,0.0,4.946592804776974e-15,0.0,False,0,True,1,False
526,raw_prediction,True,14283300.0,solved,1,3975,6.136644056257208e-14,0.0015614154359181,1099.3762831875129,1.0236776704086736e-13,4.86710065563421e-14,6.668970704479815e-14,0.0,1.1360499874580123e-14,1.5681180731918926e-14,False,17,True,1,False
526,mechanistic_target,True,,solved,1,3700,6.136644056257208e-14,0.0015614154359181,1099.3762831875129,1.2029681173384754e-13,0.0,0.0,0.0,1.3191382923027311e-14,3.5016632120101594e-20,False,3,True,1,False
527,raw_prediction,True,11072600.0,solved,1,3525,9.49333915398296e-14,0.001264838749705,2099.508961974479,2.2604487726063385e-13,0.0,1.4658565818782798e-13,0.0,1.261548590567767e-13,6.933025940948855e-14,False,26,True,1,False
527,mechanistic_target,True,,solved,1,4400,9.49333915398296e-14,0.001264838749705,2099.508961974479,9.498450101201573e-13,0.0,0.0,0.0,1.799363443429024e-13,0.0,False,0,True,1,False
528,raw_prediction,True,16719400.0,solved,1,6050,5.795465743208624e-14,0.0031490401825785,514.8065207109396,9.78259429796542e-15,0.0,1.0649938650122684e-15,0.0,1.9617394963971373e-14,9.890879183014551e-17,False,4,True,1,False
528,mechanistic_target,True,,solved,1,3325,5.795465743208624e-14,0.0031490401825785,514.8065207109396,1.4940893988184074e-12,0.0,0.0,0.0,8.139636218534222e-17,0.0,False,0,True,1,False
529,raw_prediction,True,227907800.0,solved inaccurate,2,100000,1.0035481323591959e-13,0.0007415317425184,3785.6665620136714,9.009633317180744e-14,0.0,1.4674839573007965e-14,0.0,3.8021471084709123e-13,2.96061849793266e-15,False,16,True,1,False
529,mechanistic_target,True,,solved,1,13775,1.0035481323591959e-13,0.0007415317425184,3785.6665620136714,3.869659261745312e-13,0.0,0.0,0.0,3.206584136963144e-14,0.0,False,0,True,1,False
530,raw_prediction,True,5747000.0,solved,1,1050,7.588230644783125e-14,0.0020782301570922,1021.364546897962,1.0921819004749976e-14,1.3882142170276921e-14,1.9969895099494185e-14,0.0,6.625063949019578e-13,1.4404668318412515e-14,False,25,True,1,False
530,mechanistic_target,True,,solved,1,2225,7.588230644783125e-14,0.0020782301570922,1021.364546897962,5.5223095813774756e-11,0.0,6.681638127366141e-15,0.0,7.782688552973262e-15,6.71896294144186e-18,False,1,True,1,False
531,raw_prediction,True,5240400.0,solved,1,1175,7.099130331831273e-14,0.0023493492235836,845.262242698398,1.3549349452335861e-14,0.0,1.8593633547558554e-14,0.0,1.3962603478985242e-14,6.77693554621139e-14,False,8,True,1,False
531,mechanistic_target,True,,solved,1,6050,7.099130331831273e-14,0.0023493492235836,845.262242698398,9.640672992855977e-13,0.0,0.0,0.0,1.708932067949875e-14,0.0,False,0,True,1,False
532,raw_prediction,True,8946300.0,solved,1,2675,9.220931976974837e-14,0.0018772462046213,1374.0023698186462,1.423050134412065e-14,0.0,0.0,0.0,5.866641394768344e-14,0.0,False,0,True,1,False
532,mechanistic_target,True,,solved,1,1925,9.220931976974837e-14,0.0018772462046213,1374.0023698186462,6.456753697026976e-12,0.0,0.0,0.0,2.485494680706745e-15,0.0,False,0,True,1,False
533,raw_prediction,True,15738400.0,solved,1,5250,6.246640786512956e-14,0.001344404784301,1299.7217352712807,1.3904258146337812e-14,0.0,1.3378271195217092e-16,0.0,1.1377468358529246e-13,3.091461504025665e-16,False,19,True,1,False
533,mechanistic_target,True,,solved,1,5675,6.246640786512956e-14,0.001344404784301,1299.7217352712807,3.1657112445953915e-14,0.0,0.0,0.0,4.199984861519845e-15,0.0,False,0,True,1,False
534,raw_prediction,True,3883500.0,solved,1,450,5.724376369631302e-14,0.0033899422636158,472.35637088985146,1.1784934330559032e-14,0.0,2.6487157223408883e-14,0.0,1.8103641839103337e-14,1.012421940410916e-14,False,24,True,1,False
534,mechanistic_target,True,,solved,1,2950,5.724376369631302e-14,0.0033899422636158,472.35637088985146,1.431834686363233e-12,0.0,0.0,0.0,7.00921312363154e-17,0.0,False,0,True,1,False
535,raw_prediction,True,18848800.0,solved,1,6700,1.0414005924014545e-13,0.001125568234383,2588.0930759929684,2.204139648576131e-14,0.0,7.690180973656594e-17,0.0,3.1954851568341677e-14,1.400950061723603e-17,False,8,True,1,False
535,mechanistic_target,True,,solved,1,5450,1.0414005924014545e-13,0.001125568234383,2588.0930759929684,8.250398319796333e-13,0.0,0.0,0.0,1.326290687673998e-13,0.0,False,0,True,1,False
536,raw_prediction,True,4310900.0,solved,1,775,5.881179831186039e-14,0.0031842993769458,516.6357628194615,1.213468635581812e-14,0.0,1.2816968289427657e-17,0.0,2.6577475924161313e-14,1.1148471922707816e-14,False,8,True,1,False
536,mechanistic_target,True,,solved,1,3150,5.881179831186039e-14,0.0031842993769458,516.6357628194615,1.209523839548612e-12,0.0,0.0,0.0,4.695368013937213e-17,0.0,False,0,True,1,False
537,raw_prediction,True,17212500.0,solved,1,6400,5.872420193143346e-14,0.003079626062085,533.400029752603,1.20939236088631e-14,0.0,1.7094343744575984e-16,0.0,6.891198753635638e-14,1.5994363143210822e-16,False,6,True,1,False
537,mechanistic_target,True,,solved,1,4050,5.872420193143346e-14,0.003079626062085,533.400029752603,4.601073502688028e-13,0.0,0.0,0.0,3.0219714876697138e-15,0.0,False,0,True,1,False
538,raw_prediction,True,10575400.0,solved,1,3500,9.323269356729085e-14,0.001643295391861,1587.0349559687063,1.5042623914248512e-14,0.0,0.0,0.0,6.951480976109118e-14,3.2502270678032317e-17,False,1,True,1,False
538,mechanistic_target,True,,solved,1,2925,9.323269356729085e-14,0.001643295391861,1587.0349559687063,6.36652079805878e-13,0.0,0.0,0.0,7.756753922466834e-14,0.0,False,0,True,1,False
539,raw_prediction,True,13384300.0,solved,1,3475,8.258288053466533e-14,0.0015446817415696,1495.4948182688504,7.910900609197877e-15,0.0,3.911722407198894e-15,0.0,9.02608532497898e-14,4.608628337960261e-15,False,25,True,1,False
539,mechanistic_target,True,,solved,1,3350,8.258288053466533e-14,0.0015446817415696,1495.4948182688504,6.514507294875521e-13,0.0,0.0,0.0,6.310342706858321e-14,0.0,False,0,True,1,False
540,raw_prediction,True,272787800.0,solved inaccurate,2,100000,7.016918955419212e-14,0.0006251762648217,3139.6257156060988,6.702971511174384e-14,0.0,4.193025185260083e-15,0.0,5.946411810379715e-13,5.7521096308868575e-15,False,31,True,1,False
540,mechanistic_target,True,,solved,1,26250,7.016918955419212e-14,0.0006251762648217,3139.6257156060988,5.5519075774804517e-14,2.029357931636899e-16,3.3364842764020722e-15,0.0,3.722471029663863e-13,3.093920936638973e-15,False,5,True,1,False
541,raw_prediction,True,3999400.0,solved,1,350,5.718637066316043e-14,0.0033036552140425,484.2077290868574,5.1493288799608905e-12,7.936971830226109e-16,2.8682572285824875e-14,0.0,1.7462018997321803e-14,2.5541495063056855e-14,False,24,True,1,False
541,mechanistic_target,True,,solved,1,1925,5.718637066316043e-14,0.0033036552140425,484.2077290868574,4.341297064934818e-14,0.0,0.0,0.0,1.0004259338470318e-16,0.0,False,0,True,1,False
542,raw_prediction,True,5809900.0,solved,1,950,5.845204662238553e-14,0.0021974196661443,744.0816827553933,7.89613600199468e-15,6.4707636608361606e-15,9.530080609891834e-15,0.0,2.858456281857221e-14,3.4062860179478414e-15,False,21,True,1,False
542,mechanistic_target,True,,solved,1,8150,5.845204662238553e-14,0.0021974196661443,744.0816827553933,4.638586097102565e-13,0.0,0.0,0.0,2.87043488642588e-15,0.0,False,0,True,1,False
543,raw_prediction,True,15555400.0,solved,1,5150,7.836418667917753e-14,0.0015442778640146,1419.4695571173154,1.3529975750881109e-14,0.0,1.2776708703454718e-14,0.0,5.815239143987856e-14,1.957693930877441e-15,False,6,True,1,False
543,mechanistic_target,True,,solved,1,4025,7.836418667917753e-14,0.0015442778640146,1419.4695571173154,1.658306157691788e-13,0.0,9.94344251030143e-15,0.0,1.870346941402589e-14,4.775651193377656e-18,False,1,True,1,False
544,raw_prediction,True,7483800.0,solved,1,1850,7.20339723476825e-14,0.002218970534231,908.0708362866048,6.983512420139655e-15,5.688842510732579e-16,1.3737661852032589e-17,0.0,3.05823752680544e-14,1.451050827076556e-16,False,9,True,1,False
544,mechanistic_target,True,,solved,1,6225,7.20339723476825e-14,0.002218970534231,908.0708362866048,9.38782945355561e-13,0.0,1.4268582061795813e-13,0.0,3.846671729274864e-15,9.138633429489248e-17,False,1,True,1,False
545,raw_prediction,True,9407600.0,solved,1,2775,5.71786427938639e-14,0.002192383808621,729.543437358945,1.0757787603543496e-14,0.0,7.758053671959415e-17,0.0,2.395175584695728e-14,3.27364313997599e-16,False,12,True,1,False
545,mechanistic_target,True,,solved,1,9250,5.71786427938639e-14,0.002192383808621,729.543437358945,1.7202458645652206e-13,0.0,0.0,0.0,1.1374181592473342e-15,4.2117462549721043e-19,False,3,True,1,False
546,raw_prediction,True,22574900.0,solved,1,8775,6.835686955052063e-14,0.0021921445801542,872.2618336698998,2.8644534660893233e-13,3.5432992002388823e-16,1.0132412218462229e-15,0.0,1.1037008760429153e-13,6.058755445842046e-15,False,21,True,1,False
546,mechanistic_target,True,,solved,1,9200,6.835686955052063e-14,0.0021921445801542,872.2618336698998,1.3376716849953828e-13,0.0,1.1920156370145084e-14,0.0,1.938965721944547e-15,2.2385350628157586e-17,False,1,True,1,False
547,raw_prediction,True,4420300.0,solved,1,225,5.707402777905496e-14,0.0057277131657954,278.73477815838885,2.7619349903656143e-15,4.3404138130136243e-16,8.288199859642846e-15,0.0,1.0679297998057496e-14,2.190052697398656e-15,False,27,True,1,False
547,mechanistic_target,True,,solved,1,1025,5.707402777905496e-14,0.0057277131657954,278.73477815838885,6.865301470887984e-14,0.0,1.8896589455693683e-17,0.0,1.7448876001576287e-16,4.2911589508608413e-20,False,1,True,1,False
548,raw_prediction,True,227082600.0,solved,1,82600,9.853379819934717e-14,0.0005809016970777,4744.7843348542965,2.1215236751617188e-14,0.0,8.85315248743319e-15,0.0,2.950692900053208e-13,1.9897065269961064e-15,False,12,True,1,False
548,mechanistic_target,True,,solved,1,34650,9.853379819934717e-14,0.0005809016970777,4744.7843348542965,1.0970626423102131e-14,0.0,0.0,0.0,3.2377003416651364e-14,0.0,False,0,True,1,False
549,raw_prediction,True,55202200.0,solved,1,23375,9.12276309541273e-14,0.0007031545691223,3629.188218552286,1.3610802538754307e-14,0.0,4.840881204601219e-16,0.0,4.768643502418037e-14,1.4160141499337943e-16,False,1,True,1,False
549,mechanistic_target,True,,solved,1,23075,9.12276309541273e-14,0.0007031545691223,3629.188218552286,1.1098359610224546e-14,0.0,0.0,0.0,3.214141020392679e-14,0.0,False,0,True,1,False
550,raw_prediction,True,10884600.0,solved,1,2975,6.354124003505581e-14,0.001586781118944,1120.1406557676492,1.7492951531750123e-14,1.324701329235115e-15,8.144328293113322e-15,0.0,4.6997078099413865e-14,2.79097824290486e-15,False,11,True,1,False
550,mechanistic_target,True,,solved,1,3325,6.354124003505581e-14,0.001586781118944,1120.1406557676492,3.4652766945427043e-13,0.0,0.0,0.0,4.818731580755575e-14,0.0,False,0,True,1,False
551,raw_prediction,True,10232100.0,solved,1,2700,6.066634631425719e-14,0.0010817105946666,1568.8111057581457,2.7151891845988985e-14,4.7403757244444324e-17,5.2281517009693184e-15,0.0,2.4181903597634082e-14,3.578325339842905e-15,False,15,True,1,False
551,mechanistic_target,True,,solved,1,9600,6.066634631425719e-14,0.0010817105946666,1568.8111057581457,1.5499876520997392e-14,0.0,0.0,0.0,6.693973345867724e-15,6.934954401257675e-21,False,3,True,1,False
552,raw_prediction,True,8085000.0,solved,1,2125,5.84169260958656e-14,0.0014578769818638,1120.8609014250792,1.4318237211347462e-14,3.0935720384917373e-15,3.926131567641428e-15,0.0,1.487771897683468e-13,5.447846172856247e-15,False,25,True,1,False
552,mechanistic_target,True,,solved,1,4825,5.84169260958656e-14,0.0014578769818638,1120.8609014250792,3.394158688082963e-14,0.0,0.0,0.0,3.992094456492546e-15,7.274368054711766e-20,False,3,True,1,False
553,raw_prediction,True,9982400.0,solved,1,2075,6.575539842718856e-14,0.0016826129326218,1093.1533486800115,1.7296494098095752e-14,6.6407281358362e-15,5.3772840960602734e-14,0.0,3.858705138533912e-14,1.4334206973184334e-14,False,30,True,1,False
553,mechanistic_target,True,,solved,1,3500,6.575539842718856e-14,0.0016826129326218,1093.1533486800115,1.719205401323837e-13,0.0,0.0,0.0,3.507713300556217e-14,0.0,False,0,True,1,False
554,raw_prediction,True,40369500.0,solved,1,15700,8.850403592796706e-14,0.0008987220187326,2754.68276697553,1.7822548992185716e-14,1.1151444720220363e-16,6.639864365574893e-15,0.0,1.1417617520762204e-13,3.0863152715910536e-15,False,27,True,1,False
554,mechanistic_target,True,,solved,1,11975,8.850403592796706e-14,0.0008987220187326,2754.68276697553,4.5733098089606516e-14,0.0,1.2390938571811232e-15,0.0,5.457784395558443e-15,1.1014979539257762e-18,False,1,True,1,False
555,raw_prediction,True,9734200.0,solved,1,2950,8.90934473946257e-14,0.0017045163687067,1462.1047439737454,1.5251688800788088e-14,0.0,1.0060400553901352e-14,0.0,5.643293750514497e-14,1.2217747156039496e-15,False,18,True,1,False
555,mechanistic_target,True,,solved,1,2650,8.90934473946257e-14,0.0017045163687067,1462.1047439737454,9.84595759196246e-11,0.0,1.0264521277575602e-14,0.0,1.5130132526674352e-14,9.84837719192116e-18,False,1,True,1,False
556,raw_prediction,True,3809300.0,solved,1,425,5.98984537641469e-14,0.0046929773056952,357.02699613600606,7.192059059714657e-16,2.9725707403990613e-14,2.1429316380831967e-16,0.0,9.02805692505178e-14,2.0858818068139644e-14,False,22,True,1,False
556,mechanistic_target,True,,solved,1,1175,5.98984537641469e-14,0.0046929773056952,357.02699613600606,6.751280381625429e-15,0.0,0.0,0.0,4.818729542944724e-18,0.0,False,0,True,1,False
557,raw_prediction,True,11039000.0,solved,1,2900,6.727480970393123e-14,0.0015121525964252,1244.4881252232262,3.2857429061268113e-14,0.0,1.14398202466509e-16,0.0,1.398978432805072e-13,8.587769353924116e-18,False,4,True,1,False
557,mechanistic_target,True,,solved,1,3475,6.727480970393123e-14,0.0015121525964252,1244.4881252232262,5.355750982440087e-13,0.0,0.0,0.0,6.068211621254803e-14,0.0,False,0,True,1,False
558,raw_prediction,True,15067500.0,solved,1,5400,8.170892746782464e-14,0.0014727477767368,1551.9403777604214,6.7602502668453974e-15,0.0,9.573338325475512e-17,0.0,5.0611295044333717e-14,1.5748386504861069e-18,False,1,True,1,False
558,mechanistic_target,True,,solved,1,3825,8.170892746782464e-14,0.0014727477767368,1551.9403777604214,3.5723670056217945e-13,0.0,0.0,0.0,2.1281482742076184e-14,0.0,False,0,True,1,False
559,raw_prediction,True,23072100.0,solved,1,7350,5.917279285260197e-14,0.0010203542357321,1622.2022316418106,5.84671200343223e-14,0.0,2.4901680417790308e-15,0.0,2.795403565569624e-13,3.836062214541307e-15,False,20,True,1,False
559,mechanistic_target,True,,solved,1,8425,5.917279285260197e-14,0.0010203542357321,1622.2022316418106,1.0461258621799374e-14,0.0,1.117126431831051e-15,0.0,4.4246079293902184e-14,2.2631819552207587e-16,False,2,True,1,False
560,raw_prediction,True,28329100.0,solved,1,10900,6.408948990070812e-14,0.0022888507508317,783.2551136090972,1.840888552706588e-14,0.0,2.2297118658695157e-17,0.0,2.6283730856755686e-14,9.713446645809772e-17,False,6,True,1,False
560,mechanistic_target,True,,solved,1,6875,6.408948990070812e-14,0.0022888507508317,783.2551136090972,5.016326962237037e-13,0.0,0.0,0.0,4.6615161830222255e-15,0.0,False,0,True,1,False
561,raw_prediction,True,6488600.0,solved,1,1375,5.812008069021869e-14,0.0028325030495531,573.9706971152233,2.036461480626716e-14,7.146977357985042e-15,1.063887358575068e-14,0.0,8.0987947447094e-14,3.819004635490124e-15,False,24,True,1,False
561,mechanistic_target,True,,solved,1,4075,5.812008069021869e-14,0.0028325030495531,573.9706971152233,7.615333358937616e-13,0.0,0.0,0.0,5.796373660751624e-15,0.0,False,0,True,1,False
562,raw_prediction,True,37737900.0,solved,1,14525,7.027890468680236e-14,0.0010307741360899,1907.1961878198333,2.563018728238832e-14,0.0,2.843612461310367e-15,0.0,1.7750393364114055e-13,8.09266726880478e-16,False,9,True,1,False
562,mechanistic_target,True,,solved,1,9275,7.027890468680236e-14,0.0010307741360899,1907.1961878198333,1.7287600447748313e-14,0.0,1.7874022909296814e-15,0.0,1.1347797735128437e-13,7.539703504031267e-16,False,2,True,1,False
563,raw_prediction,True,276475800.0,solved inaccurate,2,100000,6.076606571676774e-14,0.0014737977865222,1153.3393708842054,1.980673654764388e-14,0.0,7.545300415426014e-17,0.0,1.1990924005560278e-13,3.0597224761243464e-17,False,5,True,1,False
563,mechanistic_target,True,,solved,1,16825,6.076606571676774e-14,0.0014737977865222,1153.3393708842054,6.126808468069664e-14,0.0,0.0,0.0,7.839563982028844e-15,0.0,False,0,True,1,False
564,raw_prediction,True,18452500.0,solved,1,6225,7.510132163439732e-14,0.0013970310703906,1503.749213592301,1.1368365582985896e-14,0.0,7.859104474040071e-17,0.0,5.898833415939218e-14,1.5988895727283696e-16,False,15,True,1,False
564,mechanistic_target,True,,solved,1,4125,7.510132163439732e-14,0.0013970310703906,1503.749213592301,2.598740953099931e-13,0.0,0.0,0.0,2.4120654145515063e-14,3.275025548608218e-20,False,3,True,1,False
565,raw_prediction,True,6403100.0,solved,1,1100,6.008257998002956e-14,0.0028682805749056,585.9503797113208,1.231607616545058e-14,2.2478280001817374e-15,1.8549780638248277e-14,0.0,3.1021790253901044e-14,3.1471118536483287e-15,False,25,True,1,False
565,mechanistic_target,True,,solved,1,4400,6.008257998002956e-14,0.0028682805749056,585.9503797113208,7.229966781522624e-13,0.0,0.0,0.0,7.528455188987187e-15,0.0,False,0,True,1,False
566,raw_prediction,True,13188000.0,solved,1,4575,7.127003779126744e-14,0.0012506115908466,1594.1105577535302,8.340490473057791e-15,0.0,2.134174919766941e-15,0.0,4.1427710812055974e-14,1.1690129064396076e-15,False,16,True,1,False
566,mechanistic_target,True,,solved,1,5650,7.127003779126744e-14,0.0012506115908466,1594.1105577535302,7.026886621461495e-14,0.0,0.0,0.0,8.245413893917034e-15,0.0,False,0,True,1,False
567,raw_prediction,True,13482400.0,solved,1,4625,6.398900895241805e-14,0.001659241097159,1078.7722999902169,2.467390476436585e-14,0.0,0.0,0.0,3.7682455260776586e-14,0.0,False,0,True,1,False
567,mechanistic_target,True,,solved,1,3575,6.398900895241805e-14,0.001659241097159,1078.7722999902169,6.421297919698606e-14,0.0,0.0,0.0,5.553661836386858e-15,2.737248110199756e-19,False,3,True,1,False
568,raw_prediction,True,7580000.0,solved,1,500,6.813111054985768e-14,0.0037282132802054,511.18560721531753,2.0853414575726754e-14,2.1132300451107108e-14,3.4371508623739194e-14,0.0,3.7674833742798603e-14,2.5568550990531193e-14,False,22,True,1,False
568,mechanistic_target,True,,solved,1,2600,6.813111054985768e-14,0.0037282132802054,511.18560721531753,1.6378784302916129e-12,0.0,0.0,0.0,2.850829112298096e-16,0.0,False,0,True,1,False
569,raw_prediction,True,5904600.0,solved,1,1275,8.467465289148156e-14,0.0019900525738123,1190.207749413627,8.652800698172314e-15,4.3916026921432216e-15,5.507490115719225e-15,0.0,6.68873458246465e-14,4.055649421302989e-15,False,23,True,1,False
569,mechanistic_target,True,,solved,1,1875,8.467465289148156e-14,0.0019900525738123,1190.207749413627,7.775817747787758e-13,0.0,0.0,0.0,2.178124292414905e-16,0.0,False,0,True,1,False
570,raw_prediction,True,227632900.0,maximum iterations reached,7,100000,1.0052751587726509e-13,0.0004592213573673,6123.458395269311,1.1236783911506609e-13,0.0,7.859104474040071e-17,0.0,6.887067196710518e-13,3.3216821395105993e-18,False,6,True,1,False
570,mechanistic_target,True,,solved,1,57250,1.0052751587726509e-13,0.0004592213573673,6123.458395269311,2.1495756146165718e-14,0.0,7.89436011827276e-16,0.0,6.62879991976306e-14,8.921693149559243e-17,False,2,True,1,False
571,raw_prediction,True,286851300.0,solved inaccurate,2,100000,8.389435952094992e-14,0.001381881746338,1698.227155492624,1.3346962424165554e-14,8.104981082617683e-12,2.9796716860457544e-12,0.0,3.3908885412160174e-14,1.3020874417061602e-12,False,16,True,1,False
571,mechanistic_target,True,,solved,1,4850,8.389435952094992e-14,0.001381881746338,1698.227155492624,1.9845401829252838e-13,0.0,1.2808051194353758e-14,0.0,3.7668061441575873e-14,1.0191903929348112e-17,False,1,True,1,False
572,raw_prediction,True,229201000.0,solved inaccurate,2,100000,9.143610503177865e-14,0.0005046838821928,5067.948362508182,6.372135776448656e-14,8.016922375353782e-16,4.5947920022282215e-15,0.0,3.6588693045092153e-13,2.120590233358806e-15,False,25,True,1,False
572,mechanistic_target,True,,solved,1,45750,9.143610503177865e-14,0.0005046838821928,5067.948362508182,6.3866075910674096e-15,0.0,7.77086529668267e-17,0.0,2.880977647837448e-14,4.905147789997696e-19,False,1,True,1,False
573,raw_prediction,True,5698300.0,solved,1,1250,7.403025728950357e-14,0.0022320177385675,927.7810878593892,1.7305601396344628e-14,0.0,6.5194658507949006e-15,0.0,1.9328190891692347e-13,4.40462664205021e-14,False,10,True,1,False
573,mechanistic_target,True,,solved,1,4775,7.403025728950357e-14,0.0022320177385675,927.7810878593892,3.931366276075284e-12,0.0,0.0,0.0,8.769108632608407e-16,0.0,False,0,True,1,False
574,raw_prediction,True,47108700.0,solved,1,17250,6.152415933845556e-14,0.0008231551542509,2090.72968151466,1.3850032232198828e-14,0.0,0.0,0.0,2.3233067831296143e-14,0.0,False,0,True,1,False
574,mechanistic_target,True,,solved,1,17675,6.152415933845556e-14,0.0008231551542509,2090.72968151466,9.028928897483396e-15,0.0,0.0,0.0,1.7044003133328683e-14,5.599416452431008e-21,False,3,True,1,False
575,raw_prediction,True,251233000.0,solved inaccurate,2,100000,9.430657483058752e-14,0.0009928748443697,2656.937648691639,2.8829369447258563e-14,5.500691585096908e-16,7.123708530586392e-16,0.0,1.772675881120719e-13,1.81350593995117e-16,False,14,True,1,False
575,mechanistic_target,True,,solved,1,8325,9.430657483058752e-14,0.0009928748443697,2656.937648691639,2.579813214157697e-13,0.0,0.0,0.0,1.2914182831936089e-14,0.0,False,0,True,1,False
576,raw_prediction,True,21914300.0,solved,1,6675,1.0214896353839599e-13,0.001062354491591,2689.666318144014,1.1600095883856907e-14,3.605455703722818e-16,3.791483281747156e-15,0.0,7.526161858452514e-14,8.683925718557188e-15,False,18,True,1,False
576,mechanistic_target,True,,solved,1,7375,1.0214896353839599e-13,0.001062354491591,2689.666318144014,1.8255496338160013e-13,0.0,7.98293155761525e-15,0.0,2.5106073240651132e-14,3.7444942248720166e-18,False,1,True,1,False
577,raw_prediction,True,19338500.0,solved,1,5625,8.287977369543784e-14,0.0011894220596675,1949.1554032586864,1.1431411392863724e-14,3.898048736202244e-15,5.589284523378421e-15,0.0,6.474030969100591e-14,2.7797925437989866e-15,False,24,True,1,False
577,mechanistic_target,True,,solved,1,7350,8.287977369543784e-14,0.0011894220596675,1949.1554032586864,4.2614952635340696e-14,0.0,0.0,0.0,3.833538914087875e-15,0.0,False,0,True,1,False
578,raw_prediction,True,5598300.0,solved,1,925,7.822280207127648e-14,0.0015010011932529,1457.7606738540346,6.439293542825908e-15,2.855135339327696e-16,3.7290677825632223e-16,0.0,5.4170472219450023e-14,2.082702008532084e-15,False,14,True,1,False
578,mechanistic_target,True,,solved,1,3850,7.822280207127648e-14,0.0015010011932529,1457.7606738540346,1.947589502299173e-13,0.0,0.0,0.0,1.5104168650562482e-14,0.0,False,0,True,1,False
579,raw_prediction,True,8737200.0,solved,1,1375,6.7185887650763e-14,0.0025004225580887,751.6203837555405,4.0266401324373646e-14,4.054167497140869e-15,8.496941436564874e-16,0.0,1.8146232756139763e-14,1.3706017793396152e-14,False,9,True,1,False
579,mechanistic_target,True,,solved,1,4275,6.7185887650763e-14,0.0025004225580887,751.6203837555405,3.605127297824355e-12,0.0,5.803660951619095e-16,0.0,5.68470523245856e-16,8.8000160030267e-19,False,1,True,1,False
580,raw_prediction,True,14720800.0,solved,1,4500,8.675126964729233e-14,0.0014048542224759,1727.3425728915386,1.3143015667952172e-14,0.0,2.909270126984781e-17,0.0,3.0661467679879645e-14,3.997211479210866e-16,False,10,True,1,False
580,mechanistic_target,True,,solved,1,4125,8.675126964729233e-14,0.0014048542224759,1727.3425728915386,2.346499918245019e-13,0.0,0.0,0.0,1.5982984526959e-14,0.0,False,0,True,1,False
581,raw_prediction,True,26669600.0,solved,1,9300,6.182335693425429e-14,0.0010230611379702,1690.3821330526457,5.3856218618169375e-14,2.618364229547826e-15,3.5171595293454457e-15,0.0,2.612391543035678e-13,1.1860726182489448e-15,False,9,True,1,False
581,mechanistic_target,True,,solved,1,12050,6.182335693425429e-14,0.0010230611379702,1690.3821330526457,1.3682938890704652e-14,0.0,2.8340802846725033e-16,0.0,3.5859481188397235e-14,4.778083049698243e-18,False,1,True,1,False
582,raw_prediction,True,10204500.0,solved,1,2250,6.378436501682722e-14,0.0021638903465549,824.5421957225458,1.6552140992508872e-14,1.9912276641243524e-15,2.0172338282728622e-14,0.0,2.7397879287111823e-14,1.0504289245217176e-14,False,19,True,1,False
582,mechanistic_target,True,,solved,1,8225,6.378436501682722e-14,0.0021638903465549,824.5421957225458,4.720553421311695e-13,0.0,4.611910601497593e-14,0.0,2.1360334969756504e-15,6.852555502926912e-17,False,1,True,1,False
583,raw_prediction,True,9788000.0,solved,1,1950,6.655302346547627e-14,0.0021021308171282,885.6088533770725,1.6931765792058573e-14,0.0,2.5186187580537252e-14,0.0,1.4488172516135867e-14,3.6613536482986514e-15,False,27,True,1,False
583,mechanistic_target,True,,solved,1,8125,6.655302346547627e-14,0.0021021308171282,885.6088533770725,6.044593955811779e-13,0.0,0.0,0.0,5.844112120795509e-15,0.0,False,0,True,1,False
584,raw_prediction,True,16413000.0,solved,1,5650,8.868870728729689e-14,0.0013198998165734,1879.58190225334,1.0073494717799927e-14,0.0,8.358577798112452e-17,0.0,1.046261320068045e-13,5.716728883601836e-17,False,9,True,1,False
584,mechanistic_target,True,,solved,1,4925,8.868870728729689e-14,0.0013198998165734,1879.58190225334,2.2016940533966938e-13,0.0,1.2487421374129287e-14,0.0,3.140895366730076e-14,3.929890006780937e-18,False,1,True,1,False
585,raw_prediction,True,13493100.0,solved,1,4800,8.362958443971713e-14,0.0011462175197369,2040.923822447792,3.6957117004941074e-14,1.5740057161773902e-14,8.007874172655632e-16,0.0,2.8342987402404456e-12,5.185552394700654e-15,False,19,True,1,False
585,mechanistic_target,True,,solved,1,6650,8.362958443971713e-14,0.0011462175197369,2040.923822447792,1.0588091662974135e-13,0.0,3.788133578660183e-15,0.0,1.2690525823415264e-14,1.3954887668464649e-18,False,1,True,1,False
586,raw_prediction,True,16639900.0,solved,1,5675,7.240475388300586e-14,0.0012193961109311,1660.9485297922204,7.981896393838284e-15,4.953938213645509e-15,1.0714658190415984e-16,0.0,5.3905368243738357e-14,4.931602501595975e-15,False,18,True,1,False
586,mechanistic_target,True,,solved,1,26825,7.240475388300586e-14,0.0012193961109311,1660.9485297922204,2.712964235236997e-13,0.0,0.0,0.0,1.412925630654802e-15,0.0,False,0,True,1,False
587,raw_prediction,True,12412800.0,solved,1,3825,5.949696265155646e-14,0.0039361047594555,422.8263509992776,1.3181444422148141e-14,1.1560758308856544e-14,1.5649996665459582e-14,0.0,2.1005775641306076e-14,6.848719935305073e-15,False,12,True,1,False
587,mechanistic_target,True,,solved,1,1700,5.949696265155646e-14,0.0039361047594555,422.8263509992776,2.2750421614324232e-14,0.0,0.0,0.0,2.0650085720608597e-18,0.0,False,0,True,1,False
588,raw_prediction,True,16279800.0,solved,1,4800,7.907624141587504e-14,0.0015676696666706,1410.9946335156096,2.0823620605625592e-14,0.0,1.932921115813505e-15,0.0,6.636803489261762e-14,1.8834062904412687e-16,False,10,True,1,False
588,mechanistic_target,True,,solved,1,3100,7.907624141587504e-14,0.0015676696666706,1410.9946335156096,7.509215598449035e-11,0.0,0.0,0.0,8.437266305206464e-15,0.0,False,0,True,1,False
589,raw_prediction,True,6168500.0,solved,1,1475,6.705455023247321e-14,0.0019378053476464,967.9479452759545,1.4621223169646096e-14,1.059061656176398e-15,1.3629728693866932e-14,0.0,1.7450756963090016e-13,2.1010674326714716e-15,False,22,True,1,False
589,mechanistic_target,True,,solved,1,9200,6.705455023247321e-14,0.0019378053476464,967.9479452759545,1.0129760392558497e-12,0.0,9.357476821028676e-14,0.0,8.867636543831091e-15,3.256622645648653e-17,False,1,True,1,False
590,raw_prediction,True,49230700.0,solved,1,20400,9.637038625221969e-14,0.0014861339320722,1813.9259248426024,4.725315069929213e-15,0.0,0.0,0.0,6.261556480804347e-14,0.0,False,0,True,1,False
590,mechanistic_target,True,,solved,1,3350,9.637038625221969e-14,0.0014861339320722,1813.9259248426024,9.99504540377512e-13,0.0,0.0,0.0,1.4040214956611213e-13,0.0,False,0,True,1,False
591,raw_prediction,True,14124700.0,solved,1,4825,9.451607318215483e-14,0.0013324974019345,1984.144043016305,7.589415207398531e-15,0.0,0.0,0.0,3.6463324104804864e-14,4.5453769143109496e-18,False,1,True,1,False
591,mechanistic_target,True,,solved,1,4025,9.451607318215483e-14,0.0013324974019345,1984.144043016305,9.91348737782613e-13,0.0,0.0,0.0,1.609796197330963e-13,0.0,False,0,True,1,False
592,raw_prediction,True,29814700.0,solved,1,11400,7.207651947516261e-14,0.0019942525185921,1010.9916204745072,8.209526993288334e-15,0.0,6.161160332839129e-15,0.0,3.0464679754575755e-14,1.6130684919618064e-16,False,4,True,1,False
592,mechanistic_target,True,,solved,1,8675,7.207651947516261e-14,0.0019942525185921,1010.9916204745072,5.621684903798898e-13,0.0,0.0,0.0,3.894270211894811e-15,0.0,False,0,True,1,False
593,raw_prediction,True,26759400.0,solved,1,10625,7.42092529312127e-14,0.000777493222574,2669.902156168411,2.338528577225706e-14,0.0,0.0,0.0,1.781378375676234e-13,4.459719298765181e-17,False,6,True,1,False
593,mechanistic_target,True,,solved,1,18525,7.42092529312127e-14,0.000777493222574,2669.902156168411,1.1063301293093772e-14,0.0,0.0,0.0,1.5647705583924193e-14,0.0,False,0,True,1,False
594,raw_prediction,True,4169800.0,solved,1,575,5.709166066631717e-14,0.0042853679502106,372.66487174207646,7.327471962526033e-15,0.0,6.899524398150658e-15,0.0,3.0897377805700553e-14,4.447482400902522e-16,False,14,True,1,False
594,mechanistic_target,True,,solved,1,1875,5.709166066631717e-14,0.0042853679502106,372.66487174207646,4.477414532715253e-13,0.0,0.0,0.0,9.993729291054917e-17,0.0,False,0,True,1,False
595,raw_prediction,True,32088900.0,solved,1,11875,8.510947104020684e-14,0.0008437202504013,2821.7161054133844,3.4853196717588026e-14,1.1310263753400048e-15,8.85315248743319e-15,0.0,2.306710222812553e-13,6.727411269391642e-16,False,22,True,1,False
595,mechanistic_target,True,,solved,1,14525,8.510947104020684e-14,0.0008437202504013,2821.7161054133844,4.1203402397549795e-14,0.0,0.0,0.0,4.898788637097729e-15,0.0,False,0,True,1,False
596,raw_prediction,True,4359000.0,solved,1,550,6.250604180691734e-14,0.004874018507164,358.7308467753191,2.7282150667370254e-14,7.97987705187074e-14,1.1215376530203481e-13,0.0,1.9838723629531507e-14,3.348787146953402e-14,False,20,True,1,False
596,mechanistic_target,True,,solved,1,1450,6.250604180691734e-14,0.004874018507164,358.7308467753191,2.299057225810668e-13,0.0,0.0,0.0,2.0956198773335078e-16,0.0,False,0,True,1,False
597,raw_prediction,True,78770900.0,solved,1,28200,5.946242590829579e-14,0.001441812302462,1153.6333299980447,1.5373344100415473e-14,0.0,2.991510155300797e-16,0.0,4.8852119361572697e-14,4.673081369565276e-17,False,3,True,1,False
597,mechanistic_target,True,,solved,1,25800,5.946242590829579e-14,0.001441812302462,1153.6333299980447,1.2261579632973472e-14,0.0,0.0,0.0,9.142902346284034e-15,0.0,False,0,True,1,False
598,raw_prediction,True,14189700.0,solved,1,4325,9.622783391178269e-14,0.0014431142759606,1865.236414503871,1.921403987419737e-14,0.0,6.055152250998432e-15,0.0,8.921060024086508e-14,3.4407170447463577e-15,False,17,True,1,False
598,mechanistic_target,True,,solved,1,3550,9.622783391178269e-14,0.0014431142759606,1865.236414503871,9.64151735105088e-13,0.0,8.40943125483339e-14,0.0,1.3645349266056076e-13,1.0333686899927997e-17,False,1,True,1,False
599,raw_prediction,True,24028700.0,solved,1,7425,6.27824408060315e-14,0.0012722334590224,1380.4010509179627,7.695569767926825e-15,0.0,0.0,0.0,2.8311633449257782e-14,0.0,False,0,True,1,False
599,mechanistic_target,True,,solved,1,6375,6.27824408060315e-14,0.0012722334590224,1380.4010509179627,2.3628065194782292e-14,0.0,0.0,0.0,4.624036458141223e-15,3.415116915750732e-20,False,3,True,1,False
600,raw_prediction,True,6793200.0,solved,1,750,6.226731172588694e-14,0.0031178766048614,558.6439393213165,1.0575672693617362e-14,0.0,1.9529162279511183e-14,0.0,3.4998767793930343e-14,1.3590867413735807e-14,False,21,True,1,False
600,mechanistic_target,True,,solved,1,3375,6.226731172588694e-14,0.0031178766048614,558.6439393213165,1.8480535655481327e-12,0.0,0.0,0.0,1.8985506051112583e-16,0.0,False,0,True,1,False
601,raw_prediction,True,75085300.0,solved,1,28975,6.069206653934908e-14,0.0014314959030667,1185.9754916673423,2.243191753401061e-14,0.0,3.9997647046411077e-16,0.0,6.944134513593282e-14,2.446179581998118e-16,False,18,True,1,False
601,mechanistic_target,True,,solved,1,25300,6.069206653934908e-14,0.0014314959030667,1185.9754916673423,1.660430203842002e-14,0.0,0.0,0.0,8.386077615604294e-15,1.2176661426668271e-20,False,3,True,1,False
602,raw_prediction,True,25105700.0,solved,1,8250,7.526336718300017e-14,0.0009915210024538,2123.320852171092,1.450055353569013e-14,3.441191295138146e-16,1.3222168212519554e-15,0.0,8.810717139268977e-14,1.009210050883665e-15,False,27,True,1,False
602,mechanistic_target,True,,solved,1,9200,7.526336718300017e-14,0.0009915210024538,2123.320852171092,5.449415414031872e-14,0.0,0.0,0.0,4.856306452040251e-15,0.0,False,0,True,1,False
603,raw_prediction,True,7320200.0,solved,1,1500,7.787227973172362e-14,0.0019798097702489,1100.254932803265,1.512505398704178e-14,1.4452402391025026e-15,2.2724883388618227e-15,0.0,1.844495337062348e-14,1.3576586903753784e-16,False,8,True,1,False
603,mechanistic_target,True,,solved,1,7225,7.787227973172362e-14,0.0019798097702489,1100.254932803265,1.0166014312318577e-12,0.0,1.4165258938975006e-13,0.0,5.1223765376234146e-15,2.6689969987864556e-17,False,1,True,1,False
604,raw_prediction,True,20679700.0,solved,1,7400,7.499105245808315e-14,0.0009186627344985,2283.4276079512347,1.1060770355175721e-13,0.0,1.0616058462196856e-14,0.0,2.6172368655202908e-14,1.1494612922988424e-15,False,16,True,1,False
604,mechanistic_target,True,,solved,1,12600,7.499105245808315e-14,0.0009186627344985,2283.4276079512347,1.8356277984751632e-14,0.0,0.0,0.0,1.0323296814996148e-14,0.0,False,0,True,1,False
605,raw_prediction,True,102082300.0,solved,1,42775,9.370522967795648e-14,0.0006580286975601,3983.390596123624,5.194455976464951e-14,2.4008026057298606e-16,2.887334958969688e-14,0.0,4.0327634187909894e-13,7.58770203931683e-15,False,21,True,1,False
605,mechanistic_target,True,,solved,1,24775,9.370522967795648e-14,0.0006580286975601,3983.390596123624,1.5577859936581483e-14,0.0,0.0,0.0,1.0376310795145743e-14,0.0,False,0,True,1,False
606,raw_prediction,True,21440600.0,solved,1,7825,8.924086390372672e-14,0.0012554096073775,1988.438743288772,1.086247029799973e-14,0.0,4.388253344009037e-16,0.0,8.331728181210255e-14,8.897322976121351e-17,False,7,True,1,False
606,mechanistic_target,True,,solved,1,5725,8.924086390372672e-14,0.0012554096073775,1988.438743288772,1.250042428341002e-13,0.0,6.040133606708272e-15,0.0,1.5841237723291834e-14,1.1248249427126776e-17,False,1,True,1,False
607,raw_prediction,True,8461400.0,solved,1,1600,7.686466980609716e-14,0.0021074291042861,1020.252554610614,1.120521115505034e-14,9.246998923837685e-16,2.5697804855823853e-14,0.0,3.8746346314164954e-14,6.420040954022859e-15,False,24,True,1,False
607,mechanistic_target,True,,solved,1,6350,7.686466980609716e-14,0.0021074291042861,1020.252554610614,1.038697088108252e-12,0.0,1.700567345838514e-13,0.0,4.1673472216405584e-15,1.5731008190241432e-16,False,1,True,1,False
608,raw_prediction,True,5770900.0,solved,1,1375,8.297609313524353e-14,0.0015630859989985,1484.9232528487064,9.141992718397772e-15,6.265864923474954e-16,3.395175223202464e-15,0.0,3.911590200721614e-14,2.800894423534465e-16,False,16,True,1,False
608,mechanistic_target,True,,solved,1,3025,8.297609313524353e-14,0.0015630859989985,1484.9232528487064,8.371208830983759e-11,0.0,0.0,0.0,9.326700353891295e-15,0.0,False,0,True,1,False
609,raw_prediction,True,14842300.0,solved,1,4325,6.50045443038575e-14,0.003567206003301,509.7408354512288,1.4642959999974856e-14,0.0,0.0,0.0,9.423934023162967e-15,1.4559743835940192e-17,False,5,True,1,False
609,mechanistic_target,True,,solved,1,2450,6.50045443038575e-14,0.003567206003301,509.7408354512288,3.4465225942400373e-13,0.0,0.0,0.0,4.8812206966188926e-17,0.0,False,0,True,1,False
610,raw_prediction,True,4672100.0,solved,1,875,6.380073131078863e-14,0.0022905187543689,779.1583034029176,5.068916206912855e-15,0.0,4.034467656545724e-15,0.0,6.310284173992428e-14,2.4553535870628996e-14,False,13,True,1,False
610,mechanistic_target,True,,solved,1,8100,6.380073131078863e-14,0.0022905187543689,779.1583034029176,1.9476935987212078e-13,0.0,0.0,0.0,2.326651168441245e-15,0.0,False,0,True,1,False
611,raw_prediction,True,10755600.0,solved,1,2900,7.157902950444974e-14,0.0014705742326277,1361.547359496238,1.6578951284947044e-14,0.0,7.634144714858331e-16,0.0,1.1962539715094981e-13,6.806046848754927e-16,False,21,True,1,False
611,mechanistic_target,True,,solved,1,3925,7.157902950444974e-14,0.0014705742326277,1361.547359496238,2.1879535061976286e-13,0.0,0.0,0.0,5.986135846446261e-14,0.0,False,0,True,1,False
612,raw_prediction,True,230950100.0,solved inaccurate,2,100000,6.275751015354022e-14,0.000888984371138,1974.7197858188397,2.36182438419727e-14,7.091574059440196e-16,1.4325283708024673e-15,0.0,1.1978904383051333e-13,3.7217436634697614e-16,False,21,True,1,False
612,mechanistic_target,True,,solved,1,13600,6.275751015354022e-14,0.000888984371138,1974.7197858188397,1.0478514328299496e-14,0.0,0.0,0.0,2.2172133300651573e-14,0.0,False,0,True,1,False
613,raw_prediction,True,3941400.0,solved,1,425,6.437229998806396e-14,0.0034800676902155,517.4224089835238,1.9644008641961364e-14,5.280778562322133e-15,3.3854445987535856e-14,0.0,1.6790140953290972e-14,2.9197179704968685e-14,False,33,True,1,False
613,mechanistic_target,True,,solved,1,3175,6.437229998806396e-14,0.0034800676902155,517.4224089835238,4.450048126018175e-13,0.0,6.478673247532092e-14,0.0,7.022034131723216e-15,8.44516504330532e-17,False,1,True,1,False
614,raw_prediction,True,29050900.0,solved,1,11650,8.84512370451438e-14,0.0010236737105098,2416.9978248498337,7.445317109477296e-15,0.0,3.2042420723569143e-18,0.0,1.2519445096727076e-13,1.215684010094476e-19,False,3,True,1,False
614,mechanistic_target,True,,solved,1,8225,8.84512370451438e-14,0.0010236737105098,2416.9978248498337,1.522469072694544e-13,0.0,0.0,0.0,2.096351666735525e-14,0.0,False,0,True,1,False
615,raw_prediction,True,5497800.0,solved,1,400,6.087010069396333e-14,0.0038601826858956,441.0928928488635,1.5452595739072557e-13,5.070720990190933e-14,4.470657927818639e-13,0.0,3.8079787471046594e-14,3.498799046401695e-13,False,33,True,1,False
615,mechanistic_target,True,,solved,1,2550,6.087010069396333e-14,0.0038601826858956,441.0928928488635,1.8299452191149904e-12,0.0,3.8870651830675286e-16,0.0,2.934860078355196e-16,8.737288284627026e-19,False,1,True,1,False
616,raw_prediction,True,43619900.0,solved,1,16425,7.01663537377771e-14,0.0018651897164988,1052.3005435353734,2.6346980153135743e-14,7.751256387611732e-16,5.3419824201799945e-17,0.0,1.6784266639866762e-14,1.5982071462162402e-17,False,3,True,1,False
616,mechanistic_target,True,,solved,1,12000,7.01663537377771e-14,0.0018651897164988,1052.3005435353734,2.942228497145645e-13,0.0,2.436900911136804e-14,0.0,3.651961782935999e-15,1.332819503678162e-18,False,1,True,1,False
617,raw_prediction,True,4090800.0,solved,1,250,5.9459334913454e-14,0.005763245862042,288.59366824896523,1.5029644195863057e-14,5.5892209005126165e-14,1.0026446702031937e-13,0.0,7.960253642247078e-15,3.374248490683091e-14,False,34,True,1,False
617,mechanistic_target,True,,solved,1,1050,5.9459334913454e-14,0.005763245862042,288.59366824896523,7.740820448550759e-14,0.0,1.8937402823848524e-17,0.0,1.1719293239721914e-16,1.1593412164203598e-20,False,1,True,1,False
618,raw_prediction,True,6483900.0,solved,1,475,6.07761747286679e-14,0.0039557711030553,429.770010363754,1.58041982278867e-14,5.212165345570588e-15,3.8707501284540136e-14,0.0,2.0874349810996213e-14,1.9921972329340293e-14,False,36,True,1,False
618,mechanistic_target,True,,solved,1,2500,6.07761747286679e-14,0.0039557711030553,429.770010363754,2.201858811853622e-12,0.0,4.729168561418115e-16,0.0,5.059828576484112e-16,1.1666290079673344e-18,False,2,True,1,False
619,raw_prediction,True,89316500.0,solved,1,33950,9.260513759805293e-14,0.0005839153458386,4436.28144599779,9.981964807625344e-15,0.0,1.3711878146316573e-15,0.0,7.617590553616154e-14,6.371230097736149e-16,False,15,True,1,False
619,mechanistic_target,True,,solved,1,30850,9.260513759805293e-14,0.0005839153458386,4436.28144599779,1.1836637121654272e-14,0.0,0.0,0.0,1.6800987256247547e-14,0.0,False,0,True,1,False
620,raw_prediction,True,17842800.0,solved,1,6400,8.289475540720636e-14,0.0013764264743306,1684.6432091045708,1.0892898909320887e-14,0.0,7.759235205408971e-17,0.0,3.469665985299375e-14,1.5545471444096527e-16,False,10,True,1,False
620,mechanistic_target,True,,solved,1,4550,8.289475540720636e-14,0.0013764264743306,1684.6432091045708,3.4409685033956937e-13,0.0,0.0,0.0,6.560206587855027e-14,0.0,False,0,True,1,False
621,raw_prediction,True,38323700.0,solved,1,14675,5.711419033183579e-14,0.0021129803444881,756.1056195175806,1.8650515699378176e-14,0.0,1.3589009893504572e-16,0.0,7.619475735619888e-14,2.371440266510617e-16,False,11,True,1,False
621,mechanistic_target,True,,solved,1,10375,5.711419033183579e-14,0.0021129803444881,756.1056195175806,3.4702493422346276e-14,0.0,0.0,0.0,4.739158838174804e-15,1.949913370799848e-19,False,3,True,1,False
622,raw_prediction,True,7643100.0,solved,1,1525,7.72395238710291e-14,0.0016189481417145,1334.5675133930365,1.3609556190341545e-13,8.027669918204314e-14,1.2287187115676108e-13,0.0,3.3333819422118545e-14,1.1361427942597985e-13,False,32,True,1,False
622,mechanistic_target,True,,solved,1,3625,7.72395238710291e-14,0.0016189481417145,1334.5675133930365,2.1781399089669777e-13,0.0,1.6223068961342334e-14,0.0,3.6317650056758754e-14,3.9115675755507635e-17,False,2,True,1,False
623,raw_prediction,True,5013500.0,solved,1,675,6.024276786519855e-14,0.0026006366998808,647.9763108281237,7.604004652898039e-15,3.8284477986047336e-15,5.83466774635601e-15,0.0,4.7873585557608123e-14,5.8760689387182535e-15,False,15,True,1,False
623,mechanistic_target,True,,solved,1,4075,6.024276786519855e-14,0.0026006366998808,647.9763108281237,1.8673280161005338e-12,0.0,0.0,0.0,2.4083407327056127e-16,0.0,False,0,True,1,False
624,raw_prediction,True,14535500.0,solved,1,3975,7.257840259868363e-14,0.001581867165867,1283.4273568922135,1.1558377588644232e-14,3.699990497794388e-16,3.449762199075329e-15,0.0,9.00192273398456e-14,1.897975556158315e-15,False,21,True,1,False
624,mechanistic_target,True,,solved,1,3850,7.257840259868363e-14,0.001581867165867,1283.4273568922135,2.345420497085733e-13,0.0,0.0,0.0,4.7886692176053175e-14,0.0,False,0,True,1,False
625,raw_prediction,True,241312200.0,solved inaccurate,2,100000,9.557270184359364e-14,0.0005233202873648,5108.579908322917,5.3967896324612277e-14,0.0,0.0,0.0,2.4035190226196685e-13,0.0,False,0,True,1,False
625,mechanistic_target,True,,solved,1,42650,9.557270184359364e-14,0.0005233202873648,5108.579908322917,8.264523888951735e-15,0.0,0.0,0.0,3.6454524215898354e-14,0.0,False,0,True,1,False
626,raw_prediction,True,9018100.0,solved,1,2500,6.734923005607637e-14,0.0014149211633088,1331.4789081327006,5.2301912800700726e-15,1.1242220848619183e-14,8.171300176179215e-16,0.0,1.253847460656885e-13,6.510965237841918e-15,False,16,True,1,False
626,mechanistic_target,True,,solved,1,4300,6.734923005607637e-14,0.0014149211633088,1331.4789081327006,2.529724722137726e-13,0.0,0.0,0.0,2.6547519554571652e-14,0.0,False,0,True,1,False
627,raw_prediction,True,13305100.0,solved,1,4650,8.416092385054118e-14,0.0015359175048452,1532.768274017238,1.2339088084623027e-14,4.478609356151162e-16,1.3799188231011822e-15,0.0,2.6356857705806633e-14,2.4064847346679825e-16,False,11,True,1,False
627,mechanistic_target,True,,solved,1,3500,8.416092385054118e-14,0.0015359175048452,1532.768274017238,3.939020165035186e-13,0.0,0.0,0.0,3.286453818667291e-14,0.0,False,0,True,1,False
628,raw_prediction,True,9342400.0,solved,1,3025,6.581823548833027e-14,0.0015492058624947,1188.4228730863852,1.2798182552502824e-14,0.0,5.452378390911431e-15,0.0,3.2661760661154525e-14,1.750946381211935e-14,False,18,True,1,False
628,mechanistic_target,True,,solved,1,3850,6.581823548833027e-14,0.0015492058624947,1188.4228730863852,9.30870130767163e-14,0.0,0.0,0.0,2.0537454266506683e-14,5.029524322150365e-20,False,3,True,1,False
629,raw_prediction,True,6944800.0,solved,1,1475,7.5028953782184e-14,0.0024298936347507,863.7250707230215,3.008777776141873e-14,8.40581886394579e-14,1.1854736150072866e-13,0.0,7.058240246877077e-14,1.6809870487108926e-13,False,21,True,1,False
629,mechanistic_target,True,,solved,1,3925,7.5028953782184e-14,0.0024298936347507,863.7250707230215,6.333611535724166e-13,0.0,0.0,0.0,2.8987186580484056e-15,0.0,False,0,True,1,False
630,raw_prediction,True,8196000.0,solved,1,1875,7.225758114370438e-14,0.0016999802853112,1188.97694338125,1.797856568480638e-14,1.4366903801649802e-15,1.3682107704807235e-14,0.0,3.208491529980671e-14,5.285593494346503e-15,False,20,True,1,False
630,mechanistic_target,True,,solved,1,3275,7.225758114370438e-14,0.0016999802853112,1188.97694338125,3.262352724402531e-13,0.0,0.0,0.0,5.5985151463192415e-14,0.0,False,0,True,1,False
631,raw_prediction,True,11800200.0,solved,1,3600,5.964994668679111e-14,0.001777391889765,938.7733756984376,8.559105857694051e-15,2.8902460298848787e-15,3.5751386707173974e-15,0.0,9.105329254158941e-14,3.634282995194902e-15,False,28,True,1,False
631,mechanistic_target,True,,solved,1,2700,5.964994668679111e-14,0.001777391889765,938.7733756984376,4.904885778764315e-13,0.0,0.0,0.0,6.66719569184268e-14,0.0,False,0,True,1,False
632,raw_prediction,True,12526600.0,solved,1,3900,8.703686402524223e-14,0.0014330814187972,1698.8939442745962,5.907894146461365e-15,7.761953614512368e-16,2.1490519463351338e-15,0.0,3.972744611403353e-14,9.633295960572313e-17,False,14,True,1,False
632,mechanistic_target,True,,solved,1,4075,8.703686402524223e-14,0.0014330814187972,1698.8939442745962,4.5168492073136683e-13,0.0,0.0,0.0,7.78406683885424e-14,0.0,False,0,True,1,False
633,raw_prediction,True,9572700.0,solved,1,3100,6.017527811008306e-14,0.0017432360970609,965.5967478441278,7.126244039312724e-15,0.0,1.94128712764351e-17,0.0,4.770331286493248e-14,2.628069597054157e-16,False,11,True,1,False
633,mechanistic_target,True,,solved,1,2500,6.017527811008306e-14,0.0017432360970609,965.5967478441278,9.873508779322833e-13,0.0,0.0,0.0,1.1692819579978017e-13,0.0,False,0,True,1,False
634,raw_prediction,True,8213200.0,solved,1,2025,7.109884793638758e-14,0.0016315103143218,1219.0082318813493,1.3149203947904198e-14,0.0,5.9932309390715466e-15,0.0,3.349444032209269e-14,3.241399900376858e-15,False,26,True,1,False
634,mechanistic_target,True,,solved,1,2625,7.109884793638758e-14,0.0016315103143218,1219.0082318813493,3.0098391420058096e-11,0.0,0.0,0.0,1.5829304578196129e-15,0.0,False,0,True,1,False
635,raw_prediction,True,10720100.0,solved,1,3575,6.051267069282653e-14,0.00201616955242,839.5627614174755,6.8209327075408055e-15,0.0,4.124764227099554e-14,0.0,6.674967977777055e-14,5.510186049250912e-15,False,11,True,1,False
635,mechanistic_target,True,,solved,1,10250,6.051267069282653e-14,0.00201616955242,839.5627614174755,1.5830304018837897e-13,0.0,0.0,0.0,1.086966319555404e-15,0.0,False,0,True,1,False
636,raw_prediction,True,8146900.0,solved,1,2100,6.322433026979204e-14,0.0018570764115026,952.3319667265836,1.5167991473742467e-14,6.717362457542621e-15,9.157372735521755e-15,0.0,2.0043681487517947e-14,3.600002927159032e-15,False,27,True,1,False
636,mechanistic_target,True,,solved,1,13375,6.322433026979204e-14,0.0018570764115026,952.3319667265836,3.02779824945736e-14,0.0,0.0,0.0,6.877156021692773e-15,0.0,False,0,True,1,False
637,raw_prediction,True,6613700.0,solved,1,975,6.565894510663492e-14,0.002237496762933,820.8529887030232,2.2014941952752665e-14,2.270761066331678e-15,3.08139776086898e-14,0.0,1.1725739481142198e-14,1.0881343404753915e-14,False,18,True,1,False
637,mechanistic_target,True,,solved,1,6525,6.565894510663492e-14,0.002237496762933,820.8529887030232,9.753699820476668e-13,0.0,0.0,0.0,1.0932859188493004e-14,0.0,False,0,True,1,False
638,raw_prediction,True,27113900.0,solved,1,8375,7.223038288067041e-14,0.0015931381261318,1268.2368981703105,3.434749128260138e-14,2.2176169956161162e-15,2.6660061467838584e-14,0.0,1.48840408250594e-13,9.226014200254308e-15,False,26,True,1,False
638,mechanistic_target,True,,solved,1,17125,7.223038288067041e-14,0.0015931381261318,1268.2368981703105,1.6225908916964017e-13,0.0,0.0,0.0,1.4593612717824114e-15,0.0,False,0,True,1,False
639,raw_prediction,True,16013400.0,solved,1,6125,5.714134190982755e-14,0.0030855825733064,518.0207550806435,1.3261960973842692e-14,0.0,2.2304404306883323e-16,0.0,2.1713554250681278e-14,1.3508056909414187e-16,False,7,True,1,False
639,mechanistic_target,True,,solved,1,3275,5.714134190982755e-14,0.0030855825733064,518.0207550806435,9.194414703931686e-13,0.0,0.0,0.0,4.967972137563194e-17,0.0,False,0,True,1,False
640,raw_prediction,True,46843300.0,solved,1,17325,6.602264965660084e-14,0.0007324591657026,2521.409763643004,9.972957124825383e-15,3.779294759778919e-15,4.38529093102796e-16,0.0,4.0641550398692254e-14,3.0030891130712657e-15,False,13,True,1,False
640,mechanistic_target,True,,solved,1,18500,6.602264965660084e-14,0.0007324591657026,2521.409763643004,3.021656292360642e-14,0.0,3.0981639709447808e-15,0.0,2.761198463562176e-13,1.825155076602393e-15,False,2,True,1,False
641,raw_prediction,True,40183600.0,solved,1,15725,9.24323037263294e-14,0.0008008993662512,3228.3434088378176,2.8565997483916315e-14,0.0,1.7022582520499019e-15,0.0,1.2179595963939637e-13,2.4957962346864465e-16,False,12,True,1,False
641,mechanistic_target,True,,solved,1,17150,9.24323037263294e-14,0.0008008993662512,3228.3434088378176,1.1248503392791464e-14,0.0,0.0,0.0,1.1178485088601742e-14,2.953405089798612e-20,False,3,True,1,False
642,raw_prediction,True,223892300.0,solved inaccurate,2,100000,9.812509538777952e-14,0.0014761574526891,1859.4363081827712,2.976324055987338e-14,5.778333309915548e-16,4.575928098660361e-15,0.0,1.690568515496519e-13,5.767089372670607e-15,False,26,True,1,False
642,mechanistic_target,True,,solved,1,3800,9.812509538777952e-14,0.0014761574526891,1859.4363081827712,3.32022586122034e-13,0.0,0.0,0.0,4.707650826262582e-14,0.0,False,0,True,1,False
643,raw_prediction,True,231666800.0,solved inaccurate,2,100000,8.843195258432315e-14,0.0005116301296922,4834.894487774997,9.940415911730394e-14,0.0,1.546350486908883e-14,0.0,1.731553647629382e-12,4.536964514597156e-15,False,21,True,1,False
643,mechanistic_target,True,,solved,1,39750,8.843195258432315e-14,0.0005116301296922,4834.894487774997,1.0436996673165392e-14,0.0,1.57376347605086e-16,0.0,9.453282516834034e-15,4.88690533008794e-21,False,1,True,1,False
644,raw_prediction,True,14796000.0,solved,1,4400,8.741959805510725e-14,0.001681896269616,1453.9299957801304,1.7780915628762273e-14,0.0,2.0853026727512951e-16,0.0,7.910418300652991e-14,2.4205482724171962e-17,False,5,True,1,False
644,mechanistic_target,True,,solved,1,3200,8.741959805510725e-14,0.001681896269616,1453.9299957801304,2.625307642614317e-13,0.0,0.0,0.0,3.9783356670276826e-14,0.0,False,0,True,1,False
645,raw_prediction,True,24466700.0,solved,1,8325,9.673914127963371e-14,0.0010921500515262,2477.729068024621,2.915376273726622e-14,1.4735963460210234e-15,1.5921488565860584e-14,0.0,5.0948012601233265e-14,3.60525770183883e-15,False,25,True,1,False
645,mechanistic_target,True,,solved,1,7150,9.673914127963371e-14,0.0010921500515262,2477.729068024621,1.6021576530029978e-13,0.0,7.217762531448197e-15,0.0,2.5313470619018494e-14,1.4935449174599117e-18,False,1,True,1,False
646,raw_prediction,True,9515100.0,solved,1,2075,8.880268937415974e-14,0.0018292651212722,1357.9486987764667,2.0511370379949767e-14,0.0,4.0052323836722045e-14,0.0,7.50103813121512e-14,3.025787668799567e-14,False,18,True,1,False
646,mechanistic_target,True,,solved,1,2000,8.880268937415974e-14,0.0018292651212722,1357.9486987764667,2.6148474950411097e-12,0.0,0.0,0.0,5.0429946729508e-16,0.0,False,0,True,1,False
647,raw_prediction,True,7860900.0,solved,1,1725,7.137700852313165e-14,0.0020139389905555,991.3931885730464,1.4964937206325075e-14,7.155657542052634e-15,1.0270683461929366e-14,0.0,3.9185043267896246e-14,3.680896245594688e-15,False,29,True,1,False
647,mechanistic_target,True,,solved,1,7725,7.137700852313165e-14,0.0020139389905555,991.3931885730464,1.0154234548297746e-12,0.0,0.0,0.0,6.921637083149613e-15,0.0,False,0,True,1,False
648,raw_prediction,True,10462200.0,solved,1,2750,5.719265948953074e-14,0.0012665521501915,1263.1389113277196,1.6488782935075724e-14,1.9416870108671774e-15,2.89006907062494e-15,0.0,1.166804424477046e-13,2.0682507694004128e-15,False,23,True,1,False
648,mechanistic_target,True,,solved,1,6700,5.719265948953074e-14,0.0012665521501915,1263.1389113277196,1.3194937603292042e-14,0.0,0.0,0.0,1.7067971021507282e-14,5.751750653159566e-20,False,3,True,1,False
649,raw_prediction,True,227068200.0,solved inaccurate,2,100000,9.894169407894953e-14,0.0007860583553859,3520.938604164708,4.2743586448068527e-14,1.4104944476556966e-15,2.5288511035594574e-15,0.0,1.538654884227006e-13,3.626496589827962e-16,False,11,True,1,False
649,mechanistic_target,True,,solved,1,15875,9.894169407894953e-14,0.0007860583553859,3520.938604164708,4.9657105006508567e-14,0.0,0.0,0.0,5.6408175760612834e-15,0.0,False,0,True,1,False
650,raw_prediction,True,12664800.0,solved,1,3975,6.41304960745085e-14,0.0034376763730866,521.835365605451,1.2905116620922023e-14,1.8205537870785272e-14,2.7033066089108743e-14,0.0,6.274464963517672e-14,1.9119334653310903e-14,False,20,True,1,False
650,mechanistic_target,True,,solved,1,3000,6.41304960745085e-14,0.0034376763730866,521.835365605451,2.698472404110603e-12,0.0,0.0,0.0,3.3794907366910943e-16,0.0,False,0,True,1,False
651,raw_prediction,True,12685200.0,solved,1,3100,6.289984602702471e-14,0.0019094907976212,921.4375598801744,1.1725941378225668e-14,5.315854314367783e-17,0.0,0.0,3.0118838649982665e-14,4.594118392115959e-18,False,2,True,1,False
651,mechanistic_target,True,,solved,1,9200,6.289984602702471e-14,0.0019094907976212,921.4375598801744,9.86562307881862e-13,0.0,0.0,0.0,6.584008342333569e-15,0.0,False,0,True,1,False
652,raw_prediction,True,29304700.0,solved,1,9500,6.594724302286873e-14,0.0025022072780662,737.2372318134476,1.2598722250411898e-14,0.0,0.0,0.0,3.3524449419130905e-14,5.4128257622149605e-17,False,1,True,1,False
652,mechanistic_target,True,,solved,1,4525,6.594724302286873e-14,0.0025022072780662,737.2372318134476,1.6124366378422745e-12,0.0,0.0,0.0,2.170123485590466e-16,0.0,False,0,True,1,False
653,raw_prediction,True,11541300.0,solved,1,3125,6.778588969951821e-14,0.0024731379287607,766.6989370127039,7.437379053112215e-15,0.0,6.596665418071912e-15,0.0,2.899398347100468e-13,5.652701285528693e-14,False,25,True,1,False
653,mechanistic_target,True,,solved,1,3100,6.778588969951821e-14,0.0024731379287607,766.6989370127039,9.175126930706661e-14,0.0,0.0,0.0,1.3673053380833888e-16,0.0,False,0,True,1,False
654,raw_prediction,True,3154700.0,solved,1,275,5.709885286120174e-14,0.0045694814582902,349.5379720861659,1.2700206317275125e-15,6.184883117177475e-15,8.42482398889723e-15,0.0,2.2050210885089025e-14,5.824276575625008e-15,False,10,True,1,False
654,mechanistic_target,True,,solved,1,1375,5.709885286120174e-14,0.0045694814582902,349.5379720861659,4.131904649046928e-14,0.0,0.0,0.0,6.520953957810046e-17,0.0,False,0,True,1,False
655,raw_prediction,True,42007600.0,solved,1,16700,6.912945003124619e-14,0.0008990134676003,2150.952414525973,9.931690607661167e-14,0.0,0.0,0.0,6.282601976313019e-13,0.0,False,0,True,1,False
655,mechanistic_target,True,,solved,1,6800,6.912945003124619e-14,0.0008990134676003,2150.952414525973,2.1371991823041249e-13,0.0,1.0277001475275989e-13,0.0,9.461593040435849e-13,1.965110049005064e-12,False,2,True,1,False
656,raw_prediction,True,9893300.0,solved,1,2700,7.475952909777603e-14,0.0016060223857223,1302.11355877408,3.5128150388530344e-14,1.651877567540557e-14,2.7095787820173963e-14,0.0,4.660169176868738e-14,1.907068826553968e-14,False,22,True,1,False
656,mechanistic_target,True,,solved,1,3600,7.475952909777603e-14,0.0016060223857223,1302.11355877408,3.13687580567844e-13,0.0,2.2492573697080843e-14,0.0,5.863696762592556e-14,1.7983879585972362e-17,False,1,True,1,False
657,raw_prediction,True,40574800.0,solved,1,16575,7.13106220375051e-14,0.001860380161025,1072.2262213248528,9.617740631684411e-15,0.0,0.0,0.0,2.849304776468084e-14,0.0,False,0,True,1,False
657,mechanistic_target,True,,solved,1,6800,7.13106220375051e-14,0.001860380161025,1072.2262213248528,1.5469296167633825e-12,0.0,0.0,0.0,1.7289406699229838e-16,0.0,False,0,True,1,False
658,raw_prediction,True,8643400.0,solved,1,1925,6.345122620705673e-14,0.0021962827504869,808.138258049815,7.412840257360717e-15,0.0,6.5560099418868005e-15,0.0,4.5349649096436564e-14,7.944921782674286e-16,False,10,True,1,False
658,mechanistic_target,True,,solved,1,6650,6.345122620705673e-14,0.0021962827504869,808.138258049815,1.009199740713443e-12,0.0,0.0,0.0,8.953045245061167e-15,0.0,False,0,True,1,False
659,raw_prediction,True,6225000.0,solved,1,850,6.407446439216256e-14,0.0020156597177879,889.2045296586382,1.256867873666856e-13,8.5114636331976e-14,1.282659400283698e-13,0.0,3.2107473914052704e-14,6.419235773636875e-14,False,30,True,1,False
659,mechanistic_target,True,,solved,1,10450,6.407446439216256e-14,0.0020156597177879,889.2045296586382,2.484962808321787e-13,0.0,0.0,0.0,2.229173638233366e-15,0.0,False,0,True,1,False
660,raw_prediction,True,11241700.0,solved,1,3700,6.188412682360812e-14,0.0018285071739761,946.708981649978,1.8502560594768624e-14,0.0,1.4138631402861738e-15,0.0,4.675655086473928e-14,2.0934402037389483e-16,False,1,True,1,False
660,mechanistic_target,True,,solved,1,3050,6.188412682360812e-14,0.0018285071739761,946.708981649978,8.312674328353498e-14,0.0,0.0,0.0,7.346199885315289e-15,4.1013194238538154e-19,False,3,True,1,False
661,raw_prediction,True,18739100.0,solved,1,6625,5.727638115405967e-14,0.0024613424534547,650.9347044542808,1.8784279687267258e-13,0.0,4.9242933115112725e-14,0.0,3.036881288239979e-14,5.945722719911904e-15,False,4,True,1,False
661,mechanistic_target,True,,solved,1,7250,5.727638115405967e-14,0.0024613424534547,650.9347044542808,1.3625814071208813e-13,0.0,0.0,0.0,8.432105677326598e-16,0.0,False,0,True,1,False
662,raw_prediction,True,6651700.0,solved,1,1175,6.472443152294717e-14,0.0030060833757076,602.2837160869111,2.0378530331944163e-16,2.6457904062189813e-16,1.0670874598834705e-15,0.0,1.1816321958133404e-14,1.4838597534742794e-14,False,18,True,1,False
662,mechanistic_target,True,,solved,1,4525,6.472443152294717e-14,0.0030060833757076,602.2837160869111,2.612847556229555e-13,0.0,3.5824015524652344e-14,0.0,4.102483505000032e-15,3.743379165374967e-17,False,1,True,1,False
663,raw_prediction,True,30983100.0,solved,1,12525,7.321137181531113e-14,0.0017519976099989,1168.9042393771238,2.516563346599554e-13,0.0,0.0,0.0,5.084904626444647e-14,0.0,False,0,True,1,False
663,mechanistic_target,True,,solved,1,3075,7.321137181531113e-14,0.0017519976099989,1168.9042393771238,1.3143356651779747e-10,0.0,0.0,0.0,1.375613129604592e-14,0.0,False,0,True,1,False
664,raw_prediction,True,62935300.0,solved,1,25300,9.799758652092829e-14,0.0005157704244664,5314.872413823443,2.1407016468821867e-14,8.774619103119343e-16,4.7720393028886606e-15,0.0,1.0091996851575197e-13,1.5455783173788354e-15,False,18,True,1,False
664,mechanistic_target,True,,solved,1,43975,9.799758652092829e-14,0.0005157704244664,5314.872413823443,1.5242349973650607e-14,0.0,0.0,0.0,3.2066907144034336e-14,0.0,False,0,True,1,False
665,raw_prediction,True,10519000.0,solved,1,2750,7.192965288446936e-14,0.0016734931441181,1202.3140590832752,7.025630077706069e-15,0.0,1.7453085899936657e-15,0.0,4.4234091315128064e-14,5.570587816710068e-16,False,21,True,1,False
665,mechanistic_target,True,,solved,1,16725,7.192965288446936e-14,0.0016734931441181,1202.3140590832752,9.526434122813858e-14,0.0,0.0,0.0,1.0709218089219475e-15,0.0,False,0,True,1,False
666,raw_prediction,True,6186400.0,solved,1,1025,8.38819216677675e-14,0.0020090355421482,1167.9241796080862,1.0467335579940612e-14,3.880821151689634e-15,5.684711332314151e-15,0.0,6.175257687069377e-14,2.731431102324569e-15,False,18,True,1,False
666,mechanistic_target,True,,solved,1,1875,8.38819216677675e-14,0.0020090355421482,1167.9241796080862,2.7060279905630587e-12,0.0,0.0,0.0,3.6184181308286423e-16,0.0,False,0,True,1,False
667,raw_prediction,True,6940800.0,solved,1,1200,7.66103876344445e-14,0.0023349786326164,917.7801229024662,3.949928128902074e-14,2.5557875174067773e-15,1.4482423299719842e-13,0.0,4.631351789586554e-14,1.1151034423942291e-14,False,23,True,1,False
667,mechanistic_target,True,,solved,1,4000,7.66103876344445e-14,0.0023349786326164,917.7801229024662,2.443788650281109e-12,0.0,0.0,0.0,8.567187802764183e-16,0.0,False,0,True,1,False
668,raw_prediction,True,9100900.0,solved,1,2025,6.842918623651303e-14,0.0019001133241495,1007.385674059948,1.8814810820444453e-14,1.2417522300377352e-14,1.850291066423916e-14,0.0,7.063436267735498e-14,1.5352735401126846e-14,False,23,True,1,False
668,mechanistic_target,True,,solved,1,10150,6.842918623651303e-14,0.0019001133241495,1007.385674059948,6.429854149867308e-13,0.0,0.0,0.0,4.451939790936528e-15,0.0,False,0,True,1,False
669,raw_prediction,True,18712700.0,solved,1,6275,8.875241963505609e-14,0.0010617573383016,2338.2386189793237,1.19074888838e-13,2.0488635395674672e-14,3.635508336867669e-14,0.0,4.2642607913662196e-14,9.947688710828082e-15,False,18,True,1,False
669,mechanistic_target,True,,solved,1,8150,8.875241963505609e-14,0.0010617573383016,2338.2386189793237,1.2337311985316946e-13,0.0,0.0,0.0,1.8282039346089395e-14,0.0,False,0,True,1,False
670,raw_prediction,True,9204400.0,solved,1,2200,6.325570735390009e-14,0.0015151834023552,1167.79983819082,1.329356017429146e-14,2.0378605843747384e-15,4.615208754102245e-15,0.0,1.4411885581339822e-13,1.0911977326919453e-15,False,9,True,1,False
670,mechanistic_target,True,,solved,1,3825,6.325570735390009e-14,0.0015151834023552,1167.79983819082,1.723537711236918e-13,0.0,0.0,0.0,2.7353178187467803e-14,0.0,False,0,True,1,False
671,raw_prediction,True,39143600.0,solved,1,15150,9.72070250899432e-14,0.0008519357336964,3191.719493009484,1.1470573817279556e-14,4.8042600959825e-17,1.5348518258597864e-15,0.0,1.1196821779890405e-13,2.665789521842392e-17,False,8,True,1,False
671,mechanistic_target,True,,solved,1,11950,9.72070250899432e-14,0.0008519357336964,3191.719493009484,1.5060662505928914e-13,0.0,0.0,0.0,1.3970499400466211e-14,0.0,False,0,True,1,False
672,raw_prediction,True,6053900.0,solved,1,1275,6.508263268290264e-14,0.001923377471271,946.5302239848168,1.5444243106621514e-14,1.1005834822091977e-15,9.428375501710116e-15,0.0,3.303338861930171e-14,3.1756297533234706e-14,False,20,True,1,False
672,mechanistic_target,True,,solved,1,2050,6.508263268290264e-14,0.001923377471271,946.5302239848168,2.3682868867007676e-11,0.0,0.0,0.0,1.2744108232218864e-15,0.0,False,0,True,1,False
673,raw_prediction,True,13390700.0,solved,1,4500,9.475951051480886e-14,0.001420188472357,1866.4257778328035,8.729635995447219e-15,0.0,1.0148754818814583e-14,0.0,3.763081009227959e-14,1.2793365155966069e-15,False,9,True,1,False
673,mechanistic_target,True,,solved,1,3825,9.475951051480886e-14,0.001420188472357,1866.4257778328035,7.13903951930369e-13,0.0,0.0,0.0,1.2633384586531005e-13,0.0,False,0,True,1,False
674,raw_prediction,True,10693900.0,solved,1,3550,8.676573723886645e-14,0.0017406435747209,1394.351629236509,5.534624408082278e-14,0.0,0.0,0.0,2.6220163992395592e-14,9.437462496427076e-19,False,3,True,1,False
674,mechanistic_target,True,,solved,1,2725,8.676573723886645e-14,0.0017406435747209,1394.351629236509,6.316106118694442e-13,0.0,0.0,0.0,7.629527207480844e-14,0.0,False,0,True,1,False
675,raw_prediction,True,27388600.0,solved,1,10075,6.363580147829326e-14,0.0010312172355903,1726.1767138895252,1.0740757241944898e-14,0.0,9.823880592550089e-18,0.0,6.210444547387966e-14,1.788079535910063e-16,False,12,True,1,False
675,mechanistic_target,True,,solved,1,9350,6.363580147829326e-14,0.0010312172355903,1726.1767138895252,1.6069757266620197e-14,0.0,0.0,0.0,6.476039634754599e-15,0.0,False,0,True,1,False
676,raw_prediction,True,10902400.0,solved,1,3325,7.004000545973014e-14,0.0017225017877409,1137.4187637514094,3.451735425263891e-13,2.611093657851927e-14,2.610730406289259e-15,0.0,1.7673214222711174e-14,2.098297589735037e-13,False,21,True,1,False
676,mechanistic_target,True,,solved,1,3150,7.004000545973014e-14,0.0017225017877409,1137.4187637514094,2.902368662935895e-13,0.0,0.0,0.0,3.3268895713379226e-14,0.0,False,0,True,1,False
677,raw_prediction,True,12055300.0,solved,1,3025,7.072386775079389e-14,0.0014136637411806,1399.4383880019216,9.627013336397408e-15,9.103505638052384e-17,2.7481156501108552e-15,0.0,4.8305471224736746e-14,2.196995966574093e-15,False,41,True,1,False
677,mechanistic_target,True,,solved,1,4425,7.072386775079389e-14,0.0014136637411806,1399.4383880019216,2.759466392421205e-13,0.0,0.0,0.0,2.274934969048813e-14,0.0,False,0,True,1,False
678,raw_prediction,True,5612400.0,solved,1,700,7.187181724574187e-14,0.0023523719451699,854.6465289774654,1.0125412753833736e-14,1.0751503141506294e-15,2.1546396107784046e-14,0.0,4.351785316498909e-14,1.0945499692704576e-14,False,21,True,1,False
678,mechanistic_target,True,,solved,1,4250,7.187181724574187e-14,0.0023523719451699,854.6465289774654,1.1682990941649077e-12,0.0,0.0,0.0,1.851680951651688e-16,0.0,False,0,True,1,False
679,raw_prediction,True,12306200.0,solved,1,4000,6.680434884102178e-14,0.0013718124372561,1362.2094779642268,8.529563082135026e-15,0.0,3.3338904718811202e-15,0.0,6.873615981093728e-14,9.461996101367693e-16,False,16,True,1,False
679,mechanistic_target,True,,solved,1,4850,6.680434884102178e-14,0.0013718124372561,1362.2094779642268,7.101087433621465e-14,0.0,0.0,0.0,1.4637581139898863e-14,6.073421614704236e-20,False,3,True,1,False
680,raw_prediction,True,13630200.0,solved,1,4350,7.415703590851254e-14,0.00158278207417,1310.5848339727424,2.4417967647849537e-14,1.0659318670691831e-15,1.7874022909296814e-15,0.0,2.6737033377610855e-14,2.9348971094803274e-16,False,10,True,1,False
680,mechanistic_target,True,,solved,1,3900,7.415703590851254e-14,0.00158278207417,1310.5848339727424,2.068076153409921e-13,0.0,0.0,0.0,4.2503415533039984e-14,0.0,False,0,True,1,False
681,raw_prediction,True,18151500.0,solved,1,5600,9.824561423593873e-14,0.0011143448942096,2466.1951718823184,9.59459267305324e-15,9.956582334100668e-16,1.3335561887524481e-14,0.0,1.2029289200941364e-13,6.300297849242041e-15,False,24,True,1,False
681,mechanistic_target,True,,solved,1,6925,9.824561423593873e-14,0.0011143448942096,2466.1951718823184,1.360485489136545e-13,0.0,6.384680060671482e-15,0.0,2.097754424753148e-14,5.6319354171492676e-18,False,1,True,1,False
682,raw_prediction,True,17426500.0,solved,1,6425,7.247943180290815e-14,0.0024165569120176,838.9800829022711,3.8549552124702585e-14,0.0,2.2436326164755983e-16,0.0,1.9021664081452108e-14,2.0736562634917533e-17,False,1,True,1,False
682,mechanistic_target,True,,solved,1,3500,7.247943180290815e-14,0.0024165569120176,838.9800829022711,4.437027014993636e-13,0.0,0.0,0.0,1.58105296665875e-16,0.0,False,0,True,1,False
683,raw_prediction,True,34687500.0,solved,1,12200,9.88275447501689e-14,0.0006129017133839,4510.46242310046,4.463374114749286e-13,0.0,4.525620240820856e-14,0.0,8.271705174113484e-14,1.433229010983473e-14,False,18,True,1,False
683,mechanistic_target,True,,solved,1,30575,9.88275447501689e-14,0.0006129017133839,4510.46242310046,6.005857389378107e-15,0.0,0.0,0.0,3.5774475200029343e-14,0.0,False,0,True,1,False
684,raw_prediction,True,33430300.0,solved,1,11250,8.699683136905045e-14,0.0011432812270863,2128.55198368674,2.4396724759132823e-14,1.4242004359997416e-15,4.827395720176372e-16,0.0,1.765640887082882e-13,2.0185411953649182e-16,False,12,True,1,False
684,mechanistic_target,True,,solved,1,6750,8.699683136905045e-14,0.0011432812270863,2128.55198368674,1.6486685502615265e-13,0.0,0.0,0.0,2.6770503449979075e-14,0.0,False,0,True,1,False
685,raw_prediction,True,13694300.0,solved,1,4700,5.747151130967143e-14,0.0034299583993702,468.7029247793175,1.1414408433793262e-14,1.416641057505815e-15,5.324969325061342e-16,0.0,3.446748109273835e-14,4.1779995076373664e-16,False,9,True,1,False
685,mechanistic_target,True,,solved,1,2600,5.747151130967143e-14,0.0034299583993702,468.7029247793175,7.186009294019211e-13,0.0,0.0,0.0,1.4087644139016518e-16,0.0,False,0,True,1,False
686,raw_prediction,True,11847900.0,solved,1,3600,7.005251960281447e-14,0.001614542080595,1213.691443226819,1.8027246362350982e-14,8.057088924634032e-16,1.2731961336417846e-14,0.0,2.0415219653064416e-14,1.8215695706739785e-15,False,21,True,1,False
686,mechanistic_target,True,,solved,1,3825,7.005251960281447e-14,0.001614542080595,1213.691443226819,1.6650325600699288e-13,0.0,1.043059087259767e-14,0.0,2.9807623129837626e-14,1.6599556545695014e-17,False,1,True,1,False
687,raw_prediction,True,8547800.0,solved,1,2475,6.465089500913617e-14,0.0021005696534277,860.9369610354372,1.0327069061011329e-13,0.0,5.651807276174858e-13,0.0,8.898171008206297e-15,9.549339894351134e-15,False,15,True,1,False
687,mechanistic_target,True,,solved,1,9600,6.465089500913617e-14,0.0021005696534277,860.9369610354372,2.0045901854107126e-13,0.0,1.8208476068602972e-14,0.0,2.352356152763977e-15,1.3052360679321193e-18,False,1,True,1,False
688,raw_prediction,True,231336500.0,maximum iterations reached,7,100000,7.184215217639449e-14,0.0008944274102789,2246.819231564015,2.6267876762631204e-13,0.0,1.4636239176503833e-15,0.0,1.207646402976337e-12,1.6631129545559796e-15,False,13,True,1,False
688,mechanistic_target,True,,solved,1,15075,7.184215217639449e-14,0.0008944274102789,2246.819231564015,6.122010006087724e-14,0.0,4.1110252691382674e-15,0.0,2.4190350291461265e-13,4.586447869698383e-15,False,2,True,1,False
689,raw_prediction,True,28388400.0,solved,1,10975,9.667816147734129e-14,0.0010791131392037,2506.08213658883,1.70159025758565e-14,0.0,2.830053627305329e-16,0.0,6.350486601517709e-14,3.4478324697197906e-17,False,6,True,1,False
689,mechanistic_target,True,,solved,1,5575,9.667816147734129e-14,0.0010791131392037,2506.08213658883,9.555834372114499e-13,0.0,0.0,0.0,1.1207750550115307e-13,0.0,False,0,True,1,False
690,raw_prediction,True,48620200.0,solved,1,15675,6.755606759443889e-14,0.0007855380873566,2405.6420865191103,7.834514064678286e-14,0.0,8.043310309183568e-16,0.0,1.3288970848473233e-12,1.2872060238664824e-14,False,24,True,1,False
690,mechanistic_target,True,,solved,1,15775,6.755606759443889e-14,0.0007855380873566,2405.6420865191103,1.9933869991330886e-14,0.0,0.0,0.0,1.089565050211022e-14,0.0,False,0,True,1,False
691,raw_prediction,True,14979900.0,solved,1,4525,6.827103585596466e-14,0.0016036585183377,1190.8539329501934,1.1821482148837751e-14,1.6912150717486842e-14,2.157223246511313e-15,0.0,8.875190682976643e-14,1.996276974222633e-14,False,18,True,1,False
691,mechanistic_target,True,,solved,1,3950,6.827103585596466e-14,0.0016036585183377,1190.8539329501934,1.421824343520664e-13,0.0,0.0,0.0,2.6339298290812883e-14,0.0,False,0,True,1,False
692,raw_prediction,True,103742000.0,solved,1,45425,9.169652590995377e-14,0.0005211244710992,4922.041975551377,3.2489289036874425e-13,0.0,4.283771121532632e-16,0.0,1.2800753363983734e-12,4.403433948098401e-17,False,3,True,1,False
692,mechanistic_target,True,,solved,1,19625,9.169652590995377e-14,0.0005211244710992,4922.041975551377,9.571898519627911e-13,0.0,9.881732187765376e-15,0.0,7.625229744577438e-12,8.075164249424497e-13,False,3,True,1,False
693,raw_prediction,True,13915400.0,solved,1,4275,8.991875860392995e-14,0.0011788740506558,2133.6186205210047,1.75472509890126e-14,0.0,3.4363344153530736e-15,0.0,1.633536882405395e-13,1.009530694055067e-15,False,16,True,1,False
693,mechanistic_target,True,,solved,1,6200,8.991875860392995e-14,0.0011788740506558,2133.6186205210047,1.8475379571846356e-13,0.0,0.0,0.0,2.6394066448604884e-14,0.0,False,0,True,1,False
694,raw_prediction,True,16496800.0,solved,1,4825,8.250324546865714e-14,0.0015020385716084,1536.469155128822,1.3167615581860864e-14,0.0,1.1811050240901972e-14,0.0,2.8238602591968702e-14,4.202221797531403e-15,False,27,True,1,False
694,mechanistic_target,True,,solved,1,3025,8.250324546865714e-14,0.0015020385716084,1536.469155128822,3.1235796509731573e-11,0.0,0.0,0.0,3.597993582011847e-15,0.0,False,0,True,1,False
695,raw_prediction,True,6653600.0,solved,1,950,6.673186422025345e-14,0.0029376625746838,635.4263868963629,7.03719615890251e-14,1.2498105451503876e-14,1.262963788136053e-13,0.0,6.729509218272353e-15,9.633824811992533e-14,False,33,True,1,False
695,mechanistic_target,True,,solved,1,4725,6.673186422025345e-14,0.0029376625746838,635.4263868963629,2.703715868212037e-13,0.0,4.3892165394974916e-14,0.0,4.977009281213366e-15,6.364799387661475e-17,False,1,True,1,False
696,raw_prediction,True,8314800.0,solved,1,2675,6.782672809048254e-14,0.0021015958523451,902.7875543823948,1.017377710995448e-14,0.0,2.5848941673180288e-14,0.0,2.302138165453325e-14,2.3377148405823992e-15,False,3,True,1,False
696,mechanistic_target,True,,solved,1,9025,6.782672809048254e-14,0.0021015958523451,902.7875543823948,3.84789706575326e-13,0.0,0.0,0.0,4.845377964526008e-15,0.0,False,0,True,1,False
697,raw_prediction,True,5775200.0,solved,1,1175,5.898203662902777e-14,0.0029171433431749,565.5824083944904,5.0619339449220486e-14,0.0,2.110797791215428e-13,0.0,1.0374699560236124e-14,3.105256181587731e-15,False,11,True,1,False
697,mechanistic_target,True,,solved,1,4425,5.898203662902777e-14,0.0029171433431749,565.5824083944904,4.134061135877033e-13,0.0,7.593114915694684e-14,0.0,3.764670986266488e-15,6.738766707573433e-17,False,1,True,1,False
698,raw_prediction,True,224589300.0,solved inaccurate,2,100000,7.418423636640749e-14,0.0006249828316108,3320.3008888007107,3.150909869820117e-13,0.0,0.0,0.0,6.677558174283337e-13,1.8377352633598526e-17,False,3,True,1,False
698,mechanistic_target,True,,solved,1,30250,7.418423636640749e-14,0.0006249828316108,3320.3008888007107,4.72804738450979e-14,0.0,2.2044628254799404e-15,0.0,2.882052474209077e-13,6.269078101399401e-16,False,2,True,1,False
699,raw_prediction,True,227928300.0,solved inaccurate,2,100000,5.716458004560212e-14,0.0008609424636373,1857.3202213775764,5.9638949890394e-14,1.8311459257413399e-16,2.4496771850915473e-16,0.0,9.358434630854296e-13,2.516014971635316e-16,False,4,True,1,False
699,mechanistic_target,True,,solved,1,8225,5.716458004560212e-14,0.0008609424636373,1857.3202213775764,3.5467105863943945e-14,0.0,2.1739810813083823e-14,0.0,6.917694370161291e-13,1.7465673566611624e-13,False,3,True,1,False
700,raw_prediction,True,18297500.0,solved,1,6950,6.816753553469369e-14,0.0028660351786571,665.3190748304528,1.38743706451018e-14,0.0,0.0,0.0,1.1104640529088047e-14,2.87424026219975e-16,False,1,True,1,False
700,mechanistic_target,True,,solved,1,4650,6.816753553469369e-14,0.0028660351786571,665.3190748304528,3.793412124899727e-13,0.0,0.0,0.0,7.119819036692461e-15,0.0,False,0,True,1,False
701,raw_prediction,True,8192200.0,solved,1,1525,7.245719857601832e-14,0.0023307164051125,869.6129615990046,9.085597078217483e-15,1.2886614389989875e-16,7.149609163718726e-16,0.0,6.077786178143143e-14,3.683075587472418e-16,False,21,True,1,False
701,mechanistic_target,True,,solved,1,8425,7.245719857601832e-14,0.0023307164051125,869.6129615990046,1.4106290136198892e-13,0.0,1.3166882327171162e-14,0.0,2.3796027942192992e-15,2.048418381533773e-17,False,1,True,1,False
702,raw_prediction,True,8590400.0,solved,1,1875,6.039633885617062e-14,0.0021545813165148,784.1183584318612,5.972187971522004e-15,8.259185634698235e-17,2.7100076454817713e-16,0.0,3.8187871908290765e-14,4.067182014750794e-17,False,10,True,1,False
702,mechanistic_target,True,,solved,1,6425,6.039633885617062e-14,0.0021545813165148,784.1183584318612,4.738027225314675e-12,0.0,0.0,0.0,1.6568222372261618e-16,0.0,False,0,True,1,False
703,raw_prediction,True,277874000.0,solved inaccurate,2,100000,7.031771603594427e-14,0.0012147599164663,1619.228732521114,2.377159854576829e-14,0.0,1.2466489928526184e-14,0.0,1.438729427660216e-13,3.552592772846269e-15,False,16,True,1,False
703,mechanistic_target,True,,solved,1,32850,7.031771603594427e-14,0.0012147599164663,1619.228732521114,8.904653462831238e-15,0.0,0.0,0.0,1.9422275074270678e-14,0.0,False,0,True,1,False
704,raw_prediction,True,6606200.0,solved,1,1125,6.658295946017327e-14,0.0024852450341265,749.4243129695257,1.1777951429954258e-14,8.334549915470203e-15,1.2356181019847848e-14,0.0,1.2539503567640088e-14,8.018165930504348e-15,False,32,True,1,False
704,mechanistic_target,True,,solved,1,6975,6.658295946017327e-14,0.0024852450341265,749.4243129695257,1.6546285509602793e-13,0.0,1.909633007944349e-14,0.0,2.6142865639220448e-15,3.5662514188963346e-17,False,1,True,1,False
705,raw_prediction,True,34228400.0,solved,1,11125,7.036190246493911e-14,0.0009880436328938,1992.027585282564,1.6844097189099017e-14,8.183627545553285e-16,1.4034258772692388e-14,0.0,1.9053547208303842e-13,1.843036710174236e-15,False,27,True,1,False
705,mechanistic_target,True,,solved,1,8725,7.036190246493911e-14,0.0009880436328938,1992.027585282564,2.611598924495807e-13,0.0,0.0,0.0,2.595346842180688e-14,0.0,False,0,True,1,False
706,raw_prediction,True,35158600.0,solved,1,13950,9.449357468526577e-14,0.0006032175981297,4381.89709249724,1.9803603201751233e-14,0.0,1.462751114669679e-16,0.0,1.5839523718905505e-13,3.864165352735248e-16,False,21,True,1,False
706,mechanistic_target,True,,solved,1,31700,9.449357468526577e-14,0.0006032175981297,4381.89709249724,7.072788028595152e-15,0.0,0.0,0.0,2.3219784405344708e-14,2.9125453348332597e-21,False,3,True,1,False
707,raw_prediction,True,6753300.0,solved,1,775,6.458284257892877e-14,0.0029686891757249,608.5360705887391,9.437045015842426e-15,1.176287096973744e-15,8.383214496481784e-15,0.0,2.1240778228323895e-14,1.3296161136933486e-15,False,26,True,1,False
707,mechanistic_target,True,,solved,1,4575,6.458284257892877e-14,0.0029686891757249,608.5360705887391,2.796820148175755e-13,0.0,2.754281987256148e-14,0.0,3.5620077820551555e-15,4.196019311803524e-17,False,1,True,1,False
708,raw_prediction,True,64007100.0,solved,1,25800,8.321379490081928e-14,0.0006552693130098,3552.29804385621,3.102205992089324e-14,8.582348914336057e-16,1.332836785135872e-15,0.0,2.223398591780435e-13,5.38258703631737e-16,False,14,True,1,False
708,mechanistic_target,True,,solved,1,26775,8.321379490081928e-14,0.0006552693130098,3552.29804385621,1.4219440822023922e-14,0.0,0.0,0.0,3.1929674989496075e-14,0.0,False,0,True,1,False
709,raw_prediction,True,11974800.0,solved,1,3750,7.213259257573437e-14,0.0017723833886453,1138.433768104023,3.7440536782007434e-14,3.2092412543157147e-15,2.979003818216136e-15,0.0,2.909582146518175e-14,5.934292338984852e-16,False,24,True,1,False
709,mechanistic_target,True,,solved,1,3000,7.213259257573437e-14,0.0017723833886453,1138.433768104023,3.9571372731104793e-13,0.0,3.0727568616420425e-14,0.0,5.855228068666663e-14,2.0489478825714897e-17,False,1,True,1,False
710,raw_prediction,True,29067400.0,solved,1,10200,6.11447420538575e-14,0.0010286214309634,1662.7901656293584,1.64288979022596e-14,0.0,1.0724413745578088e-15,0.0,5.848593925266974e-14,1.7021182939074194e-16,False,15,True,1,False
710,mechanistic_target,True,,solved,1,9975,6.11447420538575e-14,0.0010286214309634,1662.7901656293584,1.0641157583100658e-14,0.0,0.0,0.0,3.0728942849250006e-14,3.753732036924092e-20,False,3,True,1,False
711,raw_prediction,True,25817600.0,solved,1,9200,9.085199348500121e-14,0.001002807707083,2534.257243669316,2.39044894989604e-14,1.8821920918810017e-15,1.8561439021948e-14,0.0,9.539313648211523e-14,2.1420044497223408e-15,False,27,True,1,False
711,mechanistic_target,True,,solved,1,6150,9.085199348500121e-14,0.001002807707083,2534.257243669316,9.855212453031792e-13,0.0,0.0,0.0,4.471436162035212e-14,0.0,False,0,True,1,False
712,raw_prediction,True,16617400.0,solved,1,5000,7.86402987006341e-14,0.0016041668700926,1371.290634879597,1.6689988715342204e-14,0.0,3.88257425528702e-17,0.0,4.5391983462584576e-14,1.0420695409187727e-17,False,9,True,1,False
712,mechanistic_target,True,,solved,1,3125,7.86402987006341e-14,0.0016041668700926,1371.290634879597,9.198458780678992e-13,0.0,0.0,0.0,1.6534014381237745e-13,0.0,False,0,True,1,False
713,raw_prediction,True,19146600.0,solved,1,6200,8.817945082954985e-14,0.0013686804802229,1802.184353171084,1.35603334117107e-14,5.273222637821063e-16,4.607496412785178e-16,0.0,1.8548142038907182e-14,3.273482843072121e-16,False,9,True,1,False
713,mechanistic_target,True,,solved,1,4800,8.817945082954985e-14,0.0013686804802229,1802.184353171084,1.7911960088943718e-13,0.0,1.0434998716358394e-14,0.0,2.2761204155498406e-14,8.388584288947185e-18,False,1,True,1,False
714,raw_prediction,True,19564200.0,solved,1,6325,1.0108278738343273e-13,0.0012006814306436,2354.958800610187,1.1236650201775292e-14,0.0,8.367411380407517e-15,0.0,7.954220199415289e-14,3.725088678343563e-15,False,17,True,1,False
714,mechanistic_target,True,,solved,1,5275,1.0108278738343273e-13,0.0012006814306436,2354.958800610187,5.80107393947727e-13,0.0,0.0,0.0,9.80215577528649e-14,0.0,False,0,True,1,False
715,raw_prediction,True,12245400.0,solved,1,2450,8.539223965029683e-14,0.0020165555564177,1184.5192184312814,8.246000522010822e-15,0.0,7.234118886841085e-17,0.0,4.70137909009542e-14,7.410881842454327e-19,False,5,True,1,False
715,mechanistic_target,True,,solved,1,1875,8.539223965029683e-14,0.0020165555564177,1184.5192184312814,5.517366635274059e-12,0.0,0.0,0.0,2.1747240007457016e-15,0.0,False,0,True,1,False
716,raw_prediction,True,30187000.0,solved,1,10500,6.83254748906197e-14,0.0023863762613975,800.8987893726957,1.1405515332011188e-14,0.0,5.081789382628936e-17,0.0,2.050003059401881e-14,5.714938059897955e-17,False,7,True,1,False
716,mechanistic_target,True,,solved,1,7275,6.83254748906197e-14,0.0023863762613975,800.8987893726957,2.557822707991056e-13,0.0,0.0,0.0,4.3504161600233646e-15,0.0,False,0,True,1,False
717,raw_prediction,True,7931700.0,solved,1,1900,6.173032853368886e-14,0.0023555120057054,733.0728995876103,2.0697409029922023e-14,0.0,1.0057885453762879e-13,0.0,1.2317268342136828e-14,1.1826555266861028e-15,False,13,True,1,False
717,mechanistic_target,True,,solved,1,7625,6.173032853368886e-14,0.0023555120057054,733.0728995876103,2.255821090426677e-13,0.0,0.0,0.0,2.336158914850476e-15,0.0,False,0,True,1,False
718,raw_prediction,True,15506200.0,solved,1,4450,6.833308863053393e-14,0.0013536292262509,1412.09926492034,1.2843650235677671e-14,1.5275369827068649e-15,2.446147511543483e-15,0.0,5.710280472071776e-13,3.2510083681444003e-16,False,18,True,1,False
718,mechanistic_target,True,,solved,1,25000,6.833308863053393e-14,0.0013536292262509,1412.09926492034,2.4877581863357465e-14,0.0,0.0,0.0,9.932773244521215e-15,0.0,False,0,True,1,False
719,raw_prediction,True,12742300.0,solved,1,3850,8.173230316393656e-14,0.0017120038083219,1335.4354765214214,2.8026192477881292e-14,0.0,7.99836976225212e-16,0.0,4.822608014004716e-14,7.490535748302442e-17,False,4,True,1,False
719,mechanistic_target,True,,solved,1,2250,8.173230316393656e-14,0.0017120038083219,1335.4354765214214,1.4779452320208633e-11,0.0,0.0,0.0,1.5176993515141405e-15,0.0,False,0,True,1,False
720,raw_prediction,True,25238600.0,solved,1,9250,9.030983948540722e-14,0.0010858471749878,2326.485033778457,2.163894063933469e-14,3.8815785376744356e-16,0.0,0.0,2.1680198871102893e-14,4.148286794762405e-17,False,1,True,1,False
720,mechanistic_target,True,,solved,1,7750,9.030983948540722e-14,0.0010858471749878,2326.485033778457,1.1174813415937357e-13,0.0,4.482613851183041e-15,0.0,1.65801942612434e-14,4.445718011610353e-18,False,1,True,1,False
721,raw_prediction,True,12462500.0,solved,1,3650,9.627569710000139e-14,0.0015044462841864,1790.0859520322606,1.1344906941758146e-14,0.0,8.928881825346654e-17,0.0,5.746388581784893e-14,7.027397534379261e-16,False,13,True,1,False
721,mechanistic_target,True,,solved,1,3250,9.627569710000139e-14,0.0015044462841864,1790.0859520322606,9.598534059594582e-13,0.0,0.0,0.0,1.2052613081192742e-13,0.0,False,0,True,1,False
722,raw_prediction,True,5530400.0,solved,1,800,7.33917307607437e-14,0.0019857590875583,1033.8427090976998,5.117471630070768e-15,3.526640701956127e-16,3.5049268853480317e-15,0.0,1.218895897232676e-13,3.044248877058695e-15,False,13,True,1,False
722,mechanistic_target,True,,solved,1,2250,7.33917307607437e-14,0.0019857590875583,1033.8427090976998,4.7516305624563633e-11,0.0,0.0,0.0,4.694322655334862e-15,0.0,False,0,True,1,False
723,raw_prediction,True,36945000.0,solved,1,13375,8.963250700503976e-14,0.0006480538587256,3868.9074540464017,7.763055366995254e-15,5.761416113685862e-16,1.821560121465446e-15,0.0,8.058356962267879e-14,3.2266995289396087e-16,False,19,True,1,False
723,mechanistic_target,True,,solved,1,25200,8.963250700503976e-14,0.0006480538587256,3868.9074540464017,1.3545576568718892e-14,0.0,0.0,0.0,2.1405151590862336e-14,1.1238930752636748e-22,False,3,True,1,False
724,raw_prediction,True,9079400.0,solved,1,2175,6.730106678528566e-14,0.0019880888644369,946.9347492885568,1.5888332316471576e-14,3.6421677572447553e-16,6.459035984413648e-15,0.0,3.263350170972934e-14,2.0058147450153986e-15,False,23,True,1,False
724,mechanistic_target,True,,solved,1,10775,6.730106678528566e-14,0.0019880888644369,946.9347492885568,2.4145125598041704e-13,0.0,0.0,0.0,2.755829050911305e-15,0.0,False,0,True,1,False
725,raw_prediction,True,5616100.0,solved,1,550,7.138700111268063e-14,0.0022053707681806,905.4644895292269,8.703660891944478e-15,2.931587276144364e-16,1.9479450572491493e-14,0.0,2.8635314682227784e-14,4.850687811337352e-16,False,15,True,1,False
725,mechanistic_target,True,,solved,1,6450,7.138700111268063e-14,0.0022053707681806,905.4644895292269,1.0041737142626353e-12,0.0,1.3665295179078144e-13,0.0,3.914056308322316e-15,1.1715223405945279e-16,False,1,True,1,False
726,raw_prediction,True,15306100.0,solved,1,5475,6.121626012106784e-14,0.0014232983468743,1203.108367621855,8.370472356624158e-15,0.0,0.0,0.0,1.9915730977486043e-14,5.730931764853484e-17,False,1,True,1,False
726,mechanistic_target,True,,solved,1,4425,6.121626012106784e-14,0.0014232983468743,1203.108367621855,7.96405802109153e-14,0.0,0.0,0.0,1.1190655748136787e-14,0.0,False,0,True,1,False
727,raw_prediction,True,14721800.0,solved,1,4600,8.0243302095149e-14,0.0013716125662712,1636.482009196002,2.044631824960064e-14,0.0,3.712287804389599e-14,0.0,2.0623806199333672e-14,2.466859906471697e-15,False,4,True,1,False
727,mechanistic_target,True,,solved,1,4725,8.0243302095149e-14,0.0013716125662712,1636.482009196002,1.9349618567677032e-13,0.0,8.969798799599424e-15,0.0,1.8691170146218093e-14,8.03480575658359e-18,False,1,True,1,False
728,raw_prediction,True,3317500.0,solved,1,300,5.710086035042775e-14,0.004989853067237,320.1022987498813,1.5913150324983108e-14,0.0,1.1068474309914573e-13,0.0,1.4441400081854372e-14,9.672424347873545e-14,False,21,True,1,False
728,mechanistic_target,True,,solved,1,1025,5.710086035042775e-14,0.004989853067237,320.1022987498813,6.509503558253774e-15,0.0,0.0,0.0,2.0917530383911828e-17,0.0,False,0,True,1,False
729,raw_prediction,True,20319200.0,solved,1,6750,8.04862027192168e-14,0.0013355370031638,1685.77423282941,1.1448218288560293e-14,0.0,8.334726179702801e-16,0.0,4.4164288513548086e-14,1.1557127626402002e-16,False,11,True,1,False
729,mechanistic_target,True,,solved,1,3900,8.04862027192168e-14,0.0013355370031638,1685.77423282941,9.253152089462869e-13,0.0,0.0,0.0,9.489738474402207e-14,0.0,False,0,True,1,False
730,raw_prediction,True,29282600.0,solved,1,11250,5.843170573961456e-14,0.0034671856019946,471.41714397797074,4.532938863064717e-15,2.9313920054898296e-16,3.023454312910988e-16,0.0,1.427733804684378e-14,9.673313374329695e-17,False,7,True,1,False
730,mechanistic_target,True,,solved,1,2500,5.843170573961456e-14,0.0034671856019946,471.41714397797074,4.933195873110826e-13,0.0,0.0,0.0,1.0115285173153231e-16,0.0,False,0,True,1,False
731,raw_prediction,True,7223900.0,solved,1,1900,5.854725269431648e-14,0.0018216222248457,899.0463930751281,1.1200599052993068e-15,0.0,1.1205756188005642e-15,0.0,5.225577167408466e-13,8.808298233142821e-15,False,10,True,1,False
731,mechanistic_target,True,,solved,1,3025,5.854725269431648e-14,0.0018216222248457,899.0463930751281,5.583440921029702e-14,0.0,0.0,0.0,7.736092391364078e-15,0.0,False,0,True,1,False
732,raw_prediction,True,31683000.0,solved,1,12550,6.499543832056741e-14,0.0019260010022473,943.9745086196612,1.1760644541558565e-13,0.0,0.0,0.0,7.239579494236925e-15,0.0,False,0,True,1,False
732,mechanistic_target,True,,solved,1,10025,6.499543832056741e-14,0.0019260010022473,943.9745086196612,5.563331816246078e-13,0.0,0.0,0.0,5.935822001146162e-15,0.0,False,0,True,1,False
733,raw_prediction,True,17458500.0,solved,1,5775,9.109759098647329e-14,0.0014422086169639,1766.9029869884544,3.247315610854784e-14,1.5834903091096618e-15,2.2777124499856428e-15,0.0,2.435929261439069e-14,2.8692840974964957e-16,False,2,True,1,False
733,mechanistic_target,True,,solved,1,3800,9.109759098647329e-14,0.0014422086169639,1766.9029869884544,6.270918985841943e-13,0.0,0.0,0.0,6.284525800098518e-14,0.0,False,0,True,1,False
734,raw_prediction,True,15754900.0,solved,1,5425,5.958598486830689e-14,0.0029170227862905,571.3973196859082,1.3281788878191288e-14,0.0,4.240713483046229e-16,0.0,5.00762572436874e-14,8.431884251470545e-17,False,14,True,1,False
734,mechanistic_target,True,,solved,1,2250,5.958598486830689e-14,0.0029170227862905,571.3973196859082,3.6472504669417366e-14,0.0,0.0,0.0,2.4175191550249944e-17,0.0,False,0,True,1,False
735,raw_prediction,True,13545500.0,solved,1,4525,9.608098136082924e-14,0.0015893996569408,1690.9789984855197,1.5993283086768173e-14,0.0,0.0,0.0,4.7916437113871337e-14,4.5765487715845675e-17,False,1,True,1,False
735,mechanistic_target,True,,solved,1,3100,9.608098136082924e-14,0.0015893996569408,1690.9789984855197,5.968151763735778e-13,0.0,0.0,0.0,7.179313592342492e-14,0.0,False,0,True,1,False
736,raw_prediction,True,12725900.0,solved,1,3675,7.046102252521828e-14,0.0018156153995612,1085.5728725648046,7.334166357206771e-15,2.7663959594388664e-16,4.62333834458095e-16,0.0,3.764398965191788e-14,4.8657423523677335e-17,False,3,True,1,False
736,mechanistic_target,True,,solved,1,2875,7.046102252521828e-14,0.0018156153995612,1085.5728725648046,4.712073262010428e-13,0.0,0.0,0.0,6.821532429018519e-14,0.0,False,0,True,1,False
737,raw_prediction,True,22176500.0,solved,1,7550,8.716918372042603e-14,0.0012745886048871,1913.0523132452936,1.4227334588223783e-14,8.283254761250123e-16,1.9225452434141484e-17,0.0,4.950209682184767e-14,9.457485830667928e-17,False,3,True,1,False
737,mechanistic_target,True,,solved,1,5075,8.716918372042603e-14,0.0012745886048871,1913.0523132452936,2.461799226326635e-13,0.0,1.1097807815193092e-14,0.0,2.6314806118445243e-14,9.582442995538533e-19,False,1,True,1,False
738,raw_prediction,True,3868000.0,solved,1,400,5.713932859200996e-14,0.0040208298467378,397.5148309030668,1.1060015344480622e-14,0.0,1.4967391577506551e-16,0.0,2.7435570496049148e-14,1.1986294608522826e-16,False,6,True,1,False
738,mechanistic_target,True,,solved,1,1350,5.713932859200996e-14,0.0040208298467378,397.5148309030668,1.2464146689544532e-14,0.0,0.0,0.0,5.179193793723474e-17,0.0,False,0,True,1,False
739,raw_prediction,True,3766400.0,solved,1,550,5.710327601926982e-14,0.0039921549714467,400.11748576271776,1.0657826689831626e-14,0.0,9.234911836470021e-16,0.0,3.515884422286407e-14,2.3946938516714413e-16,False,9,True,1,False
739,mechanistic_target,True,,solved,1,2275,5.710327601926982e-14,0.0039921549714467,400.11748576271776,1.0668622396055873e-12,0.0,0.0,0.0,3.570910104704339e-16,0.0,False,0,True,1,False
740,raw_prediction,True,5541500.0,solved,1,450,6.599065610685372e-14,0.0026122621818291,706.642219816914,5.196416029241681e-15,0.0,7.396524037000493e-15,0.0,4.2132017850908857e-14,2.7623975216761777e-15,False,21,True,1,False
740,mechanistic_target,True,,solved,1,3150,6.599065610685372e-14,0.0026122621818291,706.642219816914,3.125795931599337e-13,0.0,0.0,0.0,1.2473804313130706e-16,0.0,False,0,True,1,False
741,raw_prediction,True,13401100.0,solved,1,3275,7.672274761381983e-14,0.001618766095498,1325.7875803310808,1.5279444376403717e-14,1.0341887227185101e-15,1.030900324605922e-14,0.0,5.162059744515616e-14,3.432103438342455e-15,False,29,True,1,False
741,mechanistic_target,True,,solved,1,3525,7.672274761381983e-14,0.001618766095498,1325.7875803310808,2.889362798203515e-13,0.0,0.0,0.0,4.503720343998122e-14,0.0,False,0,True,1,False
742,raw_prediction,True,23528200.0,solved,1,8000,7.081580114127826e-14,0.0012376208778172,1600.576529448726,1.3765146152570171e-14,0.0,0.0,0.0,3.3093726970778357e-14,0.0,False,2,True,1,False
742,mechanistic_target,True,,solved,1,7225,7.081580114127826e-14,0.0012376208778172,1600.576529448726,1.5656508786500233e-14,0.0,0.0,0.0,8.299256402580476e-15,8.858190512543571e-21,False,3,True,1,False
743,raw_prediction,True,8727100.0,solved,1,1900,6.405681190816965e-14,0.0015286959269966,1172.1362846468824,9.036330887515392e-15,8.591368352105791e-15,2.9743532641292345e-15,0.0,4.172403187501972e-14,9.761702718078016e-15,False,25,True,1,False
743,mechanistic_target,True,,solved,1,19100,6.405681190816965e-14,0.0015286959269966,1172.1362846468824,4.814049658291418e-14,0.0,0.0,0.0,8.810631873901976e-15,0.0,False,0,True,1,False
744,raw_prediction,True,5013100.0,solved,1,1000,5.707941168871513e-14,0.0064777569488033,246.48400265125136,2.2376097397331256e-14,0.0,0.0,0.0,1.6294518905206643e-14,0.0,False,0,True,1,False
744,mechanistic_target,True,,solved,1,575,5.707941168871513e-14,0.0064777569488033,246.48400265125136,3.0877839052374688e-15,0.0,0.0,0.0,8.121146591310464e-17,0.0,False,0,True,1,False
745,raw_prediction,True,19425100.0,solved,1,7225,6.293708521528627e-14,0.0028641770525495,614.6680838304892,1.7725404477531015e-14,0.0,4.914623826565596e-16,0.0,4.3505243155827324e-14,2.327018526314984e-16,False,10,True,1,False
745,mechanistic_target,True,,solved,1,4575,6.293708521528627e-14,0.0028641770525495,614.6680838304892,2.930883437054045e-13,0.0,0.0,0.0,3.611207019032812e-15,3.99403546400442e-19,False,3,True,1,False
746,raw_prediction,True,32308200.0,solved,1,11900,9.507652726458928e-14,0.0007015073972194,3791.184796023986,6.597388983882803e-15,4.659861134419855e-15,0.0,0.0,7.122033676992818e-14,1.480197105303307e-15,False,6,True,1,False
746,mechanistic_target,True,,solved,1,22250,9.507652726458928e-14,0.0007015073972194,3791.184796023986,1.1098485468385895e-14,0.0,0.0,0.0,1.433668983115473e-14,3.727526071981508e-21,False,3,True,1,False
747,raw_prediction,True,6946200.0,solved,1,1250,6.68731062160896e-14,0.0025074442756614,746.0262425115461,9.53808341287816e-15,5.524734388965479e-15,8.655598887000015e-15,0.0,1.7699409375529066e-14,3.7626478173289936e-15,False,21,True,1,False
747,mechanistic_target,True,,solved,1,5275,6.68731062160896e-14,0.0025074442756614,746.0262425115461,9.471319409125548e-13,0.0,0.0,0.0,1.4210063075618848e-14,0.0,False,0,True,1,False
748,raw_prediction,True,11773700.0,solved,1,3600,9.479172573791213e-14,0.0009987453692839,2654.9084496338323,1.0981666964671176e-14,4.3075029586782144e-17,2.3095865570080588e-15,0.0,4.4499550064703374e-14,1.478200271603898e-15,False,7,True,1,False
748,mechanistic_target,True,,solved,1,8750,9.479172573791213e-14,0.0009987453692839,2654.9084496338323,1.627979754644309e-13,0.0,0.0,0.0,1.5772049002854603e-14,0.0,False,0,True,1,False
749,raw_prediction,True,258877400.0,solved inaccurate,2,100000,9.260565301870677e-14,0.0007881240197165,3286.8269049841283,2.3500546320532983e-14,0.0,6.720894394907405e-15,0.0,2.1457291641275658e-13,9.071045892951006e-16,False,9,True,1,False
749,mechanistic_target,True,,solved,1,12200,9.260565301870677e-14,0.0007881240197165,3286.8269049841283,3.554422765856753e-13,0.0,0.0,0.0,3.0668095129249923e-14,0.0,False,0,True,1,False
750,raw_prediction,True,19988000.0,solved,1,7150,7.101817284596755e-14,0.0024931329841772,796.8158211397368,1.8188271698972955e-14,0.0,3.6856367225692607e-16,0.0,4.4847268330658457e-14,5.54168966116533e-17,False,10,True,1,False
750,mechanistic_target,True,,solved,1,3475,7.101817284596755e-14,0.0024931329841772,796.8158211397368,8.008671672046038e-13,0.0,0.0,0.0,2.41334126067507e-16,0.0,False,0,True,1,False
751,raw_prediction,True,12747300.0,solved,1,4475,6.931010654654307e-14,0.0017968190807771,1079.0116013245377,1.40391170910803e-14,0.0,5.306977297882106e-17,0.0,1.4021260157657073e-13,1.747295017545454e-16,False,8,True,1,False
751,mechanistic_target,True,,solved,1,14325,6.931010654654307e-14,0.0017968190807771,1079.0116013245377,1.1040502234645933e-13,0.0,0.0,0.0,1.379533942106367e-15,0.0,False,0,True,1,False
752,raw_prediction,True,13733800.0,solved,1,3800,6.323874276571756e-14,0.00141969116095,1246.014933356924,1.9997892231060632e-14,0.0,1.7185946830039669e-15,0.0,9.16812159032742e-15,4.100648000529033e-16,False,14,True,1,False
752,mechanistic_target,True,,solved,1,26200,6.323874276571756e-14,0.00141969116095,1246.014933356924,1.250713702081552e-14,0.0,0.0,0.0,8.808520086029086e-15,0.0,False,0,True,1,False
753,raw_prediction,True,17710900.0,solved,1,5300,8.93759159906305e-14,0.0015075409576383,1658.384706959605,1.3995749004180881e-14,4.116665271951962e-16,9.830712600113249e-16,0.0,3.987918848485434e-14,1.4203405660672635e-16,False,12,True,1,False
753,mechanistic_target,True,,solved,1,3550,8.93759159906305e-14,0.0015075409576383,1658.384706959605,4.02291345168145e-13,0.0,0.0,0.0,2.899069768126507e-14,0.0,False,0,True,1,False
754,raw_prediction,True,21014700.0,solved,1,7850,5.894502052617088e-14,0.002647163091582,622.8741718763296,1.2308947264227932e-14,1.904500336326856e-15,1.828438893337099e-15,0.0,1.445656167990173e-14,1.3390544966031481e-16,False,2,True,1,False
754,mechanistic_target,True,,solved,1,4875,5.894502052617088e-14,0.002647163091582,622.8741718763296,8.338908623519419e-13,0.0,0.0,0.0,6.650319781693744e-15,0.0,False,0,True,1,False
755,raw_prediction,True,38969000.0,solved,1,14425,7.950210833232063e-14,0.0008042974308775,2765.0046307457887,2.6187385593345883e-14,2.185847378424011e-15,2.446147511543483e-15,0.0,1.6040907714004546e-13,2.7337601079994504e-15,False,25,True,1,False
755,mechanistic_target,True,,solved,1,15825,7.950210833232063e-14,0.0008042974308775,2765.0046307457887,3.1309446071855383e-14,0.0,0.0,0.0,4.499954519452293e-15,5.713425413140386e-23,False,3,True,1,False
756,raw_prediction,True,20695600.0,solved,1,6875,9.422341780870469e-14,0.0010585367338324,2489.92816819524,1.3317038444204954e-14,2.2558111335039924e-15,2.9718634782841363e-15,0.0,4.971945879513296e-13,9.331175370559706e-16,False,23,True,1,False
756,mechanistic_target,True,,solved,1,7150,9.422341780870469e-14,0.0010585367338324,2489.92816819524,3.301692703655388e-13,0.0,0.0,0.0,1.621850894168051e-14,0.0,False,0,True,1,False
757,raw_prediction,True,5166100.0,solved,1,825,6.497418552244614e-14,0.0032308102867028,562.5527935519553,1.1322540127700621e-14,2.2440406461476e-15,1.8476692456064477e-14,0.0,2.9167697198075787e-14,8.563666760730466e-15,False,27,True,1,False
757,mechanistic_target,True,,solved,1,3900,6.497418552244614e-14,0.0032308102867028,562.5527935519553,2.754827396009391e-13,0.0,0.0,0.0,4.348288925631668e-15,0.0,False,0,True,1,False
758,raw_prediction,True,16140900.0,solved,1,5175,7.191398760104968e-14,0.0015029747119084,1338.4297947491564,6.456338317871585e-15,4.092293586393532e-16,1.007297605459373e-14,0.0,8.512243647910717e-14,5.7928776386387306e-15,False,19,True,1,False
758,mechanistic_target,True,,solved,1,21950,7.191398760104968e-14,0.0015029747119084,1338.4297947491564,4.5798915506039873e-14,0.0,0.0,0.0,3.540314937550125e-15,0.0,False,0,True,1,False
759,raw_prediction,True,14274100.0,solved,1,4475,6.113935219948146e-14,0.0016676200950155,1025.5518244615546,8.203368554288008e-15,2.735720946126949e-15,3.708013147216904e-15,0.0,6.544580368963372e-14,1.4462259093260522e-15,False,23,True,1,False
759,mechanistic_target,True,,solved,1,14875,6.113935219948146e-14,0.0016676200950155,1025.5518244615546,7.717037288989091e-14,0.0,0.0,0.0,1.2390320261651695e-14,0.0,False,0,True,1,False
760,raw_prediction,True,45769900.0,solved,1,17325,6.646758755758437e-14,0.0006987596315961,2660.823133170428,2.739166294940444e-14,0.0,6.251054235589558e-15,0.0,1.5044445725116212e-13,2.6221969961796476e-15,False,19,True,1,False
760,mechanistic_target,True,,solved,1,23350,6.646758755758437e-14,0.0006987596315961,2660.823133170428,1.0180949815155096e-14,0.0,0.0,0.0,2.499243010447544e-14,0.0,False,0,True,1,False
761,raw_prediction,True,17543300.0,solved,1,5725,9.330978995887269e-14,0.0010174821917915,2565.27715445698,1.0676035909986648e-14,6.800237926641677e-16,7.551131042421574e-15,0.0,1.695233585714143e-13,2.231447107860007e-15,False,26,True,1,False
761,mechanistic_target,True,,solved,1,8900,9.330978995887269e-14,0.0010174821917915,2565.27715445698,9.88417251366447e-14,0.0,3.2960876121853588e-15,0.0,1.0631690565522716e-14,2.712820385864104e-18,False,1,True,1,False
762,raw_prediction,True,17338300.0,solved,1,6475,6.634132390215132e-14,0.0025168895211172,737.3163761581321,2.967348589066887e-13,0.0,4.444673744146296e-14,0.0,8.630470076765758e-15,9.5658211928294e-15,False,3,True,1,False
762,mechanistic_target,True,,solved,1,5550,6.634132390215132e-14,0.0025168895211172,737.3163761581321,8.301387365650743e-13,0.0,0.0,0.0,1.2653088684562231e-14,0.0,False,0,True,1,False
763,raw_prediction,True,12157500.0,solved,1,2725,5.869677693343194e-14,0.0017314695120435,948.2728233705376,2.2336299476677368e-14,0.0,1.1825667877338734e-14,0.0,3.369853767579281e-14,5.838708496998944e-15,False,29,True,1,False
763,mechanistic_target,True,,solved,1,2825,5.869677693343194e-14,0.0017314695120435,948.2728233705376,3.860724734984733e-13,0.0,2.2091174221277933e-14,0.0,4.5586573397115056e-14,1.0257746584589136e-17,False,1,True,1,False
764,raw_prediction,True,8791800.0,solved,1,1850,6.153399377035183e-14,0.0023747884570623,724.8098261841079,8.560860353945543e-15,5.189613105074614e-16,6.227113122059705e-15,0.0,3.4510366459669514e-14,1.956568881822473e-15,False,21,True,1,False
764,mechanistic_target,True,,solved,1,7050,6.153399377035183e-14,0.0023747884570623,724.8098261841079,3.493786470956623e-13,0.0,4.3248456952436684e-14,0.0,3.18604397380386e-15,3.832523987741906e-17,False,1,True,1,False
765,raw_prediction,True,43248500.0,solved,1,17175,8.153761079839823e-14,0.0008356455948683,2729.416119201589,5.0588873368173643e-14,0.0,9.725765499122767e-17,0.0,1.2643203289003481e-13,9.292816562651625e-17,False,10,True,1,False
765,mechanistic_target,True,,solved,1,15125,8.153761079839823e-14,0.0008356455948683,2729.416119201589,2.8637700902527465e-14,0.0,0.0,0.0,4.944610367779408e-15,0.0,False,0,True,1,False
766,raw_prediction,True,7813400.0,solved,1,1650,6.320400476710005e-14,0.0021270700901554,831.1830818183734,1.1855100234825501e-14,1.92687901924594e-15,1.2161873515384211e-14,0.0,4.492202469092624e-14,3.721086292949537e-15,False,25,True,1,False
766,mechanistic_target,True,,solved,1,9475,6.320400476710005e-14,0.0021270700901554,831.1830818183734,2.2574222019793978e-13,0.0,0.0,0.0,2.094881239749255e-15,0.0,False,0,True,1,False
767,raw_prediction,True,5984800.0,solved,1,1075,6.844554228589013e-14,0.0023574990577643,812.1337134282377,6.394537677145706e-14,3.269328273873718e-14,5.2090397649663136e-14,0.0,7.960860168620495e-14,1.461642034201653e-14,False,25,True,1,False
767,mechanistic_target,True,,solved,1,7100,6.844554228589013e-14,0.0023574990577643,812.1337134282377,3.222142462672656e-13,0.0,0.0,0.0,4.603877335711737e-15,0.0,False,0,True,1,False
768,raw_prediction,True,24259200.0,solved,1,8875,8.797988762210743e-14,0.0010457495420035,2353.3667782326493,1.0783041126671831e-14,1.963868999199521e-15,1.1291078020979428e-14,0.0,1.3188531133891918e-13,2.387347769812904e-15,False,21,True,1,False
768,mechanistic_target,True,,solved,1,8700,8.797988762210743e-14,0.0010457495420035,2353.3667782326493,6.910068656208891e-14,0.0,2.5147564922289885e-15,0.0,1.0193013287523671e-14,3.58790624216558e-19,False,1,True,1,False
769,raw_prediction,True,24426900.0,solved,1,9450,1.0211291661448254e-13,0.0011340631975709,2518.705105171233,2.8644553496139916e-14,0.0,0.0,0.0,9.153601184270278e-14,4.479957248492027e-17,False,1,True,1,False
769,mechanistic_target,True,,solved,1,6175,1.0211291661448254e-13,0.0011340631975709,2518.705105171233,2.804574306343032e-13,0.0,1.4498459276591166e-14,0.0,4.078443698646168e-14,9.958660715883765e-18,False,1,True,1,False
770,raw_prediction,True,6108300.0,solved,1,475,5.715651867435483e-14,0.003643064092541,438.8669286286434,7.454819853211236e-15,1.4230152855266053e-14,2.012142428416232e-14,0.0,3.2925880221164774e-14,7.055280004637711e-15,False,20,True,1,False
770,mechanistic_target,True,,solved,1,1775,5.715651867435483e-14,0.003643064092541,438.8669286286434,3.960195554468199e-14,0.0,0.0,0.0,5.466987961939697e-17,0.0,False,0,True,1,False
771,raw_prediction,True,59178800.0,solved,1,22850,7.67084663929354e-14,0.0005727820737246,3746.172583687488,4.3353621585093474e-13,1.8496077443143668e-15,2.163899721750004e-15,0.0,3.3876918262241808e-12,4.120043355929201e-15,False,24,True,1,False
771,mechanistic_target,True,,solved,1,35950,7.67084663929354e-14,0.0005727820737246,3746.172583687488,8.635784844824069e-14,0.0,1.8806800045753016e-16,0.0,5.787822359125533e-13,1.6252553428914785e-17,False,1,True,1,False
772,raw_prediction,True,5637000.0,solved,1,450,5.714166374014913e-14,0.0049895756892949,320.348846570285,1.013292945016692e-14,0.0,6.433547557340587e-14,0.0,2.064716029258189e-14,3.983037225183438e-15,False,13,True,1,False
772,mechanistic_target,True,,solved,1,1475,5.714166374014913e-14,0.0049895756892949,320.348846570285,3.815466077009148e-13,0.0,5.322063207391913e-17,0.0,1.6380562420667532e-16,1.7724241455853862e-20,False,1,True,1,False
773,raw_prediction,True,236582300.0,maximum iterations reached,7,100000,8.713536798510303e-14,0.0005363379396791,4544.53914656804,1.4522757996182636e-13,1.2673525558447329e-15,6.5538084000754995e-16,0.0,7.036320419783728e-13,3.606669642695757e-16,False,2,True,1,False
773,mechanistic_target,True,,solved,1,45200,8.713536798510303e-14,0.0005363379396791,4544.53914656804,5.13224858870336e-14,0.0,1.1320214509221316e-15,0.0,2.1490682546569854e-13,7.014640811457047e-16,False,2,True,1,False
774,raw_prediction,True,19444900.0,solved,1,7375,6.120582354924984e-14,0.0026585859920899,643.9852677615856,2.925671028648744e-14,3.895589262030672e-15,3.485434467312879e-15,0.0,1.5118635122772612e-14,6.88117587846625e-16,False,6,True,1,False
774,mechanistic_target,True,,solved,1,5350,6.120582354924984e-14,0.0026585859920899,643.9852677615856,4.5377668663571366e-13,0.0,0.0,0.0,4.778466398508829e-15,0.0,False,0,True,1,False
775,raw_prediction,True,36163700.0,solved,1,12650,6.861630864178166e-14,0.001004952139313,1909.9230498288448,1.1097753472620823e-14,3.0063966888669384e-17,8.862536359193004e-16,0.0,6.337194933468366e-14,3.1472713912237865e-16,False,10,True,1,False
775,mechanistic_target,True,,solved,1,10750,6.861630864178166e-14,0.001004952139313,1909.9230498288448,2.0624156487319942e-14,0.0,1.906562443658327e-15,0.0,1.0464195775090878e-14,5.5824267877768494e-18,False,2,True,1,False
776,raw_prediction,True,14734800.0,solved,1,4800,5.790351550506859e-14,0.0012550533857395,1290.5553358969178,1.3383122172381451e-14,0.0,6.582380016013556e-16,0.0,3.9350623839364644e-14,5.013599619250774e-16,False,19,True,1,False
776,mechanistic_target,True,,solved,1,6250,5.790351550506859e-14,0.0012550533857395,1290.5553358969178,5.455086274656381e-14,0.0,0.0,0.0,3.816529103135411e-15,0.0,False,0,True,1,False
777,raw_prediction,True,26522000.0,solved,1,10525,6.63168588699709e-14,0.0023698495108689,782.7752353716158,1.590789689893389e-14,1.4497952305621376e-15,2.085302672751295e-15,0.0,1.8502770387311743e-14,3.23540095993118e-16,False,5,True,1,False
777,mechanistic_target,True,,solved,1,7150,6.63168588699709e-14,0.0023698495108689,782.7752353716158,3.280855735696007e-13,0.0,0.0,0.0,4.893860385364224e-15,0.0,False,0,True,1,False
778,raw_prediction,True,5154200.0,solved,1,650,5.878892137661182e-14,0.004249611452206,386.9725567203138,2.5131811854175355e-15,5.499406687794358e-16,6.7679656702198194e-15,0.0,3.298268359244288e-14,5.732529004928207e-16,False,18,True,1,False
778,mechanistic_target,True,,solved,1,1850,5.878892137661182e-14,0.004249611452206,386.9725567203138,3.3930052630745617e-13,0.0,0.0,0.0,8.53972211380712e-17,0.0,False,0,True,1,False
779,raw_prediction,True,4739900.0,solved,1,725,6.16706520557118e-14,0.002493457465906,691.8476570338362,1.0405193947686328e-14,4.702994912599852e-15,6.734406230607171e-15,0.0,1.317593526286505e-13,2.7745222561058654e-15,False,22,True,1,False
779,mechanistic_target,True,,solved,1,7225,6.16706520557118e-14,0.002493457465906,691.8476570338362,1.0161515905872237e-13,0.0,0.0,0.0,1.2558593985080297e-15,0.0,False,0,True,1,False
780,raw_prediction,True,8372100.0,solved,1,1850,6.936001907651092e-14,0.0020398575487041,951.1374073777312,2.714495295208508e-14,1.328166124826419e-14,2.279934924220656e-14,0.0,2.1156866982605097e-13,1.1521163663780663e-14,False,19,True,1,False
780,mechanistic_target,True,,solved,1,9625,6.936001907651092e-14,0.0020398575487041,951.1374073777312,2.7056342404202783e-13,0.0,0.0,0.0,3.1421438875718024e-15,0.0,False,0,True,1,False
781,raw_prediction,True,7038100.0,solved,1,1425,6.75409158326029e-14,0.0022975731697977,822.3022766514459,2.0877397033380877e-14,9.658562039350384e-15,1.5743154497369592e-14,0.0,4.6286086085824925e-14,7.432000004517399e-15,False,17,True,1,False
781,mechanistic_target,True,,solved,1,7275,6.75409158326029e-14,0.0022975731697977,822.3022766514459,4.360403946938426e-13,0.0,0.0,0.0,6.0686098121339254e-15,0.0,False,0,True,1,False
782,raw_prediction,True,230510500.0,solved inaccurate,2,100000,9.190506079998989e-14,0.000479179915813,5365.0616683788585,1.6444813137970297e-13,9.345213115725274e-16,8.00787417265563e-15,0.0,9.868352958301754e-13,2.8366912749547937e-15,False,19,True,1,False
782,mechanistic_target,True,,solved,1,40725,9.190506079998989e-14,0.000479179915813,5365.0616683788585,3.110526134644432e-14,0.0,1.3554467372883417e-15,0.0,3.241028665558772e-13,4.493745420456198e-16,False,2,True,1,False
783,raw_prediction,True,7442100.0,solved,1,1600,6.231308848217352e-14,0.0026750721248718,651.5949049296548,1.0507182811606036e-14,9.239042605889536e-16,1.450069534526579e-14,0.0,7.506895697138455e-14,8.284364062954131e-15,False,29,True,1,False
783,mechanistic_target,True,,solved,1,3775,6.231308848217352e-14,0.0026750721248718,651.5949049296548,2.8236579865117455e-12,0.0,5.153912130593947e-16,0.0,5.366177389910627e-16,1.3337478146345133e-18,False,1,True,1,False
784,raw_prediction,True,17379100.0,solved,1,6275,9.584710538795297e-14,0.0013078515648852,2050.002750323213,1.3466658344007952e-14,0.0,6.095554394128865e-15,0.0,2.922883917326694e-14,1.0732918820493279e-15,False,23,True,1,False
784,mechanistic_target,True,,solved,1,4675,9.584710538795297e-14,0.0013078515648852,2050.002750323213,4.709462124394075e-13,0.0,0.0,0.0,5.683231498617272e-14,0.0,False,0,True,1,False
785,raw_prediction,True,4640000.0,solved,1,300,5.708215103660209e-14,0.0056488320541009,282.66729697763554,3.040497100813669e-12,7.355410585053102e-14,4.9314961050027265e-14,0.0,8.686731160939578e-15,5.0132265282885705e-15,False,19,True,1,False
785,mechanistic_target,True,,solved,1,925,5.708215103660209e-14,0.0056488320541009,282.66729697763554,1.712428924164926e-14,0.0,0.0,0.0,1.8868598155220191e-16,0.0,False,0,True,1,False
786,raw_prediction,True,16007400.0,solved,1,6000,5.869091626780067e-14,0.0025704644920022,638.6945042099701,9.105979859036497e-13,0.0,0.0,0.0,3.912112598919452e-15,0.0,False,0,True,1,False
786,mechanistic_target,True,,solved,1,7725,5.869091626780067e-14,0.0025704644920022,638.6945042099701,3.3504285421370514e-14,0.0,0.0,0.0,5.557143412359811e-15,2.1590949849060645e-19,False,3,True,1,False
787,raw_prediction,True,25663400.0,solved,1,9100,7.388805295004615e-14,0.0023080597028044,895.490705137467,7.349805563689855e-15,2.244592838499883e-16,0.0,0.0,3.7375583251204905e-14,2.691379322543221e-17,False,1,True,1,False
787,mechanistic_target,True,,solved,1,3275,7.388805295004615e-14,0.0023080597028044,895.490705137467,7.25262918938572e-14,0.0,0.0,0.0,1.5379236720165362e-16,0.0,False,0,True,1,False
788,raw_prediction,True,59920300.0,solved,1,23350,8.887694270469141e-14,0.0006540527609822,3801.1081112394377,7.011193560359222e-15,0.0,2.0302569312171214e-15,0.0,1.137998043970512e-13,4.1703807852588375e-16,False,18,True,1,False
788,mechanistic_target,True,,solved,1,25400,8.887694270469141e-14,0.0006540527609822,3801.1081112394377,1.4006938774135984e-14,0.0,0.0,0.0,1.859987118488295e-14,0.0,False,0,True,1,False
789,raw_prediction,True,16172400.0,solved,1,5000,6.42157560906838e-14,0.0016006855170755,1122.1979820451324,1.1159295185002784e-14,0.0,3.5715527301386606e-17,0.0,8.676025759978059e-14,4.9094690205119526e-17,False,13,True,1,False
789,mechanistic_target,True,,solved,1,11500,6.42157560906838e-14,0.0016006855170755,1122.1979820451324,9.809795571231773e-13,0.0,0.0,0.0,7.659807970231146e-15,0.0,False,0,True,1,False
790,raw_prediction,True,8913900.0,solved,1,2200,6.945934290166542e-14,0.0020602680125082,943.0633106628762,8.917610370868265e-15,4.988229035168493e-16,7.640082826560341e-15,0.0,6.354080778905552e-14,3.94057057296089e-15,False,16,True,1,False
790,mechanistic_target,True,,solved,1,8975,6.945934290166542e-14,0.0020602680125082,943.0633106628762,4.043485706251712e-13,0.0,4.091123861168127e-14,0.0,1.8510259697778335e-15,6.430475451346491e-17,False,1,True,1,False
791,raw_prediction,True,60007700.0,solved,1,20550,9.015001944233525e-14,0.0007964489333224,3166.2251062058463,1.846169413816649e-14,0.0,9.805560211415058e-16,0.0,1.1660514032437129e-13,1.5663627778291826e-16,False,18,True,1,False
791,mechanistic_target,True,,solved,1,15850,9.015001944233525e-14,0.0007964489333224,3166.2251062058463,2.8022482651588642e-14,0.0,0.0,0.0,6.95471712300371e-15,0.0,False,0,True,1,False
792,raw_prediction,True,8991400.0,solved,1,2300,6.105627689620552e-14,0.0018195324449229,938.6515738144884,5.705232449548211e-15,3.741773776002956e-15,4.9894588672109805e-15,0.0,4.121524402920263e-14,1.8057810595888478e-15,False,18,True,1,False
792,mechanistic_target,True,,solved,1,2825,6.105627689620552e-14,0.0018195324449229,938.6515738144884,1.3167194340379176e-13,0.0,0.0,0.0,2.4158893050045792e-14,0.0,False,0,True,1,False
793,raw_prediction,True,15718300.0,solved,1,5375,6.613778651640182e-14,0.0011179504185286,1654.8590585241602,1.3546172533724644e-14,3.523958709064811e-15,5.357329095207992e-17,0.0,1.776696709162366e-13,2.1450946184610736e-16,False,13,True,1,False
793,mechanistic_target,True,,solved,1,6900,6.613778651640182e-14,0.0011179504185286,1654.8590585241602,7.571409965874116e-14,0.0,0.0,0.0,1.1543028698884555e-14,0.0,False,0,True,1,False
794,raw_prediction,True,5367200.0,solved,1,600,5.792112641580668e-14,0.0036797282585696,440.30655366909775,6.685624276414615e-15,1.143783714941121e-15,1.3269242254503517e-15,0.0,9.785810268296244e-15,1.5147406033743286e-15,False,9,True,1,False
794,mechanistic_target,True,,solved,1,2250,5.792112641580668e-14,0.0036797282585696,440.30655366909775,3.862872763535333e-13,0.0,0.0,0.0,1.1464454222836262e-16,0.0,False,0,True,1,False
795,raw_prediction,True,53280000.0,solved,1,18675,8.96343571658667e-14,0.0007841476091263,3197.500227509623,1.8964043061207617e-14,0.0,6.014076929667903e-15,0.0,2.5997112115098024e-14,1.783433804216831e-15,False,13,True,1,False
795,mechanistic_target,True,,solved,1,18000,8.96343571658667e-14,0.0007841476091263,3197.500227509623,1.1425015848339708e-14,0.0,0.0,0.0,2.7892580994985663e-14,2.4709009835599896e-20,False,3,True,1,False
796,raw_prediction,True,5523900.0,solved,1,800,6.167817512171859e-14,0.0022623818186049,762.6047609399315,7.761748462499604e-16,6.79185769274768e-14,1.7453085899936657e-15,0.0,3.1880454111690315e-14,1.5861923993548505e-14,False,26,True,1,False
796,mechanistic_target,True,,solved,1,8525,6.167817512171859e-14,0.0022623818186049,762.6047609399315,1.898701359272392e-13,0.0,0.0,0.0,1.7602180407208625e-15,0.0,False,0,True,1,False
797,raw_prediction,True,6401300.0,solved,1,1175,6.773293491487884e-14,0.0025492729897442,743.2201031639582,9.096022546284388e-15,8.373179161620774e-16,2.656024540559268e-14,0.0,5.227217493017911e-13,4.597735164228542e-15,False,19,True,1,False
797,mechanistic_target,True,,solved,1,3325,6.773293491487884e-14,0.0025492729897442,743.2201031639582,3.9276544265251e-13,0.0,0.0,0.0,1.4251927903223407e-16,3.3794697138541797e-20,False,1,True,1,False
798,raw_prediction,True,4882600.0,solved,1,525,6.421276936963735e-14,0.0030310263053335,592.6053849920884,8.197552728221702e-16,9.414105210866053e-14,1.2845283876953726e-14,0.0,4.1980539700341793e-14,8.224402339018374e-14,False,26,True,1,False
798,mechanistic_target,True,,solved,1,3700,6.421276936963735e-14,0.0030310263053335,592.6053849920884,4.2541475293427166e-12,0.0,0.0,0.0,2.2420934464823742e-16,0.0,False,0,True,1,False
799,raw_prediction,True,30762800.0,solved,1,9875,7.528668454464844e-14,0.0019891832106573,1058.7106594406578,1.0073365752649721e-13,9.230408308096863e-15,0.0,0.0,1.3814785386387987e-14,1.4500209054521566e-15,False,10,True,1,False
799,mechanistic_target,True,,solved,1,2325,7.528668454464844e-14,0.0019891832106573,1058.7106594406578,4.787856320391255e-11,0.0,5.098732456848596e-15,0.0,5.5073965687148306e-15,3.523477304665276e-18,False,1,True,1,False
800,raw_prediction,True,5841700.0,solved,1,750,6.327324309542674e-14,0.0032458524675604,545.2870921501458,7.931706777233556e-15,1.0559179573266883e-14,1.5476587140342422e-14,0.0,1.2814757874324355e-14,4.770353911721299e-15,False,12,True,1,False
800,mechanistic_target,True,,solved,1,2575,6.327324309542674e-14,0.0032458524675604,545.2870921501458,1.4401106534403366e-13,0.0,0.0,0.0,1.7078232589193494e-17,0.0,False,0,True,1,False
801,raw_prediction,True,42597300.0,solved,1,17125,7.203917742295169e-14,0.0008432894183261,2389.60430994077,3.715069863143765e-14,0.0,0.0,0.0,7.35703921286359e-14,0.0,False,0,True,1,False
801,mechanistic_target,True,,solved,1,9950,7.203917742295169e-14,0.0008432894183261,2389.60430994077,1.0457998706804617e-13,0.0,7.9053857502123e-15,0.0,9.653193676685605e-13,3.8115045080646743e-13,False,4,True,1,False
802,raw_prediction,True,57354300.0,solved,1,20100,7.182129471343338e-14,0.0007247046555979,2772.209688784249,1.0473533247084282e-14,0.0,1.176667225369807e-14,0.0,2.349735549161964e-13,6.046442803296858e-15,False,19,True,1,False
802,mechanistic_target,True,,solved,1,24125,7.182129471343338e-14,0.0007247046555979,2772.209688784249,8.960125431723925e-15,0.0,0.0,0.0,6.578154762623298e-14,0.0,False,0,True,1,False
803,raw_prediction,True,8217100.0,solved,1,1525,6.537621315054739e-14,0.002247212173399,813.784812771295,1.3699002863181748e-14,1.807150862475877e-15,2.4060629574906742e-14,0.0,2.419335299177004e-14,6.7462890552711445e-15,False,28,True,1,False
803,mechanistic_target,True,,solved,1,6675,6.537621315054739e-14,0.002247212173399,813.784812771295,8.495326033467049e-13,0.0,0.0,0.0,4.978495166753298e-15,0.0,False,0,True,1,False
804,raw_prediction,True,39201200.0,solved,1,15075,9.132441143255733e-14,0.0006248269027301,4088.4723035414777,3.5880516490381816e-14,3.9454849433818243e-16,1.0390512644122059e-15,0.0,2.9028150486848626e-13,4.1903858067824935e-16,False,19,True,1,False
804,mechanistic_target,True,,solved,1,28325,9.132441143255733e-14,0.0006248269027301,4088.4723035414777,9.19106904314394e-15,0.0,0.0,0.0,2.9198266340156394e-14,0.0,False,0,True,1,False
805,raw_prediction,True,89739100.0,solved,1,34100,9.621430487642606e-14,0.0004662572379838,5772.287560037079,4.128727699768684e-13,1.4964312656047257e-15,1.7014928812388487e-14,0.0,2.8620513323538415e-12,5.804231306585827e-15,False,33,True,1,False
805,mechanistic_target,True,,solved,1,22500,9.621430487642606e-14,0.0004662572379838,5772.287560037079,8.419115686073586e-14,0.0,6.274899939231014e-14,0.0,5.426227712949702e-13,1.2632103915720822e-13,False,3,True,1,False
806,raw_prediction,True,4491500.0,solved,1,850,5.777838485591911e-14,0.0023339844198287,692.4706060177028,9.298117831235686e-15,1.1987015518902663e-14,3.973864589010159e-17,0.0,3.375450845050097e-14,3.612572352553744e-15,False,4,True,1,False
806,mechanistic_target,True,,solved,1,9300,5.777838485591911e-14,0.0023339844198287,692.4706060177028,3.2592455026354274e-14,0.0,0.0,0.0,5.2871905875057154e-15,5.68962909349144e-20,False,3,True,1,False
807,raw_prediction,True,64858200.0,solved,1,24275,8.857873141176919e-14,0.0005760839757365,4301.080387008841,1.244143676970566e-14,1.106797796627414e-15,2.835539465518809e-15,0.0,6.861284714738173e-14,1.9990592555374935e-15,False,17,True,1,False
807,mechanistic_target,True,,solved,1,29475,8.857873141176919e-14,0.0005760839757365,4301.080387008841,2.6880462316200663e-14,0.0,0.0,0.0,1.006161447314774e-14,2.5935987119574496e-22,False,3,True,1,False
808,raw_prediction,True,18302500.0,solved,1,6325,9.868592210635225e-14,0.0012904282442298,2139.2189735068023,3.4344055377388833e-14,0.0,0.0,0.0,1.0325346901364208e-13,0.0,False,0,True,1,False
808,mechanistic_target,True,,solved,1,4225,9.868592210635225e-14,0.0012904282442298,2139.2189735068023,9.948327884013838e-13,0.0,0.0,0.0,1.619435612480684e-13,0.0,False,0,True,1,False
809,raw_prediction,True,9009000.0,solved,1,2000,6.992413498470906e-14,0.0018159949979898,1077.0760105347472,1.4073182265443951e-14,6.10359292372043e-16,1.3972923301266458e-14,0.0,2.0618220834696472e-14,3.760761204662368e-15,False,20,True,1,False
809,mechanistic_target,True,,solved,1,13025,6.992413498470906e-14,0.0018159949979898,1077.0760105347472,2.4107820293992313e-13,0.0,0.0,0.0,2.8529978002329988e-15,0.0,False,0,True,1,False
810,raw_prediction,True,16800100.0,solved,1,6150,9.018913549380617e-14,0.0014188789189923,1778.0451559803678,6.6942978937944986e-15,6.396999560249478e-16,0.0,0.0,4.673467994380959e-14,8.214785072338654e-17,False,1,True,1,False
810,mechanistic_target,True,,solved,1,4400,9.018913549380617e-14,0.0014188789189923,1778.0451559803678,2.5410336331642304e-13,0.0,0.0,0.0,4.0354921085599584e-14,0.0,False,0,True,1,False
811,raw_prediction,True,10078700.0,solved,1,1825,6.999949706033723e-14,0.002221361695915,881.4740659052708,1.47553173041979e-14,8.892360563389292e-16,1.4266813162277632e-14,0.0,3.6089605028823775e-14,8.392884344016783e-15,False,33,True,1,False
811,mechanistic_target,True,,solved,1,8375,6.999949706033723e-14,0.002221361695915,881.4740659052708,2.781123686833988e-13,0.0,0.0,0.0,4.59445588405692e-15,0.0,False,0,True,1,False
812,raw_prediction,True,5970800.0,solved,1,1225,7.039389493699661e-14,0.0029721669016026,662.5149771840879,1.434269369937624e-14,1.819926961672581e-15,2.800263589123168e-15,0.0,1.5191137457315705e-14,5.373350511072666e-16,False,14,True,1,False
812,mechanistic_target,True,,solved,1,4775,7.039389493699661e-14,0.0029721669016026,662.5149771840879,2.426835234867974e-13,0.0,3.2748646607448396e-14,0.0,4.838457150771474e-15,1.7345383919004466e-17,False,1,True,1,False
813,raw_prediction,True,246431800.0,solved inaccurate,2,100000,5.954853926207296e-14,0.0007592811477874,2193.8270861503343,4.8149161302078823e-14,0.0,8.772702283095378e-15,0.0,1.1663656881411582e-12,1.090515155919736e-15,False,11,True,1,False
813,mechanistic_target,True,,solved,1,19025,5.954853926207296e-14,0.0007592811477874,2193.8270861503343,9.021667658896922e-15,0.0,5.958007636432272e-16,0.0,5.0286806240356326e-14,7.638346146073752e-18,False,2,True,1,False
814,raw_prediction,True,14383900.0,solved,1,4625,7.817335875645323e-14,0.001160010312948,1885.0844902577312,4.8305109912050177e-14,2.87862261714188e-15,1.5260812439977304e-14,0.0,2.4245414231983456e-14,8.293180071334868e-15,False,19,True,1,False
814,mechanistic_target,True,,solved,1,6325,7.817335875645323e-14,0.001160010312948,1885.0844902577312,2.563943605173949e-13,0.0,0.0,0.0,4.006342937286814e-14,0.0,False,0,True,1,False
815,raw_prediction,True,10756000.0,solved,1,2900,6.041179336291912e-14,0.0016462477095396,1026.503520105248,2.4472101439763335e-14,0.0,4.814324880772794e-15,0.0,1.5424845413604757e-13,2.3419950005847344e-15,False,26,True,1,False
815,mechanistic_target,True,,solved,1,20000,6.041179336291912e-14,0.0016462477095396,1026.503520105248,1.2873213644899516e-14,0.0,4.962905567629268e-16,0.0,1.8588189911867062e-14,1.3257034493012345e-18,False,1,True,1,False
816,raw_prediction,True,9043400.0,solved,1,1425,6.214190396519038e-14,0.0023521039232284,739.0297945488886,1.5036538798196282e-14,5.755482870289564e-15,7.934298979750014e-15,0.0,6.520702724235582e-14,4.46953906129858e-15,False,30,True,1,False
816,mechanistic_target,True,,solved,1,7600,6.214190396519038e-14,0.0023521039232284,739.0297945488886,2.300018483739195e-13,0.0,2.49809647534818e-14,0.0,2.47710319168504e-15,2.5103234566735278e-17,False,1,True,1,False
817,raw_prediction,True,15924900.0,solved,1,5725,6.87468135262521e-14,0.0015422094222354,1246.9330020895748,1.2920220449075261e-14,0.0,0.0,0.0,4.5139036911839215e-14,0.0,False,0,True,1,False
817,mechanistic_target,True,,solved,1,3800,6.87468135262521e-14,0.0015422094222354,1246.9330020895748,2.2381631503828122e-13,0.0,0.0,0.0,4.8011957493567476e-14,0.0,False,0,True,1,False
818,raw_prediction,True,12121700.0,solved,1,3525,7.072932732660797e-14,0.0012292451438387,1609.5146163119764,9.298117831235686e-15,2.218742895797944e-15,3.735863106572018e-15,0.0,3.967525283321561e-14,4.062468566108746e-16,False,23,True,1,False
818,mechanistic_target,True,,solved,1,5325,7.072932732660797e-14,0.0012292451438387,1609.5146163119764,1.7293076072442416e-13,0.0,0.0,0.0,4.0479668944589266e-14,0.0,False,0,True,1,False
819,raw_prediction,True,25551200.0,solved,1,9100,6.933756723570447e-14,0.0008739501618152,2219.299071202976,1.9109713811360507e-14,6.387744872181068e-16,2.8494834122345567e-15,0.0,9.20280817907862e-14,1.109761807413767e-15,False,27,True,1,False
819,mechanistic_target,True,,solved,1,14350,6.933756723570447e-14,0.0008739501618152,2219.299071202976,8.554440931227713e-15,0.0,0.0,0.0,2.84551747159568e-14,1.531278706970914e-20,False,3,True,1,False
820,raw_prediction,True,4549900.0,solved,1,800,6.113331316965577e-14,0.0021786589074688,784.9149296891455,1.842276331487369e-14,6.316579514161693e-15,1.0142506549740354e-14,0.0,2.726576970849284e-14,6.5234653823430616e-15,False,22,True,1,False
820,mechanistic_target,True,,solved,1,9925,6.113331316965577e-14,0.0021786589074688,784.9149296891455,5.786585461070673e-14,0.0,0.0,0.0,2.2296868643019744e-15,9.961336890927765e-20,False,3,True,1,False
821,raw_prediction,True,40960500.0,solved,1,16800,6.734602845472662e-14,0.0010467226220682,1799.758683499868,6.579014676794116e-14,2.6401379021685573e-16,1.1770668648064584e-14,0.0,2.156151971847029e-13,1.1202096705848652e-15,False,20,True,1,False
821,mechanistic_target,True,,solved,1,8575,6.734602845472662e-14,0.0010467226220682,1799.758683499868,8.007746581790095e-14,0.0,0.0,0.0,5.430288853258345e-15,0.0,False,0,True,1,False
822,raw_prediction,True,28659300.0,solved,1,9400,9.359165364255891e-14,0.0012243275094318,2138.3235130185994,4.255623631266303e-14,0.0,2.7475323704065174e-17,0.0,1.5733426622662984e-13,6.078124026583345e-17,False,3,True,1,False
822,mechanistic_target,True,,solved,1,5825,9.359165364255891e-14,0.0012243275094318,2138.3235130185994,1.9006598537750642e-13,0.0,8.138022356603664e-15,0.0,1.3747283638733747e-14,7.053809797390872e-18,False,1,True,1,False
823,raw_prediction,True,7369500.0,solved,1,1650,7.058641450899077e-14,0.0024584111681779,803.157095414502,9.439925320005064e-15,5.959905275990406e-16,0.0,0.0,1.943343358037958e-14,7.512356878728085e-17,False,7,True,1,False
823,mechanistic_target,True,,solved,1,3275,7.058641450899077e-14,0.0024584111681779,803.157095414502,1.7280217945405852e-13,0.0,0.0,0.0,1.4389717843308312e-16,0.0,False,0,True,1,False
824,raw_prediction,True,7506700.0,solved,1,1575,5.987172805589373e-14,0.0027710928376538,604.3723899295982,1.3053903524961782e-14,0.0,7.235730036196135e-15,0.0,3.34977646330074e-14,1.424795238232149e-15,False,22,True,1,False
824,mechanistic_target,True,,solved,1,5625,5.987172805589373e-14,0.0027710928376538,604.3723899295982,1.7666251999144325e-13,0.0,0.0,0.0,1.7258997294787889e-15,0.0,False,0,True,1,False
825,raw_prediction,True,26239000.0,solved,1,8300,6.927954917184086e-14,0.0023023617655596,841.7156205928671,7.993605777301127e-15,5.835820446515685e-17,4.1478519778187326e-17,0.0,4.6731037823427695e-14,8.512044048549617e-17,False,20,True,1,False
825,mechanistic_target,True,,solved,1,5725,6.927954917184086e-14,0.0023023617655596,841.7156205928671,1.0023763140708526e-12,0.0,0.0,0.0,3.605486722088304e-15,0.0,False,0,True,1,False
826,raw_prediction,True,8556200.0,solved,1,2200,7.043120839072752e-14,0.0024180765476907,814.7586749292827,9.191091978811616e-15,2.6010172005459138e-17,3.2323827457535745e-15,0.0,1.697477136074678e-14,4.576117005023168e-16,False,10,True,1,False
826,mechanistic_target,True,,solved,1,6125,7.043120839072752e-14,0.0024180765476907,814.7586749292827,7.500122658192252e-13,0.0,0.0,0.0,1.4170982391152484e-14,0.0,False,0,True,1,False
827,raw_prediction,True,237561500.0,solved inaccurate,2,100000,8.063742585227478e-14,0.0008229187027341,2741.028942468962,4.4080861462738174e-14,0.0,5.213256681878238e-17,0.0,1.804876906546852e-13,3.1092694826296168e-18,False,3,True,1,False
827,mechanistic_target,True,,solved,1,14950,8.063742585227478e-14,0.0008229187027341,2741.028942468962,3.673909076326143e-14,0.0,0.0,0.0,4.34834632202381e-15,7.101979670713197e-21,False,3,True,1,False
828,raw_prediction,True,20321000.0,solved,1,6875,8.416487467028882e-14,0.001135935879305,2072.578374182509,1.4382066972966707e-14,4.995692498419241e-15,6.761671033160237e-15,0.0,2.5712094665347565e-13,5.376685029994601e-15,False,19,True,1,False
828,mechanistic_target,True,,solved,1,5575,8.416487467028882e-14,0.001135935879305,2072.578374182509,9.563814018005392e-13,0.0,0.0,0.0,6.808951249701698e-14,0.0,False,0,True,1,False
829,raw_prediction,True,7753800.0,solved,1,1475,7.931315917481768e-14,0.0018049205358877,1229.1957815401768,6.132057187239629e-15,1.6396925623417206e-14,2.7703119464791725e-15,0.0,8.013330106651136e-14,2.564169015055832e-15,False,20,True,1,False
829,mechanistic_target,True,,solved,1,2550,7.931315917481768e-14,0.0018049205358877,1229.1957815401768,7.230362394460676e-13,0.0,6.254265024069487e-14,0.0,6.430256437264608e-14,3.157051466445834e-17,False,1,True,1,False
830,raw_prediction,True,18456000.0,solved,1,6675,6.748212749104835e-14,0.0014321654883634,1318.0426402157068,1.2182962971785116e-14,0.0,2.2246060724814367e-14,0.0,6.776063132713808e-14,2.796590748207233e-15,False,15,True,1,False
830,mechanistic_target,True,,solved,1,4075,6.748212749104835e-14,0.0014321654883634,1318.0426402157068,1.8329622890267186e-13,0.0,0.0,0.0,4.19462931787029e-14,0.0,False,0,True,1,False
831,raw_prediction,True,16614500.0,solved,1,5725,6.964215292577339e-14,0.0014360755019777,1356.5281590331278,1.0698260620203534e-14,0.0,1.9225452434141484e-17,0.0,3.1994904738859675e-14,1.0218850168169607e-16,False,8,True,1,False
831,mechanistic_target,True,,solved,1,3900,6.964215292577339e-14,0.0014360755019777,1356.5281590331278,3.961466338847498e-13,0.0,0.0,0.0,6.049866542700744e-14,0.0,False,0,True,1,False
832,raw_prediction,True,38719900.0,solved,1,15500,8.119167452390404e-14,0.0008384265082464,2708.8215526456506,4.3973547163884546e-14,8.444147409702896e-16,2.766610152322872e-14,0.0,1.854293490131532e-13,1.8443175563141958e-14,False,22,True,1,False
832,mechanistic_target,True,,solved,1,11000,8.119167452390404e-14,0.0008384265082464,2708.8215526456506,3.7069447947022107e-13,0.0,0.0,0.0,2.75825408701428e-14,0.0,False,0,True,1,False
833,raw_prediction,True,11543900.0,solved,1,3725,6.954265183735536e-14,0.001015724367678,1915.178573904208,8.895661984809067e-15,0.0,0.0,0.0,3.1878563227208525e-14,9.686698195571356e-15,False,2,True,1,False
833,mechanistic_target,True,,solved,1,8050,6.954265183735536e-14,0.001015724367678,1915.178573904208,1.0204680096341218e-13,0.0,0.0,0.0,1.6200584817401582e-14,0.0,False,0,True,1,False
834,raw_prediction,True,37922600.0,solved,1,13950,6.379153703230079e-14,0.0010968043011027,1626.9260763004468,3.0406233086921475e-14,3.5324386872877115e-16,5.3320122935677175e-14,0.0,2.0022014053225493e-13,1.4743509277274405e-14,False,13,True,1,False
834,mechanistic_target,True,,solved,1,8550,6.379153703230079e-14,0.0010968043011027,1626.9260763004468,2.0988427428864348e-14,0.0,0.0,0.0,5.817957141870532e-15,0.0,False,0,True,1,False
835,raw_prediction,True,6876200.0,solved,1,1250,6.35866970112075e-14,0.002494690207898,712.9901702532454,1.4400744545741938e-14,1.3551641537632142e-14,1.8839978564168242e-14,0.0,2.8771381198927835e-14,5.42500431362149e-15,False,23,True,1,False
835,mechanistic_target,True,,solved,1,5100,6.35866970112075e-14,0.002494690207898,712.9901702532454,1.0444640985477341e-12,0.0,0.0,0.0,4.472862542651392e-15,0.0,False,0,True,1,False
836,raw_prediction,True,5425000.0,solved,1,600,5.713171922768894e-14,0.003179731731081,502.59794773538846,1.5702227939886377e-14,1.1623441659661804e-15,2.628251031329425e-14,0.0,8.768216037999325e-14,6.1477809020833545e-15,False,26,True,1,False
836,mechanistic_target,True,,solved,1,4000,5.713171922768894e-14,0.003179731731081,502.59794773538846,3.0016838927397576e-13,0.0,0.0,0.0,2.1298693273888414e-15,1.7231393276854567e-18,False,3,True,1,False
837,raw_prediction,True,17724500.0,solved,1,6300,1.0456292660957588e-13,0.0011629467504699,2515.0799738026712,1.8755830222261238e-14,0.0,2.2297118658695157e-17,0.0,2.4253214808963012e-14,6.773814181953719e-18,False,4,True,1,False
837,mechanistic_target,True,,solved,1,5000,1.0456292660957588e-13,0.0011629467504699,2515.0799738026712,9.639810420970945e-13,0.0,0.0,0.0,1.5638606003304896e-13,0.0,False,0,True,1,False
838,raw_prediction,True,10272300.0,solved,1,2450,8.254268224921324e-14,0.0018883971865811,1222.697800804924,2.9036018381334294e-14,2.9146237214804713e-14,4.0570026198961417e-14,0.0,5.4252834881487744e-14,2.8124030745481713e-14,False,26,True,1,False
838,mechanistic_target,True,,solved,1,2400,8.254268224921324e-14,0.0018883971865811,1222.697800804924,5.598027935255552e-11,0.0,0.0,0.0,8.683775123089942e-15,0.0,False,0,True,1,False
839,raw_prediction,True,5619700.0,solved,1,600,6.432980500409817e-14,0.0039483188774898,455.75759340440953,1.7599768368212742e-14,3.886478838308564e-15,4.309279221556809e-14,0.0,7.907467677365883e-15,1.5450352755429642e-14,False,25,True,1,False
839,mechanistic_target,True,,solved,1,2300,6.432980500409817e-14,0.0039483188774898,455.75759340440953,1.081011270345586e-12,0.0,2.1941266720045183e-16,0.0,1.4050714216896282e-16,1.174123745474979e-19,False,1,True,1,False
840,raw_prediction,True,15564500.0,solved,1,5100,8.463124428701854e-14,0.0014813316861619,1598.1307648411969,5.3479798301406095e-15,0.0,1.985162227051707e-16,0.0,8.821957537270239e-14,4.349354913546343e-16,False,16,True,1,False
840,mechanistic_target,True,,solved,1,2800,8.463124428701854e-14,0.0014813316861619,1598.1307648411969,6.146252253531161e-11,0.0,0.0,0.0,4.8316786943363604e-15,0.0,False,0,True,1,False
841,raw_prediction,True,16167800.0,solved,1,5825,7.36770085659894e-14,0.0010083527678274,2043.8705599147663,6.427926522344752e-15,0.0,2.895787517683368e-14,0.0,8.649362161159041e-14,3.913691687469562e-15,False,19,True,1,False
841,mechanistic_target,True,,solved,1,10225,7.36770085659894e-14,0.0010083527678274,2043.8705599147663,2.1211603858729092e-14,0.0,0.0,0.0,7.497285387283956e-15,0.0,False,0,True,1,False
842,raw_prediction,True,13782500.0,solved,1,4775,6.605735211462782e-14,0.0011741467889345,1573.7388456374867,5.894937316064387e-14,0.0,3.299429653975147e-15,0.0,6.715528146732308e-13,4.4822631866292816e-15,False,21,True,1,False
842,mechanistic_target,True,,solved,1,42775,6.605735211462782e-14,0.0011741467889345,1573.7388456374867,6.000390864461212e-14,0.0,3.634384658223685e-15,0.0,1.7217002788971841e-13,3.1126273878249317e-15,False,2,True,1,False
843,raw_prediction,True,37088700.0,solved,1,15200,9.259949339885562e-14,0.000867275446859,2986.657746215841,2.0860049798621102e-14,9.435129103931766e-17,1.167091859894732e-16,0.0,3.779271974663848e-14,2.022024354872077e-16,False,9,True,1,False
843,mechanistic_target,True,,solved,1,14550,9.259949339885562e-14,0.000867275446859,2986.657746215841,1.2286427471959483e-14,0.0,0.0,0.0,1.3750967742699674e-14,2.0426774972848383e-20,False,3,True,1,False
844,raw_prediction,True,8214700.0,solved,1,2050,7.107454136205799e-14,0.0024522763634201,810.7343093414272,8.348615025743965e-15,0.0,5.562010664187131e-15,0.0,2.824962550893332e-14,1.0646433881318903e-16,False,15,True,1,False
844,mechanistic_target,True,,solved,1,5375,7.107454136205799e-14,0.0024522763634201,810.7343093414272,6.736707151226558e-12,0.0,0.0,0.0,9.01226958045074e-16,0.0,False,0,True,1,False
845,raw_prediction,True,17833900.0,solved,1,6775,5.871672232412175e-14,0.0029697015624879,553.0735577319256,1.2369655658684588e-14,2.9264266924684143e-15,1.0030293357734945e-15,0.0,4.0334393607389135e-14,6.834317005053285e-16,False,5,True,1,False
845,mechanistic_target,True,,solved,1,4250,5.871672232412175e-14,0.0029697015624879,553.0735577319256,4.869443885232924e-13,0.0,8.534091606525551e-14,0.0,4.425305645999344e-15,1.1107026669495347e-16,False,1,True,1,False
846,raw_prediction,True,14520400.0,solved,1,5150,6.247994278814409e-14,0.003275196861927,533.6261607325381,1.5075497708220382e-14,0.0,9.70643563821755e-18,0.0,3.2382033631305355e-14,4.0474616463801063e-16,False,5,True,1,False
846,mechanistic_target,True,,solved,1,2825,6.247994278814409e-14,0.003275196861927,533.6261607325381,5.590855990675147e-13,0.0,0.0,0.0,6.198136505536339e-17,0.0,False,0,True,1,False
847,raw_prediction,True,19938200.0,solved,1,6525,8.333906812569537e-14,0.0013772728016231,1692.632078733365,2.7667104718354096e-14,1.519198123252747e-15,9.331021513743504e-15,0.0,7.519313757602401e-14,1.8804276034885986e-15,False,29,True,1,False
847,mechanistic_target,True,,solved,1,4650,8.333906812569537e-14,0.0013772728016231,1692.632078733365,1.751067173057794e-13,0.0,0.0,0.0,2.128514610321545e-14,0.0,False,0,True,1,False
848,raw_prediction,True,10717200.0,solved,1,2725,8.921632446959119e-14,0.0015277364925558,1633.5399990186622,1.8109103626373635e-14,6.716372388272936e-15,3.050816467970585e-14,0.0,2.0376411720422053e-14,2.7790196615904138e-15,False,18,True,1,False
848,mechanistic_target,True,,solved,1,3525,8.921632446959119e-14,0.0015277364925558,1633.5399990186622,4.675141159650391e-13,0.0,0.0,0.0,4.958187915039064e-14,0.0,False,0,True,1,False
849,raw_prediction,True,5706800.0,solved,1,850,6.45150290990654e-14,0.0021884566726395,824.6256571425439,1.4985582219573248e-13,1.663361565064718e-13,2.3213312667237e-13,0.0,4.672760120940632e-14,1.2945691423724793e-13,False,26,True,1,False
849,mechanistic_target,True,,solved,1,6925,6.45150290990654e-14,0.0021884566726395,824.6256571425439,1.003619040528566e-12,0.0,0.0,0.0,7.0143893864788185e-15,0.0,False,0,True,1,False
850,raw_prediction,True,229899500.0,solved inaccurate,2,100000,8.506078947131297e-14,0.0005275551962038,4510.195867188407,1.2433110097020972e-13,1.80490797678434e-15,2.446147511543483e-15,0.0,7.36823384236902e-13,2.1376726307000243e-15,False,30,True,1,False
850,mechanistic_target,True,,solved,1,44375,8.506078947131297e-14,0.0005275551962038,4510.195867188407,4.565657999181616e-15,0.0,7.149609163718726e-16,0.0,5.501593924331324e-14,4.227335118090616e-17,False,2,True,1,False
851,raw_prediction,True,61070700.0,solved,1,25500,8.253707124671718e-14,0.0007010579318062,3293.282947983884,2.372581298093479e-14,0.0,2.0853026727512951e-16,0.0,1.0862572210040733e-13,2.4488434985123957e-17,False,11,True,1,False
851,mechanistic_target,True,,solved,1,25700,8.253707124671718e-14,0.0007010579318062,3293.282947983884,7.209794656722803e-14,0.0,3.3364842764020722e-15,0.0,4.4433135975095673e-13,3.848007854201791e-15,False,2,True,1,False
852,raw_prediction,True,13276800.0,solved,1,4600,7.452436131962244e-14,0.0016604786769313,1255.4483732954209,1.5105104667068048e-14,8.242108583039317e-16,1.0030293357734945e-15,0.0,3.0726434923740397e-14,1.8657293352338507e-16,False,3,True,1,False
852,mechanistic_target,True,,solved,1,3425,7.452436131962244e-14,0.0016604786769313,1255.4483732954209,2.470092818996077e-13,0.0,1.692465075992414e-14,0.0,3.4056319004542793e-14,1.728523436666588e-17,False,1,True,1,False
853,raw_prediction,True,9660500.0,solved,1,2900,7.58081558875687e-14,0.0021576764287216,982.7963013730448,1.0024693377293516e-14,0.0,0.0,0.0,6.317355874404274e-14,4.622483637356315e-19,False,3,True,1,False
853,mechanistic_target,True,,solved,1,5750,7.58081558875687e-14,0.0021576764287216,982.7963013730448,1.0100326065554457e-12,0.0,0.0,0.0,3.777132336538197e-15,0.0,False,0,True,1,False
854,raw_prediction,True,6456900.0,solved,1,1200,6.22225376110246e-14,0.0019279409672049,902.792381609498,1.5448059498268665e-13,0.0,7.778044347999928e-14,0.0,6.900670666601917e-14,1.28146490039778e-14,False,27,True,1,False
854,mechanistic_target,True,,solved,1,2900,6.22225376110246e-14,0.0019279409672049,902.792381609498,7.469230210030781e-14,0.0,0.0,0.0,6.471866980835701e-15,3.2089612466812363e-19,False,3,True,1,False
855,raw_prediction,True,41667200.0,solved,1,16775,6.650453736894514e-14,0.0008539547592546,2178.463621099324,1.8662849043948881e-13,0.0,4.25765056591353e-16,0.0,8.18954067378162e-13,4.645488971884293e-17,False,4,True,1,False
855,mechanistic_target,True,,solved,1,16725,6.650453736894514e-14,0.0008539547592546,2178.463621099324,5.1867932300431716e-14,0.0,4.2315300102944286e-16,0.0,2.664688654942361e-13,4.922744441782919e-17,False,1,True,1,False
856,raw_prediction,True,9213900.0,solved,1,1775,8.478402426323676e-14,0.0015888932230368,1492.6335954053473,3.2522595727613186e-14,2.0618120374658082e-14,3.2427134960717446e-14,0.0,3.7954436010428566e-14,1.6330842134165775e-14,False,27,True,1,False
856,mechanistic_target,True,,solved,1,3025,8.478402426323676e-14,0.0015888932230368,1492.6335954053473,1.1365033733811712e-10,0.0,0.0,0.0,1.4254446498054988e-14,0.0,False,0,True,1,False
857,raw_prediction,True,17948700.0,solved,1,4650,9.735827858353467e-14,0.0011085858833808,2456.6169321580933,2.1909557501587077e-14,4.680686952442271e-15,7.706932704638601e-15,0.0,2.6016805650581367e-14,5.76708868563672e-16,False,23,True,1,False
857,mechanistic_target,True,,solved,1,6875,9.735827858353467e-14,0.0011085858833808,2456.6169321580933,1.5226131510413032e-13,0.0,6.886684488976087e-15,0.0,2.2905404765187774e-14,3.3239397529644063e-18,False,1,True,1,False
858,raw_prediction,True,32372000.0,solved,1,13000,6.560432560463274e-14,0.0021610691240504,849.1760080328344,1.006722042287382e-14,0.0,0.0,0.0,2.302147880779377e-14,0.0,False,0,True,1,False
858,mechanistic_target,True,,solved,1,7250,6.560432560463274e-14,0.0021610691240504,849.1760080328344,1.0035287621170153e-12,0.0,0.0,0.0,1.2831409329115691e-14,0.0,False,0,True,1,False
859,raw_prediction,True,35703500.0,solved,1,13025,8.432879959587987e-14,0.0007215861423995,3269.0505220384257,1.2031460574969351e-14,8.015308138752955e-16,1.3485172179021765e-15,0.0,7.829626356372927e-14,4.1366310845108343e-16,False,14,True,1,False
859,mechanistic_target,True,,solved,1,20300,8.432879959587987e-14,0.0007215861423995,3269.0505220384257,2.5387196470013544e-14,0.0,0.0,0.0,5.0087671988998586e-15,5.7579990057560375e-21,False,3,True,1,False
860,raw_prediction,True,40425700.0,solved,1,16800,9.318916131748965e-14,0.0007497396741475,3476.8728487486937,1.615279662703947e-14,0.0,0.0,0.0,7.104712287257121e-14,8.186364653278972e-18,False,1,True,1,False
860,mechanistic_target,True,,solved,1,16225,9.318916131748965e-14,0.0007497396741475,3476.8728487486937,9.562559243798985e-14,0.0,0.0,0.0,8.915928240799305e-15,0.0,False,0,True,1,False
861,raw_prediction,True,11063700.0,solved,1,3575,5.716178374160283e-14,0.0036572679728973,437.2027532357206,1.0487369322169661e-14,1.5187653944432378e-17,7.279826728663161e-17,0.0,1.5331626700979582e-14,5.183385138016815e-18,False,6,True,1,False
861,mechanistic_target,True,,solved,1,1600,5.716178374160283e-14,0.0036572679728973,437.2027532357206,2.0718307768212194e-14,0.0,0.0,0.0,8.875094718289679e-17,0.0,False,0,True,1,False
862,raw_prediction,True,9318300.0,solved,1,2625,6.923929429331333e-14,0.0018865382569696,1026.6464614749575,8.243405957841787e-15,0.0,3.9964941200373126e-14,0.0,1.9179880771456797e-14,6.012695948266692e-15,False,6,True,1,False
862,mechanistic_target,True,,solved,1,9375,6.923929429331333e-14,0.0018865382569696,1026.6464614749575,1.0002980355923734e-12,0.0,0.0,0.0,1.2386922140589104e-14,0.0,False,0,True,1,False
863,raw_prediction,True,4547300.0,solved,1,475,5.707600930352732e-14,0.0039848134379512,400.66324609940114,1.0054457266761574e-14,0.0,1.0714658190415984e-16,0.0,1.7636590056831054e-14,9.62158458101104e-16,False,15,True,1,False
863,mechanistic_target,True,,solved,1,2200,5.707600930352732e-14,0.0039848134379512,400.66324609940114,9.064095703303858e-13,0.0,0.0,0.0,1.061429710820129e-16,0.0,False,0,True,1,False
864,raw_prediction,True,14182300.0,solved,1,4650,6.997413672541245e-14,0.0011919026934119,1642.2173894913874,2.0081158957907522e-14,2.2285151709781053e-15,3.731942998380442e-15,0.0,3.625396115265003e-13,9.703263911782697e-16,False,27,True,1,False
864,mechanistic_target,True,,solved,1,5625,6.997413672541245e-14,0.0011919026934119,1642.2173894913874,1.867773444943056e-13,0.0,0.0,0.0,3.932397251987524e-14,0.0,False,0,True,1,False
865,raw_prediction,True,7003000.0,solved,1,1325,5.857261158039309e-14,0.0025406532477285,644.8862110449455,3.4034934823140776e-14,6.171774810955885e-15,6.329436577117023e-14,0.0,1.6450180934175838e-14,4.8926232492168996e-14,False,25,True,1,False
865,mechanistic_target,True,,solved,1,4900,5.857261158039309e-14,0.0025406532477285,644.8862110449455,4.710139272425312e-12,0.0,0.0,0.0,3.803986718379987e-16,0.0,False,0,True,1,False
866,raw_prediction,True,13754400.0,solved,1,4500,9.323060832963801e-14,0.0013580064506777,1920.3950753715003,1.1661027653273256e-14,8.082637584136372e-16,1.6956458266641449e-15,0.0,1.2979818770878104e-13,1.5223082416705975e-16,False,9,True,1,False
866,mechanistic_target,True,,solved,1,3600,9.323060832963801e-14,0.0013580064506777,1920.3950753715003,9.203649145694812e-13,0.0,0.0,0.0,7.747647173768693e-14,0.0,False,0,True,1,False
867,raw_prediction,True,20202100.0,solved,1,6350,8.393376363012364e-14,0.0009744839101203,2409.327974542008,1.0548630279272813e-14,2.697164679659905e-15,3.873066893277181e-15,0.0,6.336440752202738e-14,1.0233313144638723e-15,False,18,True,1,False
867,mechanistic_target,True,,solved,1,11325,8.393376363012364e-14,0.0009744839101203,2409.327974542008,2.9377863966940275e-14,0.0,0.0,0.0,8.433470769028287e-15,2.8412256957257684e-20,False,3,True,1,False
868,raw_prediction,True,12410700.0,solved,1,1175,5.834476096216088e-14,0.0019932134971858,818.8077488945338,1.1532202068373891e-14,5.1157713573865816e-15,6.161845376992796e-15,0.0,3.5821449717766997e-14,2.590758576037755e-15,False,35,True,1,False
868,mechanistic_target,True,,solved,1,10525,5.834476096216088e-14,0.0019932134971858,818.8077488945338,1.312046173493533e-13,0.0,0.0,0.0,1.9572375355184812e-14,0.0,False,0,True,1,False
869,raw_prediction,True,15481100.0,solved,1,5350,5.721126651642961e-14,0.0029728745824913,538.3179639508168,2.6804947150793623e-14,3.623946675942168e-15,6.185347570603214e-15,0.0,1.3181777761806252e-14,7.404980254826173e-16,False,25,True,1,False
869,mechanistic_target,True,,solved,1,3275,5.721126651642961e-14,0.0029728745824913,538.3179639508168,1.544636046049044e-12,0.0,0.0,0.0,2.5759295571118416e-16,0.0,False,0,True,1,False
870,raw_prediction,True,5067700.0,solved,1,925,8.389564674062813e-14,0.0018114447571402,1295.5322567965268,1.1419335702533386e-14,0.0,1.1767197331591694e-14,0.0,5.0451890803979515e-14,4.1320006976278144e-14,False,16,True,1,False
870,mechanistic_target,True,,solved,1,2475,8.389564674062813e-14,0.0018114447571402,1295.5322567965268,7.675858025174497e-11,0.0,0.0,0.0,1.109197104123277e-14,0.0,False,0,True,1,False
871,raw_prediction,True,13207200.0,solved,1,4325,5.721891993047506e-14,0.0016304475991773,981.6726888673676,9.534493710194598e-15,0.0,4.711903870051365e-16,0.0,4.1439851014281146e-14,2.0754138610443622e-16,False,22,True,1,False
871,mechanistic_target,True,,solved,1,3575,5.721891993047506e-14,0.0016304475991773,981.6726888673676,9.52138411242124e-14,0.0,0.0,0.0,8.678878520104086e-15,0.0,False,0,True,1,False
872,raw_prediction,True,5415300.0,solved,1,1000,6.032568688226678e-14,0.0026446490866884,638.0696967559703,9.60516388648358e-15,1.5913608434345532e-15,1.3060858156244943e-14,0.0,1.4879089427687966e-14,1.8076256433458764e-15,False,18,True,1,False
872,mechanistic_target,True,,solved,1,6075,6.032568688226678e-14,0.0026446490866884,638.0696967559703,2.1230607828529933e-13,0.0,2.7562247035803188e-14,0.0,2.1280018665704362e-15,2.6793191709364165e-17,False,1,True,1,False
873,raw_prediction,True,9413500.0,solved,1,2700,7.168035587492628e-14,0.0018174926210057,1103.2181419470885,1.2631401415265152e-14,4.743193673149775e-16,1.9467886052429065e-15,0.0,5.786835250863828e-14,1.7890216713505346e-16,False,16,True,1,False
873,mechanistic_target,True,,solved,1,10300,7.168035587492628e-14,0.0018174926210057,1103.2181419470885,8.979652467305693e-13,0.0,8.431356196206173e-14,0.0,7.323600869259759e-15,2.0082999627422642e-18,False,1,True,1,False
874,raw_prediction,True,20600300.0,solved,1,7325,7.816441085876456e-14,0.0012113485230608,1804.9860228308587,8.26951137560007e-15,0.0,4.245080440957993e-16,0.0,6.950533373709999e-14,2.352240680347311e-16,False,12,True,1,False
874,mechanistic_target,True,,solved,1,5875,7.816441085876456e-14,0.0012113485230608,1804.9860228308587,1.9727545160859815e-13,0.0,0.0,0.0,1.9765228447951568e-14,0.0,False,0,True,1,False
875,raw_prediction,True,25070700.0,solved,1,9025,6.507181593930535e-14,0.0010925732330324,1666.0048777276056,4.2842816505791935e-15,3.736839737184977e-17,7.674259129298932e-16,0.0,1.5183006060777576e-13,8.709638976642574e-17,False,19,True,1,False
875,mechanistic_target,True,,solved,1,39875,6.507181593930535e-14,0.0010925732330324,1666.0048777276056,1.1747360878704106e-14,0.0,3.247114161855588e-15,0.0,1.27105829780948e-13,1.4350274816671414e-15,False,2,True,1,False
876,raw_prediction,True,6607100.0,solved,1,1450,6.68092405834267e-14,0.002557320054812,730.777806083233,2.685351940812097e-14,2.097412779426937e-15,0.0,0.0,2.1267118767309574e-14,5.801129324657981e-16,False,3,True,1,False
876,mechanistic_target,True,,solved,1,3600,6.68092405834267e-14,0.002557320054812,730.777806083233,8.243542571975414e-13,0.0,1.0986958707284532e-16,0.0,2.386214828456704e-16,4.7080012615410285e-20,False,1,True,1,False
877,raw_prediction,True,12362000.0,solved,1,4375,5.718309129872266e-14,0.0015445383119971,1035.6257555275035,1.483396328884249e-14,0.0,1.0253574631542123e-16,0.0,1.1736683916853901e-13,4.3930118724867004e-16,False,13,True,1,False
877,mechanistic_target,True,,solved,1,4175,5.718309129872266e-14,0.0015445383119971,1035.6257555275035,3.5807969324009515e-14,0.0,0.0,0.0,3.736418472865627e-15,3.5296129387034654e-20,False,3,True,1,False
878,raw_prediction,True,4816700.0,solved,1,475,5.734030892284592e-14,0.0045686358775049,351.0810438366705,1.328102226757758e-15,1.4954666214158797e-15,3.82777482234154e-14,0.0,1.4724574159416908e-12,2.0094807261990263e-14,False,32,True,1,False
878,mechanistic_target,True,,solved,1,975,5.734030892284592e-14,0.0045686358775049,351.0810438366705,1.5749155814832241e-15,0.0,0.0,0.0,1.7373580327597724e-17,0.0,False,0,True,1,False
879,raw_prediction,True,13259600.0,solved,1,4000,6.721605265190109e-14,0.0013383354213798,1404.8887358148718,1.1570536031295091e-14,1.7337665615490706e-15,8.263501895480213e-15,0.0,8.198354777668698e-14,4.77714072979648e-15,False,22,True,1,False
879,mechanistic_target,True,,solved,1,28625,6.721605265190109e-14,0.0013383354213798,1404.8887358148718,1.7441165044125886e-14,0.0,0.0,0.0,5.5330028040053806e-15,0.0,False,0,True,1,False
880,raw_prediction,True,5767500.0,solved,1,1100,6.111867120895671e-14,0.0026804382139549,637.8256807260334,9.161893543853546e-15,0.0,5.6716429374628295e-15,0.0,4.03288739587118e-14,1.8115422582677106e-15,False,19,True,1,False
880,mechanistic_target,True,,solved,1,4475,6.111867120895671e-14,0.0026804382139549,637.8256807260334,2.9750537002827007e-12,0.0,0.0,0.0,1.4923954219834252e-16,0.0,False,0,True,1,False
881,raw_prediction,True,3380700.0,solved,1,300,5.710600302994635e-14,0.004758317731812,335.7084124577223,6.111410796836299e-15,1.8271675073524508e-15,7.335642128761453e-14,0.0,1.455136216446036e-14,1.6323727415520032e-14,False,2,True,1,False
881,mechanistic_target,True,,solved,1,1500,5.710600302994635e-14,0.004758317731812,335.7084124577223,2.0705203577169275e-13,0.0,0.0,0.0,1.5433492315103471e-16,0.0,False,0,True,1,False
882,raw_prediction,True,24116400.0,solved,1,8775,7.043837645521551e-14,0.0012939357269659,1522.756743401737,2.210367358186556e-14,0.0,0.0,0.0,1.9855615119139829e-13,1.8192993639251925e-17,False,1,True,1,False
882,mechanistic_target,True,,solved,1,6350,7.043837645521551e-14,0.0012939357269659,1522.756743401737,2.4684902358204536e-14,0.0,0.0,0.0,5.0658731233307e-15,1.4318424927196663e-20,False,3,True,1,False
883,raw_prediction,True,23232900.0,solved,1,8875,6.285256675762448e-14,0.0026768076416984,656.8099950314961,1.540311798030662e-14,0.0,1.5111428037235847e-16,0.0,6.307054911620364e-14,8.305570141285094e-17,False,11,True,1,False
883,mechanistic_target,True,,solved,1,4450,6.285256675762448e-14,0.0026768076416984,656.8099950314961,4.194984942033018e-12,0.0,0.0,0.0,4.785789206978378e-16,0.0,False,0,True,1,False
884,raw_prediction,True,26254000.0,solved,1,9650,8.616669327537839e-14,0.0008258506501188,2918.581399411464,1.947400574131564e-14,6.980397083100311e-16,2.026118664122087e-15,0.0,1.275181129752955e-13,1.069453954694903e-16,False,23,True,1,False
884,mechanistic_target,True,,solved,1,16700,8.616669327537839e-14,0.0008258506501188,2918.581399411464,1.6841658582696234e-14,0.0,0.0,0.0,1.6782316852195002e-14,0.0,False,0,True,1,False
885,raw_prediction,True,13120500.0,solved,1,3475,5.712529932325345e-14,0.0012113745879641,1319.1188558920005,2.0539178075523312e-14,0.0,1.7998941170884984e-15,0.0,5.237584463633949e-13,2.500114680116416e-15,False,23,True,1,False
885,mechanistic_target,True,,solved,1,5725,5.712529932325345e-14,0.0012113745879641,1319.1188558920005,4.31553385903508e-14,0.0,8.12839040171912e-16,0.0,8.329082890360406e-14,7.109228836844497e-17,False,4,True,1,False
886,raw_prediction,True,13830900.0,solved,1,4850,5.816590381889312e-14,0.0034391528554729,473.0977695659773,1.4030308851292354e-14,0.0,1.213304454777194e-18,0.0,1.3398188037151832e-14,3.5424549249568583e-16,False,7,True,1,False
886,mechanistic_target,True,,solved,1,3100,5.816590381889312e-14,0.0034391528554729,473.0977695659773,2.7319079023718655e-12,0.0,4.382539472467359e-16,0.0,2.7265632021688917e-16,1.865500710962737e-19,False,1,True,1,False
887,raw_prediction,True,26532200.0,solved,1,10325,6.715556191336148e-14,0.0011037039772208,1702.01458872396,1.5890067039947553e-14,0.0,1.4286210920554642e-16,0.0,1.4482925275258278e-13,2.885968169900229e-16,False,13,True,1,False
887,mechanistic_target,True,,solved,1,6675,6.715556191336148e-14,0.0011037039772208,1702.01458872396,1.3552520885554644e-13,0.0,0.0,0.0,2.131750125676033e-14,0.0,False,0,True,1,False
888,raw_prediction,True,22629900.0,solved,1,8525,5.816886699239701e-14,0.0027529024393513,591.0628759420322,9.293968547083088e-15,0.0,4.766406109145817e-16,0.0,4.2854743434583397e-14,5.4430683494889234e-17,False,2,True,1,False
888,mechanistic_target,True,,solved,1,4775,5.816886699239701e-14,0.0027529024393513,591.0628759420322,7.62257774073953e-13,0.0,0.0,0.0,6.2918870498087315e-15,0.0,False,0,True,1,False
889,raw_prediction,True,9622500.0,solved,1,2800,6.829025770027618e-14,0.0019185606636643,995.6738799709406,1.5103638189339815e-14,0.0,2.5633936578855308e-17,0.0,5.216976612978687e-14,1.1502441425249216e-16,False,10,True,1,False
889,mechanistic_target,True,,solved,1,11425,6.829025770027618e-14,0.0019185606636643,995.6738799709406,1.9717050814663565e-13,0.0,0.0,0.0,2.5925017755235905e-15,0.0,False,0,True,1,False
890,raw_prediction,True,7162200.0,solved,1,1150,6.593557221921076e-14,0.0029678396150049,621.4600998848562,1.0154924137427457e-14,4.2941507985607465e-17,5.1836213853976725e-14,0.0,3.2602367573038524e-14,6.438102565568393e-15,False,24,True,1,False
890,mechanistic_target,True,,solved,1,4775,6.593557221921076e-14,0.0029678396150049,621.4600998848562,1.9535220829989238e-13,0.0,2.290413570155431e-14,0.0,3.0230556852686015e-15,3.225032211390577e-17,False,1,True,1,False
891,raw_prediction,True,10336200.0,solved,1,2975,6.603909480443437e-14,0.0022190179853438,832.4807273948237,1.0090553760463155e-14,0.0,3.121596612217321e-16,0.0,3.3080395560726365e-14,1.0778186056609922e-16,False,12,True,1,False
891,mechanistic_target,True,,solved,1,6325,6.603909480443437e-14,0.0022190179853438,832.4807273948237,1.01376271185295e-12,0.0,1.3110886386062717e-13,0.0,6.531274154551094e-15,4.448075254314764e-17,False,1,True,1,False
892,raw_prediction,True,237529300.0,solved inaccurate,2,100000,5.994635881807721e-14,0.0009798969599071,1711.2611745814334,2.424692892671953e-14,7.572410118789774e-17,9.355287319526316e-16,0.0,1.4557396230223966e-13,1.2000053800818408e-16,False,13,True,1,False
892,mechanistic_target,True,,solved,1,12075,5.994635881807721e-14,0.0009798969599071,1711.2611745814334,1.2013656984540785e-14,0.0,0.0,0.0,4.9214150128366624e-14,1.0861785192791612e-20,False,3,True,1,False
893,raw_prediction,True,104856000.0,solved,1,40475,9.577766862095524e-14,0.0006722390214738,3985.423172089812,6.577811212382656e-14,1.3660935892789933e-17,2.8722443581388365e-14,0.0,3.0754402332039353e-13,7.554751069572368e-15,False,34,True,1,False
893,mechanistic_target,True,,solved,1,20725,9.577766862095524e-14,0.0006722390214738,3985.423172089812,5.865099993603694e-14,0.0,0.0,0.0,6.5667446694585825e-15,0.0,False,0,True,1,False
894,raw_prediction,True,241131400.0,solved inaccurate,2,100000,6.111502565654072e-14,0.0016284858547953,1049.7790616949926,3.5322165065314764e-14,5.950373538624997e-16,1.1647722765861062e-16,0.0,7.413672248007236e-14,3.723477103117883e-16,False,13,True,1,False
894,mechanistic_target,True,,solved,1,3475,6.111502565654072e-14,0.0016284858547953,1049.7790616949926,1.4986186461606757e-13,0.0,7.915344619950824e-15,0.0,2.0954295209189363e-14,9.102255864014198e-18,False,1,True,1,False
895,raw_prediction,True,9341400.0,solved,1,2825,6.255050191044262e-14,0.0016006810404804,1093.1000054110823,8.916494698835457e-15,6.487838962220444e-16,7.840216383152188e-16,0.0,6.942037645917e-14,3.723343747042366e-16,False,22,True,1,False
895,mechanistic_target,True,,solved,1,2925,6.255050191044262e-14,0.0016006810404804,1093.1000054110823,3.3026217758010674e-14,0.0,0.0,0.0,1.0751587870900263e-14,4.324918111448296e-20,False,3,True,1,False
896,raw_prediction,True,19200100.0,solved,1,6300,9.110001391931253e-14,0.001248376328014,2041.2999124431624,1.5569028673890832e-14,1.4455605043042472e-15,1.1986461878143092e-14,0.0,7.755753866725002e-14,5.2667313999730754e-15,False,26,True,1,False
896,mechanistic_target,True,,solved,1,5975,9.110001391931253e-14,0.001248376328014,2041.2999124431624,1.4702241791229517e-13,0.0,8.580765774347432e-15,0.0,2.5935651684446236e-14,1.3963120206543518e-17,False,1,True,1,False
897,raw_prediction,True,5210600.0,solved,1,475,5.941920351891598e-14,0.0040655868157188,408.8250374399937,2.641292395259604e-14,5.029054622160996e-14,6.987585483064779e-14,0.0,1.4140737730697788e-14,1.0704031411111557e-14,False,11,True,1,False
897,mechanistic_target,True,,solved,1,1850,5.941920351891598e-14,0.0040655868157188,408.8250374399937,2.478733869893632e-13,0.0,0.0,0.0,1.6122903525660596e-16,0.0,False,0,True,1,False
898,raw_prediction,True,276724500.0,maximum iterations reached,7,100000,7.790682167426205e-14,0.0005574591749909,3909.275860553626,1.630748423946655e-13,8.267243278574227e-17,3.312318051060988e-15,0.0,2.626986354304861e-12,7.619400961155442e-17,False,16,True,1,False
898,mechanistic_target,True,,solved,1,38375,7.790682167426205e-14,0.0005574591749909,3909.275860553626,4.214873595033559e-14,0.0,5.004726414603108e-15,0.0,4.55481037278803e-13,3.9862280674565054e-15,False,5,True,1,False
899,raw_prediction,True,7728600.0,solved,1,1525,6.286367594570561e-14,0.0025624822123672,686.2349166729098,1.4973507756283567e-14,0.0,0.0,0.0,4.645837491440775e-14,2.3267233531987788e-15,False,3,True,1,False
899,mechanistic_target,True,,solved,1,5725,6.286367594570561e-14,0.0025624822123672,686.2349166729098,3.264895143830925e-13,0.0,0.0,0.0,3.5157250539418343e-15,0.0,False,0,True,1,False
900,raw_prediction,True,10274100.0,solved,1,2325,5.850445034854284e-14,0.0019787138279683,827.0653248753806,1.2731724689195946e-14,1.015206117635642e-15,4.345092430826871e-15,0.0,2.1573042686116008e-14,2.9827093246463383e-16,False,15,True,1,False
900,mechanistic_target,True,,solved,1,10625,5.850445034854284e-14,0.0019787138279683,827.0653248753806,3.230603871894425e-13,0.0,0.0,0.0,1.713032707290786e-15,0.0,False,0,True,1,False
901,raw_prediction,True,20828200.0,solved,1,6700,6.28272632833527e-14,0.0010616061851069,1655.459654249852,5.380615882952089e-15,1.7235009941048234e-15,2.617421045094285e-15,0.0,8.626249036998486e-14,1.5793948921287557e-15,False,20,True,1,False
901,mechanistic_target,True,,solved,1,8700,6.28272632833527e-14,0.0010616061851069,1655.459654249852,1.9265821795080816e-14,0.0,0.0,0.0,7.706465358257532e-15,1.8456438465960636e-20,False,3,True,1,False
902,raw_prediction,True,6896400.0,solved,1,1050,5.719511778189293e-14,0.00279593217007,572.2242071022781,1.7242423390791554e-14,0.0,4.2917380578326974e-14,0.0,2.5620892369676054e-14,2.8397725039512932e-14,False,21,True,1,False
902,mechanistic_target,True,,solved,1,3775,5.719511778189293e-14,0.00279593217007,572.2242071022781,1.211127160031954e-12,0.0,0.0,0.0,1.0487428314756727e-16,0.0,False,0,True,1,False
903,raw_prediction,True,24701200.0,solved,1,8725,9.111168868926265e-14,0.000803924532609,3170.244171140484,9.673165046741873e-14,1.1319540109621711e-14,1.5147298052250026e-14,0.0,8.638588513890206e-14,6.570033703536271e-15,False,23,True,1,False
903,mechanistic_target,True,,solved,1,17125,9.111168868926265e-14,0.000803924532609,3170.244171140484,1.1803195259865698e-14,0.0,0.0,0.0,1.6603823830223223e-14,0.0,False,0,True,1,False
904,raw_prediction,True,14393100.0,solved,1,5275,6.566750297334893e-14,0.0034191756789925,537.233375494997,2.1012658013199443e-14,0.0,2.0606492778048882e-17,0.0,4.3242927766711916e-14,4.251235955291912e-16,False,5,True,1,False
904,mechanistic_target,True,,solved,1,3225,6.566750297334893e-14,0.0034191756789925,537.233375494997,3.952344995871001e-13,0.0,0.0,0.0,7.239946979950126e-15,0.0,False,0,True,1,False
905,raw_prediction,True,12820000.0,solved,1,4300,6.633797858289135e-14,0.0016688527359784,1111.9317141581053,1.7257896500755262e-14,7.433660092319847e-16,1.117126431831051e-15,0.0,2.5189941335843327e-14,1.7539764347470518e-16,False,21,True,1,False
905,mechanistic_target,True,,solved,1,3750,6.633797858289135e-14,0.0016688527359784,1111.9317141581053,1.1650834709527834e-13,0.0,0.0,0.0,2.229948835326833e-14,0.0,False,0,True,1,False
906,raw_prediction,True,6721900.0,solved,1,1300,6.890220119340644e-14,0.0015637604293338,1232.527947545726,2.3789997749545926e-14,4.333043683072516e-15,7.779077767722614e-15,0.0,9.470052381335173e-14,8.441044476476623e-15,False,20,True,1,False
906,mechanistic_target,True,,solved,1,4025,6.890220119340644e-14,0.0015637604293338,1232.527947545726,9.699530335783817e-14,0.0,0.0,0.0,2.3201895635434446e-14,0.0,False,0,True,1,False
907,raw_prediction,True,32289700.0,solved,1,11850,9.900709913084752e-14,0.0008395827525783,3298.6537109462997,7.924972084696531e-15,0.0,1.3045343613840373e-15,0.0,2.870574304358546e-14,3.722818014174729e-16,False,12,True,1,False
907,mechanistic_target,True,,solved,1,13950,9.900709913084752e-14,0.0008395827525783,3298.6537109462997,5.5720918347606276e-14,0.0,0.0,0.0,3.509147119919499e-15,2.6396534271879555e-20,False,3,True,1,False
908,raw_prediction,True,10600200.0,solved,1,2575,7.989659161976869e-14,0.0013718982033338,1629.0719425596162,1.1278304679063211e-14,2.5416045116991074e-16,4.969996388498356e-15,0.0,6.60443137421845e-14,2.927228853595333e-15,False,16,True,1,False
908,mechanistic_target,True,,solved,1,4675,7.989659161976869e-14,0.0013718982033338,1629.0719425596162,2.2546345979083946e-13,0.0,0.0,0.0,3.1770565360378835e-14,0.0,False,0,True,1,False
909,raw_prediction,True,5339900.0,solved,1,525,5.738439126092842e-14,0.0045629907888762,351.78562212460315,7.809021909331514e-15,2.194968811234962e-15,3.1106330337425e-14,0.0,1.3320790276324454e-14,2.4877832450382085e-13,False,18,True,1,False
909,mechanistic_target,True,,solved,1,1600,5.738439126092842e-14,0.0045629907888762,351.78562212460315,1.9910360095827813e-13,0.0,0.0,0.0,1.2039310479762454e-16,0.0,False,0,True,1,False
910,raw_prediction,True,8439900.0,solved,1,2450,6.36359947104013e-14,0.0046384771642827,383.7614202269341,2.7661900547926166e-14,0.0,0.0,0.0,6.119719048750815e-15,9.372281222270188e-16,False,2,True,1,False
910,mechanistic_target,True,,solved,1,1550,6.36359947104013e-14,0.0046384771642827,383.7614202269341,1.6305304943518162e-13,0.0,0.0,0.0,6.627929547055433e-17,0.0,False,0,True,1,False
911,raw_prediction,True,37072000.0,solved,1,14225,6.350021735830226e-14,0.0018324439386692,969.3450871332856,1.802160851105405e-14,7.813250198559114e-17,4.1478519778187326e-17,0.0,4.090896269194708e-14,3.8328464529338944e-16,False,9,True,1,False
911,mechanistic_target,True,,solved,1,12550,6.350021735830226e-14,0.0018324439386692,969.3450871332856,1.465511677649964e-13,0.0,0.0,0.0,2.6567395917249948e-14,0.0,False,0,True,1,False
912,raw_prediction,True,7571600.0,solved,1,1600,7.15162528153766e-14,0.0023003542885349,869.6488370663299,1.04657057768642e-14,1.1967416642682226e-14,1.6904177582900592e-14,0.0,3.515105392554362e-14,7.294871947734786e-15,False,22,True,1,False
912,mechanistic_target,True,,solved,1,4725,7.15162528153766e-14,0.0023003542885349,869.6488370663299,4.272295329241227e-12,0.0,0.0,0.0,6.710233603225408e-16,0.0,False,0,True,1,False
913,raw_prediction,True,5980900.0,solved,1,1475,5.789208439102316e-14,0.0026584960440804,609.1399265550151,8.224323999606042e-15,7.605861470233301e-16,0.0,0.0,2.370621085896028e-14,8.16442665066433e-16,False,3,True,1,False
913,mechanistic_target,True,,solved,1,5050,5.789208439102316e-14,0.0026584960440804,609.1399265550151,5.512617429465192e-13,0.0,9.002873953152111e-14,0.0,2.8824016053445245e-15,7.545494294501206e-17,False,1,True,1,False
914,raw_prediction,True,238982700.0,solved inaccurate,2,100000,7.040849567223356e-14,0.0009116945847174,2160.277730660748,3.5489840233271514e-14,0.0,1.5891372279245509e-15,0.0,4.650100002801297e-13,8.06808759105204e-16,False,20,True,1,False
914,mechanistic_target,True,,solved,1,10800,7.040849567223356e-14,0.0009116945847174,2160.277730660748,1.5481589159905578e-13,0.0,0.0,0.0,1.2645076351312382e-14,0.0,False,0,True,1,False
915,raw_prediction,True,19844600.0,solved,1,6950,6.013197280592235e-14,0.0012479510460376,1347.850740195219,1.3735131998489015e-14,7.347079314637219e-16,4.0897357381776974e-15,0.0,1.298391149279007e-13,7.228370802304411e-16,False,20,True,1,False
915,mechanistic_target,True,,solved,1,5800,6.013197280592235e-14,0.0012479510460376,1347.850740195219,5.2278322504699536e-14,0.0,0.0,0.0,5.5989834737041866e-15,4.656530801721463e-20,False,3,True,1,False
916,raw_prediction,True,5360900.0,solved,1,700,8.632284408022682e-14,0.0015689644767661,1539.0280255450582,1.1700161261607009e-15,0.0,5.703567522973092e-15,0.0,3.9874780065580123e-14,8.104588196335755e-14,False,24,True,1,False
916,mechanistic_target,True,,solved,1,3675,8.632284408022682e-14,0.0015689644767661,1539.0280255450582,2.2712057664774459e-13,0.0,1.6551126814570992e-14,0.0,2.27376660349524e-14,2.956834845255349e-17,False,1,True,1,False
917,raw_prediction,True,19793400.0,solved,1,7575,9.318480537218028e-14,0.0014417409078678,1807.9723305584228,1.2378764449859871e-14,0.0,0.0,0.0,1.3330713615683024e-13,0.0,False,0,True,1,False
917,mechanistic_target,True,,solved,1,3250,9.318480537218028e-14,0.0014417409078678,1807.9723305584228,6.754218600777796e-11,0.0,0.0,0.0,8.760767305691014e-15,0.0,False,0,True,1,False
918,raw_prediction,True,12499700.0,solved,1,3700,9.280211435082999e-14,0.0012915308045888,2009.9580830441091,1.3562068135186678e-14,3.679545212881155e-16,3.9454209954053806e-15,0.0,8.346056773140078e-14,1.7489608549161997e-15,False,21,True,1,False
918,mechanistic_target,True,,solved,1,5125,9.280211435082999e-14,0.0012915308045888,2009.9580830441091,2.308837825531955e-13,0.0,1.2183280154639376e-14,0.0,2.499711627768577e-14,1.529271007477637e-17,False,1,True,1,False
919,raw_prediction,True,10064600.0,solved,1,2575,6.634022988075501e-14,0.0018209280352531,1019.1030190519087,2.09111699310538e-14,1.6584156621468317e-15,7.104791128395584e-16,0.0,2.50591695566206e-14,1.3356325786503988e-14,False,25,True,1,False
919,mechanistic_target,True,,solved,1,13075,6.634022988075501e-14,0.0018209280352531,1019.1030190519087,1.8066577192271893e-13,0.0,1.3136149860950563e-14,0.0,1.912466507739906e-15,1.3380434207358069e-17,False,1,True,1,False
920,raw_prediction,True,20626500.0,solved,1,7075,9.767416610107625e-14,0.0010497954160322,2602.6090673939702,1.9396151629961316e-14,0.0,2.104939646893421e-15,0.0,1.0249717818541269e-13,1.7130654313560439e-15,False,13,True,1,False
920,mechanistic_target,True,,solved,1,7175,9.767416610107625e-14,0.0010497954160322,2602.6090673939702,2.58643646659416e-13,0.0,0.0,0.0,3.193783028830103e-14,0.0,False,0,True,1,False
921,raw_prediction,True,81857300.0,solved,1,30125,5.941354982195446e-14,0.0012181749152683,1364.2995864800628,2.09976833347299e-14,0.0,5.3845494014256645e-15,0.0,1.1962444337017784e-14,1.284269403230701e-15,False,10,True,1,False
921,mechanistic_target,True,,solved,1,31500,5.941354982195446e-14,0.0012181749152683,1364.2995864800628,1.3499145863270431e-14,0.0,1.995932558204811e-15,0.0,6.457380690561856e-14,5.111823807068203e-16,False,2,True,1,False
922,raw_prediction,True,9029400.0,solved,1,2275,5.706846770216404e-14,0.0022041389862041,724.2543861466562,8.831288970191584e-15,4.413881650027353e-15,6.2163749820989265e-15,0.0,3.8634114601692895e-14,2.4673153229087385e-15,False,21,True,1,False
922,mechanistic_target,True,,solved,1,9825,5.706846770216404e-14,0.0022041389862041,724.2543861466562,5.1326641129645534e-14,0.0,0.0,0.0,2.3189404823884977e-15,6.599193974140291e-20,False,3,True,1,False
923,raw_prediction,True,16549400.0,solved,1,5450,8.68651222844831e-14,0.0012142472069492,2001.1157986282917,2.7082502906949912e-14,7.099002159772869e-15,9.583578097402511e-15,0.0,6.700740379059793e-14,1.1411077059417977e-15,False,23,True,1,False
923,mechanistic_target,True,,solved,1,5325,8.68651222844831e-14,0.0012142472069492,2001.1157986282917,9.869331210911774e-14,0.0,0.0,0.0,1.0632014365657396e-14,1.8241886488283864e-19,False,6,True,1,False
924,raw_prediction,True,8357800.0,solved,1,2450,5.72375357369907e-14,0.0021587948235747,741.6576114792406,9.980948544346064e-15,0.0,1.3631842750536331e-14,0.0,2.4457078767949733e-14,1.1698248852171204e-16,False,3,True,1,False
924,mechanistic_target,True,,solved,1,725,5.72375357369907e-14,0.0021587948235747,741.6576114792406,2.6900210817797122e-14,0.0,1.1394872429016948e-13,0.0,3.811587146063233e-14,4.90905494737589e-14,False,2,True,1,False
925,raw_prediction,True,21948900.0,solved,1,6725,9.478942575278573e-14,0.0013205971307474,2007.813830189312,1.4389531233227615e-14,0.0,2.4840752535584813e-15,0.0,1.7852148127859048e-14,2.077089835454515e-16,False,10,True,1,False
925,mechanistic_target,True,,solved,1,4925,9.478942575278573e-14,0.0013205971307474,2007.813830189312,2.5005617585953816e-13,0.0,0.0,0.0,3.756633586619963e-14,0.0,False,0,True,1,False
926,raw_prediction,True,7018400.0,solved,1,1050,5.717035239048646e-14,0.0029398931080438,543.9678438207851,1.0383703264421936e-14,0.0,8.522082042631003e-15,0.0,2.6529429898687033e-14,1.3495438879755109e-15,False,26,True,1,False
926,mechanistic_target,True,,solved,1,4575,5.717035239048646e-14,0.0029398931080438,543.9678438207851,3.638631799917372e-13,0.0,0.0,0.0,2.8686816786153618e-15,0.0,False,0,True,1,False
927,raw_prediction,True,12699900.0,solved,1,3550,5.715994891131057e-14,0.0036613818234418,436.6975035859462,2.3501341706845832e-14,0.0,6.212118808459232e-16,0.0,5.5672059237955556e-14,3.3646513077822332e-16,False,11,True,1,False
927,mechanistic_target,True,,solved,1,1750,5.715994891131057e-14,0.0036613818234418,436.6975035859462,8.123431492782489e-14,0.0,0.0,0.0,1.0581383480037752e-16,0.0,False,0,True,1,False
928,raw_prediction,True,9118900.0,solved,1,2600,8.819684842366179e-14,0.0019746176491954,1249.4070455038936,1.9599815780420622e-14,0.0,0.0,0.0,6.370688500824564e-14,3.530505012341557e-17,False,3,True,1,False
928,mechanistic_target,True,,solved,1,5825,8.819684842366179e-14,0.0019746176491954,1249.4070455038936,1.0262633692694654e-12,0.0,0.0,0.0,4.476941681361376e-15,0.0,False,0,True,1,False
929,raw_prediction,True,4213900.0,solved,1,400,5.711117071463409e-14,0.0033474280025148,477.247559752297,2.767394849306785e-15,6.870100193040025e-17,1.1368252625908528e-14,0.0,4.4729673451988166e-14,3.0521472373773438e-15,False,18,True,1,False
929,mechanistic_target,True,,solved,1,800,5.711117071463409e-14,0.0033474280025148,477.247559752297,3.793724805175558e-12,0.0,0.0,0.0,2.3655925842862623e-16,2.0396004890422567e-16,False,1,True,1,False
930,raw_prediction,True,227469300.0,solved inaccurate,2,100000,7.622019040623256e-14,0.0007591498880624,2808.5127222336737,2.768618667658984e-14,0.0,8.928881825346653e-18,0.0,2.91852498198256e-13,1.111698821584898e-18,False,3,True,1,False
930,mechanistic_target,True,,solved,1,18400,7.622019040623256e-14,0.0007591498880624,2808.5127222336737,1.1631353194562204e-14,0.0,0.0,0.0,1.3628312379867734e-14,0.0,False,0,True,1,False
931,raw_prediction,True,10543500.0,solved,1,2850,8.280065219110734e-14,0.0015019327888257,1542.1164062578268,9.103828801926284e-15,4.0753045292559376e-14,1.8640103395547087e-16,0.0,6.277351540527957e-14,2.510718420250909e-14,False,15,True,1,False
931,mechanistic_target,True,,solved,1,3300,8.280065219110734e-14,0.0015019327888257,1542.1164062578268,1.217982336560259e-10,0.0,0.0,0.0,1.3471118032487987e-14,0.0,False,0,True,1,False
932,raw_prediction,True,9714300.0,solved,1,2425,6.883582912752585e-14,0.0016328238513069,1179.2587590405187,8.255765862608123e-14,1.864760241209891e-13,2.3130420663810184e-15,0.0,4.209109142304658e-14,3.237784478696317e-14,False,17,True,1,False
932,mechanistic_target,True,,solved,1,3500,6.883582912752585e-14,0.0016328238513069,1179.2587590405187,1.7987117092103668e-13,0.0,1.0121103101879474e-14,0.0,2.1823290570931908e-14,1.9238207836380843e-17,False,1,True,1,False
933,raw_prediction,True,6082900.0,solved,1,925,5.849658741581092e-14,0.0030323285007045,539.6201788075342,5.21953260893328e-15,2.5701616901504497e-16,1.3713170182235352e-14,0.0,2.1332490852826085e-14,1.2486960429378441e-15,False,20,True,1,False
933,mechanistic_target,True,,solved,1,2550,5.849658741581092e-14,0.0030323285007045,539.6201788075342,3.6658617061799073e-13,0.0,0.0,0.0,1.7920144706293247e-16,0.0,False,0,True,1,False
934,raw_prediction,True,7916800.0,solved,1,1700,6.163735100997165e-14,0.0026288860347312,655.8523891142842,5.384912225551713e-16,1.2809660107879592e-14,2.1266545991391065e-15,0.0,2.6324395981437332e-14,1.1250644436449609e-14,False,30,True,1,False
934,mechanistic_target,True,,solved,1,6000,6.163735100997165e-14,0.0026288860347312,655.8523891142842,2.004492425240644e-13,0.0,0.0,0.0,1.7140103472750646e-15,0.0,False,0,True,1,False
935,raw_prediction,True,5014000.0,solved,1,650,6.933670413065953e-14,0.0031504110607486,615.6443085183283,8.731030181439214e-14,9.824927954583624e-14,1.6527176135684813e-13,0.0,1.6479302250679438e-13,9.193107201582343e-14,False,25,True,1,False
935,mechanistic_target,True,,solved,1,3525,6.933670413065953e-14,0.0031504110607486,615.6443085183283,3.439679976721377e-12,0.0,0.0,0.0,4.519142720786458e-16,0.0,False,0,True,1,False
936,raw_prediction,True,15763600.0,solved,1,5350,9.885445253214404e-14,0.0012690591864643,2178.9549764350527,1.6084491594528516e-14,2.1642310987494615e-16,2.660575337363953e-14,0.0,5.054329102358421e-14,1.0788696949551708e-14,False,18,True,1,False
936,mechanistic_target,True,,solved,1,4925,9.885445253214404e-14,0.0012690591864643,2178.9549764350527,3.415127775774488e-13,0.0,0.0,0.0,3.861013490333384e-14,0.0,False,0,True,1,False
937,raw_prediction,True,24277400.0,solved,1,9250,6.636525393430814e-14,0.0026176438839596,709.1924379526192,2.0104126387490612e-14,0.0,1.8547174853999166e-16,0.0,3.1895900452561834e-13,7.898569019844847e-16,False,20,True,1,False
937,mechanistic_target,True,,solved,1,5150,6.636525393430814e-14,0.0026176438839596,709.1924379526192,6.353870078762361e-13,0.0,0.0,0.0,9.744875304201963e-15,0.0,False,0,True,1,False
938,raw_prediction,True,23390500.0,solved,1,8975,9.486729052333093e-14,0.0010918825011113,2430.3817177543133,2.9895034146940315e-14,9.176724100402135e-17,1.6956458266641449e-15,0.0,2.9824830881997494e-13,3.10091820578904e-15,False,18,True,1,False
938,mechanistic_target,True,,solved,1,7050,9.486729052333093e-14,0.0010918825011113,2430.3817177543133,2.481617965044265e-13,0.0,0.0,0.0,1.8589886086790175e-14,0.0,False,0,True,1,False
939,raw_prediction,True,33428300.0,solved,1,11000,8.163406706612172e-14,0.0010559412144965,2162.5471801129656,9.737002870657818e-15,8.335543201856583e-17,2.857242184110929e-16,0.0,8.853426336383185e-14,8.295731256258413e-17,False,14,True,1,False
939,mechanistic_target,True,,solved,1,7450,8.163406706612172e-14,0.0010559412144965,2162.5471801129656,2.928308984950659e-13,0.0,0.0,0.0,3.6732113915471165e-14,0.0,False,0,True,1,False
940,raw_prediction,True,3473300.0,solved,1,275,5.851310747287396e-14,0.0039412167741799,415.29503491307406,8.049087980621551e-15,2.7669057963035096e-15,2.081551428594605e-14,0.0,1.2249888543151718e-14,9.793386940033543e-15,False,29,True,1,False
940,mechanistic_target,True,,solved,1,2525,5.851310747287396e-14,0.0039412167741799,415.29503491307406,3.877854442519333e-13,0.0,6.749943380310091e-14,0.0,4.033478893885355e-15,7.734318492236293e-17,False,1,True,1,False
941,raw_prediction,True,10010500.0,solved,1,3000,7.28239042331289e-14,0.001472833648057,1383.1018419258976,6.24916784985885e-14,1.8420942084377335e-14,3.2928908809239195e-14,0.0,1.2134895461869067e-14,1.5845184962536427e-14,False,23,True,1,False
941,mechanistic_target,True,,solved,1,3425,7.28239042331289e-14,0.001472833648057,1383.1018419258976,1.6714734504654532e-10,0.0,0.0,0.0,1.1891641964603227e-14,0.0,False,0,True,1,False
942,raw_prediction,True,6186600.0,solved,1,1500,5.715451050908334e-14,0.0023793838620986,671.9236020787413,2.9544582047396525e-14,4.980761444171189e-17,1.4376312391525034e-13,0.0,1.169973215452222e-14,2.9928286098930154e-14,False,13,True,1,False
942,mechanistic_target,True,,solved,1,7275,5.715451050908334e-14,0.0023793838620986,671.9236020787413,2.976849962156471e-13,0.0,0.0,0.0,1.7792432496221375e-15,0.0,False,0,True,1,False
943,raw_prediction,True,23358000.0,solved,1,8650,6.748973150206708e-14,0.0022264010682533,847.9460025901451,2.314374820261423e-13,2.0884911482038345e-14,0.0,0.0,1.4661997210500797e-14,1.1504191221803414e-15,False,2,True,1,False
943,mechanistic_target,True,,solved,1,8050,6.748973150206708e-14,0.0022264010682533,847.9460025901451,3.6467564942767314e-13,0.0,4.1760238296038386e-14,0.0,5.045019695559959e-15,4.37870080287564e-18,False,1,True,1,False
944,raw_prediction,True,5217900.0,solved,1,575,5.849478823903824e-14,0.002935558074741,557.3915685937453,3.2477282406615616e-14,5.717552963699833e-14,7.917698661410212e-14,0.0,1.0336950769504905e-14,1.2152499232829916e-14,False,32,True,1,False
944,mechanistic_target,True,,solved,1,4650,5.849478823903824e-14,0.002935558074741,557.3915685937453,3.348825073172124e-13,0.0,0.0,0.0,3.0019522536955986e-15,0.0,False,0,True,1,False
945,raw_prediction,True,11171100.0,solved,1,2850,8.133147639118426e-14,0.0017542360441197,1296.8941293628654,1.1742278581517476e-14,5.655199735291814e-15,7.525085504646069e-15,0.0,1.143428067043849e-13,4.142333425586809e-15,False,19,True,1,False
945,mechanistic_target,True,,solved,1,2750,8.133147639118426e-14,0.0017542360441197,1296.8941293628654,4.984635417794629e-13,0.0,0.0,0.0,3.4443171848666735e-14,0.0,False,0,True,1,False
946,raw_prediction,True,11053600.0,solved,1,2900,6.198871053210775e-14,0.0015613291093412,1110.5856155809847,6.957132802323834e-15,1.2501975276087265e-15,4.7016476301870174e-15,0.0,3.823596657228622e-14,1.2010850212419641e-15,False,12,True,1,False
946,mechanistic_target,True,,solved,1,3575,6.198871053210775e-14,0.0015613291093412,1110.5856155809847,1.2564392278094672e-13,0.0,0.0,0.0,2.1721278147059322e-14,0.0,False,0,True,1,False
947,raw_prediction,True,11064900.0,solved,1,2825,5.723664220831652e-14,0.0021032406753464,761.235571806859,7.294512216482474e-15,0.0,3.2117005995143653e-16,0.0,2.4476865047849642e-14,1.3649697983192466e-16,False,3,True,1,False
947,mechanistic_target,True,,solved,1,9150,5.723664220831652e-14,0.0021032406753464,761.235571806859,3.9682124630072893e-13,0.0,0.0,0.0,1.992200934583818e-15,0.0,False,0,True,1,False
948,raw_prediction,True,33510400.0,solved,1,12375,6.727231821494863e-14,0.0009664404616699,1947.131076165516,1.5813420078808972e-14,0.0,1.7857763650693306e-17,0.0,1.772119037084557e-13,5.4602460624893316e-17,False,6,True,1,False
948,mechanistic_target,True,,solved,1,12075,6.727231821494863e-14,0.0009664404616699,1947.131076165516,7.293538341948275e-15,0.0,0.0,0.0,3.678431441571927e-14,1.5322768945441594e-19,False,4,True,1,False
949,raw_prediction,True,24936500.0,solved,1,8825,7.12855089601373e-14,0.0012371270526689,1611.8359922642835,7.787369506459503e-15,0.0,2.2070862247552085e-17,0.0,4.9615476657947104e-14,2.9051078659448647e-18,False,2,True,1,False
949,mechanistic_target,True,,solved,1,5900,7.12855089601373e-14,0.0012371270526689,1611.8359922642835,2.0580700361284082e-13,0.0,6.840238876015873e-15,0.0,1.5250928625538512e-14,2.6356531024030098e-18,False,1,True,1,False
950,raw_prediction,True,21989100.0,solved,1,7950,5.714119339600362e-14,0.0010480148194959,1525.1613149217346,1.66045562716155e-14,5.749751017179688e-15,1.5771064264600533e-15,0.0,8.110022363056283e-14,7.079495978596848e-15,False,19,True,1,False
950,mechanistic_target,True,,solved,1,4725,5.714119339600362e-14,0.0010480148194959,1525.1613149217346,1.8438264145657728e-13,0.0,2.495137377410757e-13,0.0,4.155632794282013e-13,2.817808273109301e-12,False,3,True,1,False
951,raw_prediction,True,14275200.0,solved,1,4875,8.102330490922443e-14,0.0015463907764059,1465.6308631763434,1.277797312404516e-14,0.0,0.0,0.0,5.070291867435015e-14,0.0,False,0,True,1,False
951,mechanistic_target,True,,solved,1,3875,8.102330490922443e-14,0.0015463907764059,1465.6308631763434,3.116825083462784e-13,0.0,0.0,0.0,7.188962870046258e-14,0.0,False,0,True,1,False
952,raw_prediction,True,16091900.0,solved,1,5550,7.067767122802401e-14,0.0011399679036106,1734.2971331523263,1.681914015079431e-14,2.093433205077977e-15,4.139634250304355e-15,0.0,3.960111443423921e-14,1.6710415697930445e-15,False,23,True,1,False
952,mechanistic_target,True,,solved,1,8825,7.067767122802401e-14,0.0011399679036106,1734.2971331523263,9.742209921469832e-15,0.0,0.0,0.0,1.2988993481586055e-14,0.0,False,0,True,1,False
953,raw_prediction,True,16904300.0,solved,1,5525,6.386622079871808e-14,0.0027984735147288,638.38682513863,2.7269853042355408e-14,0.0,0.0,0.0,4.3894868707258e-14,0.0,False,0,True,1,False
953,mechanistic_target,True,,solved,1,2600,6.386622079871808e-14,0.0027984735147288,638.38682513863,2.125896086812806e-13,0.0,0.0,0.0,5.237897403289288e-17,0.0,False,0,True,1,False
954,raw_prediction,True,5644200.0,solved,1,550,5.73723176439175e-14,0.0039085119145808,410.6055852460144,9.398409783815318e-15,2.6348689475046653e-14,3.7025601867062906e-14,0.0,1.844876313026313e-14,1.8636731393323465e-14,False,7,True,1,False
954,mechanistic_target,True,,solved,1,1750,5.73723176439175e-14,0.0039085119145808,410.6055852460144,7.39499338615695e-14,0.0,0.0,0.0,5.269718686932092e-17,0.0,False,0,True,1,False
955,raw_prediction,True,8973300.0,solved,1,2550,6.32557007050768e-14,0.0020159490705293,877.7159958956331,5.693224767017586e-15,9.681344188478529e-16,2.2620792385885898e-15,0.0,3.4480550253704386e-14,8.334380415817927e-17,False,6,True,1,False
955,mechanistic_target,True,,solved,1,9525,6.32557007050768e-14,0.0020159490705293,877.7159958956331,4.937765704237988e-13,0.0,0.0,0.0,4.565702492355045e-15,0.0,False,0,True,1,False
956,raw_prediction,True,9347500.0,solved,1,2125,8.907912646684146e-14,0.0013276742749835,1876.801351997636,1.2014694794615366e-14,0.0,8.91884746347806e-17,0.0,5.5933613409465366e-14,4.2943176397391446e-16,False,18,True,1,False
956,mechanistic_target,True,,solved,1,4200,8.907912646684146e-14,0.0013276742749835,1876.801351997636,6.262576746010629e-13,0.0,0.0,0.0,5.1053903391024125e-14,0.0,False,0,True,1,False
957,raw_prediction,True,8626800.0,solved,1,1500,8.679747236518462e-14,0.0019204423558751,1264.269616358193,1.4954395834389084e-14,1.1566152915476756e-15,2.102016119606069e-14,0.0,4.3566453442400654e-14,6.7906793480605975e-15,False,34,True,1,False
957,mechanistic_target,True,,solved,1,2075,8.679747236518462e-14,0.0019204423558751,1264.269616358193,2.1866044165071622e-11,0.0,2.8042865259194654e-15,0.0,4.422484050976039e-15,3.665976666111605e-18,False,1,True,1,False
958,raw_prediction,True,5588500.0,solved,1,875,5.92097569152678e-14,0.0029060471165582,569.9339464607774,1.0460382560140148e-14,0.0,6.325476848265477e-14,0.0,3.6940451057737575e-14,1.4588121370112173e-14,False,21,True,1,False
958,mechanistic_target,True,,solved,1,4500,5.92097569152678e-14,0.0029060471165582,569.9339464607774,4.734941432597396e-13,0.0,3.618252015052452e-14,0.0,3.191249933012961e-15,3.108382805755349e-18,False,1,True,1,False
959,raw_prediction,True,15042300.0,solved,1,4875,8.659997303253698e-14,0.0014487903007979,1672.0379310976823,3.7756256454635206e-14,0.0,6.689135597608546e-17,0.0,1.466237325750083e-14,1.0655978012977265e-17,False,1,True,1,False
959,mechanistic_target,True,,solved,1,3725,8.659997303253698e-14,0.0014487903007979,1672.0379310976823,4.341340288506586e-13,0.0,0.0,0.0,3.258614159549055e-14,0.0,False,0,True,1,False
960,raw_prediction,True,11741400.0,solved,1,3200,5.743982552376592e-14,0.0017257446212451,931.0445925144406,4.5687419524516415e-15,2.128983386686691e-17,8.752548481894177e-15,0.0,1.0948497245474039e-13,3.3156318659438435e-15,False,19,True,1,False
960,mechanistic_target,True,,solved,1,2975,5.743982552376592e-14,0.0017257446212451,931.0445925144406,1.4714837216939524e-13,0.0,8.39612609681491e-15,0.0,1.7443047867942583e-14,6.630716894250827e-18,False,1,True,1,False
961,raw_prediction,True,4134600.0,solved,1,525,5.71484220489693e-14,0.0038737690933552,412.67143868101726,2.9438365060075588e-15,0.0,1.1647722765861062e-16,0.0,4.651797165926711e-14,3.0365464886481668e-15,False,8,True,1,False
961,mechanistic_target,True,,solved,1,1450,5.71484220489693e-14,0.0038737690933552,412.67143868101726,3.100887767443733e-14,0.0,0.0,0.0,3.362399254312177e-17,3.531943107711665e-21,False,1,True,1,False
962,raw_prediction,True,18639800.0,solved,1,6775,5.821514312522065e-14,0.0027628481090897,589.403700679709,1.810768265968498e-14,0.0,4.67080502969108e-16,0.0,2.8190831781517446e-14,1.686283103118643e-16,False,3,True,1,False
962,mechanistic_target,True,,solved,1,3700,5.821514312522065e-14,0.0027628481090897,589.403700679709,1.773807941565707e-12,0.0,0.0,0.0,2.5080543926260286e-16,0.0,False,0,True,1,False
963,raw_prediction,True,9161800.0,solved,1,2150,9.018152975323237e-14,0.0016160405670857,1560.9868262938733,9.314971395010303e-15,1.9520471383070626e-15,2.617421045094285e-15,0.0,1.1278933048332948e-13,8.593675938098626e-16,False,17,True,1,False
963,mechanistic_target,True,,solved,1,3225,9.018152975323237e-14,0.0016160405670857,1560.9868262938733,4.0507771715402637e-13,0.0,0.0,0.0,4.511936333926519e-14,0.0,False,0,True,1,False
964,raw_prediction,True,36181600.0,solved,1,13450,7.842571462605982e-14,0.000699418803042,3136.5706884322826,2.2662427490161008e-14,1.8321581765735185e-15,4.4166992889635625e-15,0.0,5.3344481548052844e-14,1.9128308867921987e-15,False,33,True,1,False
964,mechanistic_target,True,,solved,1,23525,7.842571462605982e-14,0.000699418803042,3136.5706884322826,1.2667638379926048e-14,0.0,0.0,0.0,3.5216924434298623e-14,1.3148697277405882e-22,False,3,True,1,False
965,raw_prediction,True,23446500.0,solved,1,8125,9.623213373467272e-14,0.001246087692538,2160.256931717061,3.2300551122688154e-14,5.140734267307938e-16,0.0,0.0,5.4676804264373815e-14,5.080496699017769e-17,False,1,True,1,False
965,mechanistic_target,True,,solved,1,5350,9.623213373467272e-14,0.001246087692538,2160.256931717061,2.1955644426731253e-13,0.0,1.1699478488531831e-14,0.0,2.7104479013115612e-14,1.3259873351445527e-17,False,1,True,1,False
966,raw_prediction,True,5532200.0,solved,1,650,5.713194082033644e-14,0.0025906080532669,616.8948787574174,2.1643946120619612e-14,2.5846630421381948e-14,3.522612489856058e-14,0.0,2.7314055343257782e-14,1.0191063276642628e-14,False,24,True,1,False
966,mechanistic_target,True,,solved,1,6675,5.713194082033644e-14,0.0025906080532669,616.8948787574174,1.4158807377694733e-13,0.0,0.0,0.0,8.721158658925827e-16,0.0,False,0,True,1,False
967,raw_prediction,True,6344000.0,solved,1,1375,8.073263203100903e-14,0.0015927870596068,1417.833688909384,7.024242298925287e-14,0.0,7.010618435070033e-14,0.0,6.187284088375294e-14,4.043658151433248e-13,False,20,True,1,False
967,mechanistic_target,True,,solved,1,3600,8.073263203100903e-14,0.0015927870596068,1417.833688909384,4.033252516344549e-13,0.0,0.0,0.0,8.940506068283078e-14,0.0,False,0,True,1,False
968,raw_prediction,True,50215600.0,solved,1,16225,6.988106560432273e-14,0.0009101391177685,2147.7594402038644,1.6417931196412855e-14,0.0,2.404251629072907e-16,0.0,7.877995690051095e-14,1.641764015305801e-17,False,14,True,1,False
968,mechanistic_target,True,,solved,1,12425,6.988106560432273e-14,0.0009101391177685,2147.7594402038644,2.996582376800045e-14,0.0,0.0,0.0,5.443816309509561e-15,2.9157603886972268e-21,False,3,True,1,False
969,raw_prediction,True,18193900.0,solved,1,5825,7.811555983144466e-14,0.0009974454828019,2190.696832041961,1.171752684934748e-14,2.379731649221327e-15,3.951469057108703e-15,0.0,4.019913465209172e-14,2.607584149610329e-15,False,25,True,1,False
969,mechanistic_target,True,,solved,1,9900,7.811555983144466e-14,0.0009974454828019,2190.696832041961,5.1522635751396036e-14,0.0,0.0,0.0,5.995065653590707e-15,0.0,False,0,True,1,False
970,raw_prediction,True,28232800.0,solved,1,10325,5.921337911751224e-14,0.001031914267464,1605.1296862810464,1.4674498430967675e-14,0.0,1.4895019091080678e-15,0.0,2.3622876914448812e-14,8.425865206376677e-18,False,16,True,1,False
970,mechanistic_target,True,,solved,1,11775,5.921337911751224e-14,0.001031914267464,1605.1296862810464,1.0966520024573471e-14,0.0,1.8469823672940042e-15,0.0,4.9572252473996796e-14,4.105099469720899e-16,False,2,True,1,False
971,raw_prediction,True,6139400.0,solved,1,825,6.575327877769717e-14,0.0023728539849439,775.1402662135537,1.1154267272934064e-14,0.0,1.5950377943901828e-14,0.0,4.315987615150007e-13,6.966712242243351e-14,False,24,True,1,False
971,mechanistic_target,True,,solved,1,7100,6.575327877769717e-14,0.0023728539849439,775.1402662135537,3.3982760523887733e-13,0.0,0.0,0.0,4.871354254186072e-15,0.0,False,0,True,1,False
972,raw_prediction,True,6120100.0,solved,1,825,5.720251129757811e-14,0.0020782968761747,769.9125682363956,1.1251763409880767e-13,1.0984423347889797e-13,1.505017100929214e-13,0.0,1.0626619815516269e-13,2.081310863951809e-13,False,29,True,1,False
972,mechanistic_target,True,,solved,1,2650,5.720251129757811e-14,0.0020782968761747,769.9125682363956,8.112242675923662e-14,0.0,0.0,0.0,8.34559075320346e-15,0.0,False,0,True,1,False
973,raw_prediction,True,4513400.0,solved,1,800,5.777978151171636e-14,0.007971160527371,202.76278068600857,1.3100631690576847e-14,0.0,9.934661472525396e-18,0.0,1.8292381911290153e-14,3.65181498891038e-19,False,1,True,1,False
973,mechanistic_target,True,,solved,1,425,5.777978151171636e-14,0.007971160527371,202.76278068600857,4.1209221771434845e-16,0.0,0.0,0.0,3.662307025725021e-17,0.0,False,0,True,1,False
974,raw_prediction,True,10040900.0,solved,1,2925,8.533197174335233e-14,0.0017159810930095,1391.0193807806993,2.295039158717316e-14,9.515919693892714e-16,1.0670874598834703e-14,0.0,4.886272745300391e-14,5.155428742348238e-15,False,25,True,1,False
974,mechanistic_target,True,,solved,1,2875,8.533197174335233e-14,0.0017159810930095,1391.0193807806993,5.053619336846207e-13,0.0,0.0,0.0,5.6678273834611436e-14,0.0,False,0,True,1,False
975,raw_prediction,True,17056400.0,solved,1,4000,7.109560197805368e-14,0.0015912106572715,1249.8242745880812,1.3597343007745534e-14,6.002098098372804e-16,4.935465306412246e-15,0.0,4.068863052119703e-14,1.3507086448784918e-15,False,37,True,1,False
975,mechanistic_target,True,,solved,1,4125,7.109560197805368e-14,0.0015912106572715,1249.8242745880812,8.463996123167881e-14,0.0,5.147381991689172e-15,0.0,2.3487735776377753e-14,7.239049999639794e-18,False,1,True,1,False
976,raw_prediction,True,32128100.0,solved,1,11575,9.020713055416629e-14,0.0010310806954824,2447.271265722176,9.6426615465781e-15,0.0,4.510557697250927e-15,0.0,9.217909150219714e-14,1.210440206686999e-15,False,9,True,1,False
976,mechanistic_target,True,,solved,1,7575,9.020713055416629e-14,0.0010310806954824,2447.271265722176,2.703379309723111e-13,0.0,0.0,0.0,2.39818199694046e-14,0.0,False,0,True,1,False
977,raw_prediction,True,13394900.0,solved,1,3350,7.048721889321951e-14,0.0021511473175727,916.5879021792288,4.470122782935382e-15,1.8001289816880283e-14,1.3784376006684664e-14,0.0,3.836867560232384e-14,2.8943690934498644e-14,False,32,True,1,False
977,mechanistic_target,True,,solved,1,9750,7.048721889321951e-14,0.0021511473175727,916.5879021792288,1.3467348189565454e-13,0.0,1.1734333104936072e-14,0.0,2.0569465405232146e-15,1.57733317636737e-17,False,1,True,1,False
978,raw_prediction,True,23256600.0,solved,1,6825,5.779984781665886e-14,0.0012451235065356,1298.5185593507238,9.402697543741884e-15,1.0249367521914574e-17,1.4588648248684152e-17,0.0,4.3456061281277886e-14,3.313412201485033e-16,False,7,True,1,False
978,mechanistic_target,True,,solved,1,6825,5.779984781665886e-14,0.0012451235065356,1298.5185593507238,1.3394272631909388e-14,0.0,0.0,0.0,9.067603200690164e-15,0.0,False,0,True,1,False
979,raw_prediction,True,17875100.0,solved,1,5575,9.120063402708012e-14,0.0014374381553809,1774.7720779773954,2.178178696931432e-14,3.1594182726217878e-15,2.238439123243051e-15,0.0,9.105638171624649e-14,4.1660122279446845e-16,False,20,True,1,False
979,mechanistic_target,True,,solved,1,4150,9.120063402708012e-14,0.0014374381553809,1774.7720779773954,2.1184157895518872e-13,0.0,1.2226868831828752e-14,0.0,1.4478696842442995e-14,1.6242598199785084e-17,False,1,True,1,False
980,raw_prediction,True,17122200.0,solved,1,5250,6.27529940331651e-14,0.0015433849848456,1137.34986167918,1.9239382956472314e-14,4.7403757244444324e-17,5.342781397939793e-16,0.0,1.0575297786546681e-13,1.7129994971200614e-16,False,19,True,1,False
980,mechanistic_target,True,,solved,1,3525,6.27529940331651e-14,0.0015433849848456,1137.34986167918,2.3216679575811294e-13,0.0,0.0,0.0,3.875330222444246e-14,0.0,False,0,True,1,False
981,raw_prediction,True,10697400.0,solved,1,2650,5.716419446047488e-14,0.0018295899208907,873.9854997303873,5.891120924417237e-15,2.2987591277849098e-15,3.2172467012617256e-15,0.0,7.450561387413465e-14,8.064393144671028e-16,False,21,True,1,False
981,mechanistic_target,True,,solved,1,3200,5.716419446047488e-14,0.0018295899208907,873.9854997303873,3.05452592124299e-14,0.0,0.0,0.0,4.474766672139433e-15,7.184649538181242e-20,False,3,True,1,False
982,raw_prediction,True,7357900.0,solved,1,1350,7.45130670616723e-14,0.0016999696973536,1226.097927837403,3.4593335140886694e-13,2.8645281405494713e-14,2.5472693254697746e-13,0.0,7.249780774384834e-14,1.259858207223904e-13,False,32,True,1,False
982,mechanistic_target,True,,solved,1,3375,7.45130670616723e-14,0.0016999696973536,1226.097927837403,1.8651315775899025e-13,0.0,1.3296995344848811e-14,0.0,2.425756212670749e-14,2.603390172388284e-17,False,1,True,1,False
983,raw_prediction,True,15095100.0,solved,1,5425,6.288971574705167e-14,0.0015250307537787,1153.5460290563692,2.23136271173982e-14,4.7138427582361306e-17,7.051179986864006e-17,0.0,1.004776048179684e-13,1.2210746391217988e-16,False,8,True,1,False
983,mechanistic_target,True,,solved,1,19875,6.288971574705167e-14,0.0015250307537787,1153.5460290563692,2.5779039307706462e-14,0.0,0.0,0.0,4.2019286824422505e-15,0.0,False,0,True,1,False
984,raw_prediction,True,42609100.0,solved,1,17175,9.609974208732849e-14,0.0009564417989162,2810.5904935523013,1.5680444349634296e-14,2.2131735258216186e-16,7.243488398808974e-15,0.0,1.2437966618054216e-13,9.151575471691406e-16,False,9,True,1,False
984,mechanistic_target,True,,solved,1,10350,9.609974208732849e-14,0.0009564417989162,2810.5904935523013,7.939348477317347e-14,0.0,0.0,0.0,7.563455276156721e-15,0.0,False,0,True,1,False
985,raw_prediction,True,5101200.0,solved,1,500,6.182941296903622e-14,0.0033310045321736,519.2228516633284,5.8157529588671975e-15,1.2806791928008491e-15,1.081880143326128e-14,0.0,3.415273866974148e-14,4.515835637605258e-15,False,31,True,1,False
985,mechanistic_target,True,,solved,1,3500,6.182941296903622e-14,0.0033310045321736,519.2228516633284,3.9923530358769283e-13,0.0,4.823360580571034e-14,0.0,4.638763937100894e-15,6.646662858609371e-17,False,1,True,1,False
986,raw_prediction,True,14750000.0,solved,1,4775,5.740740507300733e-14,0.0010798412279879,1487.1059462527014,1.188091678953436e-14,0.0,1.7948498004752216e-15,0.0,2.175080745063743e-14,9.094100813501959e-16,False,19,True,1,False
986,mechanistic_target,True,,solved,1,8950,5.740740507300733e-14,0.0010798412279879,1487.1059462527014,1.5934306322334037e-14,0.0,0.0,0.0,1.2208883412537879e-14,2.3880457073846452e-20,False,3,True,1,False
987,raw_prediction,True,15462300.0,solved,1,5225,7.334707993340726e-14,0.0015333401842326,1338.0680771321297,8.022465204824066e-15,0.0,1.1916015272864544e-16,0.0,6.516743697121703e-14,3.2563112483999146e-17,False,8,True,1,False
987,mechanistic_target,True,,solved,1,3150,7.334707993340726e-14,0.0015333401842326,1338.0680771321297,8.862611184842786e-13,0.0,0.0,0.0,9.401347863532787e-14,0.0,False,0,True,1,False
988,raw_prediction,True,237574000.0,solved inaccurate,2,100000,1.0191265209002705e-13,0.0004740278632798,6013.926718211077,1.0372258607560525e-13,0.0,0.0,0.0,8.227976551190493e-13,0.0,False,0,True,1,False
988,mechanistic_target,True,,solved,1,23500,1.0191265209002705e-13,0.0004740278632798,6013.926718211077,5.939683857691702e-13,0.0,1.45261463160151e-13,0.0,4.539705302328548e-12,5.001067241018818e-12,False,3,True,1,False
989,raw_prediction,True,29993200.0,solved,1,12150,6.413698757131842e-14,0.0021309951572303,841.898999809519,2.4267046705439554e-14,2.800020015794369e-15,3.217324123673427e-15,0.0,1.847128961868228e-14,7.650527147291706e-16,False,2,True,1,False
989,mechanistic_target,True,,solved,1,9325,6.413698757131842e-14,0.0021309951572303,841.898999809519,2.472828854068777e-13,0.0,2.4112701159355612e-14,0.0,2.5041606421683955e-15,2.466874771305664e-17,False,1,True,1,False
990,raw_prediction,True,19889800.0,solved,1,7175,6.739139719333635e-14,0.0012711765249621,1482.9704419096,1.0173118104302056e-14,0.0,2.427913840734556e-15,0.0,8.136437788547412e-14,2.569840356401467e-16,False,11,True,1,False
990,mechanistic_target,True,,solved,1,6750,6.739139719333635e-14,0.0012711765249621,1482.9704419096,1.8350373213949053e-14,0.0,0.0,0.0,8.186781252191891e-15,1.3082852429336876e-19,False,3,True,1,False
991,raw_prediction,True,6427300.0,solved,1,1600,6.782802258134691e-14,0.0021670370274366,875.5414726101716,1.0407017936306864e-14,8.25620630505894e-15,1.9102185551720195e-14,0.0,2.3228212857302268e-14,4.8778323851898806e-15,False,10,True,1,False
991,mechanistic_target,True,,solved,1,7300,6.782802258134691e-14,0.0021670370274366,875.5414726101716,7.634747296924857e-13,0.0,0.0,0.0,3.920411150742881e-15,0.0,False,0,True,1,False
992,raw_prediction,True,17546900.0,solved,1,4900,9.977916420393925e-14,0.001354448933514,2060.682698123296,1.5259230658973205e-14,1.854370445210167e-15,3.0231996876815823e-15,0.0,5.2382880099032474e-14,6.224878749997152e-16,False,17,True,1,False
992,mechanistic_target,True,,solved,1,4225,9.977916420393925e-14,0.001354448933514,2060.682698123296,5.573305842802976e-13,0.0,0.0,0.0,9.105608212332777e-14,0.0,False,0,True,1,False
993,raw_prediction,True,12307900.0,solved,1,3625,7.078798762563142e-14,0.0013821742111305,1432.6189095349866,1.4599432773820812e-14,0.0,3.2306915361839983e-15,0.0,7.068308792605842e-14,4.832879694582458e-15,False,20,True,1,False
993,mechanistic_target,True,,solved,1,4450,7.078798762563142e-14,0.0013821742111305,1432.6189095349866,3.543038597329675e-13,0.0,0.0,0.0,7.137680116399592e-14,0.0,False,0,True,1,False
994,raw_prediction,True,37369800.0,solved,1,14375,6.636903748905927e-14,0.0007184948784406,2583.900233094298,2.7722182188716363e-14,5.3145964691152755e-18,1.929528009652303e-15,0.0,3.583813458482515e-13,4.065285995569207e-15,False,22,True,1,False
994,mechanistic_target,True,,solved,1,24075,6.636903748905927e-14,0.0007184948784406,2583.900233094298,1.2886441162275844e-14,0.0,1.6978361152415918e-17,0.0,1.677635206685886e-13,1.7422482818523278e-17,False,2,True,1,False
995,raw_prediction,True,20616000.0,solved,1,6850,9.829875313947632e-14,0.0012884921775117,2134.0280390015696,2.1399548799649886e-14,2.7568292160998173e-15,4.704129829891313e-15,0.0,9.582377196971514e-14,1.1892088937415713e-15,False,17,True,1,False
995,mechanistic_target,True,,solved,1,3700,9.829875313947632e-14,0.0012884921775117,2134.0280390015696,5.5826068359874207e-11,0.0,0.0,0.0,6.651770086702704e-15,0.0,False,0,True,1,False
996,raw_prediction,True,83421900.0,solved,1,33325,8.453160631059715e-14,0.0006113219499089,3867.9694077038616,2.3595310774094963e-14,0.0,7.859104474040071e-17,0.0,1.3343837508544336e-13,5.06394574860041e-18,False,4,True,1,False
996,mechanistic_target,True,,solved,1,31575,8.453160631059715e-14,0.0006113219499089,3867.9694077038616,8.307417038806981e-15,0.0,0.0,0.0,2.6681336850864308e-14,0.0,False,0,True,1,False
997,raw_prediction,True,9688300.0,solved,1,2800,5.959040896905475e-14,0.0015525614814604,1073.6468573757938,1.0759174273665018e-14,0.0,2.8212038322946546e-15,0.0,5.3634458511623054e-14,1.2692777976293257e-15,False,25,True,1,False
997,mechanistic_target,True,,solved,1,22900,5.959040896905475e-14,0.0015525614814604,1073.6468573757938,1.3656083025293271e-14,0.0,0.0,0.0,9.129334992027476e-15,0.0,False,0,True,1,False
998,raw_prediction,True,26395400.0,solved,1,9350,9.266487026207524e-14,0.0011248850191102,2304.3099096801457,1.0170779785040208e-14,1.835746920985576e-16,5.809057445521465e-16,0.0,6.126369341556548e-14,4.219571881389332e-17,False,13,True,1,False
998,mechanistic_target,True,,solved,1,7050,9.266487026207524e-14,0.0011248850191102,2304.3099096801457,1.3983490160223602e-13,0.0,0.0,0.0,1.7575944856150347e-14,0.0,False,0,True,1,False
999,raw_prediction,True,7258700.0,solved,1,1600,6.147119816241779e-14,0.0018961884993915,906.826219342433,9.913291703940888e-15,0.0,7.016465489644737e-15,0.0,2.9704916174573833e-14,3.8317837797357334e-14,False,23,True,1,False
999,mechanistic_target,True,,solved,1,2150,6.147119816241779e-14,0.0018961884993915,906.826219342433,1.9662424439624533e-11,0.0,0.0,0.0,9.90198715213989e-16,0.0,False,0,True,1,False
1000,raw_prediction,True,12259000.0,solved,1,3050,7.38488820244089e-14,0.00189448152366,1090.4040338463612,1.7815176417412815e-14,6.206507943608334e-16,1.0290816051478948e-14,0.0,6.765635173283572e-14,1.2411820970723732e-14,False,27,True,1,False
1000,mechanistic_target,True,,solved,1,8325,7.38488820244089e-14,0.00189448152366,1090.4040338463612,9.835279556243657e-13,0.0,0.0,0.0,6.188837079125025e-15,0.0,False,0,True,1,False
1001,raw_prediction,True,253604000.0,solved inaccurate,2,100000,9.993999103639029e-14,0.0006196887849158,4511.277767972186,4.5835952653967716e-14,0.0,3.0254727993178946e-15,0.0,3.238100317183592e-13,3.911018202305641e-16,False,14,True,1,False
1001,mechanistic_target,True,,solved,1,29175,9.993999103639029e-14,0.0006196887849158,4511.277767972186,1.4677726853199643e-14,0.0,0.0,0.0,1.5619452368301415e-14,0.0,False,0,True,1,False
1002,raw_prediction,True,17008900.0,solved,1,5150,8.233576005334094e-14,0.0015577681357371,1478.4940507208976,1.2363374213286704e-14,1.310041898290711e-15,5.328593346296688e-16,0.0,2.382039135674132e-14,1.9181730911450722e-15,False,9,True,1,False
1002,mechanistic_target,True,,solved,1,3750,8.233576005334094e-14,0.0015577681357371,1478.4940507208976,2.2689963697405938e-13,0.0,1.4614369242150933e-14,0.0,2.2888477133648023e-14,2.1521462969152376e-17,False,1,True,1,False
1003,raw_prediction,True,45055400.0,solved,1,18500,6.825788221547221e-14,0.0010029797176548,1903.6826743725069,1.2660011927678738e-14,0.0,2.6043861933912128e-14,0.0,2.522881569469311e-14,7.64000419507606e-16,False,9,True,1,False
1003,mechanistic_target,True,,solved,1,10925,6.825788221547221e-14,0.0010029797176548,1903.6826743725069,1.6951735578716876e-14,0.0,0.0,0.0,9.378032446570422e-15,0.0,False,0,True,1,False
1004,raw_prediction,True,88643100.0,solved,1,37450,1.0325230181488609e-13,0.0005433205480092,5315.908666417832,2.3564483697668948e-14,0.0,6.4084841447138286e-18,0.0,6.955862430729587e-14,3.3131570377820243e-19,False,2,True,1,False
1004,mechanistic_target,True,,solved,1,39650,1.0325230181488609e-13,0.0005433205480092,5315.908666417832,9.763231153583358e-15,0.0,0.0,0.0,3.989200791081719e-14,0.0,False,0,True,1,False
1005,raw_prediction,True,7819000.0,solved,1,2050,9.284862396055416e-14,0.0017171451994283,1512.5242634943995,1.6316809015037848e-14,0.0,1.4950893212742398e-16,0.0,4.6280241753646994e-14,2.568370430129876e-16,False,10,True,1,False
1005,mechanistic_target,True,,solved,1,2475,9.284862396055416e-14,0.0017171451994283,1512.5242634943995,5.992842884651422e-11,0.0,0.0,0.0,1.1735652388455036e-14,0.0,False,0,True,1,False
1006,raw_prediction,True,3181600.0,solved,1,200,5.707452565705376e-14,0.007027194548544,227.19262638457624,9.988643853029673e-13,0.0,1.0426513363756476e-16,0.0,1.5621028787614223e-14,1.1401158030906904e-15,False,8,True,1,False
1006,mechanistic_target,True,,solved,1,475,5.707452565705376e-14,0.007027194548544,227.19262638457624,6.089711553765421e-16,0.0,0.0,0.0,1.8558945429728957e-17,0.0,False,0,True,1,False
1007,raw_prediction,True,18742200.0,solved,1,6500,8.426650055979501e-14,0.0011782727161464,2000.520637473664,1.8064954913910025e-13,6.826560646096328e-15,1.4180058174708808e-14,0.0,2.953441418591545e-14,2.224455351373051e-15,False,12,True,1,False
1007,mechanistic_target,True,,solved,1,6150,8.426650055979501e-14,0.0011782727161464,2000.520637473664,1.408821846401211e-13,0.0,5.44450331185645e-15,0.0,1.791297112811146e-14,4.562787943293432e-18,False,1,True,1,False
1008,raw_prediction,True,15914900.0,solved,1,4650,8.164132943033618e-14,0.0016453772419818,1387.9648904895691,3.399877118001304e-14,0.0,7.988615740948752e-17,0.0,5.870834145635353e-14,4.3048426102951887e-16,False,4,True,1,False
1008,mechanistic_target,True,,solved,1,3750,8.164132943033618e-14,0.0016453772419818,1387.9648904895691,1.320318219788935e-13,0.0,0.0,0.0,2.6955097111820275e-14,0.0,False,0,True,1,False
1009,raw_prediction,True,8661700.0,solved,1,2425,6.217524348452028e-14,0.0018521802693996,939.0055078314964,1.4475230127836253e-14,0.0,6.256348394933224e-15,0.0,2.7047636183527253e-13,6.296107908742427e-15,False,21,True,1,False
1009,mechanistic_target,True,,solved,1,2950,6.217524348452028e-14,0.0018521802693996,939.0055078314964,1.4265116455636617e-13,0.0,0.0,0.0,1.4299339881645285e-14,0.0,False,0,True,1,False
1010,raw_prediction,True,34746900.0,solved,1,13200,6.892062009819039e-14,0.0010080044285223,1912.58451231584,5.2743481681381776e-15,0.0,0.0,0.0,2.115326536079433e-13,0.0,False,0,True,1,False
1010,mechanistic_target,True,,solved,1,7875,6.892062009819039e-14,0.0010080044285223,1912.58451231584,3.8040678636083553e-13,0.0,0.0,0.0,3.6755674611052606e-14,0.0,False,0,True,1,False
1011,raw_prediction,True,10877900.0,solved,1,3275,6.543676805477764e-14,0.0019356702524472,945.6367982792476,4.466479269771285e-14,0.0,2.321509274590129e-16,0.0,1.6411022722699733e-14,2.393877519864612e-16,False,6,True,1,False
1011,mechanistic_target,True,,solved,1,2450,6.543676805477764e-14,0.0019356702524472,945.6367982792476,4.884546873018053e-13,0.0,0.0,0.0,4.682968506446986e-14,0.0,False,0,True,1,False
1012,raw_prediction,True,44032400.0,solved,1,14425,7.138104683699458e-14,0.0018530348426951,1077.5395658234556,1.1172065513758392e-14,0.0,0.0,0.0,2.695489994181151e-14,0.0,False,0,True,1,False
1012,mechanistic_target,True,,solved,1,11450,7.138104683699458e-14,0.0018530348426951,1077.5395658234556,3.069753879485295e-13,0.0,0.0,0.0,3.215723575311749e-15,0.0,False,0,True,1,False
1013,raw_prediction,True,29671500.0,solved,1,11100,6.924520341012575e-14,0.0012706498999899,1524.395602389004,2.5582400781098972e-14,0.0,1.6322999898704946e-14,0.0,9.630036046075554e-14,1.6542815582666157e-15,False,4,True,1,False
1013,mechanistic_target,True,,solved,1,5300,6.924520341012575e-14,0.0012706498999899,1524.395602389004,1.712162800774291e-13,0.0,6.6567827861598405e-15,0.0,3.30602764280888e-14,5.082821605012978e-18,False,1,True,1,False
1014,raw_prediction,True,20228500.0,solved,1,6400,5.967035844758361e-14,0.0028642649855849,582.7460671802786,2.7795193180323073e-14,0.0,1.5132050901558064e-15,0.0,8.674877917518101e-15,8.109936562486148e-16,False,7,True,1,False
1014,mechanistic_target,True,,solved,1,4525,5.967035844758361e-14,0.0028642649855849,582.7460671802786,5.236052547963626e-13,0.0,0.0,0.0,5.156794701261927e-15,0.0,False,0,True,1,False
1015,raw_prediction,True,233944100.0,solved inaccurate,2,100000,6.880902351525108e-14,0.0012788811735149,1505.0436615842457,1.7688283568347055e-14,0.0,0.0,0.0,1.3916996857964518e-13,5.997812599331963e-17,False,2,True,1,False
1015,mechanistic_target,True,,solved,1,4550,6.880902351525108e-14,0.0012788811735149,1505.0436615842457,6.540742142302571e-13,0.0,0.0,0.0,1.1918042693468924e-13,0.0,False,0,True,1,False
1016,raw_prediction,True,7325900.0,solved,1,1300,5.938669283825616e-14,0.0023430819542603,708.9825725637568,1.5018731208565638e-14,2.168635147816301e-15,1.9763044462499345e-14,0.0,5.165536523788222e-14,2.396558124868866e-14,False,27,True,1,False
1016,mechanistic_target,True,,solved,1,7075,5.938669283825616e-14,0.0023430819542603,708.9825725637568,4.201080308257692e-13,0.0,0.0,0.0,2.9522371465652244e-15,0.0,False,0,True,1,False
1017,raw_prediction,True,16758500.0,solved,1,6025,6.490415454675855e-14,0.0014358071118707,1264.4751401101596,1.755887102383724e-14,0.0,2.716537784386547e-16,0.0,4.1544428710337656e-14,1.6184564807811237e-19,False,1,True,1,False
1017,mechanistic_target,True,,solved,1,5325,6.490415454675855e-14,0.0014358071118707,1264.4751401101596,1.6850070757338818e-14,0.0,0.0,0.0,7.272382007273031e-15,6.528198147810118e-20,False,3,True,1,False
1018,raw_prediction,True,23817100.0,solved,1,8475,7.025603489598081e-14,0.0012514751499505,1570.34582257145,2.874089854998374e-14,0.0,1.0253574631542123e-16,0.0,1.4479203770111697e-13,5.6722895870616925e-16,False,26,True,1,False
1018,mechanistic_target,True,,solved,1,4625,7.025603489598081e-14,0.0012514751499505,1570.34582257145,4.1215305151363385e-13,0.0,0.0,0.0,6.470865630683516e-14,0.0,False,0,True,1,False
1019,raw_prediction,True,39308600.0,solved,1,15450,6.636868834560445e-14,0.0008963038334128,2071.294630456706,1.1197059300466311e-14,0.0,1.997153935237188e-17,0.0,9.348279395764204e-14,6.321683215425829e-16,False,14,True,1,False
1019,mechanistic_target,True,,solved,1,14500,6.636868834560445e-14,0.0008963038334128,2071.294630456706,1.2914949184262412e-14,0.0,1.243734094105237e-15,0.0,1.8545184684580625e-14,8.816845761249898e-17,False,2,True,1,False
1020,raw_prediction,True,3989500.0,solved,1,475,7.05649324013577e-14,0.0027855781280033,708.6103388914452,1.173345542470322e-11,2.644486857279093e-13,6.428794914249591e-16,0.0,3.1489657385689254e-14,2.1679512987871654e-13,False,11,True,1,False
1020,mechanistic_target,True,,solved,1,5275,7.05649324013577e-14,0.0027855781280033,708.6103388914452,2.555154023493503e-13,0.0,0.0,0.0,5.463255820744423e-15,3.764446171721586e-19,False,3,True,1,False
1021,raw_prediction,True,13820100.0,solved,1,4375,8.779235074486987e-14,0.0014883974600783,1649.9533152097488,1.6496005950106254e-13,0.0,6.868830926016294e-17,0.0,5.9852387067719e-15,5.135868101966295e-16,False,5,True,1,False
1021,mechanistic_target,True,,solved,1,3750,8.779235074486987e-14,0.0014883974600783,1649.9533152097488,4.480916755334585e-13,0.0,0.0,0.0,6.063252955811481e-14,0.0,False,0,True,1,False
1022,raw_prediction,True,236883300.0,solved inaccurate,2,100000,8.193760291238464e-14,0.0007290006673102,3144.048429797395,5.6538107529036097e-14,0.0,1.324798203857083e-16,0.0,1.4270834011202428e-13,4.940150749155414e-16,False,17,True,1,False
1022,mechanistic_target,True,,solved,1,16850,8.193760291238464e-14,0.0007290006673102,3144.048429797395,1.0501243942856345e-13,0.0,0.0,0.0,6.722980001360238e-15,0.0,False,0,True,1,False
1023,raw_prediction,True,33462400.0,solved,1,13825,5.840252755121807e-14,0.0020486940883003,797.4223929634708,9.901801600875616e-15,0.0,4.806363108535371e-18,0.0,2.9471183509752515e-14,3.844756545746906e-16,False,3,True,1,False
1023,mechanistic_target,True,,solved,1,11825,5.840252755121807e-14,0.0020486940883003,797.4223929634708,3.239528932587584e-14,0.0,0.0,0.0,6.1789416381163736e-15,5.326978927081984e-20,False,3,True,1,False
1024,raw_prediction,True,9846200.0,solved,1,2500,7.78508955128582e-14,0.001662654946214,1309.771036390878,1.5620842313577966e-14,0.0,5.0284669342453946e-15,0.0,8.49380636438643e-14,2.7874035118996414e-15,False,19,True,1,False
1024,mechanistic_target,True,,solved,1,2825,7.78508955128582e-14,0.001662654946214,1309.771036390878,1.1540172561287787e-10,0.0,0.0,0.0,1.0700770734525303e-14,0.0,False,0,True,1,False
1025,raw_prediction,True,60002300.0,solved,1,24450,7.190024989782316e-14,0.0016094959468216,1249.609766912572,1.0296745414991391e-14,5.67787424240119e-16,3.574804581859363e-16,0.0,3.2970765591477934e-14,2.8974152424257286e-16,False,10,True,1,False
1025,mechanistic_target,True,,solved,1,3850,7.190024989782316e-14,0.0016094959468216,1249.609766912572,2.4973451478874364e-13,0.0,1.6919426648800322e-14,0.0,5.86440125105068e-14,8.083425152594617e-18,False,1,True,1,False
1026,raw_prediction,True,91192500.0,solved,1,33050,9.019527780488029e-14,0.0005365220082976,4702.5146529850845,8.484845183993877e-15,0.0,8.332052768953125e-16,0.0,2.354925981302969e-13,4.954324590244718e-16,False,10,True,1,False
1026,mechanistic_target,True,,solved,1,44150,9.019527780488029e-14,0.0005365220082976,4702.5146529850845,3.1438745518123466e-14,0.0,4.1706053455025903e-16,0.0,1.0755649649100193e-13,5.33723269442374e-17,False,2,True,1,False
1027,raw_prediction,True,15520400.0,solved,1,4350,6.080444605635227e-14,0.0017919328882182,949.1776302655484,1.3425024980584512e-14,1.7529665921086082e-15,3.6313657536274606e-15,0.0,3.4074867351780045e-14,2.359986680898185e-15,False,13,True,1,False
1027,mechanistic_target,True,,solved,1,2825,6.080444605635227e-14,0.0017919328882182,949.1776302655484,3.728971305712839e-13,0.0,0.0,0.0,4.786017925985264e-14,0.0,False,0,True,1,False
1028,raw_prediction,True,64847400.0,solved,1,22550,7.122067042476411e-14,0.0009622168065477,2070.4608255469407,2.520206265899105e-14,0.0,5.935636326801798e-15,0.0,1.617055290132164e-13,6.561451347320209e-16,False,13,True,1,False
1028,mechanistic_target,True,,solved,1,12125,7.122067042476411e-14,0.0009622168065477,2070.4608255469407,2.0445625242945552e-14,0.0,0.0,0.0,1.2093289956436027e-14,1.4528977839505084e-21,False,3,True,1,False
1029,raw_prediction,True,5794800.0,solved,1,775,5.77181297878694e-14,0.0033318862684434,484.56939418444347,5.794149078642261e-15,9.28233181790491e-16,7.104171308265297e-15,0.0,2.860609535456669e-14,1.600176771864026e-15,False,11,True,1,False
1029,mechanistic_target,True,,solved,1,3400,5.77181297878694e-14,0.0033318862684434,484.56939418444347,5.198650606671336e-13,0.0,8.649642414445551e-14,0.0,4.797131077545475e-15,5.148344589048746e-17,False,1,True,1,False
1030,raw_prediction,True,8333500.0,solved,1,1625,8.213183361767095e-14,0.001934133938516,1187.8425318727957,4.814725007573629e-14,4.254690486798266e-15,5.3253876743670797e-14,0.0,8.282316147974355e-15,2.710933772726905e-15,False,20,True,1,False
1030,mechanistic_target,True,,solved,1,2125,8.213183361767095e-14,0.001934133938516,1187.8425318727957,3.3347173888664886e-11,0.0,3.903553783802087e-15,0.0,5.313419312616387e-15,1.0966252220575626e-18,False,1,True,1,False
1031,raw_prediction,True,45587600.0,solved,1,17000,8.277729675918592e-14,0.0008929979587968,2592.9531620764565,7.522975298268619e-14,0.0,2.4899491370905847e-14,0.0,1.9471873576341925e-13,2.9869959020473305e-15,False,5,True,1,False
1031,mechanistic_target,True,,solved,1,12350,8.277729675918592e-14,0.0008929979587968,2592.9531620764565,5.3848597655601263e-14,0.0,0.0,0.0,3.25392954646938e-15,2.3409371150487366e-20,False,3,True,1,False
1032,raw_prediction,True,25913100.0,solved,1,9700,5.846380881012353e-14,0.0025129621487957,650.7812875202042,1.1775302954930568e-14,3.924664597750063e-16,3.574804581859363e-16,0.0,6.078986404145623e-14,7.157294264735546e-17,False,7,True,1,False
1032,mechanistic_target,True,,solved,1,5525,5.846380881012353e-14,0.0025129621487957,650.7812875202042,7.378089987703941e-13,0.0,1.0633506776389935e-13,0.0,4.362340212460736e-15,1.215858988056576e-16,False,1,True,1,False
1033,raw_prediction,True,6713600.0,solved,1,1175,6.7927207697937e-14,0.0026412583136277,719.3939543075932,1.532107773982716e-14,2.7126629032654103e-14,3.803439956152633e-14,0.0,9.988024178663903e-14,2.1043052143221005e-14,False,25,True,1,False
1033,mechanistic_target,True,,solved,1,3300,6.7927207697937e-14,0.0026412583136277,719.3939543075932,2.240666411202632e-12,0.0,0.0,0.0,5.87453971657355e-16,0.0,False,0,True,1,False
1034,raw_prediction,True,3622400.0,solved,1,300,5.708535223054103e-14,0.0060009684065038,266.095324217928,1.6378663561202105e-12,4.617016738068172e-16,8.726728952745641e-15,0.0,2.0218120205664976e-14,1.5499057886807737e-15,False,16,True,1,False
1034,mechanistic_target,True,,solved,1,800,5.708535223054103e-14,0.0060009684065038,266.095324217928,8.737063705702321e-15,0.0,0.0,0.0,9.448532870112511e-17,0.0,False,0,True,1,False
1035,raw_prediction,True,23611000.0,solved,1,7900,6.384279624539708e-14,0.0027219440422029,656.094815818586,1.1372658629601421e-14,1.3962945901828197e-15,2.025722596386972e-15,0.0,1.0880996779356688e-14,3.3503321602288172e-16,False,6,True,1,False
1035,mechanistic_target,True,,solved,1,5350,6.384279624539708e-14,0.0027219440422029,656.094815818586,3.319914131357116e-13,0.0,4.0412744133037996e-14,0.0,4.5956304306504174e-15,9.442672471973413e-18,False,1,True,1,False
1036,raw_prediction,True,17306000.0,solved,1,5775,6.948313803267722e-14,0.0031279818592023,621.3683050374168,1.5947398581719334e-14,0.0,7.234118886841085e-17,0.0,2.6931542012569784e-14,1.6151058541554286e-17,False,3,True,1,False
1036,mechanistic_target,True,,solved,1,3250,6.948313803267722e-14,0.0031279818592023,621.3683050374168,1.133403021878666e-12,0.0,0.0,0.0,1.6242528670248726e-16,0.0,False,0,True,1,False
1037,raw_prediction,True,35597800.0,solved,1,13725,8.951798293152019e-14,0.0009339013429038,2681.286283321841,1.515853764539423e-14,0.0,6.358680582310706e-17,0.0,4.87936393510118e-14,8.358925244327626e-18,False,5,True,1,False
1037,mechanistic_target,True,,solved,1,8500,8.951798293152019e-14,0.0009339013429038,2681.286283321841,4.620109424084673e-13,0.0,0.0,0.0,5.765620275040614e-14,0.0,False,0,True,1,False
1038,raw_prediction,True,62991400.0,solved,1,24000,8.030431380611812e-14,0.0006738974548655,3333.334964298694,2.4439790293798e-14,0.0,7.954477813317301e-16,0.0,9.529457338503913e-14,1.6316165470501076e-16,False,11,True,1,False
1038,mechanistic_target,True,,solved,1,26500,8.030431380611812e-14,0.0006738974548655,3333.334964298694,1.0390143405069384e-14,0.0,0.0,0.0,4.6932742277596e-14,7.990118768453351e-21,False,3,True,1,False
1039,raw_prediction,True,4868800.0,solved,1,250,5.731794922716726e-14,0.0045709107455166,350.7694815528548,3.113748043794501e-14,1.0787705817430377e-13,1.814896259923804e-13,0.0,1.7450754913608586e-14,8.79947596287753e-14,False,24,True,1,False
1039,mechanistic_target,True,,solved,1,1625,5.731794922716726e-14,0.0045709107455166,350.7694815528548,3.029567527297493e-13,0.0,0.0,0.0,1.6182313428445436e-16,0.0,False,0,True,1,False
1040,raw_prediction,True,12020400.0,solved,1,3025,7.379316443436344e-14,0.0016846909180437,1225.2643518537138,9.381384558082571e-15,5.932849326777904e-16,3.975997110798684e-15,0.0,3.6664159950554754e-14,1.745031630154756e-15,False,22,True,1,False
1040,mechanistic_target,True,,solved,1,2900,7.379316443436344e-14,0.0016846909180437,1225.2643518537138,7.775919324593583e-13,0.0,0.0,0.0,8.979117614508273e-14,0.0,False,0,True,1,False
1041,raw_prediction,True,9578500.0,solved,1,1900,6.235739772089499e-14,0.0023399522589603,745.4437618769234,8.153200337090993e-15,2.59639015305983e-15,6.855939073158287e-15,0.0,4.531408348525028e-14,2.5456211080773854e-15,False,21,True,1,False
1041,mechanistic_target,True,,solved,1,8025,6.235739772089499e-14,0.0023399522589603,745.4437618769234,1.13880330333092e-13,0.0,0.0,0.0,8.413235155357993e-16,0.0,False,0,True,1,False
1042,raw_prediction,True,38879400.0,solved,1,14125,8.821842184601913e-14,0.000831462370554,2967.909019897758,6.072919944699606e-14,9.327992546949822e-15,1.3087105225471424e-14,0.0,2.672454373205256e-14,1.1156424848300342e-14,False,23,True,1,False
1042,mechanistic_target,True,,solved,1,15725,8.821842184601913e-14,0.000831462370554,2967.909019897758,1.6851207265667482e-14,0.0,0.0,0.0,1.6830270615903263e-14,3.190663372795016e-20,False,3,True,1,False
1043,raw_prediction,True,7888000.0,solved,1,1425,8.285827584600069e-14,0.0018964653886905,1222.1510057406529,1.6429767258580057e-14,0.0,1.5640870987333063e-14,0.0,4.135648930762517e-14,9.979423201708378e-15,False,25,True,1,False
1043,mechanistic_target,True,,solved,1,2125,8.285827584600069e-14,0.0018964653886905,1222.1510057406529,3.6782354181708306e-11,0.0,0.0,0.0,5.782001934414932e-15,0.0,False,0,True,1,False
1044,raw_prediction,True,16049700.0,solved,1,4950,6.20840253112816e-14,0.0012545080078214,1384.3322226044816,6.023304093955752e-15,7.753339992688978e-17,7.636298700784609e-16,0.0,7.855127061066894e-14,5.420909670914654e-16,False,25,True,1,False
1044,mechanistic_target,True,,solved,1,34100,6.20840253112816e-14,0.0012545080078214,1384.3322226044816,1.2872948453150656e-14,0.0,0.0,0.0,8.926015670000231e-15,4.354721794023189e-21,False,3,True,1,False
1045,raw_prediction,True,19952300.0,solved,1,7025,8.146465534327299e-14,0.0013360532827644,1705.6084717651022,2.1036991593170743e-14,0.0,0.0,0.0,6.939282323526032e-14,4.191418500617295e-17,False,3,True,1,False
1045,mechanistic_target,True,,solved,1,5100,8.146465534327299e-14,0.0013360532827644,1705.6084717651022,1.6590668926408605e-13,0.0,0.0,0.0,1.5605122490825302e-14,0.0,False,0,True,1,False
1046,raw_prediction,True,6002800.0,solved,1,1300,5.709874674259582e-14,0.0026755688821234,596.9587718959855,9.855197313070264e-15,0.0,2.3498609546737066e-17,0.0,3.2822784502819174e-14,3.7864147213043726e-16,False,12,True,1,False
1046,mechanistic_target,True,,solved,1,5675,5.709874674259582e-14,0.0026755688821234,596.9587718959855,2.7498762343515004e-13,0.0,0.0,0.0,1.6772691840998642e-15,0.0,False,0,True,1,False
1047,raw_prediction,True,7930100.0,solved,1,1550,6.878918545745798e-14,0.0022992326504955,836.8953356195497,1.820071870994866e-14,1.2683894567606727e-14,2.1905564574527213e-14,0.0,1.868651542561721e-14,5.4647463141163024e-15,False,21,True,1,False
1047,mechanistic_target,True,,solved,1,7325,6.878918545745798e-14,0.0022992326504955,836.8953356195497,3.7031455795049353e-13,0.0,0.0,0.0,5.426663754536578e-15,2.521257726508712e-19,False,3,True,1,False
1048,raw_prediction,True,4960800.0,solved,1,800,6.087913093262647e-14,0.004002757852712,425.4446085379694,1.4107518835156928e-14,1.3897575272840398e-14,1.9848776258631662e-14,0.0,2.2313006409648444e-14,7.842943411778608e-15,False,30,True,1,False
1048,mechanistic_target,True,,solved,1,1550,6.087913093262647e-14,0.004002757852712,425.4446085379694,1.591130861558653e-14,0.0,0.0,0.0,8.273174181462343e-18,0.0,False,0,True,1,False
1049,raw_prediction,True,24385400.0,solved,1,8225,6.250926236982825e-14,0.0010201481633003,1714.0165878996793,1.3672512998360282e-14,1.298205813359166e-15,1.709167171527177e-15,0.0,8.649219771579039e-14,6.861316495234959e-16,False,20,True,1,False
1049,mechanistic_target,True,,solved,1,9225,6.250926236982825e-14,0.0010201481633003,1714.0165878996793,2.303713413807221e-14,0.0,0.0,0.0,6.1759565650183435e-15,0.0,False,0,True,1,False
1050,raw_prediction,True,21669000.0,solved,1,7400,6.776700199138365e-14,0.0014961826199391,1266.9736008198788,6.937159180431252e-15,0.0,1.6021187882087905e-14,0.0,4.996655768785104e-14,3.921253710545154e-15,False,11,True,1,False
1050,mechanistic_target,True,,solved,1,4150,6.776700199138365e-14,0.0014961826199391,1266.9736008198788,7.988754295766324e-14,0.0,0.0,0.0,1.9600908317671053e-14,0.0,False,0,True,1,False
1051,raw_prediction,True,7076500.0,solved,1,1025,6.171755881354993e-14,0.0022935243185252,752.7301101380009,3.238825555764405e-14,4.762285125307268e-15,3.894138346752829e-14,0.0,1.7575167400066017e-14,1.2315871815895702e-14,False,25,True,1,False
1051,mechanistic_target,True,,solved,1,8150,6.171755881354993e-14,0.0022935243185252,752.7301101380009,2.167580090169743e-13,0.0,2.2711088470181892e-14,0.0,2.076851279923351e-15,3.398917947503152e-17,False,1,True,1,False
1052,raw_prediction,True,12806700.0,solved,1,3675,7.020087812295219e-14,0.0014274974930581,1375.628259383368,8.844293345421788e-15,4.2108422275481394e-17,1.1930098257221651e-15,0.0,7.580597664462199e-14,2.1383069864676102e-16,False,24,True,1,False
1052,mechanistic_target,True,,solved,1,4675,7.020087812295219e-14,0.0014274974930581,1375.628259383368,1.8964524967112643e-14,0.0,0.0,0.0,5.991393231644917e-15,2.1124469769045342e-20,False,3,True,1,False
1053,raw_prediction,True,37589400.0,solved,1,13900,8.451294764150174e-14,0.0006012935239546,3931.6117229944366,3.11972669919669e-14,0.0,1.2372861202406802e-15,0.0,2.2753609855192545e-13,2.8263552945304362e-14,False,28,True,1,False
1053,mechanistic_target,True,,solved,1,28800,8.451294764150174e-14,0.0006012935239546,3931.6117229944366,2.7703153724206198e-14,0.0,6.255908018253886e-16,0.0,1.876422941047971e-13,1.6047974919939596e-16,False,2,True,1,False
1054,raw_prediction,True,26313400.0,solved,1,9650,1.0122201126822638e-13,0.0005814442981844,4869.683603813033,3.4039611407354904e-14,0.0,1.9249836308227868e-15,0.0,2.9898304661245573e-13,1.5228698928598104e-15,False,29,True,1,False
1054,mechanistic_target,True,,solved,1,32075,1.0122201126822638e-13,0.0005814442981844,4869.683603813033,1.5627725787498152e-14,0.0,0.0,0.0,1.7767110333353023e-14,3.903274990209205e-21,False,3,True,1,False
1055,raw_prediction,True,11374900.0,solved,1,3050,5.744191674199857e-14,0.0016960177891618,947.3979016573612,1.2137583176948087e-14,5.832645177665537e-15,8.152175963366576e-15,0.0,4.14055710986367e-14,3.076719257064343e-15,False,24,True,1,False
1055,mechanistic_target,True,,solved,1,3450,5.744191674199857e-14,0.0016960177891618,947.3979016573612,5.4647934918431447e-14,0.0,0.0,0.0,6.175944589079888e-15,2.0424609195317544e-19,False,3,True,1,False
1056,raw_prediction,True,13883900.0,solved,1,4725,8.92682387336974e-14,0.0015187422199718,1644.1702984306185,1.8886399266971442e-14,5.028232475097258e-17,2.979003818216136e-16,0.0,6.282838758364119e-14,6.377548882524981e-17,False,2,True,1,False
1056,mechanistic_target,True,,solved,1,3450,8.92682387336974e-14,0.0015187422199718,1644.1702984306185,6.804353300452806e-13,0.0,0.0,0.0,8.59075951064637e-14,0.0,False,0,True,1,False
1057,raw_prediction,True,13410100.0,solved,1,3700,6.22737945110498e-14,0.0012482447096535,1395.5310174247113,4.6584264223881184e-14,8.587365305386685e-14,2.1429316380831967e-16,0.0,3.090600383755215e-14,2.7866872293728528e-14,False,24,True,1,False
1057,mechanistic_target,True,,solved,1,6300,6.22737945110498e-14,0.0012482447096535,1395.5310174247113,2.299107592603669e-14,0.0,0.0,0.0,3.8229213227172834e-15,5.023695987158279e-20,False,3,True,1,False
1058,raw_prediction,True,41012900.0,solved,1,15950,7.273192152376326e-14,0.0017102695185108,1189.5820557063307,1.9194025012223055e-14,1.1582014506111129e-15,9.38065260225374e-15,0.0,4.3247271544833295e-14,2.417494450638465e-15,False,18,True,1,False
1058,mechanistic_target,True,,solved,1,13625,7.273192152376326e-14,0.0017102695185108,1189.5820557063307,3.2176149384582945e-13,0.0,2.7334181934553913e-14,0.0,3.2410916195404432e-15,4.3378157043291696e-18,False,1,True,1,False
1059,raw_prediction,True,21034800.0,solved,1,7400,6.984522180236438e-14,0.0012277101500041,1591.3831414442077,1.0626981946337038e-14,2.284611927641356e-18,7.298559354629532e-16,0.0,6.208905789048361e-14,2.3305083198122618e-17,False,14,True,1,False
1059,mechanistic_target,True,,solved,1,6400,6.984522180236438e-14,0.0012277101500041,1591.3831414442077,1.0883220879973164e-13,0.0,3.939306294305732e-15,0.0,1.5332373758191093e-14,6.202913622919639e-19,False,1,True,1,False
1060,raw_prediction,True,8782600.0,solved,1,1900,6.122932474742963e-14,0.00272371222324,628.8284013983217,1.4338609841600368e-14,0.0,1.7475384360146425e-14,0.0,3.8617744668984156e-14,7.040354451660579e-16,False,13,True,1,False
1060,mechanistic_target,True,,solved,1,3175,6.122932474742963e-14,0.00272371222324,628.8284013983217,4.614769532451405e-13,0.0,0.0,0.0,2.1869775326495035e-16,0.0,False,0,True,1,False
1061,raw_prediction,True,4909700.0,solved,1,400,5.715046791659417e-14,0.0053027720830061,301.47460011963256,2.7654343658783945e-11,8.101201646768668e-15,7.358518182264919e-14,0.0,1.812046061957309e-14,1.460599998709625e-13,False,26,True,1,False
1061,mechanistic_target,True,,solved,1,1250,5.715046791659417e-14,0.0053027720830061,301.47460011963256,1.1917832617961425e-13,0.0,0.0,0.0,8.93333500361533e-17,0.0,False,0,True,1,False
1062,raw_prediction,True,5187600.0,solved,1,600,6.60404752959335e-14,0.0027896545597135,662.2068370938329,2.5037797263573447e-16,1.85946910952846e-16,6.475612941484622e-15,0.0,2.1242045546643402e-14,2.1230685206594452e-14,False,16,True,1,False
1062,mechanistic_target,True,,solved,1,5225,6.60404752959335e-14,0.0027896545597135,662.2068370938329,2.8355610094725733e-13,0.0,0.0,0.0,4.790133362628724e-15,0.0,False,0,True,1,False
1063,raw_prediction,True,12860600.0,solved,1,3525,8.578991742315972e-14,0.0012917327662452,1857.7936418645656,9.130581607428978e-15,1.116143298271098e-15,6.270966031369984e-15,0.0,3.93450884981513e-14,1.2975672836428208e-15,False,24,True,1,False
1063,mechanistic_target,True,,solved,1,5200,8.578991742315972e-14,0.0012917327662452,1857.7936418645656,2.87003669641099e-13,0.0,0.0,0.0,5.558614698857467e-14,0.0,False,0,True,1,False
1064,raw_prediction,True,27116400.0,solved,1,9625,6.883052297381578e-14,0.0024832127115071,775.3558091995798,1.1782124007269356e-14,2.0631696350106792e-15,2.085302672751295e-15,0.0,1.4103979494933971e-14,7.366816632844675e-16,False,8,True,1,False
1064,mechanistic_target,True,,solved,1,6700,6.883052297381578e-14,0.0024832127115071,775.3558091995798,2.6303970082639694e-13,0.0,3.4057368070701686e-14,0.0,4.770725643436231e-15,3.930223584745108e-17,False,1,True,1,False
1065,raw_prediction,True,11289900.0,solved,1,2700,6.391675852137286e-14,0.0017894828274959,999.1279434440723,9.967094938266907e-15,3.410929859944631e-15,4.688449397125008e-15,0.0,5.3649384292072255e-14,1.15669458038164e-15,False,12,True,1,False
1065,mechanistic_target,True,,solved,1,3650,6.391675852137286e-14,0.0017894828274959,999.1279434440723,1.81894515486128e-14,0.0,0.0,0.0,7.469492875740516e-15,1.5151276031225564e-19,False,3,True,1,False
1066,raw_prediction,True,4976200.0,solved,1,800,6.977591267008113e-14,0.0028288357224813,689.9723650985007,2.4397150966137812e-14,3.675842010730994e-15,3.198338852363059e-14,0.0,1.611321967668469e-14,1.0156830850478528e-14,False,28,True,1,False
1066,mechanistic_target,True,,solved,1,5075,6.977591267008113e-14,0.0028288357224813,689.9723650985007,3.238987795890983e-13,0.0,0.0,0.0,6.1054289074510244e-15,0.0,False,0,True,1,False
1067,raw_prediction,True,6570500.0,solved,1,1250,5.775414272792942e-14,0.0059785794453537,270.22096191770106,1.4863245183238673e-12,5.015405640312175e-16,5.015146678867471e-16,0.0,3.443163835430612e-15,1.0047765784152103e-16,False,16,True,1,False
1067,mechanistic_target,True,,solved,1,850,5.775414272792942e-14,0.0059785794453537,270.22096191770106,1.2264028187481614e-14,0.0,3.918083342865212e-18,0.0,7.177127490259107e-17,8.107969663568157e-23,False,1,True,1,False
1068,raw_prediction,True,11686100.0,solved,1,3225,6.509711199401373e-14,0.0019978680138017,911.4415572398927,1.2199455130672743e-14,3.4994420890775364e-15,7.386855359266011e-15,0.0,5.0815888758079957e-14,5.224920439649301e-15,False,34,True,1,False
1068,mechanistic_target,True,,solved,1,11325,6.509711199401373e-14,0.0019978680138017,911.4415572398927,1.4351679526048473e-13,0.0,1.2198625981065596e-14,0.0,1.4801900133032417e-15,5.202990189693255e-18,False,1,True,1,False
1069,raw_prediction,True,246227300.0,solved inaccurate,2,100000,7.649827217456204e-14,0.0005644918802482,3790.773406490597,1.474847712307846e-13,0.0,3.299429653975147e-15,0.0,5.956892252402851e-13,1.4476791075302905e-15,False,12,True,1,False
1069,mechanistic_target,True,,solved,1,35275,7.649827217456204e-14,0.0005644918802482,3790.773406490597,6.667110141379367e-14,0.0,4.766406109145817e-16,0.0,3.408813525646004e-13,1.2039995337175966e-16,False,2,True,1,False
1070,raw_prediction,True,21537500.0,solved,1,7700,6.840742016845475e-14,0.0010388776192798,1841.928299657621,2.0424597454173807e-14,3.222061556809554e-15,5.895842720130445e-15,0.0,2.540772203194981e-13,5.497212834283351e-15,False,23,True,1,False
1070,mechanistic_target,True,,solved,1,9100,6.840742016845475e-14,0.0010388776192798,1841.928299657621,2.4989694382930742e-14,0.0,0.0,0.0,6.784321353610291e-15,0.0,False,0,True,1,False
1071,raw_prediction,True,5614400.0,solved,1,750,6.758537699528184e-14,0.0033571974755823,563.1314092819255,1.4687530633490132e-14,1.789153687675279e-14,2.9287128299265e-14,0.0,2.7565844094976032e-14,3.511491214580397e-15,False,23,True,1,False
1071,mechanistic_target,True,,solved,1,2450,6.758537699528184e-14,0.0033571974755823,563.1314092819255,1.3316497904147144e-13,0.0,0.0,0.0,2.281813721496741e-17,0.0,False,0,True,1,False
1072,raw_prediction,True,12078000.0,solved,1,3650,6.3537806761893e-14,0.0018086942573833,982.6547511092122,1.363666124465368e-14,3.815804984871476e-16,1.6015748345311263e-15,0.0,5.071377842837239e-14,1.6936866649651086e-15,False,20,True,1,False
1072,mechanistic_target,True,,solved,1,3050,6.3537806761893e-14,0.0018086942573833,982.6547511092122,2.633480436490401e-13,0.0,0.0,0.0,4.020923642622287e-14,0.0,False,0,True,1,False
1073,raw_prediction,True,7347000.0,solved,1,1750,5.706333070831685e-14,0.0056377845783078,283.1278156939398,4.160560784782774e-14,0.0,4.569944277361682e-16,0.0,5.0709600487594056e-14,1.4748752748162689e-15,False,20,True,1,False
1073,mechanistic_target,True,,solved,1,900,5.706333070831685e-14,0.0056377845783078,283.1278156939398,4.0717446889768175e-15,0.0,0.0,0.0,5.833143594726673e-18,0.0,False,0,True,1,False
1074,raw_prediction,True,5851300.0,solved,1,1325,6.64759419140018e-14,0.0021374046022632,869.9847861983154,1.2809198146612744e-14,0.0,1.9395134179898538e-17,0.0,2.2825300164045587e-14,7.159228958072873e-17,False,7,True,1,False
1074,mechanistic_target,True,,solved,1,7650,6.64759419140018e-14,0.0021374046022632,869.9847861983154,6.383159206652096e-13,0.0,0.0,0.0,4.9323941396294504e-15,0.0,False,0,True,1,False
1075,raw_prediction,True,14672900.0,solved,1,4075,8.361963584808314e-14,0.0012725150874463,1838.1427270748068,1.8396742462734042e-14,3.9609361993894926e-15,5.3984309055069625e-15,0.0,6.43944853544528e-14,2.588386804095216e-15,False,25,True,1,False
1075,mechanistic_target,True,,solved,1,4925,8.361963584808314e-14,0.0012725150874463,1838.1427270748068,5.198880403830582e-13,0.0,0.0,0.0,3.7137919379836976e-14,0.0,False,0,True,1,False
1076,raw_prediction,True,26281000.0,solved,1,9375,7.651691812357594e-14,0.0020750628085487,1031.478361020077,1.3254993545942684e-14,1.2543925877464393e-15,2.0853026727512951e-16,0.0,3.434649638998936e-14,2.1254148879700687e-16,False,10,True,1,False
1076,mechanistic_target,True,,solved,1,6750,7.651691812357594e-14,0.0020750628085487,1031.478361020077,1.0359958346841522e-12,0.0,0.0,0.0,4.213808851345287e-15,0.0,False,0,True,1,False
1077,raw_prediction,True,248093600.0,solved inaccurate,2,100000,8.947896850337065e-14,0.0005807550662727,4309.847073918394,7.651691780186098e-14,0.0,1.5202341894230264e-15,0.0,5.151325540815139e-13,5.825029797213332e-16,False,25,True,1,False
1077,mechanistic_target,True,,solved,1,37200,8.947896850337065e-14,0.0005807550662727,4309.847073918394,3.8658623852702085e-14,0.0,1.0575463554667282e-15,0.0,9.692586179289201e-14,3.527156685160518e-16,False,2,True,1,False
1078,raw_prediction,True,23213200.0,solved,1,7600,5.849100162245109e-14,0.0010046286335276,1628.6111540164627,7.306055935582915e-14,2.618955613900154e-16,2.1824352398689774e-15,0.0,4.262580330881232e-13,7.069165295246214e-16,False,23,True,1,False
1078,mechanistic_target,True,,solved,1,9525,5.849100162245109e-14,0.0010046286335276,1628.6111540164627,3.7856259706616994e-14,0.0,3.0385838945804584e-15,0.0,1.9096272852549025e-13,2.573254190749379e-15,False,2,True,1,False
1079,raw_prediction,True,6804100.0,solved,1,1175,7.622850984161931e-14,0.0023063868860575,924.526083808392,1.4134220960445988e-14,0.0,3.8999854013275335e-14,0.0,1.0849643696804045e-13,4.137038885305856e-14,False,24,True,1,False
1079,mechanistic_target,True,,solved,1,4150,7.622850984161931e-14,0.0023063868860575,924.526083808392,1.891084200354152e-12,0.0,0.0,0.0,5.904102699581649e-16,0.0,False,0,True,1,False
1080,raw_prediction,True,39275700.0,solved,1,15625,7.35381026250729e-14,0.0008133906351522,2528.99022614063,1.2470927068797266e-14,0.0,0.0,0.0,2.0220537340407982e-14,9.404301357332563e-17,False,1,True,1,False
1080,mechanistic_target,True,,solved,1,16100,7.35381026250729e-14,0.0008133906351522,2528.99022614063,8.790809514025886e-15,0.0,0.0,0.0,2.89744056270626e-14,7.508302345675774e-21,False,3,True,1,False
1081,raw_prediction,True,5562600.0,solved,1,375,5.711855744000345e-14,0.0046355654259629,344.67391251085525,1.0132196635901215e-14,0.0,4.215726348361546e-14,0.0,5.55873711108156e-14,5.472057941245794e-14,False,19,True,1,False
1081,mechanistic_target,True,,solved,1,1200,5.711855744000345e-14,0.0046355654259629,344.67391251085525,4.8258407104157815e-14,0.0,0.0,0.0,2.908713333400185e-16,0.0,False,0,True,1,False
1082,raw_prediction,True,10654900.0,solved,1,2575,7.355473253253135e-14,0.0018106783093057,1136.3267227802164,2.4223678618540134e-13,1.8548430516084305e-14,1.5244622855803872e-16,0.0,1.802804322220664e-14,1.5370600897729833e-14,False,9,True,1,False
1082,mechanistic_target,True,,solved,1,2525,7.355473253253135e-14,0.0018106783093057,1136.3267227802164,7.96994385696639e-11,0.0,0.0,0.0,7.0045476281429735e-15,0.0,False,0,True,1,False
1083,raw_prediction,True,39332300.0,solved,1,15200,7.3929056475236e-14,0.0009206618643331,2246.202508104059,1.906114155403316e-14,3.329747639764972e-17,1.4577452597971412e-15,0.0,1.7144245033906292e-13,8.176755746866005e-17,False,22,True,1,False
1083,mechanistic_target,True,,solved,1,11025,7.3929056475236e-14,0.0009206618643331,2246.202508104059,2.6901113600047855e-14,0.0,0.0,0.0,5.322566085896864e-15,0.0,False,0,True,1,False
1084,raw_prediction,True,28747000.0,solved,1,10550,7.124291035966592e-14,0.0007905132354501,2520.9626159283125,9.407158368599311e-15,4.603417782779797e-16,9.878672642771755e-16,0.0,1.2372792655891242e-13,7.456439433578531e-16,False,30,True,1,False
1084,mechanistic_target,True,,solved,1,17850,7.124291035966592e-14,0.0007905132354501,2520.9626159283125,1.9730197326879672e-14,0.0,0.0,0.0,9.200797032892347e-15,0.0,False,0,True,1,False
1085,raw_prediction,True,11176600.0,solved,1,3625,6.972896291057836e-14,0.0018724051101856,1041.7110876523147,1.2904665447898372e-14,0.0,0.0,0.0,2.2933887475464842e-14,1.0218374794130351e-16,False,1,True,1,False
1085,mechanistic_target,True,,solved,1,12125,6.972896291057836e-14,0.0018724051101856,1041.7110876523147,2.5121949283066324e-13,0.0,2.0457945667825465e-14,0.0,3.184239247322676e-15,1.3696909328724134e-17,False,1,True,1,False
1086,raw_prediction,True,4897700.0,solved,1,850,5.757631617235963e-14,0.003308727688552,486.7620901257913,9.166875527728015e-15,1.354806485611368e-15,6.478867821320628e-15,0.0,1.5248659775291036e-14,5.692404483746192e-15,False,16,True,1,False
1086,mechanistic_target,True,,solved,1,3450,5.757631617235963e-14,0.003308727688552,486.7620901257913,5.183203506376457e-13,0.0,0.0,0.0,4.6685700087492966e-15,0.0,False,0,True,1,False
1087,raw_prediction,True,19941100.0,solved,1,7025,7.424027874092527e-14,0.0023227924825192,894.0526205743214,4.3414313917443435e-14,0.0,8.192260500094375e-16,0.0,2.0044489659053883e-14,6.76836994087336e-16,False,12,True,1,False
1087,mechanistic_target,True,,solved,1,4325,7.424027874092527e-14,0.0023227924825192,894.0526205743214,2.8045344782013337e-12,0.0,0.0,0.0,8.843176707431714e-16,0.0,False,0,True,1,False
1088,raw_prediction,True,28890800.0,solved,1,7525,9.46487832928578e-14,0.0009654353380475,2742.3680633752456,1.3477161012256232e-14,3.075179859562611e-16,1.0261608564979381e-14,0.0,5.5724988328998214e-14,1.667334067553726e-15,False,33,True,1,False
1088,mechanistic_target,True,,solved,1,10100,9.46487832928578e-14,0.0009654353380475,2742.3680633752456,7.851541767429225e-14,0.0,2.4864320147295253e-15,0.0,8.932864986459931e-15,4.848677646092872e-18,False,1,True,1,False
1089,raw_prediction,True,15039200.0,solved,1,5450,5.806738409193263e-14,0.0031050431804787,523.1166174017601,5.533767888366015e-14,0.0,9.615568356323991e-17,0.0,6.710579747095876e-15,5.840007629346722e-18,False,1,True,1,False
1089,mechanistic_target,True,,solved,1,5125,5.806738409193263e-14,0.0031050431804787,523.1166174017601,5.2082423681705236e-14,0.0,0.0,0.0,3.453045217379933e-15,5.434361626606626e-19,False,3,True,1,False
1090,raw_prediction,True,36835800.0,solved,1,14925,6.448779179331428e-14,0.0007573427230067,2381.874898747636,1.3801459974871476e-14,7.446890585118923e-16,1.4247417061172781e-15,0.0,1.3569320409856316e-13,9.022346555617633e-16,False,25,True,1,False
1090,mechanistic_target,True,,solved,1,17750,6.448779179331428e-14,0.0007573427230067,2381.874898747636,1.723529503658489e-14,0.0,3.048758601166993e-16,0.0,9.575836230028314e-15,1.0472395652157709e-18,False,1,True,1,False
1091,raw_prediction,True,42833500.0,solved,1,17450,6.580207500539137e-14,0.0008048567038578,2286.940795117503,6.264859706960236e-15,0.0,3.68604023363346e-19,0.0,6.962465806765178e-14,9.925252505643163e-17,False,4,True,1,False
1091,mechanistic_target,True,,solved,1,17075,6.580207500539137e-14,0.0008048567038578,2286.940795117503,9.088728504468323e-15,0.0,0.0,0.0,2.8126878922914314e-14,0.0,False,0,True,1,False
1092,raw_prediction,True,30217300.0,solved,1,11575,7.707839754032634e-14,0.0007909201479122,2726.050749949017,5.6191162833840735e-14,2.686088481556277e-15,2.9416680634245173e-16,0.0,1.778429195394989e-13,1.128572497128444e-15,False,16,True,1,False
1092,mechanistic_target,True,,solved,1,17100,7.707839754032634e-14,0.0007909201479122,2726.050749949017,1.5004887143562783e-14,0.0,0.0,0.0,1.0228756774030294e-14,3.0010968590184045e-21,False,3,True,1,False
1093,raw_prediction,True,7953800.0,solved,1,1300,5.995054135019022e-14,0.0025895768432952,647.5871235509845,1.1985204495523762e-14,1.2433715729030599e-14,1.720409041098431e-14,0.0,1.4807904202795456e-14,1.567667087080019e-15,False,6,True,1,False
1093,mechanistic_target,True,,solved,1,4625,5.995054135019022e-14,0.0025895768432952,647.5871235509845,9.989019407362876e-13,0.0,0.0,0.0,5.624783541005134e-15,0.0,False,0,True,1,False
1094,raw_prediction,True,10386600.0,solved,1,2250,6.236607525522245e-14,0.0019091779057678,913.7679328114832,7.233270984514808e-15,0.0,1.778326832759568e-15,0.0,5.0028649438787514e-14,9.07081253449076e-16,False,13,True,1,False
1094,mechanistic_target,True,,solved,1,11575,6.236607525522245e-14,0.0019091779057678,913.7679328114832,2.7601797139171943e-13,0.0,2.032122088450673e-14,0.0,2.1188831911445654e-15,1.3603643779234525e-17,False,1,True,1,False
1095,raw_prediction,True,242022100.0,solved,1,85375,9.000322147437771e-14,0.0009224263460327,2729.356428761598,3.7022468424297023e-14,2.1139803382953062e-16,2.863612012794228e-15,0.0,1.2058703288188838e-13,1.144637666476038e-15,False,25,True,1,False
1095,mechanistic_target,True,,solved,1,11075,9.000322147437771e-14,0.0009224263460327,2729.356428761598,7.773765364615948e-14,0.0,2.275426901368972e-15,0.0,9.644475616071879e-15,4.256011400587731e-19,False,1,True,1,False
1096,raw_prediction,True,4133000.0,solved,1,175,5.707088566095611e-14,0.0076934717879012,207.50384341507248,5.9707063232317645e-15,7.613362276121897e-14,1.0807767732035153e-13,0.0,1.7527856532310326e-14,8.637387777649924e-14,False,22,True,1,False
1096,mechanistic_target,True,,solved,1,450,5.707088566095611e-14,0.0076934717879012,207.50384341507248,5.870517083131403e-13,0.0,8.428209831099186e-14,0.0,2.947465257915057e-15,1.5262720519226264e-17,False,3,True,1,False
1097,raw_prediction,True,20762900.0,solved,1,6475,8.334672176190743e-14,0.0009422336290625,2474.3653229002643,1.8483478636532883e-14,3.68399368159403e-15,8.99145586094951e-15,0.0,3.987075412331827e-14,1.597597363706588e-15,False,29,True,1,False
1097,mechanistic_target,True,,solved,1,11700,8.334672176190743e-14,0.0009422336290625,2474.3653229002643,3.7261817174092235e-14,0.0,0.0,0.0,4.621344434994297e-15,0.0,False,0,True,1,False
1098,raw_prediction,True,20283000.0,solved,1,6275,9.163589846386659e-14,0.0011609372497197,2207.9579326146063,2.1920833204180923e-14,0.0,9.881522231249673e-15,0.0,7.776630309454621e-14,3.8924636291228745e-15,False,19,True,1,False
1098,mechanistic_target,True,,solved,1,5650,9.163589846386659e-14,0.0011609372497197,2207.9579326146063,5.188810761433706e-13,0.0,0.0,0.0,5.09918479288115e-14,0.0,False,0,True,1,False
1099,raw_prediction,True,93784100.0,solved,1,35575,7.652837766766835e-14,0.0007537394555255,2840.1099652012595,3.087981259586314e-14,2.160571882245429e-15,4.149915228484308e-15,0.0,6.981224039889208e-13,2.01454789262462e-15,False,32,True,1,False
1099,mechanistic_target,True,,solved,1,16700,7.652837766766835e-14,0.0007537394555255,2840.1099652012595,4.5802889037628193e-14,0.0,0.0,0.0,4.729744387942518e-15,0.0,False,0,True,1,False
1100,raw_prediction,True,13749400.0,solved,1,3450,6.858522040885126e-14,0.001331661438711,1440.690237206223,1.0240072678691092e-14,4.315024960851083e-15,7.087555610369578e-15,0.0,6.043304635835898e-14,1.5253114856095892e-15,False,24,True,1,False
1100,mechanistic_target,True,,solved,1,5025,6.858522040885126e-14,0.001331661438711,1440.690237206223,1.718596243540433e-13,0.0,0.0,0.0,3.0479491180177904e-14,0.0,False,0,True,1,False
1101,raw_prediction,True,7300800.0,solved,1,925,6.324289432385247e-14,0.0029570758715514,598.250634850923,1.0255687536345594e-14,6.878866927335657e-15,1.0160920432565236e-14,0.0,3.9631626276197534e-14,2.591305865766816e-15,False,21,True,1,False
1101,mechanistic_target,True,,solved,1,4250,6.324289432385247e-14,0.0029570758715514,598.250634850923,3.7737499507980284e-13,0.0,0.0,0.0,5.009706527922565e-15,0.0,False,0,True,1,False
1102,raw_prediction,True,15840900.0,solved,1,5225,6.214349977479658e-14,0.0033524451472467,518.5228816113159,9.572204140440022e-15,0.0,9.366250546853886e-15,0.0,2.8272317838529745e-14,1.0566937421760382e-15,False,20,True,1,False
1102,mechanistic_target,True,,solved,1,2775,6.214349977479658e-14,0.0033524451472467,518.5228816113159,6.165522627645238e-13,0.0,0.0,0.0,3.679774003391072e-17,0.0,False,0,True,1,False
1103,raw_prediction,True,12124000.0,solved,1,3025,8.905351197692897e-14,0.0018875216321813,1319.75407656007,1.1065692039523084e-14,3.4648976026732877e-16,6.5194658507949006e-15,0.0,8.620865621351965e-14,7.993968464287249e-16,False,16,True,1,False
1103,mechanistic_target,True,,solved,1,2050,8.905351197692897e-14,0.0018875216321813,1319.75407656007,9.749331814098735e-12,0.0,1.1804858605107645e-15,0.0,2.007799070039894e-15,9.466712020476265e-19,False,1,True,1,False
1104,raw_prediction,True,16210000.0,solved,1,5450,6.12733596930106e-14,0.0015204959947477,1127.2501763007704,1.1169689935021524e-14,0.0,0.0,0.0,5.005033234771016e-14,0.0,False,0,True,1,False
1104,mechanistic_target,True,,solved,1,3975,6.12733596930106e-14,0.0015204959947477,1127.2501763007704,1.0173042079367655e-13,0.0,0.0,0.0,1.4730975017257984e-14,2.0217962431552327e-20,False,3,True,1,False
1105,raw_prediction,True,58254600.0,solved,1,23275,8.130031108039023e-14,0.0007512145423991,3027.346412870628,4.2978663005750725e-14,0.0,3.845090486828297e-17,0.0,1.3735581368545982e-13,3.458613692548704e-18,False,2,True,1,False
1105,mechanistic_target,True,,solved,1,19900,8.130031108039023e-14,0.0007512145423991,3027.346412870628,1.2618314783243136e-14,0.0,0.0,0.0,1.237077469732757e-14,0.0,False,0,True,1,False
1106,raw_prediction,True,104285700.0,solved,1,43275,6.809814379080138e-14,0.0011719337939229,1625.421854993442,1.0956186178776938e-14,0.0,0.0,0.0,5.1367950470129384e-14,0.0,False,0,True,1,False
1106,mechanistic_target,True,,solved,1,34275,6.809814379080138e-14,0.0011719337939229,1625.421854993442,1.2604498563844357e-14,0.0,0.0,0.0,6.070405864317157e-15,0.0,False,0,True,1,False
1107,raw_prediction,True,30646800.0,solved,1,11525,9.933060796576683e-14,0.0007799698947544,3562.371043446231,3.1802301594300237e-14,0.0,8.909015150915375e-16,0.0,2.561865336649532e-13,8.882874116801716e-15,False,22,True,1,False
1107,mechanistic_target,True,,solved,1,14625,9.933060796576683e-14,0.0007799698947544,3562.371043446231,1.1410662236313357e-13,0.0,2.6863358919519607e-15,0.0,1.0855377632597627e-14,1.8066623794634041e-19,False,1,True,1,False
1108,raw_prediction,True,8828500.0,solved,1,2250,1.0016575884396409e-13,0.0010531528684552,2660.490846500132,3.1147623492179558e-15,6.356448232479149e-15,0.0,0.0,7.28196793165473e-14,1.9004332367314986e-15,False,4,True,1,False
1108,mechanistic_target,True,,solved,1,7825,1.0016575884396409e-13,0.0010531528684552,2660.490846500132,1.6436975269308201e-13,0.0,0.0,0.0,2.4744300741633667e-14,0.0,False,0,True,1,False
1109,raw_prediction,True,3657000.0,solved,1,325,6.436700873335811e-14,0.0039238600396425,458.8637155741412,1.1570272517857916e-11,1.0526190074415137e-13,5.437974083354358e-14,0.0,5.760212454983822e-15,3.2800639085729814e-14,False,27,True,1,False
1109,mechanistic_target,True,,solved,1,2350,6.436700873335811e-14,0.0039238600396425,458.8637155741412,1.3422642126949432e-12,0.0,1.9916923659564824e-16,0.0,1.4259981838166442e-16,1.307522531992685e-19,False,1,True,1,False
1110,raw_prediction,True,29943500.0,solved,1,11200,8.405567311007987e-14,0.0008440132219331,2785.8111908218,3.312707149044218e-14,1.1632659144074016e-15,4.706668901479229e-15,0.0,2.0638992294505665e-13,1.7694978563456208e-15,False,21,True,1,False
1110,mechanistic_target,True,,solved,1,13000,8.405567311007987e-14,0.0008440132219331,2785.8111908218,1.027977940087426e-13,0.0,0.0,0.0,7.557902056263853e-15,0.0,False,0,True,1,False
1111,raw_prediction,True,43840600.0,solved,1,17075,7.699746068672094e-14,0.00097827861041,2201.6472809197235,1.35425538062385e-14,0.0,1.0563420581596422e-14,0.0,4.5543351851616725e-14,5.237165806439053e-16,False,9,True,1,False
1111,mechanistic_target,True,,solved,1,10475,7.699746068672094e-14,0.00097827861041,2201.6472809197235,3.6775247114396253e-14,0.0,0.0,0.0,5.6670214915012805e-15,0.0,False,0,True,1,False
1112,raw_prediction,True,12307800.0,solved,1,3150,9.100784643935765e-14,0.0017009328114159,1496.6683584575635,1.27675647831893e-14,1.830945643655316e-16,6.373289486427303e-15,0.0,7.912280794542522e-14,2.56522787785988e-15,False,24,True,1,False
1112,mechanistic_target,True,,solved,1,2825,9.100784643935765e-14,0.0017009328114159,1496.6683584575635,4.783853874732073e-13,0.0,5.190399281724379e-14,0.0,4.0958168532972e-14,4.679583490469317e-17,False,1,True,1,False
1113,raw_prediction,True,12898500.0,solved,1,3400,6.922538276099884e-14,0.0012322172974266,1571.491235610334,1.5223854873008393e-14,0.0,3.4025368306618705e-15,0.0,4.6477959356870497e-14,3.2851710735700207e-15,False,21,True,1,False
1113,mechanistic_target,True,,solved,1,5650,6.922538276099884e-14,0.0012322172974266,1571.491235610334,9.483084619489369e-14,0.0,0.0,0.0,2.0582770975164382e-14,0.0,False,0,True,1,False
1114,raw_prediction,True,15435800.0,solved,1,4400,7.160132800448933e-14,0.0012905421436282,1551.968079319067,2.1989996917305097e-14,4.801820452105782e-16,3.3119955096427077e-17,0.0,7.051805085769169e-14,1.9951280777136177e-15,False,23,True,1,False
1114,mechanistic_target,True,,solved,1,4000,7.160132800448933e-14,0.0012905421436282,1551.968079319067,1.005450113172539e-12,0.0,0.0,0.0,1.7097940481970577e-13,0.0,False,0,True,1,False
1115,raw_prediction,True,7630000.0,solved,1,1675,6.093797829242039e-14,0.0022044190621353,773.26398355284,9.353096320063516e-15,3.3452939767136974e-15,4.5873030295532646e-15,0.0,4.2399797041474804e-14,1.8446554938820444e-15,False,9,True,1,False
1115,mechanistic_target,True,,solved,1,7700,6.093797829242039e-14,0.0022044190621353,773.26398355284,6.080598567396431e-13,0.0,0.0,0.0,4.595046230608689e-15,0.0,False,0,True,1,False
1116,raw_prediction,True,8508200.0,solved,1,2350,5.951621332174664e-14,0.0021962967899118,758.0156347056198,1.035259968759678e-14,1.5514336596598038e-17,7.745409927361953e-16,0.0,3.733987004559465e-14,2.3888531153212474e-16,False,14,True,1,False
1116,mechanistic_target,True,,solved,1,8100,5.951621332174664e-14,0.0021962967899118,758.0156347056198,4.563452741493185e-13,0.0,0.0,0.0,3.3450742451582776e-15,0.0,False,0,True,1,False
1117,raw_prediction,True,239575300.0,solved inaccurate,2,100000,6.410183630610963e-14,0.0009040876288396,1983.3248012515596,1.3496896886599731e-14,0.0,6.322543511318669e-16,0.0,1.2394648198626936e-13,4.8826769142418893e-17,False,10,True,1,False
1117,mechanistic_target,True,,solved,1,13250,6.410183630610963e-14,0.0009040876288396,1983.3248012515596,8.145736976991716e-15,0.0,0.0,0.0,3.4241608599409385e-14,7.497314231433381e-21,False,3,True,1,False
1118,raw_prediction,True,16498900.0,solved,1,5050,6.67183328881716e-14,0.001503925348346,1240.9457758909814,2.0817549073459677e-14,2.2216082398317416e-15,2.9577577628469977e-14,0.0,5.018653560981365e-14,5.8674458673946885e-15,False,12,True,1,False
1118,mechanistic_target,True,,solved,1,1675,6.67183328881716e-14,0.001503925348346,1240.9457758909814,9.180788133031694e-15,0.0,3.1127456391460934e-14,0.0,1.9899028991687675e-14,2.2589105155502387e-14,False,2,True,1,False
1119,raw_prediction,True,9167000.0,solved,1,2675,6.89136455104026e-14,0.0016476561039824,1169.964142302645,6.962612400261018e-15,0.0,9.438913803026968e-16,0.0,6.431474141790341e-14,2.0510895493108103e-16,False,23,True,1,False
1119,mechanistic_target,True,,solved,1,13975,6.89136455104026e-14,0.0016476561039824,1169.964142302645,4.150350036864905e-13,0.0,0.0,0.0,4.4060691231165366e-15,0.0,False,0,True,1,False
1120,raw_prediction,True,10563600.0,solved,1,3100,7.074077213986276e-14,0.0018919867466102,1045.8890219772602,2.3063148613111653e-14,0.0,0.0,0.0,1.5739705671468306e-14,1.6805683657604198e-18,False,2,True,1,False
1120,mechanistic_target,True,,solved,1,7625,7.074077213986276e-14,0.0018919867466102,1045.8890219772602,9.693055534155714e-13,0.0,0.0,0.0,7.680516050912757e-15,0.0,False,0,True,1,False
1121,raw_prediction,True,8129100.0,solved,1,2350,8.278756559892849e-14,0.0015071662326132,1536.518718193943,8.437929031171744e-15,2.5659945305751224e-14,2.9251728153720367e-15,0.0,2.181319812904957e-14,7.730663259031212e-15,False,12,True,1,False
1121,mechanistic_target,True,,solved,1,3475,8.278756559892849e-14,0.0015071662326132,1536.518718193943,9.986607637246406e-13,0.0,0.0,0.0,2.168273839909556e-13,0.0,False,0,True,1,False
1122,raw_prediction,True,21296100.0,solved,1,8175,7.18094153155135e-14,0.0026310154461288,763.4698504911532,2.1167095853869e-14,2.134875156879537e-15,4.051445192773944e-15,0.0,1.2553501198088626e-14,9.91156908159466e-16,False,11,True,1,False
1122,mechanistic_target,True,,solved,1,6125,7.18094153155135e-14,0.0026310154461288,763.4698504911532,2.567625708073104e-13,0.0,2.959491602338714e-14,0.0,4.830988744102875e-15,2.4029406067766646e-17,False,1,True,1,False
1123,raw_prediction,True,10161700.0,solved,1,2925,9.3066064462521e-14,0.0015004931319553,1734.967067636146,2.2010171463193728e-14,1.0875862367197736e-14,1.605676315269568e-14,0.0,1.073471383544668e-13,1.4808800573405073e-14,False,21,True,1,False
1123,mechanistic_target,True,,solved,1,3750,9.3066064462521e-14,0.0015004931319553,1734.967067636146,3.5310847750759533e-13,0.0,0.0,0.0,5.476611032650547e-14,0.0,False,0,True,1,False
1124,raw_prediction,True,8122300.0,solved,1,2100,6.451707220911522e-14,0.00159501863006,1131.4693377440494,9.325006045113328e-15,3.4526948645701288e-15,5.331347140543488e-15,0.0,4.1303721702810074e-14,3.2044432528127576e-15,False,17,True,1,False
1124,mechanistic_target,True,,solved,1,3800,6.451707220911522e-14,0.00159501863006,1131.4693377440494,1.0176549837610953e-13,0.0,0.0,0.0,1.8894894087759423e-14,0.0,False,0,True,1,False
1125,raw_prediction,True,233191300.0,solved,1,93050,8.923869283075875e-14,0.0005687214902538,4389.221111000598,3.089195566019498e-14,0.0,2.8571537573079843e-14,0.0,4.0393283418472725e-13,4.548585957840384e-15,False,16,True,1,False
1125,mechanistic_target,True,,solved,1,36050,8.923869283075875e-14,0.0005687214902538,4389.221111000598,1.5033414274329063e-14,0.0,0.0,0.0,2.9897024347847986e-14,1.96329814920416e-22,False,3,True,1,False
1126,raw_prediction,True,31958400.0,solved,1,11350,6.855720867904875e-14,0.0020446087171872,937.9438007197851,1.9407359537712248e-14,0.0,2.2297118658695157e-17,0.0,1.2458168805477288e-14,1.7976913413891276e-16,False,12,True,1,False
1126,mechanistic_target,True,,solved,1,7775,6.855720867904875e-14,0.0020446087171872,937.9438007197851,9.748866461563096e-13,0.0,0.0,0.0,1.0955644339188264e-14,0.0,False,0,True,1,False
1127,raw_prediction,True,18998200.0,solved,1,6450,6.5207797407136e-14,0.0030320405482897,601.586974506781,1.1963951422235624e-14,7.356428304424437e-16,1.385236775470503e-15,0.0,2.044445643452932e-14,1.823423573266569e-16,False,14,True,1,False
1127,mechanistic_target,True,,solved,1,4075,6.5207797407136e-14,0.0030320405482897,601.586974506781,5.481255109495071e-13,0.0,0.0,0.0,9.378226218598072e-15,0.0,False,0,True,1,False
1128,raw_prediction,True,9404200.0,solved,1,2825,7.107663924197993e-14,0.0020062494099476,991.0050351931116,1.5371037775935292e-13,1.3169762709086684e-14,1.4525980243711016e-16,0.0,2.4848921217796703e-14,9.480265136230605e-14,False,11,True,1,False
1128,mechanistic_target,True,,solved,1,11825,7.107663924197993e-14,0.0020062494099476,991.0050351931116,9.09654733230935e-14,0.0,1.5297184606539856e-14,0.0,1.407062862116081e-15,9.767715001189382e-17,False,2,True,1,False
1129,raw_prediction,True,5239900.0,solved,1,1100,6.331250614033208e-14,0.0026318737678113,672.9121158406916,6.841749389252527e-15,9.916963118617833e-16,7.221112399759375e-15,0.0,2.6176993673800062e-14,1.8855600655790813e-15,False,10,True,1,False
1129,mechanistic_target,True,,solved,1,5325,6.331250614033208e-14,0.0026318737678113,672.9121158406916,6.273112843154184e-13,0.0,0.0,0.0,8.21397831238194e-15,0.0,False,0,True,1,False
1130,raw_prediction,True,6336400.0,solved,1,600,6.628608231735556e-14,0.0029088592676158,637.4315275423309,3.2862601528904634e-14,2.6638143605297328e-14,4.0251670911103335e-14,0.0,2.219729345584087e-14,8.35449870635849e-15,False,29,True,1,False
1130,mechanistic_target,True,,solved,1,4800,6.628608231735556e-14,0.0029088592676158,637.4315275423309,2.6122611425289923e-13,0.0,0.0,0.0,4.068637414591742e-15,0.0,False,0,True,1,False
1131,raw_prediction,True,16924500.0,solved,1,5075,6.165807464446551e-14,0.0016553126074776,1041.9426965964135,3.3959328450270454e-14,4.569142398259974e-16,2.4754887143787706e-15,0.0,9.064433312731579e-14,1.947875147932881e-16,False,19,True,1,False
1131,mechanistic_target,True,,solved,1,2625,6.165807464446551e-14,0.0016553126074776,1041.9426965964135,8.388185096898587e-13,0.0,0.0,0.0,1.3905446218332326e-13,0.0,False,0,True,1,False
1132,raw_prediction,True,22236400.0,solved,1,8150,6.0687854894579e-14,0.0012200200333537,1391.4535828152214,1.3839623891342967e-14,0.0,0.0,0.0,1.655909448863759e-14,0.0,False,0,True,1,False
1132,mechanistic_target,True,,solved,1,6550,6.0687854894579e-14,0.0012200200333537,1391.4535828152214,2.7092419586697383e-14,0.0,0.0,0.0,3.715236185590802e-15,2.596896946400692e-21,False,3,True,1,False
1133,raw_prediction,True,4777000.0,solved,1,425,6.359843731765125e-14,0.0038256861282752,465.019330940392,1.1903836158193668e-14,0.0,3.7830443098334545e-14,0.0,2.710256818032585e-14,1.51855271131165e-14,False,20,True,1,False
1133,mechanistic_target,True,,solved,1,2225,6.359843731765125e-14,0.0038256861282752,465.019330940392,4.322690115765136e-13,0.0,0.0,0.0,9.494114866702516e-17,0.0,False,0,True,1,False
1134,raw_prediction,True,5195700.0,solved,1,650,6.938967130298102e-14,0.0024024354659509,807.9360714178863,7.24203176151199e-15,0.0,1.368127127545426e-15,0.0,2.8052605848302533e-14,8.898628842862954e-15,False,4,True,1,False
1134,mechanistic_target,True,,solved,1,4200,6.938967130298102e-14,0.0024024354659509,807.9360714178863,2.374827954157162e-12,0.0,0.0,0.0,5.596412043936975e-16,0.0,False,0,True,1,False
1135,raw_prediction,True,9963600.0,solved,1,2525,6.130910898956892e-14,0.0015367222073541,1115.9983067585026,2.036117162989013e-14,0.0,8.834819756346312e-16,0.0,1.6616941974027146e-13,3.7144769500854886e-16,False,10,True,1,False
1135,mechanistic_target,True,,solved,1,3775,6.130910898956892e-14,0.0015367222073541,1115.9983067585026,1.0926130601170543e-13,0.0,0.0,0.0,1.138750085436036e-14,0.0,False,0,True,1,False
1136,raw_prediction,True,29110300.0,solved,1,10300,6.779175143235943e-14,0.0020599239352546,920.5758314283552,1.3218592886943272e-14,7.1152908384346455e-16,1.174930477336853e-16,0.0,2.6482790854088747e-14,3.940203475247268e-16,False,12,True,1,False
1136,mechanistic_target,True,,solved,1,7250,6.779175143235943e-14,0.0020599239352546,920.5758314283552,9.877111295307492e-13,0.0,0.0,0.0,5.756799518121648e-15,0.0,False,0,True,1,False
1137,raw_prediction,True,8124500.0,solved,1,1450,6.785516654009805e-14,0.0020029672334012,947.6391063768008,1.3548960912057768e-14,0.0,1.2512696789866448e-14,0.0,2.1685527934872263e-14,5.6505136172360055e-15,False,19,True,1,False
1137,mechanistic_target,True,,solved,1,8350,6.785516654009805e-14,0.0020029672334012,947.6391063768008,1.0176750229059966e-12,0.0,0.0,0.0,1.0810540130207552e-14,0.0,False,0,True,1,False
1138,raw_prediction,True,7241700.0,solved,1,1200,7.154790029056386e-14,0.0024474470231164,817.7442360523893,1.2863842504510234e-14,7.019782536197082e-14,4.94720197238099e-14,0.0,1.4396699983370817e-13,4.076112375063245e-14,False,24,True,1,False
1138,mechanistic_target,True,,solved,1,7100,7.154790029056386e-14,0.0024474470231164,817.7442360523893,2.3613914909839974e-13,0.0,0.0,0.0,4.505241971431714e-15,0.0,False,0,True,1,False
1139,raw_prediction,True,10619800.0,solved,1,3250,6.795956388498593e-14,0.001925256975029,987.4060326174392,9.417025137694142e-15,3.0347174154398964e-16,1.161811489104293e-15,0.0,3.822050622877884e-14,1.6475803937198376e-16,False,5,True,1,False
1139,mechanistic_target,True,,solved,1,12250,6.795956388498593e-14,0.001925256975029,987.4060326174392,1.4254705661912465e-13,0.0,1.9866231712728856e-14,0.0,1.6458411238926339e-15,3.513735562168134e-17,False,1,True,1,False
1140,raw_prediction,True,43201000.0,solved,1,16575,6.754416628060597e-14,0.001038664227292,1819.0580963092948,1.812984394576615e-14,0.0,2.3566488297513923e-14,0.0,2.47165578705524e-13,7.863672369675948e-15,False,6,True,1,False
1140,mechanistic_target,True,,solved,1,6700,6.754416628060597e-14,0.001038664227292,1819.0580963092948,6.224343899753838e-13,0.0,0.0,0.0,7.176017246890172e-14,0.0,False,0,True,1,False
1141,raw_prediction,True,5900100.0,solved,1,1050,6.619213081360005e-14,0.0021883964861228,846.0854985987825,5.03971864240782e-14,0.0,1.920761693996895e-13,0.0,5.908308724378907e-14,5.0429568350567686e-14,False,9,True,1,False
1141,mechanistic_target,True,,solved,1,8150,6.619213081360005e-14,0.0021883964861228,846.0854985987825,2.985201287926557e-13,0.0,0.0,0.0,3.1330093591172928e-15,2.558291478222596e-19,False,3,True,1,False
1142,raw_prediction,True,11845900.0,solved,1,2600,7.121106535058426e-14,0.0018399050769931,1082.6447239003855,1.590378674763256e-14,0.0,1.3565166613313159e-14,0.0,5.6319109665474745e-14,7.599181854648069e-15,False,18,True,1,False
1142,mechanistic_target,True,,solved,1,2950,7.121106535058426e-14,0.0018399050769931,1082.6447239003855,4.894992569397635e-13,0.0,0.0,0.0,7.449356642897242e-14,0.0,False,0,True,1,False
1143,raw_prediction,True,234162500.0,solved inaccurate,2,100000,8.253496024134585e-14,0.0010448641564233,2209.59161793417,2.6590315232929588e-14,0.0,5.958007636432272e-17,0.0,7.53528040835629e-14,2.3794968646414705e-17,False,2,True,1,False
1143,mechanistic_target,True,,solved,1,9200,8.253496024134585e-14,0.0010448641564233,2209.59161793417,5.361735238184028e-14,0.0,0.0,0.0,3.2328103757231887e-15,0.0,False,0,True,1,False
1144,raw_prediction,True,17065000.0,solved,1,5700,9.595306914700669e-14,0.0010431665707222,2572.995981145536,1.4985780925472783e-14,6.57239853806888e-17,4.739354102183945e-15,0.0,1.846338792115164e-13,1.3125979476776817e-15,False,27,True,1,False
1144,mechanistic_target,True,,solved,1,7875,9.595306914700669e-14,0.0010431665707222,2572.995981145536,1.4269657447658925e-13,0.0,5.688567253422429e-15,0.0,2.1747673387536043e-14,1.4577946937007256e-18,False,1,True,1,False
1145,raw_prediction,True,127968100.0,solved,1,50300,8.977105910085677e-14,0.0004943576744036,5079.593594903776,1.583506115188489e-14,0.0,0.0,0.0,3.839072724356917e-13,0.0,False,0,True,1,False
1145,mechanistic_target,True,,solved,1,48950,8.977105910085677e-14,0.0004943576744036,5079.593594903776,4.5155938178145996e-14,0.0,1.4774439272054232e-16,0.0,2.29206073801884e-13,5.0118621670179856e-18,False,1,True,1,False
1146,raw_prediction,True,52849900.0,solved,1,21050,6.812625497405104e-14,0.0009719293932536,1960.7115077343103,6.250505372859423e-14,0.0,1.6700264919476244e-14,0.0,2.706157208997584e-13,4.8491244648821215e-15,False,10,True,1,False
1146,mechanistic_target,True,,solved,1,9550,6.812625497405104e-14,0.0009719293932536,1960.7115077343103,1.2548268480568566e-13,0.0,0.0,0.0,1.1609239609337684e-14,0.0,False,0,True,1,False
1147,raw_prediction,True,33568500.0,solved,1,12825,8.1740940730201e-14,0.0006415665431224,3563.951801822863,1.3199079926693844e-14,0.0,6.6600550996394784e-15,0.0,2.1337026835031443e-13,3.0183757462071733e-15,False,24,True,1,False
1147,mechanistic_target,True,,solved,1,26325,8.1740940730201e-14,0.0006415665431224,3563.951801822863,9.792017508860391e-15,0.0,0.0,0.0,1.4779154395399362e-14,5.982656071083396e-22,False,3,True,1,False
1148,raw_prediction,True,6897900.0,solved,1,1400,6.452053804035564e-14,0.0029631873313374,609.0778002811146,1.2953643329717069e-14,0.0,1.5114636075609705e-14,0.0,4.7222977033535493e-14,9.638019305937565e-14,False,18,True,1,False
1148,mechanistic_target,True,,solved,1,4425,6.452053804035564e-14,0.0029631873313374,609.0778002811146,2.757292155241487e-13,0.0,0.0,0.0,4.077503849994837e-15,0.0,False,0,True,1,False
1149,raw_prediction,True,243257100.0,maximum iterations reached,7,100000,7.234922373758371e-14,0.0005965910237039,3392.2750610145167,2.420147415804763e-13,0.0,9.09216986366464e-15,0.0,1.378229472792254e-12,1.3265013351572566e-15,False,7,True,1,False
1149,mechanistic_target,True,,solved,1,33600,7.234922373758371e-14,0.0005965910237039,3392.2750610145167,6.625127124488676e-14,0.0,3.604594620041525e-15,0.0,3.767753220335525e-13,3.053584582217016e-15,False,2,True,1,False
1150,raw_prediction,True,38423400.0,solved,1,14550,5.952464445570449e-14,0.0020332918914789,818.900204884527,8.40473524110763e-15,0.0,5.903245569916919e-16,0.0,3.0433697357987123e-14,2.682097637178199e-16,False,10,True,1,False
1150,mechanistic_target,True,,solved,1,11125,5.952464445570449e-14,0.0020332918914789,818.900204884527,3.4970722827952476e-14,0.0,0.0,0.0,5.967232177947199e-15,1.7490254666214612e-19,False,3,True,1,False
1151,raw_prediction,True,12779000.0,solved,1,4300,8.131340078670922e-14,0.0015717189319382,1447.1752919835278,1.3326145742453832e-14,7.680267301985326e-16,2.2795867297876448e-15,0.0,2.7378927273583023e-14,3.702215365883251e-16,False,10,True,1,False
1151,mechanistic_target,True,,solved,1,3550,8.131340078670922e-14,0.0015717189319382,1447.1752919835278,3.7807282314736316e-13,0.0,0.0,0.0,4.8485112244261067e-14,0.0,False,0,True,1,False
1152,raw_prediction,True,26725000.0,solved,1,10475,6.711529447264765e-14,0.0023417467627069,801.7066204555131,2.2075223593542862e-14,1.200647282337621e-15,3.4083233363647455e-15,0.0,2.3681263506125527e-14,1.158776046401133e-16,False,3,True,1,False
1152,mechanistic_target,True,,solved,1,8050,6.711529447264765e-14,0.0023417467627069,801.7066204555131,1.525231277087496e-13,0.0,1.8507964564123236e-14,0.0,2.349641289447445e-15,4.4402014300312325e-17,False,1,True,1,False
1153,raw_prediction,True,7553500.0,solved,1,2075,5.953325954052151e-14,0.0051520148748781,323.23356470767,3.2411573425150664e-14,0.0,7.760304946453034e-15,0.0,1.0761077207811656e-14,1.2707752827428693e-15,False,2,True,1,False
1153,mechanistic_target,True,,solved,1,1225,5.953325954052151e-14,0.0051520148748781,323.23356470767,5.074364074679651e-14,0.0,0.0,0.0,3.955763065887186e-17,0.0,False,0,True,1,False
1154,raw_prediction,True,4028400.0,solved,1,125,5.709083092556901e-14,0.0055666262413385,286.88523680834606,1.134738394695538e-12,3.517536195013447e-14,2.3301123090728302e-14,0.0,6.731079968328881e-15,1.2179789327351016e-14,False,22,True,1,False
1154,mechanistic_target,True,,solved,1,750,5.709083092556901e-14,0.0055666262413385,286.88523680834606,2.064405399741545e-15,0.0,0.0,0.0,3.248068530522572e-17,0.0,False,0,True,1,False
1155,raw_prediction,True,8194500.0,solved,1,1550,7.243310213155973e-14,0.0020770816383577,975.4778610659456,1.0000951889549414e-13,1.2247241518728283e-14,1.6648391578736734e-13,0.0,2.4283116328293874e-14,1.039819677942418e-14,False,27,True,1,False
1155,mechanistic_target,True,,solved,1,6900,7.243310213155973e-14,0.0020770816383577,975.4778610659456,9.967636993332215e-13,0.0,0.0,0.0,5.180028384708566e-15,0.0,False,0,True,1,False
1156,raw_prediction,True,3847900.0,solved,1,375,5.712214791607064e-14,0.0042759140122875,373.6882693786081,3.118340125982293e-12,0.0,1.1871272653603596e-14,0.0,1.9721508378209737e-14,2.040029682505741e-15,False,10,True,1,False
1156,mechanistic_target,True,,solved,1,1325,5.712214791607064e-14,0.0042759140122875,373.6882693786081,3.3812531321746085e-14,0.0,0.0,0.0,1.361509857319944e-16,0.0,False,0,True,1,False
1157,raw_prediction,True,18587000.0,solved,1,5475,6.18059996794658e-14,0.0010186847042848,1697.1676639877105,1.0050879399592372e-14,5.084460972081724e-16,6.163203157883173e-15,0.0,1.13044050908785e-13,8.003406013877099e-16,False,22,True,1,False
1157,mechanistic_target,True,,solved,1,9725,6.18059996794658e-14,0.0010186847042848,1697.1676639877105,1.1882297459650652e-14,0.0,0.0,0.0,1.7399718081330575e-14,0.0,False,0,True,1,False
1158,raw_prediction,True,4265200.0,solved,1,550,6.462414949419973e-14,0.0028275267237812,639.3254908038087,5.603156827405087e-16,1.6070030622029432e-14,1.0329377369350269e-15,0.0,2.109003703671524e-14,5.767708974273693e-15,False,14,True,1,False
1158,mechanistic_target,True,,solved,1,4925,6.462414949419973e-14,0.0028275267237812,639.3254908038087,3.5966146024133223e-13,0.0,4.868871567400503e-14,0.0,5.580087189512893e-15,1.5642207990993945e-17,False,1,True,1,False
1159,raw_prediction,True,39871100.0,solved,1,13500,8.141851628340109e-14,0.000980492090647,2322.806259133865,2.7985546725745722e-14,0.0,1.4957550776503986e-16,0.0,1.1016007367635981e-13,2.2361984917596528e-17,False,7,True,1,False
1159,mechanistic_target,True,,solved,1,8875,8.141851628340109e-14,0.000980492090647,2322.806259133865,2.1807782718580053e-13,0.0,0.0,0.0,2.4875115864452908e-14,0.0,False,0,True,1,False
1160,raw_prediction,True,76642300.0,solved,1,29500,6.414198937585049e-14,0.0009597245231474,1869.518348251555,2.860153381787596e-14,1.142652154813132e-16,3.078482569493814e-14,0.0,4.2418918505430427e-13,2.2498053871303072e-14,False,24,True,1,False
1160,mechanistic_target,True,,solved,1,11775,6.414198937585049e-14,0.0009597245231474,1869.518348251555,1.1956054542749023e-14,0.0,0.0,0.0,1.0925611863169938e-14,0.0,False,0,True,1,False
1161,raw_prediction,True,17538800.0,solved,1,6100,5.715591976006317e-14,0.0013928253302771,1147.8852093691326,3.0573798279586625e-14,0.0,3.232085563060335e-15,0.0,1.2650382878096249e-13,1.7849451267928584e-15,False,21,True,1,False
1161,mechanistic_target,True,,solved,1,5575,5.715591976006317e-14,0.0013928253302771,1147.8852093691326,1.6239504181710853e-14,0.0,0.0,0.0,7.945851235413101e-15,1.9998371893566202e-20,False,3,True,1,False
1162,raw_prediction,True,6769100.0,solved,1,1175,6.782841207165719e-14,0.0023025605152419,824.0138197135101,1.0492150381624717e-13,6.934056632746964e-14,1.1289911591739153e-13,0.0,1.4149728916450875e-14,6.289094259647192e-14,False,38,True,1,False
1162,mechanistic_target,True,,solved,1,8525,6.782841207165719e-14,0.0023025605152419,824.0138197135101,1.2310469540370157e-13,0.0,1.450564242938642e-14,0.0,1.9618015375813656e-15,3.415524455613149e-17,False,1,True,1,False
1163,raw_prediction,True,24869600.0,solved,1,8975,9.320249515852041e-14,0.0008105316033796,3216.5587238268854,1.6795592694407446e-14,2.0013288794884157e-15,4.706668901479229e-15,0.0,1.41956979276393e-13,1.1180814373940126e-14,False,27,True,1,False
1163,mechanistic_target,True,,solved,1,9575,9.320249515852041e-14,0.0008105316033796,3216.5587238268854,9.886971281882196e-13,0.0,0.0,0.0,8.786270453549885e-14,0.0,False,0,True,1,False
1164,raw_prediction,True,51240100.0,solved,1,17600,8.191726123324639e-14,0.0008606219833967,2662.5445742007505,4.007357214488271e-14,0.0,1.3535046208114142e-15,0.0,2.3727235043814097e-13,2.4332283991542036e-16,False,10,True,1,False
1164,mechanistic_target,True,,solved,1,9125,8.191726123324639e-14,0.0008606219833967,2662.5445742007505,9.819296315841658e-13,0.0,0.0,0.0,9.071714937965278e-14,0.0,False,0,True,1,False
1165,raw_prediction,True,265071400.0,solved inaccurate,2,100000,7.112493489053677e-14,0.0012965875334333,1534.454230027825,1.2004286453759504e-14,6.314040907222394e-16,1.3363522726373065e-15,0.0,1.5018340412480949e-12,1.496309957852407e-15,False,23,True,1,False
1165,mechanistic_target,True,,solved,1,5300,7.112493489053677e-14,0.0012965875334333,1534.454230027825,8.990307203896471e-14,0.0,3.500317706432209e-15,0.0,1.3684062089938304e-14,4.736276002125893e-18,False,1,True,1,False
1166,raw_prediction,True,16066100.0,solved,1,5125,7.136175366362073e-14,0.0012710426187772,1570.5049136989887,3.628243538944531e-13,0.0,7.160035677082482e-14,0.0,9.297366397976924e-14,3.0116253961799254e-14,False,10,True,1,False
1166,mechanistic_target,True,,solved,1,7050,7.136175366362073e-14,0.0012710426187772,1570.5049136989887,1.3422624861618778e-14,0.0,0.0,0.0,1.6550656540560342e-14,2.736221100309986e-20,False,3,True,1,False
1167,raw_prediction,True,26160900.0,solved,1,8975,6.630954536888978e-14,0.0026036574368457,712.4035997498789,1.0527169413965254e-14,0.0,2.124538045806596e-16,0.0,3.9542455809344935e-14,2.7385905275810496e-18,False,3,True,1,False
1167,mechanistic_target,True,,solved,1,5100,6.630954536888978e-14,0.0026036574368457,712.4035997498789,8.506872095669804e-13,0.0,0.0,0.0,1.3334665431430575e-14,0.0,False,0,True,1,False
1168,raw_prediction,True,30088000.0,solved,1,10800,6.516294184980184e-14,0.002329817689801,782.3708174126709,2.0125073075915463e-14,0.0,0.0,0.0,8.599106271997037e-14,1.2030050479698422e-16,False,1,True,1,False
1168,mechanistic_target,True,,solved,1,7200,6.516294184980184e-14,0.002329817689801,782.3708174126709,2.4229599239921633e-13,0.0,0.0,0.0,2.5831518123476562e-15,0.0,False,0,True,1,False
1169,raw_prediction,True,7359500.0,solved,1,1275,6.508533309979015e-14,0.002658448908536,684.8393590375571,1.6782383543781852e-14,3.5767068723565834e-14,4.956741104147303e-14,0.0,7.190959109433889e-14,3.3797770134473025e-14,False,27,True,1,False
1169,mechanistic_target,True,,solved,1,3025,6.508533309979015e-14,0.002658448908536,684.8393590375571,2.562810722375335e-13,0.0,0.0,0.0,9.56887106556546e-17,0.0,False,0,True,1,False
1170,raw_prediction,True,6183700.0,solved,1,1200,6.166004716396668e-14,0.0016961382390125,1016.8959221057228,1.1415174361317781e-13,0.0,6.718265706334836e-14,0.0,1.0728519041527518e-13,6.697919165963275e-14,False,22,True,1,False
1170,mechanistic_target,True,,solved,1,3400,6.166004716396668e-14,0.0016961382390125,1016.8959221057228,8.326954484609644e-14,0.0,0.0,0.0,7.759913116518902e-15,0.0,False,0,True,1,False
1171,raw_prediction,True,6162200.0,solved,1,750,6.571771609743461e-14,0.0019444603544245,945.4036346519628,3.1941463363160955e-14,0.0,1.3915989887795396e-14,0.0,6.078979645050503e-14,1.475367164033461e-13,False,32,True,1,False
1171,mechanistic_target,True,,solved,1,13275,6.571771609743461e-14,0.0019444603544245,945.4036346519628,2.749832299137917e-14,0.0,0.0,0.0,6.425423167866925e-15,0.0,False,0,True,1,False
1172,raw_prediction,True,10591400.0,solved,1,2075,6.959199422412946e-14,0.0018979644744033,1025.663973404571,1.1143863609675007e-14,2.9050681011868026e-15,4.8922950230869645e-15,0.0,4.9810216667167104e-14,4.375422896222189e-15,False,28,True,1,False
1172,mechanistic_target,True,,solved,1,9200,6.959199422412946e-14,0.0018979644744033,1025.663973404571,1.009415281682299e-12,0.0,9.97130987807756e-14,0.0,8.523756830720583e-15,2.0038295887845625e-17,False,1,True,1,False
1173,raw_prediction,True,8198000.0,solved,1,1775,6.846880992575578e-14,0.0020498846135447,934.3234782617362,2.8191868039495753e-14,0.0,2.8416685233061187e-14,0.0,3.7118047246050344e-14,1.5842360023817048e-14,False,22,True,1,False
1173,mechanistic_target,True,,solved,1,9850,6.846880992575578e-14,0.0020498846135447,934.3234782617362,2.3829640422851063e-13,0.0,0.0,0.0,2.7426226485384927e-15,0.0,False,0,True,1,False
1174,raw_prediction,True,12068300.0,solved,1,3850,6.408047740603187e-14,0.0011748505858099,1525.727588683442,1.4624065847179682e-13,9.378778348893589e-14,7.074309176023728e-17,0.0,1.7235546281746224e-14,1.7826815240071683e-14,False,18,True,1,False
1174,mechanistic_target,True,,solved,1,41850,6.408047740603187e-14,0.0011748505858099,1525.727588683442,1.3268224916443639e-14,0.0,3.2917992191288302e-15,0.0,4.50216015880225e-14,1.2627149441875384e-15,False,2,True,1,False
1175,raw_prediction,True,4728400.0,solved,1,825,6.13244686836947e-14,0.0028987664648683,591.7720705642582,9.749145934989656e-15,1.529923990017518e-15,1.1986461878143092e-14,0.0,2.49856284743364e-14,3.0038113961414608e-15,False,6,True,1,False
1175,mechanistic_target,True,,solved,1,3950,6.13244686836947e-14,0.0028987664648683,591.7720705642582,3.750218048902943e-12,0.0,0.0,0.0,3.99421536520741e-16,0.0,False,0,True,1,False
1176,raw_prediction,True,7639000.0,solved,1,2200,6.125434246224431e-14,0.0051305178695693,333.971629962559,9.508455149539636e-15,0.0,0.0,0.0,6.147089100783408e-14,0.0,False,0,True,1,False
1176,mechanistic_target,True,,solved,1,1200,6.125434246224431e-14,0.0051305178695693,333.971629962559,7.575954978129031e-14,0.0,0.0,0.0,2.27771117550133e-16,0.0,False,0,True,1,False
1177,raw_prediction,True,234540600.0,solved inaccurate,2,100000,8.605583275765062e-14,0.0010730692495461,2243.295372256286,2.1913026948539027e-14,0.0,9.88215569081343e-17,0.0,1.0044720421840353e-13,1.766426587137297e-17,False,2,True,1,False
1177,mechanistic_target,True,,solved,1,7100,8.605583275765062e-14,0.0010730692495461,2243.295372256286,2.3037188549750053e-13,0.0,0.0,0.0,3.5104113318720664e-14,0.0,False,0,True,1,False
1178,raw_prediction,True,13392500.0,solved,1,3775,7.106452809935022e-14,0.0012554725093739,1583.3596285789736,1.2623787198937878e-14,2.7096896928296533e-15,4.704129829891313e-15,0.0,1.4329124784299082e-13,1.596943758095529e-15,False,24,True,1,False
1178,mechanistic_target,True,,solved,1,5975,7.106452809935022e-14,0.0012554725093739,1583.3596285789736,8.87654791732687e-14,0.0,0.0,0.0,1.8380401359776077e-14,0.0,False,0,True,1,False
1179,raw_prediction,True,38399100.0,solved,1,14350,7.503242654685543e-14,0.000604730847247,3470.729504826919,5.864396758260628e-14,0.0,2.7070092416228284e-15,0.0,5.167942868555462e-13,2.497159920635696e-15,False,25,True,1,False
1179,mechanistic_target,True,,solved,1,29500,7.503242654685543e-14,0.000604730847247,3470.729504826919,1.4374162381979313e-14,0.0,0.0,0.0,1.7463347328803157e-14,0.0,False,0,True,1,False
1180,raw_prediction,True,5717500.0,solved,1,700,7.203982522200587e-14,0.0027684432422283,727.8986682803339,9.069134332406747e-15,1.277897557258982e-15,1.1255459478326496e-14,0.0,2.7927607713142075e-14,4.600589159785605e-14,False,21,True,1,False
1180,mechanistic_target,True,,solved,1,5350,7.203982522200587e-14,0.0027684432422283,727.8986682803339,3.5176358863757e-13,0.0,4.269992528443556e-14,0.0,6.844485685887976e-15,5.2067060507676964e-17,False,1,True,1,False
1181,raw_prediction,True,8539700.0,solved,1,1950,6.16573276850827e-14,0.0015693313528949,1099.015822449792,2.7975885497077968e-14,0.0,1.3038931701589804e-14,0.0,3.013495115565622e-14,2.091724470207924e-14,False,26,True,1,False
1181,mechanistic_target,True,,solved,1,3150,6.16573276850827e-14,0.0015693313528949,1099.015822449792,5.239693395344026e-13,0.0,2.5662466374931422e-14,0.0,6.970106035076553e-14,1.390802289376223e-18,False,1,True,1,False
1182,raw_prediction,True,29781400.0,solved,1,10825,9.221272443096537e-14,0.000957223118031,2694.7071406381665,1.6994220781068104e-14,0.0,4.38529093102796e-16,0.0,1.2088778296152722e-13,4.3073986731195593e-17,False,10,True,1,False
1182,mechanistic_target,True,,solved,1,11525,9.221272443096537e-14,0.000957223118031,2694.7071406381665,2.0664012779368924e-14,0.0,0.0,0.0,6.310674975039813e-15,0.0,False,0,True,1,False
1183,raw_prediction,True,15334700.0,solved,1,4700,5.900308692067194e-14,0.0035284261021779,467.7648738274301,1.2124788490490107e-14,0.0,1.4299218327437452e-15,0.0,2.0965312809389653e-14,3.0097496837011627e-16,False,13,True,1,False
1183,mechanistic_target,True,,solved,1,2675,5.900308692067194e-14,0.0035284261021779,467.7648738274301,8.367955423128503e-13,0.0,0.0,0.0,7.879964364907713e-17,0.0,False,0,True,1,False
1184,raw_prediction,True,9945000.0,solved,1,2325,6.555291921184398e-14,0.0017519175290482,1046.6760263860592,1.8470115841609933e-14,1.6908394907843306e-15,2.493188809842396e-15,0.0,5.59046795921368e-14,1.136523861542678e-15,False,17,True,1,False
1184,mechanistic_target,True,,solved,1,13600,6.555291921184398e-14,0.0017519175290482,1046.6760263860592,1.7743120562174065e-13,0.0,0.0,0.0,1.7255816360641608e-15,0.0,False,0,True,1,False
1185,raw_prediction,True,3268100.0,solved,1,300,6.565732120535071e-14,0.0035046389755267,524.051262637866,3.863569829762753e-15,0.0,1.7540074633283543e-14,0.0,3.2429399504842727e-14,1.4018825523324326e-14,False,1,True,1,False
1185,mechanistic_target,True,,solved,1,3000,6.565732120535071e-14,0.0035046389755267,524.051262637866,2.7693498539881015e-12,0.0,0.0,0.0,3.979605371687023e-16,0.0,False,0,True,1,False
1186,raw_prediction,True,31924300.0,solved,1,11950,9.89411940029649e-14,0.0008069116945197,3429.928254779212,9.039443284196911e-14,3.911370555419178e-17,1.911476105241257e-15,0.0,5.067554093732313e-13,1.943471940848372e-15,False,30,True,1,False
1186,mechanistic_target,True,,solved,1,14325,9.89411940029649e-14,0.0008069116945197,3429.928254779212,8.074945411980277e-14,0.0,1.8682727406562283e-15,0.0,6.111349176832133e-15,1.365546470668685e-18,False,1,True,1,False
1187,raw_prediction,True,12690800.0,solved,1,3900,6.726873605672465e-14,0.0011466598013618,1641.0151044120232,1.8856496485707195e-14,1.802762208397161e-15,1.4316117908665985e-14,0.0,6.882639784817804e-14,7.688838633597353e-15,False,28,True,1,False
1187,mechanistic_target,True,,solved,1,7875,6.726873605672465e-14,0.0011466598013618,1641.0151044120232,2.2371652335745243e-14,0.0,0.0,0.0,6.199154282673973e-15,0.0,False,0,True,1,False
1188,raw_prediction,True,17833900.0,solved,1,5950,6.427924737450855e-14,0.0012445822994147,1444.7112727147453,5.199399938371486e-14,0.0,3.575211218788045e-15,0.0,1.8090042835456262e-14,2.6673578597133433e-16,False,15,True,1,False
1188,mechanistic_target,True,,solved,1,7350,6.427924737450855e-14,0.0012445822994147,1444.7112727147453,9.307028544707616e-15,0.0,0.0,0.0,9.951339187178375e-15,1.5548428952710752e-20,False,3,True,1,False
1189,raw_prediction,True,32621000.0,solved,1,10650,8.584920266713203e-14,0.0006352852217801,3780.083660478663,2.5680846338360646e-14,0.0,2.2218807383875e-15,0.0,4.8988684037014034e-14,2.519563451583753e-15,False,21,True,1,False
1189,mechanistic_target,True,,solved,1,30325,8.584920266713203e-14,0.0006352852217801,3780.083660478663,1.0647778915134382e-14,0.0,0.0,0.0,6.247903025668543e-14,7.785804552500016e-21,False,3,True,1,False
1190,raw_prediction,True,6000500.0,solved,1,1050,5.942804146188279e-14,0.002947091100034,564.0683801669242,1.833143671130137e-14,0.0,8.13131874769077e-14,0.0,1.8207626764425652e-14,1.057902951548458e-14,False,22,True,1,False
1190,mechanistic_target,True,,solved,1,4675,5.942804146188279e-14,0.002947091100034,564.0683801669242,2.9882442473563245e-13,0.0,0.0,0.0,2.9550781569355347e-15,0.0,False,0,True,1,False
1191,raw_prediction,True,13263200.0,solved,1,3175,5.718968685419179e-14,0.0018693340713329,855.7850499398378,1.8118137405266123e-14,1.8025078839348963e-15,9.939992776996711e-15,0.0,3.990869318686312e-14,1.4866900915897346e-14,False,27,True,1,False
1191,mechanistic_target,True,,solved,1,2550,5.718968685419179e-14,0.0018693340713329,855.7850499398378,2.067570447229425e-13,0.0,0.0,0.0,2.0030009117794417e-14,0.0,False,0,True,1,False
1192,raw_prediction,True,13959800.0,solved,1,4125,8.500521284719775e-14,0.0012191296612551,1950.4263694988092,5.036982116124468e-13,2.2784860175674112e-14,2.154639610778405e-13,0.0,4.651086116957002e-14,5.112059486892438e-14,False,18,True,1,False
1192,mechanistic_target,True,,solved,1,6125,8.500521284719775e-14,0.0012191296612551,1950.4263694988092,9.369276401467357e-14,0.0,4.1388020378466185e-15,0.0,1.3921687642517528e-14,1.5364837226321984e-18,False,1,True,1,False
1193,raw_prediction,True,11046000.0,solved,1,2400,5.770420495238162e-14,0.0015513702295341,1040.4612419750413,1.227791371213391e-14,2.390952683735395e-16,5.325743827299169e-16,0.0,6.067456474308402e-14,1.7389837474690142e-16,False,24,True,1,False
1193,mechanistic_target,True,,solved,1,20900,5.770420495238162e-14,0.0015513702295341,1040.4612419750413,2.8728245106561276e-14,0.0,0.0,0.0,5.51960820096769e-15,5.245631782543474e-20,False,3,True,1,False
1194,raw_prediction,True,6114600.0,solved,1,1125,6.564779248876462e-14,0.0031320790528696,586.3019117930484,8.644994442530418e-15,0.0,3.541260994973276e-14,0.0,2.24691749671271e-14,1.3392866741056985e-15,False,4,True,1,False
1194,mechanistic_target,True,,solved,1,4050,6.564779248876462e-14,0.0031320790528696,586.3019117930484,3.331920038959331e-13,0.0,0.0,0.0,5.967587943080148e-15,0.0,False,0,True,1,False
1195,raw_prediction,True,8044800.0,solved,1,2100,6.520523160850452e-14,0.0016838087648016,1083.2372214239226,1.0325074129013956e-14,0.0,3.822511928212706e-15,0.0,2.665184069189361e-14,4.771158929507661e-15,False,21,True,1,False
1195,mechanistic_target,True,,solved,1,3200,6.520523160850452e-14,0.0016838087648016,1083.2372214239226,2.339144805057052e-13,0.0,0.0,0.0,2.8006819864736643e-14,0.0,False,0,True,1,False
1196,raw_prediction,True,237859100.0,solved inaccurate,2,100000,7.92273800195034e-14,0.0007152021553881,3098.7060373869454,3.6250172110085575e-14,3.752916126688638e-16,4.837409704298095e-15,0.0,3.2103036370455375e-13,1.405028893242011e-15,False,9,True,1,False
1196,mechanistic_target,True,,solved,1,21250,7.92273800195034e-14,0.0007152021553881,3098.7060373869454,1.2663649547512066e-14,0.0,0.0,0.0,9.69038182901581e-15,0.0,False,0,True,1,False
1197,raw_prediction,True,15403700.0,solved,1,3225,9.381031423651996e-14,0.0017972100690142,1460.1102378645217,2.242179941797888e-14,6.2248802588110946e-15,8.561148001662558e-15,0.0,6.354355721191965e-14,2.9492320088288477e-15,False,21,True,1,False
1197,mechanistic_target,True,,solved,1,2000,9.381031423651996e-14,0.0017972100690142,1460.1102378645217,1.5366992546742006e-12,0.0,0.0,0.0,6.464835358447175e-16,0.0,False,0,True,1,False
1198,raw_prediction,True,22975100.0,solved,1,7375,6.99886518394971e-14,0.0024922933993096,785.5292465644186,7.48680990312987e-15,6.583168956289252e-16,1.1702008917357433e-15,0.0,3.2298482969788004e-14,1.5036875066108146e-16,False,9,True,1,False
1198,mechanistic_target,True,,solved,1,3475,6.99886518394971e-14,0.0024922933993096,785.5292465644186,5.97636054357558e-13,0.0,0.0,0.0,1.5875284070580004e-16,0.0,False,0,True,1,False
1199,raw_prediction,True,257514600.0,solved inaccurate,2,100000,9.016908610845008e-14,0.0009324834590989,2704.895115742213,2.9819896552041314e-14,0.0,3.98023297341158e-17,0.0,2.220655747102265e-13,7.693091833824176e-16,False,10,True,1,False
1199,mechanistic_target,True,,solved,1,10050,9.016908610845008e-14,0.0009324834590989,2704.895115742213,1.3310067794771538e-13,0.0,0.0,0.0,1.6610531097773942e-14,0.0,False,0,True,1,False
1200,raw_prediction,True,14788900.0,solved,1,4650,8.15070829527767e-14,0.0016275509886508,1400.8597132543478,1.2286352082695334e-14,0.0,0.0,0.0,3.495991067194773e-14,0.0,False,0,True,1,False
1200,mechanistic_target,True,,solved,1,3325,8.15070829527767e-14,0.0016275509886508,1400.8597132543478,4.199466619276683e-13,0.0,0.0,0.0,6.730602139780204e-14,0.0,False,0,True,1,False
1201,raw_prediction,True,16309600.0,solved,1,4250,7.207817000329776e-14,0.001763902424879,1143.0443808259529,1.2492757490317702e-14,0.0,1.9222191914339228e-15,0.0,4.3568529373815546e-14,3.535654085659651e-16,False,6,True,1,False
1201,mechanistic_target,True,,solved,1,2925,7.207817000329776e-14,0.001763902424879,1143.0443808259529,2.1836313055484318e-13,0.0,0.0,0.0,1.575511850015594e-14,0.0,False,0,True,1,False
1202,raw_prediction,True,14375200.0,solved,1,4500,9.311004149034265e-14,0.0011236114705305,2318.00439234348,1.7191648416539416e-14,6.687267601771982e-16,1.622820214989192e-14,0.0,9.04441614544975e-13,4.697230063275628e-15,False,27,True,1,False
1202,mechanistic_target,True,,solved,1,7100,9.311004149034265e-14,0.0011236114705305,2318.00439234348,1.347945827082383e-13,0.0,5.3788754158634576e-15,0.0,1.4827746342849432e-14,7.004750334073831e-18,False,1,True,1,False
1203,raw_prediction,True,11661300.0,solved,1,3500,8.06681784140835e-14,0.0015418023813021,1463.5495703439678,1.871072741188584e-14,2.459815007106628e-15,3.731942998380442e-15,0.0,4.9144285665288127e-14,5.229041124174939e-16,False,26,True,1,False
1203,mechanistic_target,True,,solved,1,3750,8.06681784140835e-14,0.0015418023813021,1463.5495703439678,3.156633354674285e-13,0.0,2.1799603519179715e-14,0.0,4.7697695463968516e-14,2.771338427188787e-17,False,1,True,1,False
1204,raw_prediction,True,81530100.0,solved,1,31725,8.707939474396302e-14,0.0006401143559005,3805.3248131199407,5.648953527170874e-14,0.0,2.517533564100829e-15,0.0,1.7348046394740305e-13,2.220532949055157e-17,False,9,True,1,False
1204,mechanistic_target,True,,solved,1,24075,8.707939474396302e-14,0.0006401143559005,3805.3248131199407,1.6911334920041762e-14,0.0,0.0,0.0,8.624006948873131e-15,0.0,False,0,True,1,False
1205,raw_prediction,True,8313300.0,solved,1,725,5.939015603351574e-14,0.0034529240223471,481.1287869991581,3.013005403970638e-14,8.801631838271958e-15,6.965303762116079e-14,0.0,1.6013151760491975e-14,1.984918331947476e-14,False,28,True,1,False
1205,mechanistic_target,True,,solved,1,3350,5.939015603351574e-14,0.0034529240223471,481.1287869991581,3.1325969470223417e-13,0.0,0.0,0.0,3.475419195191956e-15,0.0,False,0,True,1,False
1206,raw_prediction,True,10387300.0,solved,1,3025,6.227839203607751e-14,0.0019537342209927,891.6733893395635,1.3871619544665051e-14,0.0,1.9214574627494078e-15,0.0,1.8480189524398488e-14,5.811825510190764e-16,False,3,True,1,False
1206,mechanistic_target,True,,solved,1,12375,6.227839203607751e-14,0.0019537342209927,891.6733893395635,8.731247838064518e-14,0.0,0.0,0.0,1.8791039635267472e-14,3.6475561901760657e-20,False,3,True,1,False
1207,raw_prediction,True,38664400.0,solved,1,14850,9.717834850711125e-14,0.0007716057540434,3522.96197020328,1.4193160917679594e-14,0.0,5.342781397939793e-15,0.0,1.0232753962521993e-13,4.5374045820851904e-15,False,23,True,1,False
1207,mechanistic_target,True,,solved,1,17350,9.717834850711125e-14,0.0007716057540434,3522.96197020328,2.8580283074467954e-14,0.0,0.0,0.0,6.772518928736362e-15,6.953084754409156e-21,False,3,True,1,False
1208,raw_prediction,True,19942500.0,solved,1,6025,6.782247496526691e-14,0.0012269828810732,1546.2119625644243,6.005612673831706e-15,0.0,1.228146416479736e-14,0.0,1.6680559212887378e-13,3.682152188612656e-15,False,15,True,1,False
1208,mechanistic_target,True,,solved,1,5475,6.782247496526691e-14,0.0012269828810732,1546.2119625644243,1.473665663516703e-13,0.0,0.0,0.0,2.8499568714354293e-14,0.0,False,0,True,1,False
1209,raw_prediction,True,5404400.0,solved,1,300,5.707952501334577e-14,0.0051194030104144,311.885317035445,5.288859332585505e-15,1.5442779505856792e-15,1.8447457183190955e-14,0.0,1.4652024760798363e-14,3.38036449158444e-15,False,12,True,1,False
1209,mechanistic_target,True,,solved,1,1275,5.707952501334577e-14,0.0051194030104144,311.885317035445,1.1512016457363205e-13,0.0,0.0,0.0,1.1923427494883427e-16,0.0,False,0,True,1,False
1210,raw_prediction,True,3671300.0,solved,1,225,5.89964055055641e-14,0.0064411905004218,256.2083660430079,9.076073226310657e-14,1.0000696515024544e-16,1.489501909108068e-17,0.0,2.373715127427798e-15,1.8374979430540008e-17,False,4,True,1,False
1210,mechanistic_target,True,,solved,1,800,5.89964055055641e-14,0.0064411905004218,256.2083660430079,1.861738751451169e-14,0.0,0.0,0.0,7.882293343925861e-17,0.0,False,0,True,1,False
1211,raw_prediction,True,86248600.0,solved,1,32225,6.756515918361212e-14,0.0014270673791623,1324.3788114814288,3.3038671624387146e-14,0.0,0.0,0.0,6.21762633513532e-14,4.22534597384892e-18,False,1,True,1,False
1211,mechanistic_target,True,,solved,1,3875,6.756515918361212e-14,0.0014270673791623,1324.3788114814288,3.175603437235347e-13,0.0,0.0,0.0,7.012525498422976e-14,0.0,False,0,True,1,False
1212,raw_prediction,True,4559700.0,solved,1,625,7.81744122148255e-14,0.0020922317469116,1045.174331546725,1.4280243654241076e-14,0.0,1.5563728195730464e-14,0.0,5.340825322754037e-14,2.531897032635044e-14,False,1,True,1,False
1212,mechanistic_target,True,,solved,1,2000,7.81744122148255e-14,0.0020922317469116,1045.174331546725,4.659789487374873e-11,0.0,0.0,0.0,7.858103016165405e-15,0.0,False,0,True,1,False
1213,raw_prediction,True,43412400.0,solved,1,17200,6.32146081023886e-14,0.0019309152360193,915.77364110887,1.0853731108317888e-14,0.0,2.8732611181011554e-16,0.0,3.2473882867271326e-14,1.5513641570142536e-17,False,1,True,1,False
1213,mechanistic_target,True,,solved,1,11600,6.32146081023886e-14,0.0019309152360193,915.77364110887,1.9225745505123505e-13,0.0,0.0,0.0,1.7283420872441326e-15,2.2658343106062854e-19,False,3,True,1,False
1214,raw_prediction,True,4475600.0,solved,1,575,6.937178441828761e-14,0.0025968280089591,747.2631693761365,4.59588223744597e-16,6.918078220291569e-15,8.185876404585527e-16,0.0,1.8417976571770657e-14,5.8951043159235225e-15,False,33,True,1,False
1214,mechanistic_target,True,,solved,1,6000,6.937178441828761e-14,0.0025968280089591,747.2631693761365,3.080017860925156e-13,0.0,0.0,0.0,5.970886820016365e-15,0.0,False,0,True,1,False
1215,raw_prediction,True,13064600.0,solved,1,3600,6.645346263032765e-14,0.0016625462663925,1118.092601658872,8.481583491093404e-14,0.0,0.0,0.0,2.1562801334988167e-14,7.542226913229464e-18,False,2,True,1,False
1215,mechanistic_target,True,,solved,1,3700,6.645346263032765e-14,0.0016625462663925,1118.092601658872,4.1187033203368616e-14,0.0,0.0,0.0,1.0327768822981376e-14,0.0,False,0,True,1,False
1216,raw_prediction,True,5852000.0,solved,1,775,5.719588464631992e-14,0.0033607005984997,476.06785355669706,9.612196450986483e-15,2.1174518272580817e-14,3.0754697279857855e-14,0.0,3.800270056447144e-14,1.8820442597970303e-14,False,11,True,1,False
1216,mechanistic_target,True,,solved,1,1875,5.719588464631992e-14,0.0033607005984997,476.06785355669706,1.387651965491997e-13,0.0,0.0,0.0,1.0555624056321695e-16,0.0,False,0,True,1,False
1217,raw_prediction,True,37040700.0,solved,1,10675,1.0172674260730745e-13,0.0010562367909756,2694.062990550457,1.1396685161575591e-14,5.56571639152223e-16,1.7650008380547108e-15,0.0,9.985447607018384e-14,1.7732850512520858e-16,False,5,True,1,False
1217,mechanistic_target,True,,solved,1,7975,1.0172674260730745e-13,0.0010562367909756,2694.062990550457,1.0372083639314713e-13,0.0,4.258385206540317e-15,0.0,1.2745538210301311e-14,7.029403760537294e-18,False,1,True,1,False
1218,raw_prediction,True,38130700.0,solved,1,13550,8.35191777851658e-14,0.0010093418601744,2314.6313109289968,2.2369259222720927e-14,0.0,4.467977656424678e-16,0.0,1.3056759898761776e-13,3.426484040251884e-16,False,23,True,1,False
1218,mechanistic_target,True,,solved,1,8625,8.35191777851658e-14,0.0010093418601744,2314.6313109289968,1.8825601593617962e-13,0.0,0.0,0.0,2.071317680354532e-14,0.0,False,0,True,1,False
1219,raw_prediction,True,14954700.0,solved,1,3575,6.093895005583477e-14,0.0010346205078909,1647.5848247945746,5.852263118555356e-14,1.2162659750876935e-14,1.6549735149710742e-14,0.0,3.0737860980119674e-14,3.7206318383807056e-15,False,23,True,1,False
1219,mechanistic_target,True,,solved,1,9650,6.093895005583477e-14,0.0010346205078909,1647.5848247945746,2.0264542111714903e-14,0.0,0.0,0.0,5.486915152094898e-15,0.0,False,0,True,1,False
1220,raw_prediction,True,47845200.0,solved,1,19250,7.029019927926604e-14,0.0008246280897973,2384.3529793264674,3.923297929092193e-14,0.0,4.179288899056226e-17,0.0,2.4906816233351694e-13,3.2711900334906185e-18,False,4,True,1,False
1220,mechanistic_target,True,,solved,1,17975,7.029019927926604e-14,0.0008246280897973,2384.3529793264674,8.476748535684487e-15,0.0,1.230474556979949e-18,0.0,4.7139044371472035e-14,2.7943906848614804e-21,False,3,True,1,False
1221,raw_prediction,True,50842000.0,solved,1,16700,9.02741598053742e-14,0.0008754412049373,2884.498846383657,3.431064628734277e-14,0.0,3.1344666742921696e-17,0.0,1.0766338588974177e-13,5.981836628310189e-19,False,1,True,1,False
1221,mechanistic_target,True,,solved,1,12825,9.02741598053742e-14,0.0008754412049373,2884.498846383657,3.772637747315775e-14,0.0,0.0,0.0,5.3852868105235356e-15,6.820551320132586e-23,False,3,True,1,False
1222,raw_prediction,True,9736100.0,solved,1,2675,5.70856431368139e-14,0.0045595800632495,350.21597362561783,1.2927947211987196e-14,0.0,1.9661425200226498e-15,0.0,1.3903453104426771e-14,4.822193731165187e-16,False,9,True,1,False
1222,mechanistic_target,True,,solved,1,1300,5.70856431368139e-14,0.0045595800632495,350.21597362561783,1.2368107147650296e-14,0.0,0.0,0.0,4.007927488126382e-18,0.0,False,0,True,1,False
1223,raw_prediction,True,10938800.0,solved,1,2575,6.126251476544718e-14,0.0014504219570873,1181.5017059047811,3.141490719289923e-14,1.177212665312178e-15,2.1266545991391065e-15,0.0,2.05861518331423e-13,2.938588631566879e-15,False,29,True,1,False
1223,mechanistic_target,True,,solved,1,2425,6.126251476544718e-14,0.0014504219570873,1181.5017059047811,1.4008737922037911e-11,0.0,0.0,0.0,3.532094951231829e-16,0.0,False,0,True,1,False
1224,raw_prediction,True,19606500.0,solved,1,6650,7.005354531476026e-14,0.0010080005565691,1944.031267718473,1.7574784520934855e-14,0.0,4.4166992889635625e-15,0.0,1.324056885761731e-13,2.261380777880473e-15,False,14,True,1,False
1224,mechanistic_target,True,,solved,1,10375,7.005354531476026e-14,0.0010080005565691,1944.031267718473,3.9304889808117016e-14,0.0,0.0,0.0,3.866386178698045e-15,0.0,False,0,True,1,False
1225,raw_prediction,True,16179100.0,solved,1,5475,6.502979170043354e-14,0.0032139468663638,565.988450039961,1.3422265545313742e-14,0.0,3.320224055705375e-16,0.0,2.980004011229153e-14,7.470137171359161e-17,False,3,True,1,False
1225,mechanistic_target,True,,solved,1,3875,6.502979170043354e-14,0.0032139468663638,565.988450039961,2.392374135577447e-13,0.0,0.0,0.0,3.946749108337254e-15,0.0,False,0,True,1,False
1226,raw_prediction,True,9693500.0,solved,1,2700,5.720597019782074e-14,0.0041112281621305,389.2276412442939,3.750018666460887e-15,1.013004350334643e-13,1.3399211760547712e-15,0.0,1.6929670545121846e-14,2.130272569484269e-13,False,22,True,1,False
1226,mechanistic_target,True,,solved,1,2325,5.720597019782074e-14,0.0041112281621305,389.2276412442939,3.584934657534484e-13,0.0,0.0,0.0,3.346144520177878e-15,6.455306545594602e-19,False,3,True,1,False
1227,raw_prediction,True,23695900.0,solved,1,7175,8.533114837601312e-14,0.0011709612487806,2038.444848737313,3.9245516558761295e-14,8.119798722293545e-15,8.078501644782787e-14,0.0,6.556955495798131e-14,1.1880444288369801e-14,False,19,True,1,False
1227,mechanistic_target,True,,solved,1,6825,8.533114837601312e-14,0.0011709612487806,2038.444848737313,7.297187959367453e-14,0.0,0.0,0.0,1.1688884468880304e-14,0.0,False,0,True,1,False
1228,raw_prediction,True,8783700.0,solved,1,2250,6.326108927624625e-14,0.0018073897303809,979.0812955745528,5.405658559665128e-14,5.001303462317825e-15,3.853208964729901e-14,0.0,3.4900675421910984e-14,2.4241146374980057e-14,False,30,True,1,False
1228,mechanistic_target,True,,solved,1,11175,6.326108927624625e-14,0.0018073897303809,979.0812955745528,1.9717940650013341e-13,0.0,1.3284996214611287e-14,0.0,3.7454787594681396e-14,1.8162038129087882e-17,False,1,True,1,False
1229,raw_prediction,True,238426600.0,solved inaccurate,2,100000,6.087983657168967e-14,0.0014133706349956,1204.9008548505587,3.3808351316183564e-14,0.0,0.0,0.0,5.96871334853137e-14,0.0,False,0,True,1,False
1229,mechanistic_target,True,,solved,1,26350,6.087983657168967e-14,0.0014133706349956,1204.9008548505587,1.2524489313713647e-14,0.0,0.0,0.0,7.924113781634725e-15,0.0,False,0,True,1,False
1230,raw_prediction,True,30607400.0,solved,1,10150,7.64822776450527e-14,0.0011435433200113,1870.863447597459,1.0048400295843515e-14,0.0,0.0,0.0,8.133465088656609e-14,2.3646046345406687e-17,False,2,True,1,False
1230,mechanistic_target,True,,solved,1,6525,7.64822776450527e-14,0.0011435433200113,1870.863447597459,2.384632465052639e-13,0.0,0.0,0.0,3.7854839792522145e-14,0.0,False,0,True,1,False
1231,raw_prediction,True,9041200.0,solved,1,2200,6.527618412279263e-14,0.0013662835938945,1336.4348859295685,3.4822839056758426e-14,0.0,1.2805049518601646e-14,0.0,2.4235191615772183e-14,1.3166219520360135e-14,False,21,True,1,False
1231,mechanistic_target,True,,solved,1,4775,6.527618412279263e-14,0.0013662835938945,1336.4348859295685,1.162209134981701e-13,0.0,0.0,0.0,1.0503937301509052e-14,0.0,False,0,True,1,False
1232,raw_prediction,True,6706700.0,solved,1,1175,5.743298986593693e-14,0.0028611365068,561.509030506749,1.1605300054284841e-14,1.4139913513920802e-15,5.024067501442268e-15,0.0,2.5279790470975583e-14,1.9136933733281706e-15,False,12,True,1,False
1232,mechanistic_target,True,,solved,1,3625,5.743298986593693e-14,0.0028611365068,561.509030506749,2.8907577396478245e-12,0.0,5.893450361559756e-16,0.0,4.106648566546231e-16,2.990848142726565e-19,False,1,True,1,False
1233,raw_prediction,True,30112800.0,solved,1,12000,9.979041105587276e-14,0.0009358105797649,2982.87297408605,1.521782619511e-14,1.0575547721368253e-15,2.653488648941053e-17,0.0,9.0091509693545e-14,8.76556256227922e-17,False,3,True,1,False
1233,mechanistic_target,True,,solved,1,10525,9.979041105587276e-14,0.0009358105797649,2982.87297408605,1.0359928689590049e-13,0.0,3.172994493830344e-15,0.0,9.70080339857664e-15,1.199342897824329e-18,False,1,True,1,False
1234,raw_prediction,True,10749700.0,solved,1,3200,6.355087653272288e-14,0.0019611250052095,906.4631764758204,1.315897483979656e-14,8.316722498930449e-16,8.776506688018074e-16,0.0,2.327556084088477e-14,5.362190871760517e-15,False,6,True,1,False
1234,mechanistic_target,True,,solved,1,11475,6.355087653272288e-14,0.0019611250052095,906.4631764758204,1.859032919406389e-13,0.0,1.5259465339206426e-14,0.0,1.5140317931283985e-15,2.0042782309121844e-17,False,1,True,1,False
1235,raw_prediction,True,16478000.0,solved,1,5600,7.075849164536432e-14,0.0012696197748216,1558.9736936300435,7.54671270924755e-15,3.5598176335762384e-16,6.899390417173925e-16,0.0,1.0137149939426717e-13,3.083505478983381e-16,False,21,True,1,False
1235,mechanistic_target,True,,solved,1,5075,7.075849164536432e-14,0.0012696197748216,1558.9736936300435,1.7045606996488413e-13,0.0,0.0,0.0,4.1498368030202547e-14,0.0,False,0,True,1,False
1236,raw_prediction,True,249677100.0,maximum iterations reached,7,100000,9.327293406008813e-14,0.0005137544607599,5078.482160468752,3.601953741529866e-13,2.1654681773575551e-16,1.649166354517978e-15,0.0,1.134291115172846e-12,5.706972809195074e-16,False,27,True,1,False
1236,mechanistic_target,True,,solved inaccurate,2,100000,9.327293406008813e-14,0.0005137544607599,5078.482160468752,4.5377530652434456e-14,0.0,0.0,0.0,2.031792107685855e-13,2.4279050373395285e-16,False,2,True,1,False
1237,raw_prediction,True,24221900.0,solved,1,7625,9.487608020972485e-14,0.0012564242978126,2112.2937086148704,2.170486013142181e-14,0.0,7.194945615892254e-15,0.0,1.1325435746990288e-13,1.3316722757960097e-15,False,12,True,1,False
1237,mechanistic_target,True,,solved,1,5500,9.487608020972485e-14,0.0012564242978126,2112.2937086148704,2.3501134885846763e-13,0.0,0.0,0.0,4.4775337757673945e-14,0.0,False,0,True,1,False
1238,raw_prediction,True,14727000.0,solved,1,4975,8.143957954780931e-14,0.0015358418243445,1483.279283575396,1.0505485370515544e-14,6.254780390171999e-16,0.0,0.0,1.815802985215157e-14,8.432647941853218e-17,False,1,True,1,False
1238,mechanistic_target,True,,solved,1,3725,8.143957954780931e-14,0.0015358418243445,1483.279283575396,3.20759758701227e-13,0.0,0.0,0.0,3.647704326462808e-14,0.0,False,0,True,1,False
1239,raw_prediction,True,41025000.0,solved,1,16550,5.711839226074709e-14,0.0017299459102575,923.5860162380662,6.076809363839914e-15,8.421925584032013e-17,8.91884746347806e-17,0.0,3.837915338766293e-14,7.861051067411701e-17,False,15,True,1,False
1239,mechanistic_target,True,,solved,1,15325,5.711839226074709e-14,0.0017299459102575,923.5860162380662,3.045436814822735e-14,0.0,0.0,0.0,3.1692872318906684e-15,0.0,False,0,True,1,False
1240,raw_prediction,True,12893100.0,solved,1,4325,8.482108072860881e-14,0.0016656544071925,1424.4683424079394,1.8192912454306764e-14,0.0,0.0,0.0,3.420399619474752e-14,4.668040811333544e-17,False,2,True,1,False
1240,mechanistic_target,True,,solved,1,2825,8.482108072860881e-14,0.0016656544071925,1424.4683424079394,1.521976089872093e-10,0.0,0.0,0.0,1.8114019033063152e-14,0.0,False,0,True,1,False
1241,raw_prediction,True,7873800.0,solved,1,2425,6.153552199840007e-14,0.0027456940889435,626.9135241014002,1.0248687040551791e-14,3.8670382760129583e-17,9.3876112668592e-15,0.0,3.3521688167502324e-14,7.36692114781945e-17,False,8,True,1,False
1241,mechanistic_target,True,,solved,1,5625,6.153552199840007e-14,0.0027456940889435,626.9135241014002,1.943550749456981e-13,0.0,0.0,0.0,2.2009011078128296e-15,0.0,False,0,True,1,False
1242,raw_prediction,True,9719100.0,solved,1,2425,8.495382767045348e-14,0.002067035747441,1149.6585202155509,1.3145570199901571e-14,0.0,7.745191986396932e-16,0.0,3.254105344799793e-14,8.35190383457349e-17,False,4,True,1,False
1242,mechanistic_target,True,,solved,1,3750,8.495382767045348e-14,0.002067035747441,1149.6585202155509,1.3474143930516852e-13,0.0,0.0,0.0,4.81661661076911e-17,0.0,False,0,True,1,False
1243,raw_prediction,True,15278800.0,solved,1,4900,6.200716820858175e-14,0.0012781569995922,1357.0367028782189,6.996377891711641e-15,1.3439249381770545e-15,1.6934867387608725e-15,0.0,7.330347871149357e-14,2.3207590388925285e-16,False,8,True,1,False
1243,mechanistic_target,True,,solved,1,6525,6.200716820858175e-14,0.0012781569995922,1357.0367028782189,1.7585880172330462e-14,0.0,0.0,0.0,7.466421706832784e-15,0.0,False,0,True,1,False
1244,raw_prediction,True,44551800.0,solved,1,17600,9.070703639921158e-14,0.0008040713989261,3155.5877532328286,1.1639077585765392e-14,0.0,1.2213915654686156e-15,0.0,2.924464410984982e-14,2.438795922991753e-16,False,8,True,1,False
1244,mechanistic_target,True,,solved,1,14725,9.070703639921158e-14,0.0008040713989261,3155.5877532328286,5.0403847555969034e-14,0.0,0.0,0.0,3.878864207384047e-15,1.937799927966308e-20,False,3,True,1,False
1245,raw_prediction,True,14134000.0,solved,1,5000,9.360267745593635e-14,0.0014414507905102,1816.4454060924847,1.0462529280441669e-13,0.0,2.173969069222777e-16,0.0,4.906460621189865e-14,7.575665924430148e-16,False,5,True,1,False
1245,mechanistic_target,True,,solved,1,3925,9.360267745593635e-14,0.0014414507905102,1816.4454060924847,4.678734109368581e-13,0.0,0.0,0.0,6.757111461316542e-14,0.0,False,0,True,1,False
1246,raw_prediction,True,9304700.0,solved,1,2675,7.97637018886589e-14,0.0013699623708345,1628.660493313805,1.1792835304577348e-14,0.0,4.034467656545724e-15,0.0,4.3373680143505994e-14,2.052401873533181e-15,False,20,True,1,False
1246,mechanistic_target,True,,solved,1,4100,7.97637018886589e-14,0.0013699623708345,1628.660493313805,6.253982851703457e-13,0.0,0.0,0.0,7.635211472681997e-14,0.0,False,0,True,1,False
1247,raw_prediction,True,14877200.0,solved,1,5350,6.299557171946976e-14,0.0033115068777791,532.1306309400002,8.966397470693382e-15,0.0,5.342781397939793e-16,0.0,1.7904740182032462e-14,7.727193446895123e-17,False,5,True,1,False
1247,mechanistic_target,True,,solved,1,3000,6.299557171946976e-14,0.0033115068777791,532.1306309400002,1.1674701262305737e-12,0.0,0.0,0.0,1.2040370136996054e-16,0.0,False,0,True,1,False
1248,raw_prediction,True,9812200.0,solved,1,3200,9.054869513307709e-14,0.0014238767910509,1778.8678397941933,7.958911307781591e-15,2.5539452321943508e-15,4.170995115836964e-15,0.0,3.3038942582372914e-14,7.677164807813912e-16,False,20,True,1,False
1248,mechanistic_target,True,,solved,1,4050,9.054869513307709e-14,0.0014238767910509,1778.8678397941933,4.979143207426838e-13,0.0,0.0,0.0,8.932055095312928e-14,0.0,False,0,True,1,False
1249,raw_prediction,True,9311600.0,solved,1,2650,8.703375410342609e-14,0.0018373110894929,1325.0702971084206,1.3847334099632122e-14,6.112813848065504e-16,7.623097401770271e-15,0.0,9.092952370549651e-14,1.172482186922262e-15,False,24,True,1,False
1249,mechanistic_target,True,,solved,1,2250,8.703375410342609e-14,0.0018373110894929,1325.0702971084206,2.8500652395718258e-11,0.0,0.0,0.0,5.105271759054031e-15,0.0,False,0,True,1,False
1250,raw_prediction,True,8938500.0,solved,1,2400,6.757467499847387e-14,0.0013440188387359,1406.411820857549,2.8560920989351146e-14,9.328440217994812e-15,1.2978046015259164e-14,0.0,1.6981631252486312e-14,8.71239761292151e-15,False,26,True,1,False
1250,mechanistic_target,True,,solved,1,5800,6.757467499847387e-14,0.0013440188387359,1406.411820857549,3.716993642671618e-14,0.0,0.0,0.0,4.566420602305841e-15,9.527980677942104e-20,False,3,True,1,False
1251,raw_prediction,True,16009300.0,solved,1,5925,9.501120403319729e-14,0.0017066193742027,1557.2991574536436,1.7897142101652722e-14,0.0,1.2816968289427655e-16,0.0,1.227560212748251e-13,2.934340552314927e-17,False,5,True,1,False
1251,mechanistic_target,True,,solved,1,2425,9.501120403319729e-14,0.0017066193742027,1557.2991574536436,1.599410808807441e-11,0.0,0.0,0.0,2.949999949233581e-15,0.0,False,0,True,1,False
1252,raw_prediction,True,5540300.0,solved,1,300,5.725947622080649e-14,0.0069882098320634,229.20037962477895,1.3499618090051513e-13,0.0,1.3353262877211647e-14,0.0,1.0439418218640584e-14,1.9570224947697717e-14,False,25,True,1,False
1252,mechanistic_target,True,,solved,1,700,5.725947622080649e-14,0.0069882098320634,229.20037962477895,1.202730830395263e-14,0.0,0.0,0.0,1.0128002182729451e-16,0.0,False,0,True,1,False
1253,raw_prediction,True,5552300.0,solved,1,1150,6.660381056897636e-14,0.0023130687520736,805.4608457899467,2.1342518816078e-14,9.762070440543892e-15,8.01688169139014e-14,0.0,6.927066349086677e-14,1.1773586139641518e-14,False,29,True,1,False
1253,mechanistic_target,True,,solved,1,7700,6.660381056897636e-14,0.0023130687520736,805.4608457899467,1.98528966578396e-13,0.0,0.0,0.0,2.198281202425201e-15,0.0,False,0,True,1,False
1254,raw_prediction,True,19490000.0,solved,1,7425,6.781584169199798e-14,0.001090982253444,1738.7909402141415,6.925863425848847e-15,2.36089835443766e-15,2.2879640493301804e-15,0.0,1.0969398780487693e-13,1.5766796119218893e-15,False,19,True,1,False
1254,mechanistic_target,True,,solved,1,8700,6.781584169199798e-14,0.001090982253444,1738.7909402141415,3.758551431681815e-14,0.0,0.0,0.0,3.750548938667061e-15,4.094982884620279e-20,False,3,True,1,False
1255,raw_prediction,True,9148600.0,solved,1,2950,7.8157264201819e-14,0.0020317867440628,1076.031846464532,1.2885525979555723e-14,0.0,2.918324102443341e-16,0.0,2.6178036524264448e-14,1.0769877650472784e-16,False,2,True,1,False
1255,mechanistic_target,True,,solved,1,2725,7.8157264201819e-14,0.0020317867440628,1076.031846464532,2.2343437403434868e-11,0.0,2.9595405783805e-15,0.0,3.529665827151975e-15,3.462098032798167e-18,False,1,True,1,False
1256,raw_prediction,True,7036200.0,solved,1,1750,7.312875914474742e-14,0.0019786334581076,1033.8481483153378,1.2960370574490716e-14,3.126464568995149e-16,2.349860954673706e-16,0.0,1.5163451199275758e-13,3.0760995836395326e-16,False,15,True,1,False
1256,mechanistic_target,True,,solved,1,2075,7.312875914474742e-14,0.0019786334581076,1033.8481483153378,4.292761708586469e-11,0.0,0.0,0.0,4.058229527926571e-15,0.0,False,0,True,1,False
1257,raw_prediction,True,5567800.0,solved,1,1400,8.345549475562634e-14,0.0020405708199315,1144.029340180152,1.3484294128728878e-14,0.0,3.574804581859363e-16,0.0,5.090228132476515e-14,1.3295423597966974e-16,False,9,True,1,False
1257,mechanistic_target,True,,solved,1,1825,8.345549475562634e-14,0.0020405708199315,1144.029340180152,1.1062444088239614e-12,0.0,0.0,0.0,5.590830744101722e-16,0.0,False,0,True,1,False
1258,raw_prediction,True,9671200.0,solved,1,3025,7.018403205903492e-14,0.0021771236071887,901.7561776492104,1.7925560910855553e-14,1.1828229760951737e-13,2.005475409967343e-16,0.0,3.319675776734797e-14,1.3931788213056832e-13,False,20,True,1,False
1258,mechanistic_target,True,,solved,1,8625,7.018403205903492e-14,0.0021771236071887,901.7561776492104,2.1684926536221318e-13,0.0,0.0,0.0,3.037872151692587e-15,0.0,False,0,True,1,False
1259,raw_prediction,True,5536500.0,solved,1,750,5.719733160052461e-14,0.0031486451953352,508.14299366442526,8.799231181402254e-15,9.449832720590502e-16,2.534698158134161e-14,0.0,1.8253163396096908e-14,1.1914713540255747e-14,False,19,True,1,False
1259,mechanistic_target,True,,solved,1,2450,5.719733160052461e-14,0.0031486451953352,508.14299366442526,2.090773010549477e-13,0.0,0.0,0.0,1.8488300769910956e-16,0.0,False,0,True,1,False
1260,raw_prediction,True,18645000.0,solved,1,6825,1.0338733863555745e-13,0.0010467293357108,2762.910765332097,3.1917177234497274e-14,1.14405711439101e-15,1.3155872793083882e-14,0.0,1.4845032982612735e-14,4.937346068092796e-15,False,20,True,1,False
1260,mechanistic_target,True,,solved,1,7875,1.0338733863555745e-13,0.0010467293357108,2762.910765332097,1.3611258863928134e-13,0.0,0.0,0.0,1.9465208262101733e-14,0.0,False,0,True,1,False
1261,raw_prediction,True,13497000.0,solved,1,4750,7.278733416578727e-14,0.0015938756361658,1277.4246138836438,1.2696441120674251e-14,5.26563519991216e-16,2.6001553413465042e-17,0.0,4.836309683034179e-14,4.5784528392346926e-17,False,2,True,1,False
1261,mechanistic_target,True,,solved,1,3950,7.278733416578727e-14,0.0015938756361658,1277.4246138836438,1.2955249862206386e-13,0.0,8.011174408378402e-15,0.0,1.9486953243313232e-14,1.6499934739823371e-18,False,1,True,1,False
1262,raw_prediction,True,11177100.0,solved,1,3450,5.898415978916221e-14,0.001378557101432,1196.8632611630617,1.0769163338864018e-14,0.0,2.096512592630041e-15,0.0,6.21735994217522e-14,3.980691980962463e-15,False,19,True,1,False
1262,mechanistic_target,True,,solved,1,24900,5.898415978916221e-14,0.001378557101432,1196.8632611630617,1.0143045953938668e-14,0.0,0.0,0.0,1.1882919130330868e-14,2.3168587728335436e-20,False,3,True,1,False
1263,raw_prediction,True,230886000.0,solved inaccurate,2,100000,7.441265000354573e-14,0.0006341961688659,3282.139647667317,1.3166551182663968e-13,0.0,6.060979431218294e-18,0.0,1.0199015785597898e-12,3.87686749585768e-17,False,11,True,1,False
1263,mechanistic_target,True,,solved,1,28825,7.441265000354573e-14,0.0006341961688659,3282.139647667317,8.614661836738239e-15,0.0,5.213256681878237e-16,0.0,8.656456585790623e-14,8.304002660566345e-17,False,2,True,1,False
1264,raw_prediction,True,12918900.0,solved,1,4500,6.403481370261024e-14,0.0012798342871517,1399.5754244868187,2.437720164616408e-14,3.3140814776807164e-14,3.1166224821315453e-16,0.0,2.3156210615588993e-14,2.5634521243440583e-14,False,13,True,1,False
1264,mechanistic_target,True,,solved,1,6875,6.403481370261024e-14,0.0012798342871517,1399.5754244868187,1.1128401925993484e-14,0.0,0.0,0.0,2.947747194480034e-14,5.596745687229739e-20,False,3,True,1,False
1265,raw_prediction,True,120693000.0,solved,1,50925,9.680403179492424e-14,0.0004557257027634,5941.879235170828,7.265230084207985e-13,0.0,7.413995752585408e-15,0.0,2.798343770385849e-12,1.894373377527428e-15,False,19,True,1,False
1265,mechanistic_target,True,,solved inaccurate,2,100000,9.680403179492424e-14,0.0004557257027634,5941.879235170828,1.2988366139190914e-13,0.0,1.3060277809550707e-17,0.0,6.546729691280455e-13,6.646079322841775e-17,False,2,True,1,False
1266,raw_prediction,True,23004000.0,solved,1,8225,6.793607143933012e-14,0.0009946924617437,1910.4932209466103,7.011058400507865e-14,0.0,3.7704224835124e-15,0.0,1.0260534549302764e-12,2.372143010255923e-16,False,11,True,1,False
1266,mechanistic_target,True,,solved,1,9275,6.793607143933012e-14,0.0009946924617437,1910.4932209466103,8.482635110888617e-15,0.0,1.7874022909296814e-15,0.0,6.378085242194625e-14,1.6485073578268762e-16,False,2,True,1,False
1267,raw_prediction,True,11095400.0,solved,1,3075,6.94755671314051e-14,0.001737277061012,1118.6569208464282,6.437801680636568e-13,0.0,2.5715179656998364e-15,0.0,2.925336133997546e-14,2.5576141519169685e-15,False,14,True,1,False
1267,mechanistic_target,True,,solved,1,11525,6.94755671314051e-14,0.001737277061012,1118.6569208464282,9.926131978107696e-13,0.0,0.0,0.0,8.113396162323442e-15,0.0,False,0,True,1,False
1268,raw_prediction,True,7598200.0,solved,1,1350,7.296141652386903e-14,0.0020045382950364,1018.1524205620568,1.867370362409099e-14,4.59903632197495e-15,1.259925881961949e-14,0.0,8.039700733626533e-14,4.365703415040239e-15,False,20,True,1,False
1268,mechanistic_target,True,,solved,1,2800,7.296141652386903e-14,0.0020045382950364,1018.1524205620568,3.456257683836211e-13,0.0,3.604473421963376e-14,0.0,3.7442662371621546e-14,6.893191383536082e-17,False,1,True,1,False
1269,raw_prediction,True,25416000.0,solved,1,9200,7.951875875523552e-14,0.0011091583626932,2005.4411997875093,2.0560139910514714e-14,0.0,4.454507575457688e-15,0.0,6.804946459449631e-14,1.9543631855990025e-15,False,19,True,1,False
1269,mechanistic_target,True,,solved,1,7600,7.951875875523552e-14,0.0011091583626932,2005.4411997875093,1.0069220753811457e-13,0.0,0.0,0.0,1.2279493924338961e-14,0.0,False,0,True,1,False
1270,raw_prediction,True,7615700.0,solved,1,1900,5.718021128335231e-14,0.0013911326566284,1149.770359402335,4.2418846213365674e-13,1.4921654295502906e-13,2.029046605999132e-13,0.0,5.290809218692472e-13,1.203503832638462e-13,False,23,True,1,False
1270,mechanistic_target,True,,solved,1,5650,5.718021128335231e-14,0.0013911326566284,1149.770359402335,1.3219265403209148e-14,0.0,0.0,0.0,5.134083449848853e-15,1.1977501642313956e-20,False,3,True,1,False
1271,raw_prediction,True,11449300.0,solved,1,3475,7.316065359306694e-14,0.0018709702298037,1093.816821395145,1.914332407870756e-14,0.0,0.0,0.0,2.2797194031612312e-14,1.8669810742784758e-16,False,2,True,1,False
1271,mechanistic_target,True,,solved,1,10225,7.316065359306694e-14,0.0018709702298037,1093.816821395145,4.4756604255643494e-13,0.0,4.2514142832594697e-14,0.0,6.826724875069863e-14,1.1403229201992219e-17,False,1,True,1,False
1272,raw_prediction,True,18259900.0,solved,1,6575,9.939439074659019e-14,0.0014145786692023,1965.4801835688845,1.7735113501409576e-14,0.0,3.9743946115712496e-17,0.0,5.981432981047756e-14,4.0996236293572096e-18,False,3,True,1,False
1272,mechanistic_target,True,,solved,1,3725,9.939439074659019e-14,0.0014145786692023,1965.4801835688845,8.106893165729544e-13,0.0,0.0,0.0,1.0711547683647641e-13,0.0,False,0,True,1,False
1273,raw_prediction,True,12256200.0,solved,1,3875,6.333190966665448e-14,0.0010056379668147,1761.6304998351118,1.1297615640158197e-14,5.568260805843693e-15,3.721795496857356e-15,0.0,7.188846410774725e-14,7.470572348589813e-15,False,25,True,1,False
1273,mechanistic_target,True,,solved,1,9650,6.333190966665448e-14,0.0010056379668147,1761.6304998351118,2.0904425898341912e-14,0.0,0.0,0.0,1.076290244359188e-14,0.0,False,0,True,1,False
1274,raw_prediction,True,14005800.0,solved,1,4375,9.522595017359389e-14,0.0013447115173366,1980.888764462464,8.665291423377153e-15,0.0,1.0649944253226654e-14,0.0,8.430812080659005e-14,2.661405574352002e-15,False,15,True,1,False
1274,mechanistic_target,True,,solved,1,4825,9.522595017359389e-14,0.0013447115173366,1980.888764462464,2.3140697456593015e-13,0.0,0.0,0.0,4.459054980547851e-14,0.0,False,0,True,1,False
1275,raw_prediction,True,9232000.0,solved,1,2800,6.012609113766412e-14,0.0020621298510523,815.6068417876452,1.1143318553783296e-14,0.0,1.1766672253698073e-15,0.0,7.556210379748742e-14,2.278081489091076e-16,False,21,True,1,False
1275,mechanistic_target,True,,solved,1,7825,6.012609113766412e-14,0.0020621298510523,815.6068417876452,9.97827339806206e-13,0.0,0.0,0.0,7.328588282905181e-15,0.0,False,0,True,1,False
1276,raw_prediction,True,6143700.0,solved,1,1525,6.082261549444076e-14,0.0025436057130593,668.8815217575078,9.458054079401868e-15,5.192192006233009e-17,2.681103436394522e-16,0.0,2.018263722955672e-14,7.149267572449866e-17,False,10,True,1,False
1276,mechanistic_target,True,,solved,1,2925,6.082261549444076e-14,0.0025436057130593,668.8815217575078,3.581757765213066e-14,0.0,0.0,0.0,4.113402170638508e-18,0.0,False,0,True,1,False
1277,raw_prediction,True,10113500.0,solved,1,3500,5.714512051883043e-14,0.0018722203926382,853.7998616777854,1.877819615867069e-14,0.0,0.0,0.0,5.217138203201445e-14,0.0,False,0,True,1,False
1277,mechanistic_target,True,,solved,1,2950,5.714512051883043e-14,0.0018722203926382,853.7998616777854,4.25250365149313e-14,0.0,0.0,0.0,4.638870673326518e-15,0.0,False,0,True,1,False
1278,raw_prediction,True,9149200.0,solved,1,1975,7.63914353314036e-14,0.0014483890338373,1475.3441556839268,2.1642095667656627e-13,8.440940600395061e-14,1.3422450447956546e-13,0.0,3.0350542179234885e-14,1.7453358361529697e-13,False,27,True,1,False
1278,mechanistic_target,True,,solved,1,4600,7.63914353314036e-14,0.0014483890338373,1475.3441556839268,1.4995005230355294e-13,0.0,8.504036642216323e-15,0.0,2.4749619745297126e-14,8.135868952506905e-18,False,1,True,1,False
1279,raw_prediction,True,64313800.0,solved,1,26325,7.30795697877554e-14,0.0006551514953995,3120.2410337721567,1.5199647096508784e-14,1.2710929839746009e-15,1.5994041421630465e-15,0.0,4.847528558782339e-14,6.052472061638373e-16,False,20,True,1,False
1279,mechanistic_target,True,,solved,1,29275,7.30795697877554e-14,0.0006551514953995,3120.2410337721567,1.7100065663562132e-14,0.0,1.5490819854723906e-15,0.0,9.310623073559143e-14,5.492778383823567e-16,False,2,True,1,False
1280,raw_prediction,True,75675600.0,solved,1,28450,1.0136366375908134e-13,0.0005212019034091,5440.141613107745,1.0824674490095276e-14,2.486856616383368e-15,8.498152183226384e-16,0.0,6.952016964107543e-14,5.177130973684609e-16,False,14,True,1,False
1280,mechanistic_target,True,,solved,1,41975,1.0136366375908134e-13,0.0005212019034091,5440.141613107745,6.782644790078251e-15,0.0,0.0,0.0,2.843174895347858e-14,0.0,False,0,True,1,False
1281,raw_prediction,True,238838900.0,solved inaccurate,2,100000,9.323396778736807e-14,0.0005766241119483,4522.882097992237,7.58572892001208e-14,1.2888756963623732e-15,2.3447730195636304e-15,0.0,4.77197730511212e-13,1.720406359833797e-15,False,22,True,1,False
1281,mechanistic_target,True,,solved,1,36125,9.323396778736807e-14,0.0005766241119483,4522.882097992237,2.413438735961693e-14,0.0,0.0,0.0,3.698517530444705e-14,9.827989352882491e-21,False,3,True,1,False
1282,raw_prediction,True,6021200.0,solved,1,1200,6.072953116513373e-14,0.0016157565472958,1051.3756208258776,7.227197833552947e-15,9.432873315603431e-15,2.822190447349569e-15,0.0,1.977573023643569e-13,2.1648738491313153e-14,False,22,True,1,False
1282,mechanistic_target,True,,solved,1,3425,6.072953116513373e-14,0.0016157565472958,1051.3756208258776,1.120487296201456e-14,0.0,0.0,0.0,8.248093200552342e-15,3.5623757506319014e-19,False,4,True,1,False
1283,raw_prediction,True,238863100.0,solved inaccurate,2,100000,7.657995837075105e-14,0.0007325447746562,2924.2523635729385,1.5839661506946314e-14,0.0,1.7874022909296815e-16,0.0,1.633452297291262e-13,4.295189681093336e-18,False,6,True,1,False
1283,mechanistic_target,True,,solved,1,23475,7.657995837075105e-14,0.0007325447746562,2924.2523635729385,7.373494765689536e-15,0.0,4.915356300056624e-16,0.0,7.407604401115134e-14,1.2988065455358315e-16,False,2,True,1,False
1284,raw_prediction,True,12381800.0,solved,1,4250,7.058106081433566e-14,0.0017041205024194,1158.568665325883,1.3015413399819488e-14,0.0,2.678664547603996e-17,0.0,3.897909467934867e-14,1.1933051137443104e-18,False,2,True,1,False
1284,mechanistic_target,True,,solved,1,11250,7.058106081433566e-14,0.0017041205024194,1158.568665325883,9.879292968336356e-13,0.0,0.0,0.0,8.831497397291825e-15,0.0,False,0,True,1,False
1285,raw_prediction,True,97645600.0,solved,1,39150,9.656153727728009e-14,0.0005607218919095,4817.154297707112,2.2820504166909394e-14,0.0,9.011591688589987e-17,0.0,1.62703242973372e-13,1.257800223216884e-18,False,3,True,1,False
1285,mechanistic_target,True,,solved,1,37075,9.656153727728009e-14,0.0005607218919095,4817.154297707112,9.061654994543708e-15,0.0,0.0,0.0,1.972165040317547e-14,2.9930068589258725e-21,False,3,True,1,False
1286,raw_prediction,True,7895400.0,solved,1,1725,8.429034442858384e-14,0.0015333361677097,1537.709676138441,1.4443307660982896e-14,4.191707126046781e-15,6.6526118229479735e-15,0.0,5.269830682195919e-14,1.025414548896264e-14,False,27,True,1,False
1286,mechanistic_target,True,,solved,1,3200,8.429034442858384e-14,0.0015333361677097,1537.709676138441,6.940307837900073e-13,0.0,0.0,0.0,4.9329617555013316e-14,0.0,False,0,True,1,False
1287,raw_prediction,True,9731300.0,solved,1,2950,7.028403751866206e-14,0.002109025388645,932.199343091401,9.443834603217738e-15,0.0,1.857442054258737e-16,0.0,1.6181523751466343e-14,5.896449111289397e-15,False,17,True,1,False
1287,mechanistic_target,True,,solved,1,9200,7.028403751866206e-14,0.002109025388645,932.199343091401,2.709265356893856e-13,0.0,1.8675381000294413e-14,0.0,3.4716279411821897e-15,3.7919871801789705e-18,False,1,True,1,False
1288,raw_prediction,True,20629300.0,solved,1,7375,6.715227100266245e-14,0.0014093366745306,1332.8456211033897,7.019764112751658e-15,0.0,1.4725911310773106e-14,0.0,4.6890365787327726e-14,3.363731797459588e-15,False,8,True,1,False
1288,mechanistic_target,True,,solved,1,5075,6.715227100266245e-14,0.0014093366745306,1332.8456211033897,3.782239262141476e-14,0.0,0.0,0.0,7.857858613633293e-15,0.0,False,0,True,1,False
1289,raw_prediction,True,6094000.0,solved,1,1575,6.366223901528981e-14,0.0028612889084026,622.377804026092,6.6960326172704746e-15,0.0,7.520149414041261e-15,0.0,4.974416527140296e-14,2.262414896943852e-16,False,6,True,1,False
1289,mechanistic_target,True,,solved,1,4450,6.366223901528981e-14,0.0028612889084026,622.377804026092,6.356065321883384e-13,0.0,0.0,0.0,9.01631899993538e-15,0.0,False,0,True,1,False
1290,raw_prediction,True,9904900.0,solved,1,3125,6.014563939874755e-14,0.0040314028532612,417.332152959788,1.9855701611715302e-14,0.0,0.0,0.0,6.056997606082159e-15,0.0,False,0,True,1,False
1290,mechanistic_target,True,,solved,1,1900,6.014563939874755e-14,0.0040314028532612,417.332152959788,1.0174520186276777e-12,0.0,0.0,0.0,1.2518958598971383e-14,6.993152838420731e-20,False,3,True,1,False
1291,raw_prediction,True,15637200.0,solved,1,5700,7.2335941664932e-14,0.002335277029615,866.4622186835658,6.79751394061512e-13,0.0,8.160997988366842e-15,0.0,1.7689644489574388e-14,2.5106733155610962e-14,False,7,True,1,False
1291,mechanistic_target,True,,solved,1,4750,7.2335941664932e-14,0.002335277029615,866.4622186835658,3.797236387359926e-12,0.0,5.682853381880751e-16,0.0,5.350264045776433e-16,2.8731454213013335e-19,False,1,True,1,False
1292,raw_prediction,True,97698100.0,solved,1,33350,6.90309494108825e-14,0.0006198282235536,3115.346785203816,1.315961228876006e-14,0.0,0.0,0.0,1.0539466097825223e-13,0.0,False,0,True,1,False
1292,mechanistic_target,True,,solved,1,27575,6.90309494108825e-14,0.0006198282235536,3115.346785203816,3.853135280423407e-14,0.0,1.7278222145653589e-15,0.0,2.0907750273580047e-13,4.447652308742243e-16,False,5,True,1,False
1293,raw_prediction,True,5383200.0,solved,1,850,6.359106265415111e-14,0.0033133932073312,536.8550013337881,1.2701919403287834e-14,0.0,6.537040140943372e-16,0.0,3.627388261035164e-14,1.6992524458465958e-15,False,16,True,1,False
1293,mechanistic_target,True,,solved,1,3275,6.359106265415111e-14,0.0033133932073312,536.8550013337881,5.193643334612349e-13,0.0,0.0,0.0,7.832580953825181e-15,0.0,False,0,True,1,False
1294,raw_prediction,True,3829800.0,solved,1,275,5.708198677454985e-14,0.0055715406997768,286.58778226808425,1.4018218483308122e-14,4.962177305240889e-15,1.0238192560306613e-13,0.0,1.8033585064279707e-14,1.1182306628689805e-13,False,22,True,1,False
1294,mechanistic_target,True,,solved,1,875,5.708198677454985e-14,0.0055715406997768,286.58778226808425,5.288042410570176e-15,0.0,0.0,0.0,2.8394260165889604e-17,0.0,False,0,True,1,False
1295,raw_prediction,True,19713700.0,solved,1,7475,7.602679788755276e-14,0.0012748447240717,1668.1815233930697,1.749989042565403e-14,4.77002759989394e-17,4.126029848871038e-16,0.0,7.478646348234517e-13,2.306545364742823e-16,False,14,True,1,False
1295,mechanistic_target,True,,solved,1,5975,7.602679788755276e-14,0.0012748447240717,1668.1815233930697,7.430128496033977e-14,0.0,6.274526792117736e-15,0.0,1.3438193133061233e-14,3.246032552122484e-17,False,2,True,1,False
1296,raw_prediction,True,40507700.0,solved,1,16050,6.063767229907938e-14,0.0011994554343419,1414.13966442106,1.3538205285611661e-14,0.0,1.7505096963788355e-14,0.0,9.449234033000209e-14,3.470897027053187e-15,False,7,True,1,False
1296,mechanistic_target,True,,solved,1,8100,6.063767229907938e-14,0.0011994554343419,1414.13966442106,1.0103291223678731e-14,0.0,0.0,0.0,1.4593374246897016e-14,0.0,False,0,True,1,False
1297,raw_prediction,True,32690400.0,solved,1,12400,9.888652566153649e-14,0.0009503601594407,2910.601810560826,1.8093802474828135e-14,1.156746477251113e-15,4.677643659763158e-15,0.0,7.948534523044348e-14,2.2153022994833327e-15,False,18,True,1,False
1297,mechanistic_target,True,,solved,1,10125,9.888652566153649e-14,0.0009503601594407,2910.601810560826,7.655831867511442e-14,0.0,2.5909958639422405e-15,0.0,1.0365026924478327e-14,4.375331787360962e-18,False,1,True,1,False
1298,raw_prediction,True,13327200.0,solved,1,4450,7.950948746845898e-14,0.0016275586695565,1366.520652437213,3.3209546224099995e-14,0.0,7.122763592162158e-14,0.0,2.7207808553830794e-14,1.6024075802251992e-14,False,9,True,1,False
1298,mechanistic_target,True,,solved,1,2875,7.950948746845898e-14,0.0016275586695565,1366.520652437213,6.677250481495218e-13,0.0,0.0,0.0,4.5314727046656616e-14,0.0,False,0,True,1,False
1299,raw_prediction,True,13417400.0,solved,1,3875,7.037588503196202e-14,0.001683568947944,1169.3024537566234,8.833211939673902e-15,1.4212728079507496e-16,1.959019845911257e-16,0.0,5.715898707396238e-14,9.063475323431432e-17,False,19,True,1,False
1299,mechanistic_target,True,,solved,1,15375,7.037588503196202e-14,0.001683568947944,1169.3024537566234,8.538507750958753e-14,0.0,5.732808944502282e-15,0.0,2.3950730049798822e-14,7.259743730319928e-18,False,1,True,1,False
1300,raw_prediction,True,10492000.0,solved,1,3100,6.944446583816793e-14,0.0016869716410806,1151.499512060028,9.332812300755222e-15,4.6886903863912485e-16,8.236670577588649e-15,0.0,6.007163435723542e-14,4.870662992507369e-15,False,21,True,1,False
1300,mechanistic_target,True,,solved,1,14525,6.944446583816793e-14,0.0016869716410806,1151.499512060028,2.612848810535753e-13,0.0,1.7607050275473164e-14,0.0,6.327322825157327e-14,1.6085195648468417e-17,False,1,True,1,False
1301,raw_prediction,True,6160000.0,solved,1,950,6.013827449103383e-14,0.0027242294075308,617.5060042401199,1.1522210782332348e-14,0.0,1.8564398274685036e-14,0.0,8.135943121254315e-14,7.169108739552117e-15,False,18,True,1,False
1301,mechanistic_target,True,,solved,1,4500,6.013827449103383e-14,0.0027242294075308,617.5060042401199,7.677028138819867e-13,0.0,0.0,0.0,7.1012001996649616e-15,0.0,False,0,True,1,False
1302,raw_prediction,True,7803800.0,solved,1,1275,5.83780508450604e-14,0.0028875228411443,565.5331415173519,2.8082470512205936e-14,2.306027358025928e-15,3.1899818987086602e-15,0.0,7.07041219596565e-14,6.959426548194256e-16,False,12,True,1,False
1302,mechanistic_target,True,,solved,1,3325,5.83780508450604e-14,0.0028875228411443,565.5331415173519,1.1541439424101074e-12,0.0,0.0,0.0,7.549660656391122e-15,1.0715655707302325e-17,False,3,True,1,False
1303,raw_prediction,True,20889700.0,solved,1,7825,8.231581892173675e-14,0.0009178986938593,2508.548197998797,6.6685715364139006e-15,1.0219682393604334e-15,5.2888672850078215e-15,0.0,8.969788961282126e-14,1.851662144224388e-15,False,23,True,1,False
1303,mechanistic_target,True,,solved,1,10500,8.231581892173675e-14,0.0009178986938593,2508.548197998797,1.367341688180245e-13,0.0,0.0,0.0,6.729085518075201e-15,0.0,False,0,True,1,False
1304,raw_prediction,True,12605700.0,solved,1,3100,8.984737608928673e-14,0.0017825564781429,1409.9249572885662,5.410886237805266e-15,3.12364352138103e-17,1.1779759675128417e-15,0.0,8.345022799563713e-14,1.5237910652473214e-16,False,13,True,1,False
1304,mechanistic_target,True,,solved,1,2400,8.984737608928673e-14,0.0017825564781429,1409.9249572885662,7.2916557082134e-11,0.0,0.0,0.0,1.4018199433628294e-14,0.0,False,0,True,1,False
1305,raw_prediction,True,21279100.0,solved,1,6275,8.467863904340773e-14,0.0012452370351471,1902.198080800244,5.5674215237999653e-14,2.3092787647831032e-15,2.72472743181204e-14,0.0,3.7522255015261175e-14,1.500006890113516e-14,False,19,True,1,False
1305,mechanistic_target,True,,solved,1,5475,8.467863904340773e-14,0.0012452370351471,1902.198080800244,2.3380912393777124e-13,0.0,0.0,0.0,4.2418463726612096e-14,0.0,False,0,True,1,False
1306,raw_prediction,True,5344900.0,solved,1,1075,5.81208964218232e-14,0.0028844973570995,563.6325386539826,2.2912227670701668e-14,1.9344890644174617e-14,2.5737973610093805e-14,0.0,3.4155338680147886e-14,1.4162719516044556e-14,False,26,True,1,False
1306,mechanistic_target,True,,solved,1,5500,5.81208964218232e-14,0.0028844973570995,563.6325386539826,8.85547712195162e-14,0.0,0.0,0.0,1.299283564880061e-15,0.0,False,0,True,1,False
1307,raw_prediction,True,11738200.0,solved,1,3150,6.765487134779487e-14,0.0016282383938075,1162.2912807761186,1.1740568157003068e-14,1.202320120035048e-15,5.245974713107056e-15,0.0,2.6976598076533584e-14,1.0689505792401984e-15,False,19,True,1,False
1307,mechanistic_target,True,,solved,1,18200,6.765487134779487e-14,0.0016282383938075,1162.2912807761186,3.373661210670619e-14,0.0,0.0,0.0,5.7379102419502134e-15,3.1182790681193696e-20,False,3,True,1,False
1308,raw_prediction,True,13917200.0,solved,1,4700,6.934935420945473e-14,0.0033801261585144,573.9094946551321,2.282896094385478e-14,0.0,2.284972138680841e-16,0.0,7.129142467479561e-15,3.536128640348593e-16,False,7,True,1,False
1308,mechanistic_target,True,,solved,1,3225,6.934935420945473e-14,0.0033801261585144,573.9094946551321,3.568741256890732e-12,0.0,0.0,0.0,5.244067827410828e-16,0.0,False,0,True,1,False
1309,raw_prediction,True,12667000.0,solved,1,2975,7.033690703690814e-14,0.0017714369423155,1110.686435608305,1.60701613366885e-14,2.789205623078074e-15,2.6345673950529168e-14,0.0,7.754665305831296e-14,7.290605001514311e-15,False,26,True,1,False
1309,mechanistic_target,True,,solved,1,14625,7.033690703690814e-14,0.0017714369423155,1110.686435608305,6.90965795146476e-14,0.0,4.717209091337096e-15,0.0,2.2798441656692383e-14,8.919663733631511e-18,False,1,True,1,False
1310,raw_prediction,True,233626300.0,solved inaccurate,2,100000,6.122391690715373e-14,0.0011982375037812,1429.262834856566,4.328837899122055e-14,1.6837421545397038e-17,8.929920787160147e-16,0.0,3.394316543295832e-13,3.0596818965655387e-16,False,13,True,1,False
1310,mechanistic_target,True,,solved,1,6800,6.122391690715373e-14,0.0011982375037812,1429.262834856566,2.8865451941727646e-14,0.0,5.838847483703626e-15,0.0,1.3591564749306217e-13,7.984899640764571e-15,False,2,True,1,False
1311,raw_prediction,True,230477200.0,maximum iterations reached,7,100000,8.49837378675107e-14,0.0005712962562471,4161.10188132281,4.7784434041691005e-14,0.0,5.050094748356385e-15,0.0,5.937337757520238e-13,4.2126566949841254e-16,False,17,True,1,False
1311,mechanistic_target,True,,solved,1,37175,8.49837378675107e-14,0.0005712962562471,4161.10188132281,6.312682914819569e-15,0.0,4.4523178316164945e-18,0.0,6.687191346726959e-14,5.5205561739430885e-21,False,3,True,1,False
1312,raw_prediction,True,12806300.0,solved,1,4300,6.323176181378379e-14,0.0015953295931984,1108.7120297807137,7.422562035106974e-15,0.0,0.0,0.0,9.70351918218082e-14,7.508938758243074e-17,False,3,True,1,False
1312,mechanistic_target,True,,solved,1,3600,6.323176181378379e-14,0.0015953295931984,1108.7120297807137,9.073457445645644e-14,0.0,0.0,0.0,1.7579686499356598e-14,0.0,False,0,True,1,False
1313,raw_prediction,True,12182500.0,solved,1,4175,6.538080475068876e-14,0.0017041414148823,1073.1947249939894,1.2816137040516652e-14,6.441998521525322e-16,1.251181603650777e-15,0.0,4.542284632329164e-14,4.714770012909665e-16,False,11,True,1,False
1313,mechanistic_target,True,,solved,1,3400,6.538080475068876e-14,0.0017041414148823,1073.1947249939894,1.5762883442406224e-13,0.0,0.0,0.0,3.3396286217441205e-14,0.0,False,0,True,1,False
1314,raw_prediction,True,7521900.0,solved,1,2075,8.626595342813109e-14,0.0011943306928179,2020.452904700039,8.016621715428932e-15,7.826082725497448e-16,6.373415571060746e-16,0.0,2.6185019180086343e-14,1.3471424334930402e-16,False,7,True,1,False
1314,mechanistic_target,True,,solved,1,6225,8.626595342813109e-14,0.0011943306928179,2020.452904700039,1.1683064503152346e-13,0.0,4.983965265597169e-15,0.0,1.6363270436514643e-14,6.521187729944919e-18,False,1,True,1,False
1315,raw_prediction,True,42668100.0,solved,1,17875,9.688226188627561e-14,0.0008252499295636,3283.920782675062,1.5683634946306313e-14,0.0,2.7475323704065174e-17,0.0,1.4949066420127336e-13,4.2657781927192737e-17,False,3,True,1,False
1315,mechanistic_target,True,,solved,1,13150,9.688226188627561e-14,0.0008252499295636,3283.920782675062,1.1088588851790825e-13,0.0,0.0,0.0,1.0119269988727668e-14,0.0,False,0,True,1,False
1316,raw_prediction,True,225190300.0,solved inaccurate,2,100000,9.601299251850381e-14,0.0009001831103267,2983.548102524125,8.023096076392734e-14,1.0269631297710495e-15,1.711916206256542e-15,0.0,2.373974846399209e-13,9.586360628094394e-18,False,14,True,1,False
1316,mechanistic_target,True,,solved,1,10325,9.601299251850381e-14,0.0009001831103267,2983.548102524125,2.097301038497026e-13,0.0,0.0,0.0,1.908979991258409e-14,0.0,False,0,True,1,False
1317,raw_prediction,True,228314400.0,solved inaccurate,2,100000,9.327765967398596e-14,0.0007045803736911,3703.232660587348,2.6271971621885434e-14,0.0,0.0,0.0,2.353834295141794e-13,3.9626922132785226e-18,False,1,True,1,False
1317,mechanistic_target,True,,solved,1,21675,9.327765967398596e-14,0.0007045803736911,3703.232660587348,1.8004892300114336e-14,0.0,0.0,0.0,1.3860738759319868e-14,8.447821170437665e-21,False,3,True,1,False
1318,raw_prediction,True,22836900.0,solved,1,8125,6.535841286517606e-14,0.0027469041610737,665.5671654705798,1.4264785852174854e-14,0.0,0.0,0.0,3.1642649386923066e-14,6.692948619774524e-17,False,6,True,1,False
1318,mechanistic_target,True,,solved,1,5400,6.535841286517606e-14,0.0027469041610737,665.5671654705798,2.861799555368604e-13,0.0,4.2009852855673426e-14,0.0,4.53730084890015e-15,5.3876954768790926e-17,False,1,True,1,False
1319,raw_prediction,True,23686600.0,solved,1,7950,8.316815399564129e-14,0.0014633140007142,1589.8400478352376,1.151680124226302e-14,2.346950411391985e-16,0.0,0.0,5.427772441054957e-14,1.1202293085577261e-16,False,4,True,1,False
1319,mechanistic_target,True,,solved,1,3200,8.316815399564129e-14,0.0014633140007142,1589.8400478352376,4.494890461332344e-11,0.0,0.0,0.0,4.932831195794368e-15,0.0,False,0,True,1,False
1320,raw_prediction,True,13115600.0,solved,1,4175,5.741502456963233e-14,0.0013457024114933,1193.4670214498783,1.4543691455753955e-14,0.0,4.860364115222657e-15,0.0,3.3800900450308923e-14,2.870742937759944e-16,False,8,True,1,False
1320,mechanistic_target,True,,solved,1,5700,5.741502456963233e-14,0.0013457024114933,1193.4670214498783,1.7281615382803554e-14,0.0,0.0,0.0,1.0298873879526155e-14,8.043219133829956e-20,False,3,True,1,False
1321,raw_prediction,True,17233000.0,solved,1,5950,6.42895871799727e-14,0.0011471573956774,1567.6587332413749,1.5450965160090924e-14,1.43688863189088e-15,1.818930200891308e-15,0.0,9.862018296502661e-14,1.8566450344772144e-15,False,17,True,1,False
1321,mechanistic_target,True,,solved,1,8375,6.42895871799727e-14,0.0011471573956774,1567.6587332413749,1.7097767623534907e-14,0.0,0.0,0.0,9.722881313827956e-15,0.0,False,0,True,1,False
1322,raw_prediction,True,7421900.0,solved,1,1350,6.138017208332838e-14,0.0026728751080511,642.3671650641332,9.900364739167111e-15,7.663345401263347e-17,2.451390052853764e-16,0.0,4.993749886921027e-14,4.749120966776873e-17,False,13,True,1,False
1322,mechanistic_target,True,,solved,1,3550,6.138017208332838e-14,0.0026728751080511,642.3671650641332,1.024416381356524e-12,0.0,0.0,0.0,1.4550162095957058e-16,0.0,False,0,True,1,False
1323,raw_prediction,True,25408800.0,solved,1,10000,5.747411762011153e-14,0.0022145704675429,725.9667112322215,7.022160630754115e-14,0.0,0.0,0.0,4.844313364934172e-15,4.465665071995435e-16,False,3,True,1,False
1323,mechanistic_target,True,,solved,1,9800,5.747411762011153e-14,0.0022145704675429,725.9667112322215,4.8619298148456616e-14,0.0,0.0,0.0,4.532292932087607e-15,0.0,False,0,True,1,False
1324,raw_prediction,True,6072200.0,solved,1,1250,5.776998670052072e-14,0.0024400656441677,662.2693494662007,1.240327285323417e-14,0.0,2.7475323704065174e-17,0.0,4.1507030617298637e-14,4.3384150656006014e-16,False,14,True,1,False
1324,mechanistic_target,True,,solved,1,6875,5.776998670052072e-14,0.0024400656441677,662.2693494662007,2.2416820027674605e-13,0.0,0.0,0.0,1.041566822242526e-15,0.0,False,0,True,1,False
1325,raw_prediction,True,12734900.0,solved,1,2875,7.367178489457778e-14,0.0020065529404518,1027.0331644867554,1.602885738236909e-14,3.219418385644276e-15,4.703178440403794e-15,0.0,8.836113197569449e-14,7.958845514520399e-16,False,25,True,1,False
1325,mechanistic_target,True,,solved,1,6950,7.367178489457778e-14,0.0020065529404518,1027.0331644867554,9.734871772729909e-13,0.0,0.0,0.0,5.971967639850394e-15,0.0,False,0,True,1,False
1326,raw_prediction,True,17493800.0,solved,1,6200,6.506495665019475e-14,0.001238250199081,1469.8487141265991,1.069431002087562e-13,0.0,2.1932915611616302e-14,0.0,1.838859434098937e-14,6.462487723968065e-15,False,11,True,1,False
1326,mechanistic_target,True,,solved,1,7300,6.506495665019475e-14,0.001238250199081,1469.8487141265991,1.1593313778183046e-14,0.0,0.0,0.0,1.2725392092685232e-14,1.2440645115905929e-21,False,3,True,1,False
1327,raw_prediction,True,8219600.0,solved,1,1950,7.150019799573298e-14,0.0016658835051404,1200.5949572978857,1.2084712261314347e-14,0.0,4.019850020108964e-15,0.0,4.4490180437010944e-14,8.300466723283993e-16,False,24,True,1,False
1327,mechanistic_target,True,,solved,1,13475,7.150019799573298e-14,0.0016658835051404,1200.5949572978857,4.560965459091386e-13,0.0,0.0,0.0,1.0796542024231932e-13,0.0,False,0,True,1,False
1328,raw_prediction,True,4523100.0,solved,1,800,5.885189975509299e-14,0.0032717045223807,503.1764545881596,5.715383083088237e-15,0.0,9.399443818694824e-17,0.0,2.7552227547834215e-14,5.78295154545453e-16,False,8,True,1,False
1328,mechanistic_target,True,,solved,1,2125,5.885189975509299e-14,0.0032717045223807,503.1764545881596,3.2179786857215894e-14,0.0,0.0,0.0,3.985816732304925e-18,0.0,False,0,True,1,False
1329,raw_prediction,True,8941100.0,solved,1,2300,6.704998154730773e-14,0.0017538066200453,1069.4262895615452,1.0274926413760852e-14,2.832207655942653e-15,4.249397279668486e-15,0.0,4.544892902506921e-14,2.0293977117538897e-15,False,22,True,1,False
1329,mechanistic_target,True,,solved,1,16125,6.704998154730773e-14,0.0017538066200453,1069.4262895615452,3.1748399328436806e-14,0.0,0.0,0.0,2.207502327137434e-15,0.0,False,0,True,1,False
1330,raw_prediction,True,7669100.0,solved,1,1675,7.024638119214403e-14,0.001867668390581,1052.1025808593158,1.5995885171982138e-14,1.1641768208705665e-15,1.113863896481102e-14,0.0,2.1370194154266412e-14,2.4184924565304544e-15,False,25,True,1,False
1330,mechanistic_target,True,,solved,1,9825,7.024638119214403e-14,0.001867668390581,1052.1025808593158,9.816927752213597e-13,0.0,0.0,0.0,1.3089268234859756e-14,0.0,False,0,True,1,False
1331,raw_prediction,True,6293400.0,solved,1,675,5.85404573339907e-14,0.0032346913332088,506.24082416141295,1.2143106913500796e-14,2.5042959509418605e-15,2.4616099759503622e-14,0.0,2.4923462901040502e-14,1.3365509370572142e-14,False,27,True,1,False
1331,mechanistic_target,True,,solved,1,3550,5.85404573339907e-14,0.0032346913332088,506.24082416141295,5.963656879447686e-13,0.0,1.0570401146548913e-13,0.0,5.7645030761288536e-15,1.006936337836372e-16,False,1,True,1,False
1332,raw_prediction,True,22291400.0,solved,1,7850,7.752127838848718e-14,0.0011634459097732,1863.839997457309,2.5552476801138372e-14,0.0,9.617006516291627e-16,0.0,2.4390783165224583e-14,1.0394301223528363e-16,False,18,True,1,False
1332,mechanistic_target,True,,solved,1,7275,7.752127838848718e-14,0.0011634459097732,1863.839997457309,5.100209342056923e-14,0.0,0.0,0.0,4.896474922990792e-15,9.283229638550194e-20,False,3,True,1,False
1333,raw_prediction,True,5222000.0,solved,1,1000,6.008826263269133e-14,0.0030558465018589,550.0371337111274,2.817248906721223e-14,4.5705238915214063e-14,6.45085228405529e-14,0.0,3.67795361258922e-14,3.7796341626268124e-14,False,18,True,1,False
1333,mechanistic_target,True,,solved,1,3550,6.008826263269133e-14,0.0030558465018589,550.0371337111274,5.635818259139129e-13,0.0,0.0,0.0,5.275620034215784e-15,0.0,False,0,True,1,False
1334,raw_prediction,True,229828600.0,maximum iterations reached,7,100000,7.450154115817064e-14,0.0007739882892503,2692.5561303421086,1.6684982388770478e-13,0.0,6.268933348584339e-17,0.0,5.07874184909385e-13,1.9681345255291275e-15,False,11,True,1,False
1334,mechanistic_target,True,,solved,1,16675,7.450154115817064e-14,0.0007739882892503,2692.5561303421086,2.4384329165690937e-14,0.0,0.0,0.0,1.0723168280667586e-14,7.285271664998595e-22,False,3,True,1,False
1335,raw_prediction,True,11784700.0,solved,1,4000,8.103891109981896e-14,0.0016283566465258,1392.1241394286246,7.446473992978042e-14,0.0,3.434415463008147e-17,0.0,2.6216674756337625e-14,1.9053937950324526e-16,False,4,True,1,False
1335,mechanistic_target,True,,solved,1,3300,8.103891109981896e-14,0.0016283566465258,1392.1241394286246,3.866000359570882e-13,0.0,2.9134133096918926e-14,0.0,4.930749997012835e-14,2.154344653504858e-17,False,1,True,1,False
1336,raw_prediction,True,23239000.0,solved,1,8100,8.39354262032717e-14,0.0009955811929368,2358.318807806612,2.2919166564605572e-14,0.0,1.0082407680113012e-14,0.0,1.3521186023808926e-13,1.1397655573122742e-15,False,9,True,1,False
1336,mechanistic_target,True,,solved,1,6800,8.39354262032717e-14,0.0009955811929368,2358.318807806612,9.04460831844848e-13,0.0,1.8696736074304733e-14,0.0,1.312162090281549e-13,5.33075437053345e-18,False,1,True,1,False
1337,raw_prediction,True,37272700.0,solved,1,15125,6.725939361980772e-14,0.00088177996105,2133.666905432381,7.366378665814287e-15,0.0,0.0,0.0,5.610307412165115e-14,0.0,False,0,True,1,False
1337,mechanistic_target,True,,solved,1,14675,6.725939361980772e-14,0.00088177996105,2133.666905432381,1.035164754993699e-14,0.0,0.0,0.0,1.9252431169807394e-14,0.0,False,0,True,1,False
1338,raw_prediction,True,10964100.0,solved,1,3425,6.482719883331382e-14,0.0018409188782675,985.045980950366,9.492715762339896e-15,3.8192731708797644e-16,0.0,0.0,3.703225993059727e-14,1.0174868646209021e-15,False,3,True,1,False
1338,mechanistic_target,True,,solved,1,11975,6.482719883331382e-14,0.0018409188782675,985.045980950366,3.814712216859941e-13,0.0,0.0,0.0,2.8800756374948725e-15,0.0,False,0,True,1,False
1339,raw_prediction,True,15567900.0,solved,1,5300,8.665881098400302e-14,0.0015239585764001,1590.6457230470028,1.6750489884032052e-14,0.0,5.015146678867471e-16,0.0,4.144651475983312e-14,9.326338913683095e-17,False,5,True,1,False
1339,mechanistic_target,True,,solved,1,3275,8.665881098400302e-14,0.0015239585764001,1590.6457230470028,1.5056968469414567e-10,0.0,0.0,0.0,2.0157359002770203e-14,0.0,False,0,True,1,False
1340,raw_prediction,True,5294100.0,solved,1,250,5.806632242149163e-14,0.00639094746674,254.1516725268363,1.7830845546792188e-14,1.152968817222761e-13,1.640250521592419e-13,0.0,2.1961832889368373e-14,2.0421720982306218e-13,False,28,True,1,False
1340,mechanistic_target,True,,solved,1,625,5.806632242149163e-14,0.00639094746674,254.1516725268363,1.6034727396654633e-15,0.0,0.0,0.0,9.950206666608724e-17,0.0,False,0,True,1,False
1341,raw_prediction,True,10887100.0,solved,1,3500,6.087732370660606e-14,0.0038718808111915,439.8124006975698,1.4829513830079942e-14,0.0,0.0,0.0,1.3760542444694503e-14,4.579123744660905e-16,False,3,True,1,False
1341,mechanistic_target,True,,solved,1,2050,6.087732370660606e-14,0.0038718808111915,439.8124006975698,3.081753370725003e-13,0.0,0.0,0.0,1.4507900310934135e-16,0.0,False,0,True,1,False
1342,raw_prediction,True,9262200.0,solved,1,2325,5.788309306092671e-14,0.0020150362343305,803.5312447271262,8.99495295837569e-15,6.758052405929439e-16,1.0842277551994176e-15,0.0,4.7707812303176224e-14,8.470628637121186e-16,False,22,True,1,False
1342,mechanistic_target,True,,solved,1,10150,5.788309306092671e-14,0.0020150362343305,803.5312447271262,3.461755232239033e-13,0.0,2.6423594877651144e-14,0.0,1.7814393038453255e-15,2.4817878310565632e-17,False,1,True,1,False
1343,raw_prediction,True,147802800.0,solved,1,65075,8.71410349586607e-14,0.0006416183868299,3799.0920040143055,7.087733178146038e-14,0.0,8.249528454199109e-15,0.0,4.89008470936916e-13,2.7805164128604557e-16,False,1,True,1,False
1343,mechanistic_target,True,,solved,1,18325,8.71410349586607e-14,0.0006416183868299,3799.0920040143055,6.37338539641382e-14,0.0,4.940866093882688e-15,0.0,8.079586531065135e-13,2.404396414067185e-13,False,5,True,1,False
1344,raw_prediction,True,21914000.0,solved,1,7850,6.844290933118184e-14,0.0008583141068742,2230.5713002770403,1.3468393067483932e-14,0.0,2.6475012570820657e-15,0.0,1.849383637243657e-13,8.178302148837212e-16,False,18,True,1,False
1344,mechanistic_target,True,,solved,1,14600,6.844290933118184e-14,0.0008583141068742,2230.5713002770403,2.2778136193407827e-14,0.0,0.0,0.0,6.465723273724989e-15,2.9138334484464107e-21,False,3,True,1,False
1345,raw_prediction,True,5731500.0,solved,1,850,5.708629103247015e-14,0.0029115363406891,548.4581704267263,9.834531275767666e-15,9.437777930295991e-15,1.226916114887946e-14,0.0,5.2449928050267984e-14,1.4814034783326946e-14,False,34,True,1,False
1345,mechanistic_target,True,,solved,1,5025,5.708629103247015e-14,0.0029115363406891,548.4581704267263,1.713940364945604e-13,0.0,0.0,0.0,1.046397253828762e-15,0.0,False,0,True,1,False
1346,raw_prediction,True,13669100.0,solved,1,4250,6.223531379176395e-14,0.0013812440507399,1260.376687466105,5.310019455904056e-15,7.064628471562818e-15,5.570450496941109e-16,0.0,8.347003614903857e-14,4.4411943818581326e-15,False,19,True,1,False
1346,mechanistic_target,True,,solved,1,23500,6.223531379176395e-14,0.0013812440507399,1260.376687466105,2.0830057714401555e-14,0.0,0.0,0.0,4.480578485794826e-15,0.0,False,0,True,1,False
1347,raw_prediction,True,7294400.0,solved,1,1125,8.719988973573638e-14,0.0018809941780494,1296.768292356941,9.063435428592656e-15,7.30846167065917e-15,9.760799313997438e-15,0.0,9.615749557252363e-14,6.254303420518689e-15,False,23,True,1,False
1347,mechanistic_target,True,,solved,1,2000,8.719988973573638e-14,0.0018809941780494,1296.768292356941,3.2859513863187426e-12,0.0,0.0,0.0,6.1546868142376255e-16,0.0,False,0,True,1,False
1348,raw_prediction,True,19442900.0,solved,1,6125,6.330873773694663e-14,0.0014936147376414,1185.6567083834252,3.362563653345665e-14,1.547724972248632e-16,9.315282200844305e-16,0.0,2.426700920469618e-13,1.1420834252574215e-16,False,17,True,1,False
1348,mechanistic_target,True,,solved,1,19875,6.330873773694663e-14,0.0014936147376414,1185.6567083834252,4.7152481172514705e-14,0.0,0.0,0.0,7.830101733121367e-15,0.0,False,0,True,1,False
1349,raw_prediction,True,5900000.0,solved,1,1325,6.066724199566109e-14,0.0023325063541727,727.5541375020731,9.7806493152385e-15,1.292199502743166e-15,1.2921990610095723e-14,0.0,3.9979169087859486e-14,1.3375114359381052e-14,False,20,True,1,False
1349,mechanistic_target,True,,solved,1,6900,6.066724199566109e-14,0.0023325063541727,727.5541375020731,6.184629612473689e-13,0.0,0.0,0.0,5.258593218115489e-15,0.0,False,0,True,1,False
1350,raw_prediction,True,6717000.0,solved,1,1050,6.319851061513503e-14,0.0025475783061455,693.9260639890643,1.3127519904454488e-14,1.900740734196456e-15,2.211648392881768e-14,0.0,2.3007552716727944e-14,6.057087437188147e-15,False,18,True,1,False
1350,mechanistic_target,True,,solved,1,6250,6.319851061513503e-14,0.0025475783061455,693.9260639890643,2.867018372373527e-13,0.0,4.140450897920074e-14,0.0,3.4615814026173765e-15,5.307372414473119e-17,False,1,True,1,False
1351,raw_prediction,True,10899800.0,solved,1,3175,6.614156746757251e-14,0.0019743954545433,937.0747567916573,1.1618107423781479e-14,1.3033185510413097e-15,1.3107616800150997e-15,0.0,5.21614791347883e-14,4.288347100122323e-16,False,11,True,1,False
1351,mechanistic_target,True,,solved,1,9675,6.614156746757251e-14,0.0019743954545433,937.0747567916573,5.733909150519398e-13,0.0,0.0,0.0,5.3423726143765526e-15,0.0,False,0,True,1,False
1352,raw_prediction,True,13246500.0,solved,1,4850,6.099161338223507e-14,0.0033471714354898,509.7134147070868,8.930356454328603e-15,0.0,1.068396484035999e-16,0.0,2.1632474209055206e-14,8.412082269751829e-18,False,1,True,1,False
1352,mechanistic_target,True,,solved,1,2950,6.099161338223507e-14,0.0033471714354898,509.7134147070868,7.0277515904757e-13,0.0,0.0,0.0,7.91756739851643e-15,9.641101065056537e-19,False,3,True,1,False
1353,raw_prediction,True,7524200.0,solved,1,1550,6.577622241448299e-14,0.0019233729388554,956.6197106922234,9.107298248878236e-15,7.004158424654936e-16,4.984493107469322e-15,0.0,3.658799105923288e-14,3.119282645828481e-15,False,26,True,1,False
1353,mechanistic_target,True,,solved,1,11175,6.577622241448299e-14,0.0019233729388554,956.6197106922234,2.6527506030289493e-13,0.0,0.0,0.0,2.927286837395808e-15,0.0,False,0,True,1,False
1354,raw_prediction,True,7873900.0,solved,1,2150,9.204358933260319e-14,0.0015068820376141,1708.6306340089404,2.7075564013046002e-14,0.0,2.6896451043638163e-14,0.0,7.006908490143085e-14,2.49911367021444e-14,False,26,True,1,False
1354,mechanistic_target,True,,solved,1,3300,9.204358933260319e-14,0.0015068820376141,1708.6306340089404,9.225984216660132e-13,0.0,0.0,0.0,1.400621472061454e-13,0.0,False,0,True,1,False
1355,raw_prediction,True,13861900.0,solved,1,4300,8.892108659916295e-14,0.0012256030326514,2029.4989578258687,1.4650607116362124e-14,0.0,1.3054195882299562e-14,0.0,1.0767542922625751e-13,4.886758771481882e-15,False,21,True,1,False
1355,mechanistic_target,True,,solved,1,4125,8.892108659916295e-14,0.0012256030326514,2029.4989578258687,9.77310485648564e-13,0.0,0.0,0.0,1.640516228497163e-13,0.0,False,0,True,1,False
1356,raw_prediction,True,54553000.0,solved,1,22450,9.229427780275273e-14,0.0007845647160162,3290.636430714153,1.7225561023577702e-14,1.1828244517682791e-14,1.7436641236130465e-14,0.0,1.4670474260829222e-13,6.5956289874968075e-15,False,20,True,1,False
1356,mechanistic_target,True,,solved,1,10950,9.229427780275273e-14,0.0007845647160162,3290.636430714153,7.914285566719026e-13,0.0,0.0,0.0,5.352662513494343e-14,0.0,False,0,True,1,False
1357,raw_prediction,True,11245700.0,solved,1,3700,6.908178800231742e-14,0.0015667099505994,1233.4139793725556,1.814402650473692e-14,5.649852954631907e-15,3.4002581934600025e-14,0.0,3.5961794486694164e-14,6.539255546896573e-15,False,27,True,1,False
1357,mechanistic_target,True,,solved,1,3850,6.908178800231742e-14,0.0015667099505994,1233.4139793725556,1.5356096110553992e-13,0.0,7.821392246458371e-15,0.0,1.6820705026719858e-14,1.296354309092887e-17,False,1,True,1,False
1358,raw_prediction,True,11248700.0,solved,1,3425,6.660431552998156e-14,0.0018826481692249,989.6168965491324,1.2618378564255296e-14,9.253099367158916e-16,0.0,0.0,1.8530919149467062e-14,4.473588782237197e-17,False,1,True,1,False
1358,mechanistic_target,True,,solved,1,10700,6.660431552998156e-14,0.0018826481692249,989.6168965491324,5.764480472799047e-13,0.0,0.0,0.0,4.132131020693161e-15,0.0,False,0,True,1,False
1359,raw_prediction,True,26173500.0,solved,1,9600,7.224349722147204e-14,0.0011484658226127,1759.6025573948748,8.579150822067951e-15,0.0,0.0,0.0,1.1095399750218305e-13,2.6016272481850687e-17,False,4,True,1,False
1359,mechanistic_target,True,,solved,1,5975,7.224349722147204e-14,0.0011484658226127,1759.6025573948748,3.126018934629748e-13,0.0,1.0717835357671476e-14,0.0,5.814452429146734e-14,1.141849336776586e-18,False,1,True,1,False
1360,raw_prediction,True,16171200.0,solved,1,4800,7.131524077154645e-14,0.0016509283819188,1208.336842741275,1.6492208996212598e-14,0.0,4.388253344009037e-16,0.0,5.92045007052482e-14,2.319142669712064e-16,False,6,True,1,False
1360,mechanistic_target,True,,solved,1,3825,7.131524077154645e-14,0.0016509283819188,1208.336842741275,4.929520272313742e-13,0.0,0.0,0.0,1.1769619311399112e-13,0.0,False,0,True,1,False
1361,raw_prediction,True,21040400.0,solved,1,7325,7.677809308041513e-14,0.0013415467393398,1600.9044502756983,1.462078737592267e-14,0.0,2.4513900528537644e-15,0.0,1.1394062828954114e-13,5.895395530902898e-16,False,9,True,1,False
1361,mechanistic_target,True,,solved,1,5000,7.677809308041513e-14,0.0013415467393398,1600.9044502756983,1.5068411661499274e-13,0.0,0.0,0.0,2.4329426017884153e-14,0.0,False,0,True,1,False
1362,raw_prediction,True,6054400.0,solved,1,1150,6.680059482524194e-14,0.0023519059534084,794.5006863359653,1.9722071198380323e-14,1.4221127173333295e-16,1.012861298193486e-15,0.0,1.3055226387616182e-14,1.8146719077778964e-15,False,10,True,1,False
1362,mechanistic_target,True,,solved,1,5525,6.680059482524194e-14,0.0023519059534084,794.5006863359653,1.0024627634408716e-12,0.0,0.0,0.0,4.2851019980138665e-15,0.0,False,0,True,1,False
1363,raw_prediction,True,5874500.0,solved,1,975,7.66798678079723e-14,0.0023052979001325,930.4396287156324,1.2697169272586011e-14,3.3919992769456996e-16,3.1334160735841586e-15,0.0,1.5128886298720578e-14,3.6427618666991477e-16,False,21,True,1,False
1363,mechanistic_target,True,,solved,1,4450,7.66798678079723e-14,0.0023052979001325,930.4396287156324,4.720256435648653e-12,0.0,0.0,0.0,1.619018776943297e-15,1.142924291979516e-18,False,1,True,1,False
1364,raw_prediction,True,11988800.0,solved,1,3475,7.301713525587248e-14,0.0016526533708517,1235.881737116638,2.060157600070056e-14,4.302821090382931e-16,1.3760469496685798e-14,0.0,5.4173178249088555e-14,4.243023694592647e-15,False,25,True,1,False
1364,mechanistic_target,True,,solved,1,3425,7.301713525587248e-14,0.0016526533708517,1235.881737116638,3.22218958846855e-13,0.0,0.0,0.0,5.745791420200815e-14,0.0,False,0,True,1,False
1365,raw_prediction,True,18967200.0,solved,1,5200,8.643746383108703e-14,0.0011589717421623,2086.2342308796965,1.3484881001365715e-14,0.0,3.900230420496049e-15,0.0,1.2523100089532785e-13,4.076378545625931e-15,False,18,True,1,False
1365,mechanistic_target,True,,solved,1,6700,8.643746383108703e-14,0.0011589717421623,2086.2342308796965,1.0101560047080593e-13,0.0,0.0,0.0,1.1503749471564172e-14,0.0,False,0,True,1,False
1366,raw_prediction,True,18411700.0,solved,1,6175,9.046452206483257e-14,0.0013545614266378,1868.1574983105609,1.072529425206481e-14,0.0,6.537040140943372e-16,0.0,3.691809589666549e-14,2.472691029796172e-16,False,6,True,1,False
1366,mechanistic_target,True,,solved,1,4225,9.046452206483257e-14,0.0013545614266378,1868.1574983105609,7.251421828076867e-13,0.0,0.0,0.0,1.1360797295216793e-13,0.0,False,0,True,1,False
1367,raw_prediction,True,19279600.0,solved,1,6100,6.7743471919386e-14,0.0013830892418756,1370.0964660783595,1.0435213112464808e-14,0.0,4.980336083558063e-16,0.0,4.1231876138367656e-14,2.4144244312575574e-15,False,19,True,1,False
1367,mechanistic_target,True,,solved,1,23450,6.7743471919386e-14,0.0013830892418756,1370.0964660783595,1.5687282128918332e-14,0.0,0.0,0.0,5.202889091306375e-15,2.0545706532714503e-20,False,3,True,1,False
1368,raw_prediction,True,9732700.0,solved,1,2200,6.934799570143639e-14,0.0018601887598582,1042.8234683866349,6.5385611868715465e-15,2.9470583156500885e-16,2.5580863764329773e-15,0.0,5.0104848461894494e-14,4.380254936380591e-16,False,14,True,1,False
1368,mechanistic_target,True,,solved,1,10750,6.934799570143639e-14,0.0018601887598582,1042.8234683866349,6.070568119833333e-13,0.0,0.0,0.0,3.6306828266668295e-15,0.0,False,0,True,1,False
1369,raw_prediction,True,10792700.0,solved,1,3450,6.513561589186919e-14,0.001900954687204,958.4747088892632,8.941348348919762e-15,0.0,2.130297530919667e-16,0.0,3.9831219522414174e-14,1.0040733125837082e-15,False,17,True,1,False
1369,mechanistic_target,True,,solved,1,13375,6.513561589186919e-14,0.001900954687204,958.4747088892632,5.3302684662520206e-14,0.0,0.0,0.0,3.4512567106441e-15,1.4033973601576748e-19,False,3,True,1,False
1370,raw_prediction,True,230961800.0,solved inaccurate,2,100000,7.161978148076292e-14,0.0007297465921768,2745.33163481482,4.1086637731928345e-14,5.830363195014586e-17,3.9772389066586496e-15,0.0,2.213116217030899e-13,6.399347543353591e-16,False,5,True,1,False
1370,mechanistic_target,True,,solved,1,17300,7.161978148076292e-14,0.0007297465921768,2745.33163481482,1.8411835178215462e-14,0.0,1.6086620618367133e-15,0.0,9.951483425064314e-14,4.468244699005905e-16,False,2,True,1,False
1371,raw_prediction,True,6274400.0,solved,1,775,6.880706124744771e-14,0.0025964965091336,741.2746781984058,5.281121017639832e-14,5.743650282221164e-14,9.809678738600019e-14,0.0,1.911983070715131e-13,1.0293982687721325e-13,False,28,True,1,False
1371,mechanistic_target,True,,solved,1,6000,6.880706124744771e-14,0.0025964965091336,741.2746781984058,2.4159571400008724e-13,0.0,0.0,0.0,4.327758393143672e-15,1.3710059791013642e-18,False,3,True,1,False
1372,raw_prediction,True,230769100.0,solved inaccurate,2,100000,6.701458377702299e-14,0.0007827395230868,2394.8921459813614,3.8475612595034845e-14,0.0,1.174930477336853e-16,0.0,1.6621755372769857e-13,1.3126365508586102e-15,False,4,True,1,False
1372,mechanistic_target,True,,solved,1,20900,6.701458377702299e-14,0.0007827395230868,2394.8921459813614,1.8002011410322298e-14,0.0,1.0426513363756474e-15,0.0,8.438508645762646e-14,2.9744767543505073e-16,False,2,True,1,False
1373,raw_prediction,True,13723900.0,solved,1,4050,7.486291029928637e-14,0.0014871839915517,1408.1077957522646,1.0692862689820598e-14,2.7958700342971875e-16,5.9639956661980256e-15,0.0,3.873549511218255e-14,4.911544206458173e-15,False,24,True,1,False
1373,mechanistic_target,True,,solved,1,4250,7.486291029928637e-14,0.0014871839915517,1408.1077957522646,2.072346717418437e-13,0.0,0.0,0.0,3.730080689136979e-14,0.0,False,0,True,1,False
1374,raw_prediction,True,21427600.0,solved,1,7975,6.208373505066498e-14,0.0024777268001038,700.9036425265914,3.216480901069296e-14,4.540131502719249e-15,2.2044628254799404e-15,0.0,9.730020404406868e-15,1.9130360076112853e-15,False,11,True,1,False
1374,mechanistic_target,True,,solved,1,5575,6.208373505066498e-14,0.0024777268001038,700.9036425265914,6.509405285603111e-13,0.0,9.992647106948912e-14,0.0,3.3829188118450383e-15,3.3323103298830208e-18,False,1,True,1,False
1375,raw_prediction,True,243049800.0,solved inaccurate,2,100000,6.46866397612222e-14,0.0007232022514702,2502.008153718055,3.9352202052533875e-14,5.479056816076795e-16,3.646448304093908e-15,0.0,4.657910509591712e-13,7.742952926238598e-16,False,26,True,1,False
1375,mechanistic_target,True,,solved,1,19075,6.46866397612222e-14,0.0007232022514702,2502.008153718055,2.646024724135296e-14,0.0,2.3832030545729087e-15,0.0,1.5857675714411453e-13,1.5896717930476792e-15,False,2,True,1,False
1376,raw_prediction,True,9238400.0,solved,1,2650,5.744732667935565e-14,0.0044275759617584,362.94239531727226,9.870646222090053e-15,2.5086939566317105e-17,4.655541123245382e-16,0.0,2.910082532582183e-14,8.459126535523021e-17,False,9,True,1,False
1376,mechanistic_target,True,,solved,1,1275,5.744732667935565e-14,0.0044275759617584,362.94239531727226,1.4834007344558e-14,0.0,0.0,0.0,4.029295596491766e-17,0.0,False,0,True,1,False
1377,raw_prediction,True,235524500.0,solved inaccurate,2,100000,9.521229333147487e-14,0.0008715824962087,3055.754250920821,1.8309333831783016e-14,0.0,7.988615740948752e-17,0.0,1.2828268621202874e-13,2.784670112606349e-16,False,13,True,1,False
1377,mechanistic_target,True,,solved,1,12800,9.521229333147487e-14,0.0008715824962087,3055.754250920821,5.5840491011159294e-14,0.0,0.0,0.0,4.205254878888915e-15,0.0,False,0,True,1,False
1378,raw_prediction,True,8399100.0,solved,1,2025,6.722641345278622e-14,0.0021179953930416,887.868870567509,9.330507943457435e-15,0.0,3.2889681982709705e-15,0.0,3.779155264745592e-14,5.676045543090272e-16,False,19,True,1,False
1378,mechanistic_target,True,,solved,1,8075,6.722641345278622e-14,0.0021179953930416,887.868870567509,6.688997729964215e-13,0.0,0.0,0.0,2.897848847065628e-15,0.0,False,0,True,1,False
1379,raw_prediction,True,4484000.0,solved,1,675,6.155576042035807e-14,0.0042615466282771,404.05022642410455,1.1110719385701504e-14,2.2974050062084535e-14,4.8233332905610804e-14,0.0,2.283084300271242e-14,8.742680529751442e-15,False,23,True,1,False
1379,mechanistic_target,True,,solved,1,1800,6.155576042035807e-14,0.0042615466282771,404.05022642410455,2.748548928737879e-13,0.0,0.0,0.0,8.914568402107512e-17,0.0,False,0,True,1,False
1380,raw_prediction,True,7306300.0,solved,1,2000,6.213203728823222e-14,0.0013650245922658,1273.2363150853264,6.0902359357381136e-15,5.995011656336493e-18,1.2877312708993731e-14,0.0,3.565581003314079e-13,1.904444144095539e-14,False,22,True,1,False
1380,mechanistic_target,True,,solved,1,23925,6.213203728823222e-14,0.0013650245922658,1273.2363150853264,7.866233950408832e-14,0.0,0.0,0.0,1.0808222730747519e-15,5.572940970210797e-21,False,3,True,1,False
1381,raw_prediction,True,9144400.0,solved,1,2425,8.585064220995373e-14,0.0015545769856352,1544.7749301829908,6.619314471545401e-14,4.2043744133099336e-14,1.2248537674374898e-13,0.0,2.383806892040276e-14,8.892904514790467e-14,False,32,True,1,False
1381,mechanistic_target,True,,solved,1,3725,8.585064220995373e-14,0.0015545769856352,1544.7749301829908,2.335244069881885e-13,0.0,1.6201927636638127e-14,0.0,2.321009419289401e-14,7.503326095368102e-18,False,1,True,1,False
1382,raw_prediction,True,14982000.0,solved,1,4675,9.436012806633236e-14,0.0012678233710663,2081.9182242516067,2.724903636064369e-14,7.721237881110332e-17,0.0,0.0,5.007851108085633e-14,1.787396527032615e-17,False,3,True,1,False
1382,mechanistic_target,True,,solved,1,4525,9.436012806633236e-14,0.0012678233710663,2081.9182242516067,9.623281031744752e-13,0.0,0.0,0.0,1.741716101734306e-13,0.0,False,0,True,1,False
1383,raw_prediction,True,12855200.0,solved,1,4250,7.049064262024067e-14,0.0015996167153442,1232.6774026295825,6.277096897822077e-15,9.643178125727296e-17,1.0138872374194464e-15,0.0,8.023779413141346e-14,1.6145432621049372e-16,False,16,True,1,False
1383,mechanistic_target,True,,solved,1,20375,7.049064262024067e-14,0.0015996167153442,1232.6774026295825,2.450467728231613e-14,0.0,0.0,0.0,5.139138191382924e-15,1.2716447497539757e-21,False,3,True,1,False
1384,raw_prediction,True,13199900.0,solved,1,4100,8.985518072652631e-14,0.0010813984978582,2324.2950566497025,2.840089274869229e-14,7.260115156261959e-15,1.0599972550021756e-14,0.0,2.4689118360967943e-14,4.817803894895127e-15,False,36,True,1,False
1384,mechanistic_target,True,,solved,1,7625,8.985518072652631e-14,0.0010813984978582,2324.2950566497025,1.2127320321599022e-13,0.0,4.143209881607342e-15,0.0,1.194198083032018e-14,2.8295871505428753e-18,False,1,True,1,False
1385,raw_prediction,True,13172900.0,solved,1,4575,7.682291264260804e-14,0.0016853344390181,1275.0833414815063,1.0505059571449436e-14,0.0,0.0,0.0,3.2489892209957914e-14,1.0212855551081661e-16,False,5,True,1,False
1385,mechanistic_target,True,,solved,1,2975,7.682291264260804e-14,0.0016853344390181,1275.0833414815063,5.208415071301158e-13,0.0,0.0,0.0,4.5374781587977145e-14,0.0,False,0,True,1,False
1386,raw_prediction,True,32988500.0,solved,1,13675,6.507352838360679e-14,0.002136110508075,852.1470355875059,6.8677702413921785e-15,4.77133109983791e-16,0.0,0.0,1.931986683106393e-14,1.6159927600251502e-17,False,2,True,1,False
1386,mechanistic_target,True,,solved,1,7675,6.507352838360679e-14,0.002136110508075,852.1470355875059,9.957608475333505e-13,0.0,0.0,0.0,1.0634285171118776e-14,0.0,False,0,True,1,False
1387,raw_prediction,True,9342500.0,solved,1,2500,6.605884673676509e-14,0.0019378147383662,953.5701139079345,8.076872504148014e-15,0.0,1.3737661852032588e-16,0.0,2.5864447640773892e-14,3.027467203816796e-15,False,22,True,1,False
1387,mechanistic_target,True,,solved,1,10525,6.605884673676509e-14,0.0019378147383662,953.5701139079345,2.72699431161672e-13,0.0,1.8219495678004784e-14,0.0,2.7280273646682887e-15,8.890667384220526e-19,False,1,True,1,False
1388,raw_prediction,True,9760900.0,solved,1,2475,6.758451114799585e-14,0.0017023615965538,1110.5273576603058,1.3952389231127887e-14,3.411408455025784e-15,4.573670628276733e-15,0.0,1.3140123276973844e-13,1.689138456832288e-15,False,14,True,1,False
1388,mechanistic_target,True,,solved,1,2975,6.758451114799585e-14,0.0017023615965538,1110.5273576603058,2.494922905354146e-13,0.0,0.0,0.0,1.9305003137243662e-14,0.0,False,0,True,1,False
1389,raw_prediction,True,6809800.0,solved,1,1800,9.160061311771336e-14,0.0015218356901595,1683.699233146053,8.257283745649602e-15,1.1314903372838606e-14,1.1439820246650902e-15,0.0,1.8220735122238758e-13,1.1735008629028172e-14,False,15,True,1,False
1389,mechanistic_target,True,,solved,1,3625,9.160061311771336e-14,0.0015218356901595,1683.699233146053,4.0493920029006623e-13,0.0,0.0,0.0,6.849272569869702e-14,0.0,False,0,True,1,False
1390,raw_prediction,True,4904300.0,solved,1,1025,6.283509597407697e-14,0.0028717188112889,612.06038087649,1.2690368818080972e-14,0.0,2.0850180147960556e-14,0.0,3.7982924126796286e-14,8.170230661671267e-16,False,4,True,1,False
1390,mechanistic_target,True,,solved,1,2700,6.283509597407697e-14,0.0028717188112889,612.06038087649,6.119011334192844e-13,0.0,0.0,0.0,2.157469905233934e-16,0.0,False,0,True,1,False
1391,raw_prediction,True,4453800.0,solved,1,375,5.716591829504929e-14,0.0036097153043888,442.9942936552968,9.534892875528991e-15,2.5538737437676563e-14,3.5485140522814706e-14,0.0,3.442207843819719e-14,1.1892950869453667e-14,False,18,True,1,False
1391,mechanistic_target,True,,solved,1,1900,5.716591829504929e-14,0.0036097153043888,442.9942936552968,2.045502781720427e-13,0.0,0.0,0.0,3.747285477399529e-16,0.0,False,0,True,1,False
1392,raw_prediction,True,3680500.0,solved,1,550,6.578586825668793e-14,0.0027241756405885,675.5094116728451,2.7468054571600666e-15,1.2544503377880787e-16,2.4243917724873177e-18,0.0,3.870301549630982e-14,1.3325823075600913e-15,False,4,True,1,False
1392,mechanistic_target,True,,solved,1,2875,6.578586825668793e-14,0.0027241756405885,675.5094116728451,4.723793877851104e-13,0.0,0.0,0.0,1.1716781189212663e-16,0.0,False,0,True,1,False
1393,raw_prediction,True,14519800.0,solved,1,5100,8.226084108051248e-14,0.001528552597702,1505.3817846755824,1.0396318538721574e-14,1.0290757883880456e-16,8.341210691005182e-16,0.0,4.7285228904381665e-14,3.362604967409685e-16,False,14,True,1,False
1393,mechanistic_target,True,,solved,1,3900,8.226084108051248e-14,0.001528552597702,1505.3817846755824,1.8270391656498442e-13,0.0,0.0,0.0,1.1936529085375096e-14,0.0,False,0,True,1,False
1394,raw_prediction,True,22300000.0,solved,1,7625,6.163143699759386e-14,0.0011772264786197,1464.4554698610086,1.4172507727231344e-14,0.0,1.8767724054761654e-15,0.0,3.58842197646021e-14,6.155102356418584e-16,False,23,True,1,False
1394,mechanistic_target,True,,solved,1,7300,6.163143699759386e-14,0.0011772264786197,1464.4554698610086,1.7996174295748412e-14,0.0,0.0,0.0,1.0469797788274956e-14,4.3215602589619545e-20,False,3,True,1,False
1395,raw_prediction,True,236030100.0,solved inaccurate,2,100000,8.581160300967369e-14,0.0008109893146651,2959.816461739886,6.52246970519494e-14,8.37765791742366e-16,2.3686330864199747e-15,0.0,3.651857605821699e-13,9.504893403195519e-16,False,17,True,1,False
1395,mechanistic_target,True,,solved,1,12475,8.581160300967369e-14,0.0008109893146651,2959.816461739886,1.6134759919525688e-13,0.0,0.0,0.0,1.7253436836674152e-14,0.0,False,0,True,1,False
1396,raw_prediction,True,198680600.0,solved,1,74600,9.273059335882757e-14,0.0004933272925215,5258.014682151331,2.510491814433635e-13,3.318402601471773e-15,6.811818579530099e-15,0.0,2.005294179627116e-12,1.2736216237790737e-15,False,14,True,1,False
1396,mechanistic_target,True,,solved,1,51600,9.273059335882757e-14,0.0004933272925215,5258.014682151331,5.4766323360747224e-14,0.0,4.8976041785815146e-17,0.0,2.7120828988457706e-13,2.2242018183768004e-18,False,1,True,1,False
1397,raw_prediction,True,19119200.0,solved,1,7100,6.914645776095541e-14,0.0011019984922496,1755.184743005265,1.1350436490656484e-14,0.0,3.027576125499216e-15,0.0,6.089693081261712e-14,2.3124196021876157e-15,False,15,True,1,False
1397,mechanistic_target,True,,solved,1,42400,6.914645776095541e-14,0.0011019984922496,1755.184743005265,1.3141939992606176e-14,0.0,1.1320214509221316e-15,0.0,8.326320716723568e-14,2.239406214716797e-16,False,2,True,1,False
1398,raw_prediction,True,38809600.0,solved,1,14375,6.983058237007159e-14,0.0021117432731759,924.9929932876296,1.2941223623050123e-14,0.0,5.842479625968139e-16,0.0,5.1459757376778196e-14,1.2860604267997788e-16,False,15,True,1,False
1398,mechanistic_target,True,,solved,1,9950,6.983058237007159e-14,0.0021117432731759,924.9929932876296,1.6023552050700126e-13,0.0,0.0,0.0,2.491666756232258e-15,0.0,False,0,True,1,False
1399,raw_prediction,True,4607500.0,solved,1,525,6.745207335377881e-14,0.0023125233895705,815.9115257381857,3.9459310340110165e-15,0.0,9.511167230724171e-15,0.0,1.155130991075066e-13,2.273610909210228e-14,False,7,True,1,False
1399,mechanistic_target,True,,solved,1,475,6.745207335377881e-14,0.0023125233895705,815.9115257381857,4.608313628146e-14,0.0,1.2278085050344305e-13,0.0,1.1061342942917061e-13,4.368531576458365e-15,False,3,True,1,False
1400,raw_prediction,True,19815000.0,solved,1,7725,6.110717462662433e-14,0.0025891458173456,660.1909892142852,1.5572308290376476e-14,1.9809785445380537e-15,8.639111072826793e-16,0.0,2.0705980576766054e-14,2.9150209651239404e-16,False,10,True,1,False
1400,mechanistic_target,True,,solved,1,4625,6.110717462662433e-14,0.0025891458173456,660.1909892142852,9.908802603916352e-13,0.0,0.0,0.0,4.869638204980684e-15,0.0,False,0,True,1,False
1401,raw_prediction,True,258891500.0,solved inaccurate,2,100000,6.16657520353463e-14,0.0018348794084745,940.0921014691684,1.5944337320081525e-14,0.0,0.0,0.0,7.10200811401055e-14,7.781155373246607e-18,False,2,True,1,False
1401,mechanistic_target,True,,solved,1,2600,6.16657520353463e-14,0.0018348794084745,940.0921014691684,7.133615747557129e-13,0.0,0.0,0.0,1.239931336701523e-13,0.0,False,0,True,1,False
1402,raw_prediction,True,53378300.0,solved,1,18150,6.74011775219642e-14,0.0016373045463527,1151.521138238194,1.2426691620159858e-14,0.0,5.894328355530054e-17,0.0,1.5521313192278768e-14,2.405815625050588e-16,False,13,True,1,False
1402,mechanistic_target,True,,solved,1,16675,6.74011775219642e-14,0.0016373045463527,1151.521138238194,2.15391737078048e-14,0.0,0.0,0.0,5.540706190259684e-15,0.0,False,0,True,1,False
1403,raw_prediction,True,5057700.0,solved,1,950,5.867958679153602e-14,0.0033588433948412,488.68745448090255,9.452578606912173e-15,0.0,2.0373352533994397e-14,0.0,1.9953064518182433e-14,1.1807696472744309e-15,False,3,True,1,False
1403,mechanistic_target,True,,solved,1,2575,5.867958679153602e-14,0.0033588433948412,488.68745448090255,2.175975230728584e-13,0.0,0.0,0.0,1.5366364386359938e-17,0.0,False,0,True,1,False
1404,raw_prediction,True,15010900.0,solved,1,4775,8.252360392350719e-14,0.0016341770569671,1412.5797480493009,1.73749903353837e-14,0.0,2.7871398323368946e-18,0.0,6.00140529641222e-14,3.353132977474864e-17,False,3,True,1,False
1404,mechanistic_target,True,,solved,1,2675,8.252360392350719e-14,0.0016341770569671,1412.5797480493009,2.991628392266244e-11,0.0,0.0,0.0,3.579874111311881e-15,0.0,False,0,True,1,False
1405,raw_prediction,True,16969200.0,solved,1,5525,9.225720660683813e-14,0.0012117486684622,2129.715776603064,1.1134055744747935e-14,0.0,3.9175265650516446e-15,0.0,9.360412795167544e-14,9.808746552674685e-16,False,8,True,1,False
1405,mechanistic_target,True,,solved,1,4550,9.225720660683813e-14,0.0012117486684622,2129.715776603064,9.394740982682077e-13,0.0,0.0,0.0,1.455434108439925e-13,0.0,False,0,True,1,False
1406,raw_prediction,True,42873500.0,solved,1,16575,9.323326311887191e-14,0.0008634512976696,3020.417212623473,1.5204986847815522e-14,7.676916310037375e-17,3.3837615520285358e-15,0.0,1.4343779880519484e-13,7.32665736914056e-16,False,24,True,1,False
1406,mechanistic_target,True,,solved,1,7575,9.323326311887191e-14,0.0008634512976696,3020.417212623473,9.95277321380509e-13,0.0,0.0,0.0,7.623367238904797e-14,0.0,False,0,True,1,False
1407,raw_prediction,True,263417500.0,maximum iterations reached,7,100000,9.67264284373731e-14,0.0005759433680652,4697.851329164892,1.105949262770697e-13,3.772322004216518e-18,6.678476747424741e-15,0.0,9.009977090652388e-13,1.245144190622212e-15,False,26,True,1,False
1407,mechanistic_target,True,,solved,1,31775,9.67264284373731e-14,0.0005759433680652,4697.851329164892,1.5961987194333212e-14,0.0,0.0,0.0,1.6364104143343586e-14,1.3373916560872225e-21,False,3,True,1,False
1408,raw_prediction,True,6704000.0,solved,1,1175,6.503653168214151e-14,0.0027264597332306,667.2555323318018,1.2093973796194396e-14,7.764148290779069e-16,3.622250309029096e-14,0.0,2.5002674932118363e-14,1.2546173637703964e-14,False,34,True,1,False
1408,mechanistic_target,True,,solved,1,3250,6.503653168214151e-14,0.0027264597332306,667.2555323318018,1.455040711572272e-12,0.0,0.0,0.0,4.0917661429428518e-16,5.8475875988559375e-19,False,1,True,1,False
1409,raw_prediction,True,16384400.0,solved,1,5600,8.59142593436016e-14,0.0014749768283144,1629.3483730081616,1.4496054096674316e-14,0.0,1.776197782098896e-16,0.0,5.4494519351155945e-14,1.3968559112531163e-17,False,8,True,1,False
1409,mechanistic_target,True,,solved,1,3600,8.59142593436016e-14,0.0014749768283144,1629.3483730081616,8.790155369621184e-13,0.0,0.0,0.0,1.6123683048607598e-13,0.0,False,0,True,1,False
1410,raw_prediction,True,36401400.0,solved,1,14550,6.833121506909961e-14,0.000885487794241,2158.5915009578803,1.2986139941162378e-14,0.0,2.678664547603996e-17,0.0,5.801796712704623e-14,2.3596519499515343e-16,False,11,True,1,False
1410,mechanistic_target,True,,solved,1,14800,6.833121506909961e-14,0.000885487794241,2158.5915009578803,1.135640267994505e-14,0.0,0.0,0.0,2.8154916275847e-14,0.0,False,0,True,1,False
1411,raw_prediction,True,7245000.0,solved,1,1575,6.107773687143226e-14,0.0020126396553205,848.8888119091514,2.1801750266726008e-14,1.0539302236532822e-14,9.632833530360545e-14,0.0,2.7454406912154467e-14,2.6837571064927684e-14,False,32,True,1,False
1411,mechanistic_target,True,,solved,1,10950,6.107773687143226e-14,0.0020126396553205,848.8888119091514,1.3576268193015752e-13,0.0,0.0,0.0,1.1042090704221656e-15,0.0,False,0,True,1,False
1412,raw_prediction,True,30583500.0,solved,1,12250,7.230990334066574e-14,0.0021862676237146,925.1845167388406,1.3378187446733136e-14,8.491051699453237e-16,1.3737661852032589e-17,0.0,1.5040079409258598e-14,8.953219868066621e-17,False,3,True,1,False
1412,mechanistic_target,True,,solved,1,9375,7.230990334066574e-14,0.0021862676237146,925.1845167388406,1.6655201553095345e-13,0.0,0.0,0.0,2.615519609009917e-15,0.0,False,0,True,1,False
1413,raw_prediction,True,55465100.0,solved,1,22975,8.154924698087056e-14,0.0007383884237694,3089.3632378512707,5.776976119697963e-14,0.0,0.0,0.0,1.7098710914547506e-13,7.152289638569382e-21,False,1,True,1,False
1413,mechanistic_target,True,,solved,1,13125,8.154924698087056e-14,0.0007383884237694,3089.3632378512707,2.1423102676850422e-13,0.0,5.485316680011298e-16,0.0,2.0815844997518517e-12,6.381043634886314e-13,False,4,True,1,False
1414,raw_prediction,True,10641900.0,solved,1,2825,6.565777717702638e-14,0.0019982621716126,919.1102454174064,8.401853382054861e-15,4.311909153038441e-16,2.211434133312119e-15,0.0,4.916413936047692e-14,1.870076006673435e-16,False,19,True,1,False
1414,mechanistic_target,True,,solved,1,10100,6.565777717702638e-14,0.0019982621716126,919.1102454174064,3.6071321437517954e-13,0.0,3.2813621489550915e-14,0.0,3.4987355538909327e-15,8.302162450623493e-18,False,1,True,1,False
1415,raw_prediction,True,30645000.0,solved,1,12175,1.0255532042532985e-13,0.001309388320919,2190.905428601876,5.379738257703624e-15,9.390446633070833e-14,1.7844889869118913e-14,0.0,1.328041611522053e-13,3.931276227479186e-13,False,15,True,1,False
1415,mechanistic_target,True,,solved,1,5125,1.0255532042532985e-13,0.001309388320919,2190.905428601876,1.6911231837008948e-13,0.0,0.0,0.0,2.7065255055148412e-14,0.0,False,0,True,1,False
1416,raw_prediction,True,29687500.0,solved,1,11550,6.667454571089179e-14,0.0010203039760248,1827.950304925285,2.4574092760687452e-14,0.0,1.4332460509018342e-14,0.0,1.0173719644367353e-13,3.0278184577164937e-15,False,7,True,1,False
1416,mechanistic_target,True,,solved,1,8675,6.667454571089179e-14,0.0010203039760248,1827.950304925285,1.7138077700685494e-14,0.0,1.1469164700132122e-15,0.0,9.79010925366209e-14,6.894280274413372e-16,False,5,True,1,False
1417,raw_prediction,True,14336100.0,solved,1,4125,9.583924449510524e-14,0.0012720221568082,2107.5728913453195,1.6198847818671425e-14,2.000250362687677e-14,1.5607983061086607e-16,0.0,9.569647933196597e-14,1.2579518743338628e-14,False,19,True,1,False
1417,mechanistic_target,True,,solved,1,4925,9.583924449510524e-14,0.0012720221568082,2107.5728913453195,4.850533783284422e-13,0.0,0.0,0.0,8.304141824814026e-14,0.0,False,0,True,1,False
1418,raw_prediction,True,42276400.0,solved,1,15450,6.809810844524296e-14,0.0009340938136922,2039.287472645388,3.7769086546096194e-14,3.9179225760368877e-17,1.7118873869095457e-15,0.0,1.3124591720491084e-13,5.512159028908607e-16,False,18,True,1,False
1418,mechanistic_target,True,,solved,1,13100,6.809810844524296e-14,0.0009340938136922,2039.287472645388,7.251841772654618e-15,0.0,0.0,0.0,1.2546700607038705e-14,7.191044421383968e-21,False,3,True,1,False
1419,raw_prediction,True,11609000.0,solved,1,3200,8.237263580076096e-14,0.0019160060333002,1202.5966484975518,2.017276842262448e-14,1.0892093999294976e-16,5.809057445521465e-16,0.0,2.0293735312170282e-14,4.873385234593488e-17,False,8,True,1,False
1419,mechanistic_target,True,,solved,1,2125,8.237263580076096e-14,0.0019160060333002,1202.5966484975518,1.2253669655217548e-11,0.0,0.0,0.0,1.9677685404172328e-15,0.0,False,0,True,1,False
1420,raw_prediction,True,4573000.0,solved,1,850,5.70734295259538e-14,0.007311957992355,218.34043980510063,4.232725281383409e-14,1.4467957361838417e-14,2.1448827491156177e-15,0.0,8.260764375504694e-15,4.621576439178696e-15,False,9,True,1,False
1420,mechanistic_target,True,,solved,1,475,5.70734295259538e-14,0.007311957992355,218.34043980510063,6.331737229748853e-16,0.0,0.0,0.0,3.0016186849616084e-17,0.0,False,0,True,1,False
1421,raw_prediction,True,7783900.0,solved,1,1550,6.688895061786632e-14,0.0024616145984771,760.095606613115,1.2496947920936918e-14,1.1479414171864971e-14,1.8659714991902207e-14,0.0,2.8406112030593372e-14,8.593227048728532e-15,False,24,True,1,False
1421,mechanistic_target,True,,solved,1,6100,6.688895061786632e-14,0.0024616145984771,760.095606613115,4.927105271852455e-13,0.0,0.0,0.0,7.143103669304868e-15,0.0,False,0,True,1,False
1422,raw_prediction,True,8580000.0,solved,1,2550,7.892943143468685e-14,0.0020081301989859,1099.463979465647,1.1334892844602212e-14,0.0,4.1051997331269255e-18,0.0,4.286092475074469e-14,4.6573855521713536e-17,False,6,True,1,False
1422,mechanistic_target,True,,solved,1,6100,7.892943143468685e-14,0.0020081301989859,1099.463979465647,4.467736671074266e-12,0.0,0.0,0.0,7.086496458704869e-16,0.0,False,0,True,1,False
1423,raw_prediction,True,4067600.0,solved,1,550,7.240133278857445e-14,0.0021857674264091,926.5663199456528,1.4371184779779344e-14,0.0,4.199736179800284e-14,0.0,3.77298498394309e-14,3.2740692551275914e-14,False,5,True,1,False
1423,mechanistic_target,True,,solved,1,6650,7.240133278857445e-14,0.0021857674264091,926.5663199456528,5.215049399603909e-13,0.0,0.0,0.0,2.865164157932137e-15,0.0,False,0,True,1,False
1424,raw_prediction,True,9674000.0,solved,1,2900,6.878500865096974e-14,0.0017346859064305,1109.19229651199,8.64933125122036e-15,0.0,0.0,0.0,4.140273507274192e-14,7.588724697847025e-17,False,5,True,1,False
1424,mechanistic_target,True,,solved,1,12125,6.878500865096974e-14,0.0017346859064305,1109.19229651199,6.286203520597912e-13,0.0,0.0,0.0,7.517864544768115e-15,0.0,False,0,True,1,False
1425,raw_prediction,True,5790100.0,solved,1,1050,6.39911549807732e-14,0.0024972743488737,716.7828258707951,2.5176984363657948e-14,1.4994736846993735e-14,1.3284758931426737e-13,0.0,4.2390421814184605e-14,1.443560784645683e-14,False,15,True,1,False
1425,mechanistic_target,True,,solved,1,6800,6.39911549807732e-14,0.0024972743488737,716.7828258707951,2.0247312845506787e-13,0.0,0.0,0.0,2.662812470314505e-15,0.0,False,0,True,1,False
1426,raw_prediction,True,6110600.0,solved,1,750,5.902230758608902e-14,0.003762863303269,438.76466157096553,1.0965797763747607e-14,1.5526620242396904e-14,2.1315963446018496e-14,0.0,2.5455459421441406e-14,1.1187543367547977e-15,False,25,True,1,False
1426,mechanistic_target,True,,solved,1,2575,5.902230758608902e-14,0.003762863303269,438.76466157096553,1.7783386467196193e-12,0.0,2.660215336332859e-16,0.0,1.8107355372222946e-16,2.175572714846557e-19,False,1,True,1,False
1427,raw_prediction,True,257357200.0,maximum iterations reached,7,100000,7.129207730887334e-14,0.000797973146252,2499.1187411553874,2.86465295928906e-13,3.966466894463663e-10,1.3737661852032588e-16,0.0,1.1240692006936996e-12,9.914601273200783e-11,False,15,True,1,False
1427,mechanistic_target,True,,solved,1,16975,7.129207730887334e-14,0.000797973146252,2499.1187411553874,2.0128257571176528e-14,0.0,0.0,0.0,5.7497925876414505e-15,0.0,False,0,True,1,False
1428,raw_prediction,True,15565200.0,solved,1,4100,7.11955277467902e-14,0.0017068783863548,1166.7667197410017,1.2372047830666588e-14,7.310142301501464e-16,1.1320214509221316e-15,0.0,2.426192777976184e-14,1.7936276643536152e-16,False,17,True,1,False
1428,mechanistic_target,True,,solved,1,15050,7.11955277467902e-14,0.0017068783863548,1166.7667197410017,1.9916016694811618e-13,0.0,1.4639591903670626e-14,0.0,2.021392923684427e-15,1.249963770998122e-17,False,1,True,1,False
1429,raw_prediction,True,49227700.0,solved,1,17600,8.496043141366498e-14,0.000928873209388,2558.551542810876,1.0603186718819191e-14,4.7403757244444324e-17,2.1126055194399568e-14,0.0,4.300802483064042e-14,7.435632849554593e-16,False,14,True,1,False
1429,mechanistic_target,True,,solved,1,9225,8.496043141366498e-14,0.000928873209388,2558.551542810876,2.1130163798481612e-13,0.0,0.0,0.0,2.350353625595717e-14,0.0,False,0,True,1,False
1430,raw_prediction,True,46758100.0,solved,1,17625,8.829111132539538e-14,0.0005715144755708,4321.391834415768,1.4567513861862838e-13,0.0,9.534823367547304e-15,0.0,9.050457518244756e-13,1.5681654930050398e-15,False,17,True,1,False
1430,mechanistic_target,True,,solved,1,31875,8.829111132539538e-14,0.0005715144755708,4321.391834415768,1.142825533144176e-14,0.0,0.0,0.0,2.1271151640496817e-14,0.0,False,0,True,1,False
1431,raw_prediction,True,10310200.0,solved,1,2825,7.134733884064549e-14,0.001773541806689,1125.304996881856,2.0643903253514398e-13,2.6817134425180796e-16,1.1647722765861062e-16,0.0,7.349050867490984e-14,1.6821602679183103e-14,False,10,True,1,False
1431,mechanistic_target,True,,solved,1,10275,7.134733884064549e-14,0.001773541806689,1125.304996881856,9.883845228574318e-13,0.0,0.0,0.0,1.1773998437214743e-14,0.0,False,0,True,1,False
1432,raw_prediction,True,266450200.0,solved inaccurate,2,100000,7.560411129197207e-14,0.0010563784867826,2001.980131494431,2.9608260287972143e-14,1.521093227895505e-15,3.3035858347077306e-15,0.0,2.5609447409581205e-13,7.631497188848952e-16,False,31,True,1,False
1432,mechanistic_target,True,,solved,1,8300,7.560411129197207e-14,0.0010563784867826,2001.980131494431,8.377252755253553e-14,0.0,0.0,0.0,1.2073500947336448e-14,0.0,False,0,True,1,False
1433,raw_prediction,True,6453800.0,solved,1,700,5.792956844882448e-14,0.0033143694637128,488.9148997726312,2.0878047554684365e-14,0.0,3.6047091453049843e-14,0.0,1.2483463788850629e-14,1.780463433433339e-14,False,23,True,1,False
1433,mechanistic_target,True,,solved,1,4050,5.792956844882448e-14,0.0033143694637128,488.9148997726312,1.3026740757761552e-13,0.0,0.0,0.0,1.109078741310081e-15,1.5645589367541105e-18,False,3,True,1,False
1434,raw_prediction,True,26303400.0,solved,1,9850,8.63225127818134e-14,0.0010115320632048,2387.142356987392,2.31698220964779e-14,0.0,2.572704012869737e-15,0.0,1.0115081214638697e-13,3.530592209296848e-15,False,12,True,1,False
1434,mechanistic_target,True,,solved,1,9825,8.63225127818134e-14,0.0010115320632048,2387.142356987392,2.3714241990170727e-14,0.0,0.0,0.0,1.014445458134432e-14,7.569309729448726e-20,False,3,True,1,False
1435,raw_prediction,True,32651900.0,solved,1,11875,8.502029445750768e-14,0.0009060081452581,2624.97034323914,1.1560197243909442e-14,5.955602299856853e-16,1.2122782667451131e-14,0.0,6.5191364486283e-14,1.9061624063576578e-15,False,23,True,1,False
1435,mechanistic_target,True,,solved,1,7925,8.502029445750768e-14,0.0009060081452581,2624.97034323914,9.153664665079834e-13,0.0,0.0,0.0,1.0241429072504184e-13,0.0,False,0,True,1,False
1436,raw_prediction,True,163681400.0,solved,1,69525,5.905739185298497e-14,0.0029463251791505,560.6960345226059,2.0816681711721685e-15,1.270430270854504e-12,7.476088404820485e-13,0.0,3.3577970128337395e-14,1.3811728576052088e-13,False,27,True,1,False
1436,mechanistic_target,True,,solved,1,4200,5.905739185298497e-14,0.0029463251791505,560.6960345226059,6.525950999116995e-13,0.0,0.0,0.0,5.54522427467259e-15,7.172869825196421e-19,False,3,True,1,False
1437,raw_prediction,True,3423700.0,solved,1,350,6.16816092397535e-14,0.0029442462737401,586.0240777975455,2.3234886237233354e-14,0.0,5.810392097484408e-16,0.0,1.139201639688629e-13,2.2362420970979342e-14,False,8,True,1,False
1437,mechanistic_target,True,,solved,1,4300,6.16816092397535e-14,0.0029442462737401,586.0240777975455,5.348859549393199e-13,0.0,0.0,0.0,4.994727647817838e-15,0.0,False,0,True,1,False
1438,raw_prediction,True,5176400.0,solved,1,400,5.714001282793559e-14,0.0039976485298646,399.8247030923571,2.4980018054066026e-15,7.558980952713762e-14,6.3635822506538406e-15,0.0,7.539017008333529e-13,4.6076211189110835e-15,False,22,True,1,False
1438,mechanistic_target,True,,solved,1,1125,5.714001282793559e-14,0.0039976485298646,399.8247030923571,1.644009610561867e-15,0.0,0.0,0.0,3.703055347082288e-18,0.0,False,0,True,1,False
1439,raw_prediction,True,8869400.0,solved,1,2825,9.282190155515051e-14,0.0018749824894034,1384.8002825438136,2.8278739377047726e-14,0.0,1.4150268136526642e-16,0.0,6.741048433794926e-14,2.157176353348505e-17,False,1,True,1,False
1439,mechanistic_target,True,,solved,1,2100,9.282190155515051e-14,0.0018749824894034,1384.8002825438136,2.675570088691559e-11,0.0,0.0,0.0,1.0884310906908951e-14,0.0,False,0,True,1,False
1440,raw_prediction,True,6949300.0,solved,1,1275,7.040776366382412e-14,0.0026326782802748,748.0948382705321,1.0576490257999223e-14,0.0,1.7599634269858882e-14,0.0,1.1620225495656833e-12,2.1045426769906861e-13,False,24,True,1,False
1440,mechanistic_target,True,,solved,1,4750,7.040776366382412e-14,0.0026326782802748,748.0948382705321,5.876343108442602e-12,0.0,0.0,0.0,8.39542714387328e-16,0.0,False,0,True,1,False
1441,raw_prediction,True,5351600.0,solved,1,1275,6.635104156893763e-14,0.002983344702437,622.1257933942298,7.670455737272791e-15,0.0,7.367288764126973e-15,0.0,3.923947673088381e-14,2.3867786313472357e-14,False,8,True,1,False
1441,mechanistic_target,True,,solved,1,4250,6.635104156893763e-14,0.002983344702437,622.1257933942298,4.2897905069311173e-13,0.0,0.0,0.0,7.523293730067718e-15,0.0,False,0,True,1,False
1442,raw_prediction,True,5203300.0,solved,1,700,5.712964607154859e-14,0.0036136558898837,442.2304445629854,7.609670155025104e-15,0.0,1.54069888043449e-14,0.0,1.3355777155163868e-14,5.817307657796894e-15,False,20,True,1,False
1442,mechanistic_target,True,,solved,1,2400,5.712964607154859e-14,0.0036136558898837,442.2304445629854,2.9908462305998597e-13,0.0,0.0,0.0,2.0192275145562024e-17,0.0,False,0,True,1,False
1443,raw_prediction,True,38431100.0,solved,1,15775,7.00690267417703e-14,0.0007386768467418,2653.416937756873,2.13285340076033e-14,9.602610566429456e-17,3.571552730138661e-16,0.0,2.974262479958862e-13,8.665311390891704e-15,False,26,True,1,False
1443,mechanistic_target,True,,solved,1,20800,7.00690267417703e-14,0.0007386768467418,2653.416937756873,1.708372530879291e-14,0.0,1.0426513363756474e-15,0.0,4.3179994153767254e-14,6.927705774177221e-17,False,2,True,1,False
1444,raw_prediction,True,62936400.0,solved,1,26200,1.019519369147612e-13,0.0007097336526455,4018.2225020665687,9.76749063574811e-14,0.0,0.0,0.0,2.5795084710544453e-13,1.3198258800090835e-17,False,2,True,1,False
1444,mechanistic_target,True,,solved,1,16400,1.019519369147612e-13,0.0007097336526455,4018.2225020665687,1.7174256635424074e-13,0.0,0.0,0.0,1.607006556312207e-14,0.0,False,0,True,1,False
1445,raw_prediction,True,16635500.0,solved,1,5625,6.284659102646326e-14,0.0011639002018178,1510.4274867824922,2.017098804628723e-14,7.56280917971962e-15,2.9145560484855834e-16,0.0,7.295841796724356e-14,3.233223497019179e-15,False,15,True,1,False
1445,mechanistic_target,True,,solved,1,6975,6.284659102646326e-14,0.0011639002018178,1510.4274867824922,2.9016500678954934e-14,0.0,0.0,0.0,5.2514783162297066e-15,1.95701756469378e-20,False,3,True,1,False
1446,raw_prediction,True,8959200.0,solved,1,2675,5.718548547129994e-14,0.0022044357256287,725.6417636049674,7.573630343832691e-15,0.0,0.0,0.0,5.819838931220884e-14,3.413356021995393e-18,False,1,True,1,False
1446,mechanistic_target,True,,solved,1,6700,5.718548547129994e-14,0.0022044357256287,725.6417636049674,9.93855256708689e-13,0.0,0.0,0.0,5.359312190543561e-15,0.0,False,0,True,1,False
1447,raw_prediction,True,4142600.0,solved,1,650,7.012923654325647e-14,0.0029836365749385,657.4868742286355,1.1840528557627297e-13,9.183825408861313e-14,1.5536172784854378e-13,0.0,2.464499155360632e-14,1.1840907982611805e-13,False,34,True,1,False
1447,mechanistic_target,True,,solved,1,4525,7.012923654325647e-14,0.0029836365749385,657.4868742286355,3.4810870420438485e-13,0.0,4.6078986474079716e-14,0.0,6.845225445340933e-15,6.387561262998403e-17,False,1,True,1,False
1448,raw_prediction,True,28607100.0,solved,1,11275,5.948905105151227e-14,0.0024028320462784,692.5442444483442,1.5658232531053613e-14,6.0317321135002e-17,1.0224300957399551e-16,0.0,7.808270734072955e-14,4.339401091422448e-16,False,17,True,1,False
1448,mechanistic_target,True,,solved,1,6950,5.948905105151227e-14,0.0024028320462784,692.5442444483442,2.722976094471421e-13,0.0,0.0,0.0,1.8658367760170888e-15,0.0,False,0,True,1,False
1449,raw_prediction,True,4538800.0,solved,1,825,5.800970248668583e-14,0.0026282880240106,617.3928284163401,5.657280199855563e-14,8.71729227020995e-15,1.1115250746512205e-13,0.0,4.900069286531623e-14,8.109843414948049e-14,False,21,True,1,False
1449,mechanistic_target,True,,solved,1,5000,5.800970248668583e-14,0.0026282880240106,617.3928284163401,7.206023779518752e-13,0.0,0.0,0.0,3.862607623837013e-15,0.0,False,0,True,1,False
1450,raw_prediction,True,19010300.0,solved,1,7250,6.679640864540529e-14,0.001353120195885,1380.863134880459,8.166660895952598e-15,0.0,0.0,0.0,4.9351570599603285e-14,9.822707253276956e-20,False,2,True,1,False
1450,mechanistic_target,True,,solved,1,4250,6.679640864540529e-14,0.001353120195885,1380.863134880459,3.78864067873785e-13,0.0,0.0,0.0,6.78140928270625e-14,0.0,False,0,True,1,False
1451,raw_prediction,True,19717200.0,solved,1,7650,9.368160044458066e-14,0.0015218599762872,1721.9221176455585,6.195998575320161e-15,1.201707763153299e-16,1.1647722765861062e-16,0.0,8.516894253684824e-14,1.8445679748851996e-16,False,6,True,1,False
1451,mechanistic_target,True,,solved,1,3450,9.368160044458066e-14,0.0015218599762872,1721.9221176455585,5.878811947735374e-13,0.0,0.0,0.0,9.228637237341064e-14,0.0,False,0,True,1,False
1452,raw_prediction,True,13943600.0,solved,1,4125,9.559350799957213e-14,0.0012534599689852,2133.2994874325727,2.6936786134967864e-14,6.402219875293547e-15,1.0803818175983714e-14,0.0,3.669815302762362e-14,2.834684787014208e-15,False,14,True,1,False
1452,mechanistic_target,True,,solved,1,4975,9.559350799957213e-14,0.0012534599689852,2133.2994874325727,5.500107148350091e-13,0.0,0.0,0.0,8.94673710503298e-14,0.0,False,0,True,1,False
1453,raw_prediction,True,3400000.0,solved,1,425,6.174242512218987e-14,0.0029435797252625,586.7347077687546,8.60708338459009e-15,0.0,1.9516421070836616e-14,0.0,6.004190180806768e-14,1.925118128657573e-14,False,1,True,1,False
1453,mechanistic_target,True,,solved,1,3900,6.174242512218987e-14,0.0029435797252625,586.7347077687546,4.126336866868955e-12,0.0,0.0,0.0,3.9902521755959496e-16,0.0,False,0,True,1,False
1454,raw_prediction,True,18512600.0,solved,1,6925,6.058244340246622e-14,0.0026250398485528,645.5721450196046,3.14043215971575e-14,4.156047758450299e-15,2.1302191207162643e-15,0.0,1.8171028044754194e-14,8.947410802681553e-16,False,5,True,1,False
1454,mechanistic_target,True,,solved,1,4675,6.058244340246622e-14,0.0026250398485528,645.5721450196046,8.640195785162088e-13,0.0,1.5468037975824948e-13,0.0,4.334274565872693e-15,2.176057124926132e-16,False,1,True,1,False
1455,raw_prediction,True,50100300.0,solved,1,18125,5.71865909131982e-14,0.0008073500015558,1981.3730684042455,2.0056178939853453e-13,0.0,4.2897654982312345e-15,0.0,1.8125194306613288e-12,2.7676754099757864e-15,False,20,True,1,False
1455,mechanistic_target,True,,solved,1,9600,5.71865909131982e-14,0.0008073500015558,1981.3730684042455,1.339376754235752e-13,0.0,6.32430860016984e-14,0.0,1.1313589307083644e-12,8.38354569426107e-13,False,4,True,1,False
1456,raw_prediction,True,3800000.0,solved,1,500,5.958995528510226e-14,0.0035857098260658,464.8703173315001,4.3041958885936544e-14,1.4221127173333295e-16,1.3578066459967495e-16,0.0,3.1309476164597817e-14,5.329880587267599e-15,False,8,True,1,False
1456,mechanistic_target,True,,solved,1,2525,5.958995528510226e-14,0.0035857098260658,464.8703173315001,6.709867092249135e-13,0.0,0.0,0.0,4.895903921160917e-17,0.0,False,0,True,1,False
1457,raw_prediction,True,22275500.0,solved,1,8425,7.17660843841503e-14,0.0012576245672862,1596.2545100794002,2.5649621315793073e-14,0.0,0.0,0.0,1.0998227276443025e-13,0.0,False,0,True,1,False
1457,mechanistic_target,True,,solved,1,5075,7.17660843841503e-14,0.0012576245672862,1596.2545100794002,1.9239606028119205e-13,0.0,0.0,0.0,2.4287284538914663e-14,0.0,False,0,True,1,False
1458,raw_prediction,True,10384700.0,solved,1,3350,8.896896779556333e-14,0.0018168334793896,1369.800518616831,2.2888375222906987e-14,0.0,4.941077845406715e-16,0.0,3.7038431388603886e-14,4.834474224233413e-16,False,3,True,1,False
1458,mechanistic_target,True,,solved,1,2350,8.896896779556333e-14,0.0018168334793896,1369.800518616831,5.387837116611903e-11,0.0,0.0,0.0,1.0404280782363032e-14,0.0,False,0,True,1,False
1459,raw_prediction,True,7967900.0,solved,1,1800,6.964507356104085e-14,0.0022265557010981,874.9651104311607,8.999323750632215e-15,1.5610734164957526e-15,7.951994221597368e-15,0.0,2.345851795800751e-14,2.045477515759491e-15,False,25,True,1,False
1459,mechanistic_target,True,,solved,1,8950,6.964507356104085e-14,0.0022265557010981,874.9651104311607,1.4926450657673045e-13,0.0,1.698172825528869e-14,0.0,2.5512274363786464e-15,3.795591738704205e-17,False,1,True,1,False
1460,raw_prediction,True,6142300.0,solved,1,1550,5.709327647487517e-14,0.0024655652843904,647.7424492147663,1.4525061423382192e-14,2.5974802451999637e-15,3.4626299242393145e-15,0.0,6.863558899596875e-14,6.466524663048478e-16,False,13,True,1,False
1460,mechanistic_target,True,,solved,1,6775,5.709327647487517e-14,0.0024655652843904,647.7424492147663,2.1948440466000552e-13,0.0,0.0,0.0,1.1602352723604552e-15,0.0,False,0,True,1,False
1461,raw_prediction,True,6254900.0,solved,1,1525,8.964523698279813e-14,0.0016304134190482,1538.0249369872406,3.3306690738754696e-16,3.945203424706501e-14,5.1267873157710617e-17,0.0,7.689410167943218e-14,2.6022465025029203e-14,False,9,True,1,False
1461,mechanistic_target,True,,solved,1,2950,8.964523698279813e-14,0.0016304134190482,1538.0249369872406,7.953830783294039e-13,0.0,0.0,0.0,8.909201898912793e-14,0.0,False,0,True,1,False
1462,raw_prediction,True,4914100.0,solved,1,425,6.856338162098343e-14,0.0036791823357245,521.2845055867662,2.2320777057933903e-15,0.0,1.0396162136824512e-14,0.0,4.386673077026671e-14,4.043786491756207e-15,False,22,True,1,False
1462,mechanistic_target,True,,solved,1,2700,6.856338162098343e-14,0.0036791823357245,521.2845055867662,1.9968186552959536e-12,0.0,0.0,0.0,4.1217547925915824e-16,0.0,False,0,True,1,False
1463,raw_prediction,True,11420700.0,solved,1,3875,6.552340847889904e-14,0.0017731083356784,1033.7014084417865,7.046013078548796e-15,0.0,4.175149251833789e-17,0.0,3.945673045101392e-14,1.8501820876950902e-16,False,5,True,1,False
1463,mechanistic_target,True,,solved,1,11625,6.552340847889904e-14,0.0017731083356784,1033.7014084417865,5.112073316893069e-13,0.0,3.553652615936961e-14,0.0,5.1445519611972345e-15,2.910978767235213e-19,False,1,True,1,False
1464,raw_prediction,True,244942000.0,solved inaccurate,2,100000,6.54286827837046e-14,0.0007392924753549,2475.630301204571,2.894442756151925e-13,4.28148331409061e-15,6.523060030782621e-15,0.0,6.914418908806852e-13,2.196808640426392e-15,False,22,True,1,False
1464,mechanistic_target,True,,solved,1,20475,6.54286827837046e-14,0.0007392924753549,2475.630301204571,2.4037871453015355e-14,0.0,1.3405517181972609e-15,0.0,1.0178589296811095e-13,5.648324229805192e-16,False,2,True,1,False
1465,raw_prediction,True,7999600.0,solved,1,1975,8.356624848761813e-14,0.0014507359373238,1611.3001036277983,1.70535460752852e-13,8.501199020403631e-14,3.329143737044613e-13,0.0,1.0559329228426237e-13,7.294089229651097e-14,False,22,True,1,False
1465,mechanistic_target,True,,solved,1,2725,8.356624848761813e-14,0.0014507359373238,1611.3001036277983,2.7693930185561576e-11,0.0,0.0,0.0,1.934019335913771e-15,0.0,False,0,True,1,False
1466,raw_prediction,True,44337800.0,solved,1,17700,8.97737169095164e-14,0.0008633292540633,2908.7516850306265,2.0313691103497884e-14,0.0,1.6669452359405601e-15,0.0,2.925923410757965e-13,1.2700744959265366e-16,False,9,True,1,False
1466,mechanistic_target,True,,solved,1,11700,8.97737169095164e-14,0.0008633292540633,2908.7516850306265,1.4962640104714874e-13,0.0,0.0,0.0,1.7245067365885707e-14,0.0,False,0,True,1,False
1467,raw_prediction,True,53853900.0,solved,1,20350,6.771694211361603e-14,0.0007667350401349,2470.506073087949,1.8984813721090177e-13,0.0,5.449637025898589e-15,0.0,1.3381992347248925e-12,2.3039246321679055e-15,False,14,True,1,False
1467,mechanistic_target,True,,solved,1,16150,6.771694211361603e-14,0.0007667350401349,2470.506073087949,4.1790298596384576e-14,0.0,2.025722596386972e-15,0.0,3.2382887926843457e-13,1.081163792281451e-15,False,2,True,1,False
1468,raw_prediction,True,5146900.0,solved,1,425,5.71070858273573e-14,0.0046733031541012,341.8219464421419,9.64894288143063e-15,1.978342875303624e-15,5.946454502473916e-14,0.0,4.570439480735436e-14,6.576393086300396e-14,False,28,True,1,False
1468,mechanistic_target,True,,solved,1,1100,5.71070858273573e-14,0.0046733031541012,341.8219464421419,1.1208274598554791e-14,0.0,0.0,0.0,1.0825808851139051e-16,0.0,False,0,True,1,False
1469,raw_prediction,True,15587500.0,solved,1,4625,8.199069330158932e-14,0.0015843538017579,1447.5923753208142,1.4715659246711255e-14,0.0,1.2485625585930477e-15,0.0,2.0458539987895592e-14,4.250882797257804e-17,False,8,True,1,False
1469,mechanistic_target,True,,solved,1,2925,8.199069330158932e-14,0.0015843538017579,1447.5923753208142,5.1026481810909616e-11,0.0,0.0,0.0,6.111709545936574e-15,0.0,False,0,True,1,False
1470,raw_prediction,True,9724400.0,solved,1,2750,7.154847583256925e-14,0.0018696704437806,1070.4569900541965,1.3534312559571047e-14,0.0,2.136792968071998e-17,0.0,4.1806417881563127e-14,1.8793061214183397e-17,False,5,True,1,False
1470,mechanistic_target,True,,solved,1,10275,7.154847583256925e-14,0.0018696704437806,1070.4569900541965,5.533445646586454e-13,0.0,0.0,0.0,4.503998130542286e-15,0.0,False,0,True,1,False
1471,raw_prediction,True,24049000.0,solved,1,8275,6.687873339239707e-14,0.0026947427603234,694.2319934803833,1.2297454721199584e-14,0.0,1.149304447240462e-15,0.0,2.7267560472505923e-14,3.3336738997875263e-16,False,3,True,1,False
1471,mechanistic_target,True,,solved,1,5575,6.687873339239707e-14,0.0026947427603234,694.2319934803833,2.908925882845066e-13,0.0,0.0,0.0,5.016678425384358e-15,0.0,False,0,True,1,False
1472,raw_prediction,True,4814100.0,solved,1,550,5.916465783943546e-14,0.0032935224971506,502.4994854825358,3.7731163301111804e-14,1.0351040659907924e-14,8.150794077137305e-14,0.0,2.5691800836972613e-14,2.017696209849028e-14,False,23,True,1,False
1472,mechanistic_target,True,,solved,1,3700,5.916465783943546e-14,0.0032935224971506,502.4994854825358,3.236572114703123e-13,0.0,5.6289144345273067e-14,0.0,3.397198891844296e-15,8.519874124561396e-17,False,1,True,1,False
1473,raw_prediction,True,13740900.0,solved,1,3725,6.143939642109373e-14,0.0017985597070562,955.5556380773126,5.032764859291176e-15,3.3847209199321546e-17,9.616363296422812e-17,0.0,4.5550336611890704e-14,5.79344960300992e-16,False,15,True,1,False
1473,mechanistic_target,True,,solved,1,2725,6.143939642109373e-14,0.0017985597070562,955.5556380773126,2.501941247415593e-13,0.0,0.0,0.0,4.612586266789351e-14,0.0,False,0,True,1,False
1474,raw_prediction,True,21112700.0,solved,1,7025,6.623903232780715e-14,0.0014121354119001,1312.1138928940045,2.194992190645788e-14,0.0,1.4099165728042241e-16,0.0,1.4969809441560897e-13,1.4305918542561705e-15,False,14,True,1,False
1474,mechanistic_target,True,,solved,1,5700,6.623903232780715e-14,0.0014121354119001,1312.1138928940045,1.495990185005788e-14,0.0,0.0,0.0,6.523404246995983e-15,3.139873437817393e-20,False,3,True,1,False
1475,raw_prediction,True,67529700.0,solved,1,24850,6.369641501480888e-14,0.0015376420432775,1158.7603949765587,1.5681900222830336e-14,0.0,1.623557080927794e-15,0.0,5.428678143940649e-14,6.736501428677979e-16,False,9,True,1,False
1475,mechanistic_target,True,,solved,1,22925,6.369641501480888e-14,0.0015376420432775,1158.7603949765587,1.172206700941818e-14,0.0,0.0,0.0,1.1328967169588054e-14,0.0,False,0,True,1,False
1476,raw_prediction,True,6963800.0,solved,1,925,5.845822228109565e-14,0.0022280600108249,733.9265839401094,4.8218373738251336e-14,2.8703068648327496e-14,3.860696041514071e-14,0.0,4.500535537623901e-14,7.114941125291758e-14,False,26,True,1,False
1476,mechanistic_target,True,,solved,1,10625,5.845822228109565e-14,0.0022280600108249,733.9265839401094,2.507740119060436e-14,0.0,0.0,0.0,6.661265733467177e-15,1.4789941297748134e-19,False,3,True,1,False
1477,raw_prediction,True,8449800.0,solved,1,1275,5.717260687335351e-14,0.0025584388541698,625.0961895538265,2.4886717950724245e-14,4.138526562100276e-15,3.9350677287757565e-14,0.0,4.3194796365167914e-14,2.9704978178438364e-14,False,21,True,1,False
1477,mechanistic_target,True,,solved,1,5725,5.717260687335351e-14,0.0025584388541698,625.0961895538265,6.258387183152582e-13,0.0,7.563680314581409e-14,0.0,3.329974165703976e-15,2.006537888221293e-17,False,1,True,1,False
1478,raw_prediction,True,50726600.0,solved,1,19450,6.171001236137667e-14,0.0007961121560927,2168.279563717267,2.7598630491636652e-14,0.0,2.322707521488652e-15,0.0,2.2334947738121792e-13,8.019187339340657e-16,False,18,True,1,False
1478,mechanistic_target,True,,solved,1,16550,6.171001236137667e-14,0.0007961121560927,2168.279563717267,1.2109430206179184e-14,0.0,0.0,0.0,1.5496104057069285e-14,0.0,False,0,True,1,False
1479,raw_prediction,True,231614900.0,solved inaccurate,2,100000,8.94953554563885e-14,0.0011268119999688,2221.687300022223,3.54456047846341e-14,8.252818664889743e-16,1.1996513123348806e-15,0.0,1.5290830656516085e-13,1.03507208786713e-15,False,14,True,1,False
1479,mechanistic_target,True,,solved,1,5650,8.94953554563885e-14,0.0011268119999688,2221.687300022223,6.344061249553927e-13,0.0,0.0,0.0,3.7284926017029535e-14,0.0,False,0,True,1,False
1480,raw_prediction,True,61275600.0,solved,1,21000,6.282033828635125e-14,0.0018629127831923,943.2822155474134,7.582921679815288e-15,0.0,0.0,0.0,6.40288979972219e-14,0.0,False,0,True,1,False
1480,mechanistic_target,True,,solved,1,13775,6.282033828635125e-14,0.0018629127831923,943.2822155474134,4.3814195763222503e-14,0.0,0.0,0.0,2.429084702393186e-15,7.365763068032213e-20,False,3,True,1,False
1481,raw_prediction,True,7696200.0,solved,1,850,7.615503539496726e-14,0.0021276797116172,1001.212516876286,7.990082120240549e-15,7.628486562414013e-15,1.5743194442390378e-14,0.0,1.947602458555581e-14,5.945597453085304e-15,False,27,True,1,False
1481,mechanistic_target,True,,solved,1,6275,7.615503539496726e-14,0.0021276797116172,1001.212516876286,1.0366355224417349e-12,0.0,1.5918062498447546e-13,0.0,3.814487256254429e-15,9.554382838334212e-18,False,1,True,1,False
1482,raw_prediction,True,11864600.0,solved,1,4025,7.842164694535753e-14,0.0017438198753071,1257.9640613913691,8.461951345688395e-15,0.0,0.0,0.0,2.5448534555368904e-14,5.0362844776894495e-18,False,4,True,1,False
1482,mechanistic_target,True,,solved,1,2275,7.842164694535753e-14,0.0017438198753071,1257.9640613913691,4.958544272276167e-12,0.0,0.0,0.0,5.766966227550725e-16,0.0,False,0,True,1,False
1483,raw_prediction,True,73666400.0,solved,1,25750,6.952327222033416e-14,0.0015832934685962,1228.2949970678508,7.624508840258632e-15,0.0,3.238948896768575e-16,0.0,3.370486383921336e-14,6.924878678243626e-17,False,4,True,1,False
1483,mechanistic_target,True,,solved,1,3850,6.952327222033416e-14,0.0015832934685962,1228.2949970678508,2.350795645380756e-13,0.0,1.3833242189035332e-14,0.0,5.1849474687215276e-14,1.4820941051220826e-17,False,1,True,1,False
1484,raw_prediction,True,20627400.0,solved,1,6950,7.940255297272728e-14,0.00107938028082,2057.756039525997,1.5791323297123258e-14,3.875391328704432e-14,1.473848681146548e-14,0.0,8.160942815471791e-14,4.84691899043542e-14,False,21,True,1,False
1484,mechanistic_target,True,,solved,1,6075,7.940255297272728e-14,0.00107938028082,2057.756039525997,8.412151558574043e-13,0.0,0.0,0.0,7.751871477896894e-14,0.0,False,0,True,1,False
1485,raw_prediction,True,14231400.0,solved,1,4200,6.133375625248875e-14,0.0012186348138154,1407.8613310814462,9.23566778610052e-15,3.317303304605083e-15,4.580486828914999e-15,0.0,7.740378248484492e-14,2.732232106259129e-15,False,25,True,1,False
1485,mechanistic_target,True,,solved,1,6800,6.133375625248875e-14,0.0012186348138154,1407.8613310814462,1.5564580519238135e-14,0.0,0.0,0.0,6.781992151224319e-15,4.7328109535709223e-20,False,3,True,1,False
1486,raw_prediction,True,10456700.0,solved,1,1975,8.18914878190355e-14,0.0014895970267991,1537.8141872915762,2.0452281361549307e-14,1.050129917986706e-14,1.4865050262456546e-14,0.0,6.819164097370666e-14,8.427160556265831e-15,False,25,True,1,False
1486,mechanistic_target,True,,solved,1,4050,8.18914878190355e-14,0.0014895970267991,1537.8141872915762,2.5735251782911574e-13,0.0,0.0,0.0,3.1023003803059094e-14,0.0,False,0,True,1,False
1487,raw_prediction,True,5621700.0,solved,1,600,5.712560484376598e-14,0.0039514612308379,404.396124219861,9.565401443465812e-15,1.5526712778868684e-15,3.3971387079029937e-14,0.0,1.8955058822489707e-14,2.28961302260558e-14,False,34,True,1,False
1487,mechanistic_target,True,,solved,1,1775,5.712560484376598e-14,0.0039514612308379,404.396124219861,1.152480518490613e-13,0.0,0.0,0.0,6.238480945469302e-17,0.0,False,0,True,1,False
1488,raw_prediction,True,14743600.0,solved,1,4550,6.802514352317626e-14,0.0017459623325237,1089.854433578182,1.9488750890861442e-14,1.6423634233335597e-17,3.205210807187429e-17,0.0,2.1004463317830967e-14,2.6022335640539584e-16,False,11,True,1,False
1488,mechanistic_target,True,,solved,1,3100,6.802514352317626e-14,0.0017459623325237,1089.854433578182,2.896120058985221e-13,0.0,1.8253942160727476e-14,0.0,3.4271264515184675e-14,1.7680807712244334e-17,False,1,True,1,False
1489,raw_prediction,True,22761100.0,solved,1,6925,9.284506887484112e-14,0.0012627020796115,2056.798966897344,1.5461590341381282e-14,0.0,8.91884746347806e-17,0.0,6.048349534527102e-14,4.898282535348787e-16,False,8,True,1,False
1489,mechanistic_target,True,,solved,1,5425,9.284506887484112e-14,0.0012627020796115,2056.798966897344,2.496202276742609e-13,0.0,0.0,0.0,4.0127902712858096e-14,6.876050445030152e-20,False,3,True,1,False
1490,raw_prediction,True,11921700.0,solved,1,3300,6.830102517810426e-14,0.0011812028256003,1617.4715244750964,1.2431028428849801e-14,1.994793828270557e-14,6.1448177324867696e-15,0.0,3.7228050257015724e-14,2.1221767070677968e-14,False,21,True,1,False
1490,mechanistic_target,True,,solved,1,7025,6.830102517810426e-14,0.0011812028256003,1617.4715244750964,7.358429802192151e-14,0.0,0.0,0.0,9.902367114027568e-15,0.0,False,0,True,1,False
1491,raw_prediction,True,251105300.0,solved inaccurate,2,100000,7.660070826119195e-14,0.0008165229636439,2624.208153259696,3.5665914666083154e-14,0.0,1.1930098257221651e-15,0.0,1.778370506562789e-13,1.9180949532604304e-16,False,3,True,1,False
1491,mechanistic_target,True,,solved,1,15700,7.660070826119195e-14,0.0008165229636439,2624.208153259696,1.8774883813873583e-14,0.0,0.0,0.0,8.210436402127592e-15,1.4034064076433606e-20,False,3,True,1,False
1492,raw_prediction,True,9225300.0,solved,1,1475,7.059332345745681e-14,0.0020128613426587,981.0331159150692,6.723697679900615e-15,5.235105122492735e-16,7.045700762518257e-15,0.0,4.199645977735133e-14,3.505615396642515e-15,False,25,True,1,False
1492,mechanistic_target,True,,solved,1,2175,7.059332345745681e-14,0.0020128613426587,981.0331159150692,5.0576609312489e-11,0.0,0.0,0.0,4.242098525283612e-15,0.0,False,0,True,1,False
1493,raw_prediction,True,10204000.0,solved,1,2925,5.714425919652535e-14,0.003932702607303,406.4577412523397,9.685020594936272e-15,0.0,0.0,0.0,1.7782783388071036e-14,3.889248227498429e-17,False,1,True,1,False
1493,mechanistic_target,True,,solved,1,1050,5.714425919652535e-14,0.003932702607303,406.4577412523397,8.95937707459769e-16,0.0,0.0,0.0,2.0116879831514124e-18,0.0,False,0,True,1,False
1494,raw_prediction,True,11177800.0,solved,1,3450,5.711135031263305e-14,0.0038685645628934,412.9585647362432,2.9433089486749475e-14,5.848291111267117e-15,3.604594620041525e-15,0.0,7.375236501296427e-15,1.5198018408178802e-15,False,11,True,1,False
1494,mechanistic_target,True,,solved,1,2225,5.711135031263305e-14,0.0038685645628934,412.9585647362432,6.404568699989248e-13,0.0,1.4374468264136746e-16,0.0,1.1395455456609483e-16,1.2976019573423433e-19,False,1,True,1,False
1495,raw_prediction,True,18741300.0,solved,1,6350,6.505224410747414e-14,0.002970470323336,612.5914959821807,1.6976526399955333e-14,0.0,8.250470292484918e-17,0.0,1.7579322908893332e-14,4.808252728876723e-16,False,9,True,1,False
1495,mechanistic_target,True,,solved,1,4675,6.505224410747414e-14,0.002970470323336,612.5914959821807,2.39103987720799e-13,0.0,5.702185683542961e-14,0.0,3.93869700747944e-15,1.5048791020240323e-16,False,2,True,1,False
1496,raw_prediction,True,25419200.0,solved,1,7950,6.353099410960973e-14,0.0014350734822886,1238.3557073493484,1.5142140493307432e-14,0.0,3.2523388665659218e-15,0.0,4.30643402398346e-13,5.010099556377832e-16,False,17,True,1,False
1496,mechanistic_target,True,,solved,1,3275,6.353099410960973e-14,0.0014350734822886,1238.3557073493484,9.804239340132597e-13,0.0,0.0,0.0,1.1782491221220812e-13,0.0,False,0,True,1,False
1497,raw_prediction,True,11794700.0,solved,1,3850,8.627060011201566e-14,0.0013617172934114,1772.1878904676491,1.6843773453905166e-14,3.721800372707231e-16,5.379290208727632e-15,0.0,8.117741434700981e-14,4.2821299329290895e-15,False,26,True,1,False
1497,mechanistic_target,True,,solved,1,3625,8.627060011201566e-14,0.0013617172934114,1772.1878904676491,9.697032079616924e-13,0.0,0.0,0.0,1.0507452969137933e-13,0.0,False,0,True,1,False
1498,raw_prediction,True,13350000.0,solved,1,4800,7.068533959895553e-14,0.0010415064741563,1898.45922322978,4.602111423036531e-14,0.0,0.0,0.0,2.137591838610862e-13,1.680119829711493e-16,False,1,True,1,False
1498,mechanistic_target,True,,solved,1,8975,7.068533959895553e-14,0.0010415064741563,1898.45922322978,9.265760566717117e-14,0.0,0.0,0.0,9.040380126499363e-15,0.0,False,0,True,1,False
1499,raw_prediction,True,63319000.0,solved,1,22875,6.486582616265958e-14,0.00157670155422,1150.8013339082563,1.054538401046301e-14,0.0,9.54748955875572e-16,0.0,3.9000632770167594e-14,3.313833643962377e-16,False,15,True,1,False
1499,mechanistic_target,True,,solved,1,18375,6.486582616265958e-14,0.00157670155422,1150.8013339082563,6.184179584459065e-14,0.0,0.0,0.0,2.1606472875081168e-15,0.0,False,0,True,1,False
1500,raw_prediction,True,7246500.0,solved,1,1725,9.184820983961424e-14,0.0017357513854673,1480.1886647066733,1.3093692796672942e-14,8.430673852902517e-16,1.2278814606878291e-14,0.0,4.0905575489079765e-14,4.523969970903846e-15,False,23,True,1,False
1500,mechanistic_target,True,,solved,1,2475,9.184820983961424e-14,0.0017357513854673,1480.1886647066733,7.863042296101093e-11,0.0,8.44902022194359e-15,0.0,1.4951198931388072e-14,3.8685475755569794e-18,False,1,True,1,False
1501,raw_prediction,True,22463100.0,solved,1,8850,9.467894262477557e-14,0.0012165860172738,2176.9300630659764,1.0272541493003376e-14,0.0,5.999647056961661e-17,0.0,6.055109586255781e-14,3.3935602523908124e-18,False,5,True,1,False
1501,mechanistic_target,True,,solved,1,6475,9.467894262477557e-14,0.0012165860172738,2176.9300630659764,8.931680672255381e-14,0.0,0.0,0.0,7.419707181773538e-15,7.758993127396928e-20,False,3,True,1,False
1502,raw_prediction,True,11792000.0,solved,1,3325,6.022989881567179e-14,0.0016602349304138,1014.7907155024056,1.8835085401069929e-13,0.0,2.7108934745766835e-14,0.0,3.1245381451127114e-14,6.1954707046253805e-15,False,8,True,1,False
1502,mechanistic_target,True,,solved,1,3500,6.022989881567179e-14,0.0016602349304138,1014.7907155024056,9.291373921297845e-14,0.0,0.0,0.0,1.29684857114435e-14,1.5892185592017037e-19,False,3,True,1,False
1503,raw_prediction,True,50284100.0,solved,1,18700,9.019568134373894e-14,0.0005279792522642,4778.623180565095,4.293093658347402e-14,1.190974019403225e-14,3.2412873814168075e-15,0.0,6.991600719717837e-14,1.0380847180567678e-14,False,15,True,1,False
1503,mechanistic_target,True,,solved,1,40850,9.019568134373894e-14,0.0005279792522642,4778.623180565095,1.2958047314094752e-14,0.0,7.149609163718726e-16,0.0,5.488274827303984e-14,7.165680740318364e-18,False,2,True,1,False
1504,raw_prediction,True,264906900.0,solved inaccurate,2,100000,6.192611427658713e-14,0.0007318539878057,2366.9183943526004,5.943080475457871e-14,1.067012645707944e-15,1.0714658190415984e-16,0.0,4.659527720975116e-13,1.4927255561047785e-15,False,17,True,1,False
1504,mechanistic_target,True,,solved,1,25300,6.192611427658713e-14,0.0007318539878057,2366.9183943526004,7.46576691757451e-14,0.0,1.7874022909296814e-15,0.0,2.595715280359568e-13,9.478124491099277e-16,False,2,True,1,False
1505,raw_prediction,True,13936700.0,solved,1,4425,6.953075793006601e-14,0.0012220354095408,1591.5748647368673,1.3100503926639394e-14,1.1873144258238182e-15,1.5131965416951337e-15,0.0,2.0066976969785014e-13,3.411753299245477e-16,False,22,True,1,False
1505,mechanistic_target,True,,solved,1,6125,6.953075793006601e-14,0.0012220354095408,1591.5748647368673,1.4086574844844977e-13,0.0,0.0,0.0,8.727180536035842e-15,1.4898457022283874e-21,False,3,True,1,False
1506,raw_prediction,True,8383600.0,solved,1,2050,7.347367485912209e-14,0.0016579108648674,1239.6654086465912,1.709223040879948e-14,1.0823946249925874e-17,1.1320214509221316e-15,0.0,1.7764144979894274e-14,3.4081072815298176e-16,False,17,True,1,False
1506,mechanistic_target,True,,solved,1,2525,7.347367485912209e-14,0.0016579108648674,1239.6654086465912,8.268568320167931e-11,0.0,0.0,0.0,4.832077265495476e-15,0.0,False,0,True,1,False
1507,raw_prediction,True,8319300.0,solved,1,1375,6.701775627816696e-14,0.0018684433349285,1003.330122175988,4.3867904100936e-14,2.3694228755982423e-14,3.775848210126093e-14,0.0,1.2074766912072682e-14,2.206868584539244e-14,False,28,True,1,False
1507,mechanistic_target,True,,solved,1,10400,6.701775627816696e-14,0.0018684433349285,1003.330122175988,7.843339830210508e-13,0.0,0.0,0.0,6.677607122211626e-15,0.0,False,0,True,1,False
1508,raw_prediction,True,8942100.0,solved,1,2575,5.71420563279504e-14,0.004034018709298,396.2341064470015,1.9288767405548352e-14,0.0,0.0,0.0,6.39667245370875e-14,0.0,False,0,True,1,False
1508,mechanistic_target,True,,solved,1,1275,5.71420563279504e-14,0.004034018709298,396.2341064470015,1.9047135653632674e-14,0.0,0.0,0.0,1.7957425144206825e-17,0.0,False,0,True,1,False
1509,raw_prediction,True,8045300.0,solved,1,1800,5.814925454401706e-14,0.0025122207338631,647.4709003665671,9.857679981661708e-15,1.0438469220717806e-15,1.8593633547558554e-14,0.0,3.8065046633132446e-14,1.0133064359872658e-14,False,22,True,1,False
1509,mechanistic_target,True,,solved,1,6050,5.814925454401706e-14,0.0025122207338631,647.4709003665671,3.9064387634084973e-13,0.0,5.476860150129612e-14,0.0,2.222987358182945e-15,8.418195689394076e-17,False,1,True,1,False
1510,raw_prediction,True,8298400.0,solved,1,1475,6.52783770924866e-14,0.0025348694447984,720.3567844155032,1.8653481537178607e-14,0.0,9.572928056897706e-14,0.0,4.458064674360376e-14,2.618614137473916e-14,False,21,True,1,False
1510,mechanistic_target,True,,solved,1,6050,6.52783770924866e-14,0.0025348694447984,720.3567844155032,3.176526341055828e-13,0.0,0.0,0.0,4.262849897262149e-15,0.0,False,0,True,1,False
1511,raw_prediction,True,21401700.0,solved,1,6275,8.719632481527029e-14,0.0010374495568817,2351.0674535303306,1.64998223417534e-14,3.941266542109789e-16,7.762735167370254e-16,0.0,6.752439075580745e-14,8.01836597982503e-17,False,13,True,1,False
1511,mechanistic_target,True,,solved,1,7675,8.719632481527029e-14,0.0010374495568817,2351.0674535303306,1.966346235872098e-13,0.0,0.0,0.0,2.1380469941144647e-14,0.0,False,0,True,1,False
1512,raw_prediction,True,12650500.0,solved,1,3275,7.312645025520182e-14,0.0014490342432845,1411.6588069173672,1.988643624772912e-14,1.238496797444752e-15,1.0583168780214146e-14,0.0,2.2070155250171243e-14,3.3864523654618418e-15,False,18,True,1,False
1512,mechanistic_target,True,,solved,1,4650,7.312645025520182e-14,0.0014490342432845,1411.6588069173672,1.1784114226256718e-13,0.0,6.476999899437744e-15,0.0,2.199189672818428e-14,1.2959377094964305e-17,False,1,True,1,False
1513,raw_prediction,True,47687200.0,solved,1,18750,6.853499772940576e-14,0.0017937965865174,1068.742568729096,1.6056600493641326e-14,0.0,1.1767065081953736e-15,0.0,2.642033256578877e-14,1.708109639913891e-16,False,15,True,1,False
1513,mechanistic_target,True,,solved,1,11900,6.853499772940576e-14,0.0017937965865174,1068.742568729096,5.834953368095007e-13,0.0,0.0,0.0,5.884564678792609e-15,0.0,False,0,True,1,False
1514,raw_prediction,True,96728200.0,solved,1,41325,1.0071663505296881e-13,0.0005577508626936,5051.203382204133,1.5012296961103292e-14,0.0,2.678664547603996e-17,0.0,1.0024966972385795e-13,1.0926356887811387e-16,False,8,True,1,False
1514,mechanistic_target,True,,solved,1,38900,1.0071663505296881e-13,0.0005577508626936,5051.203382204133,6.807218165626959e-15,0.0,0.0,0.0,1.1346914313346757e-13,3.261771570808272e-21,False,3,True,1,False
1515,raw_prediction,True,8606700.0,solved,1,1950,6.656925186969147e-14,0.0027115551281265,686.7349275186625,6.801102201065521e-15,7.367599986840971e-15,1.1917128902391324e-14,0.0,1.701713165195342e-13,4.4756991528958286e-15,False,20,True,1,False
1515,mechanistic_target,True,,solved,1,4625,6.656925186969147e-14,0.0027115551281265,686.7349275186625,7.919628866343252e-13,0.0,0.0,0.0,1.2556983976389061e-14,0.0,False,0,True,1,False
1516,raw_prediction,True,23930300.0,solved,1,8050,8.530858458495801e-14,0.0011196240597821,2131.348228319625,2.95514480941339e-14,4.333860570111999e-15,6.873909713928681e-15,0.0,1.2571601727920398e-14,2.733312982880396e-16,False,14,True,1,False
1516,mechanistic_target,True,,solved,1,7300,8.530858458495801e-14,0.0011196240597821,2131.348228319625,8.015567522046097e-14,0.0,3.0094145142657213e-15,0.0,1.1193431141084905e-14,2.596083678892233e-18,False,1,True,1,False
1517,raw_prediction,True,11761600.0,solved,1,3475,8.451877258338759e-14,0.0018489679878517,1278.6676797233097,1.6080886622305002e-14,0.0,9.588819277937226e-15,0.0,8.279002921607225e-14,2.6731822442239585e-16,False,14,True,1,False
1517,mechanistic_target,True,,solved,1,2400,8.451877258338759e-14,0.0018489679878517,1278.6676797233097,8.577905060153259e-11,0.0,9.872917010129856e-15,0.0,1.3888996266556539e-14,2.4128549090702488e-18,False,1,True,1,False
1518,raw_prediction,True,3521900.0,solved,1,425,6.537585225663937e-14,0.0025321089374516,722.21894389021,1.0791595717168591e-14,0.0,1.813571549932634e-16,0.0,4.5292777102871205e-14,3.3592761312938163e-16,False,7,True,1,False
1518,mechanistic_target,True,,solved,1,3550,6.537585225663937e-14,0.0025321089374516,722.21894389021,5.735961269383577e-13,0.0,0.0,0.0,1.130807606335438e-16,0.0,False,0,True,1,False
1519,raw_prediction,True,14912200.0,solved,1,4525,7.114955115356204e-14,0.0014470441927113,1375.384952213542,1.339206523454095e-14,3.138617567498366e-15,1.66694523594056e-14,0.0,1.3137204401128e-13,6.9697509092410716e-15,False,19,True,1,False
1519,mechanistic_target,True,,solved,1,4350,7.114955115356204e-14,0.0014470441927113,1375.384952213542,1.1389305979369302e-13,0.0,0.0,0.0,3.101759345143897e-14,0.0,False,0,True,1,False
1520,raw_prediction,True,13075100.0,solved,1,4400,7.322375852517552e-14,0.0013547615337649,1511.8999705747665,1.0590486820838407e-14,1.5119889744389952e-15,1.3631842750536331e-14,0.0,9.440309722821724e-14,5.458689191817805e-15,False,20,True,1,False
1520,mechanistic_target,True,,solved,1,1375,7.322375852517552e-14,0.0013547615337649,1511.8999705747665,6.233932010331152e-14,0.0,0.0,0.0,1.4953420500585298e-13,0.0,False,0,True,1,False
1521,raw_prediction,True,10275000.0,solved,1,3600,6.864035473385945e-14,0.0017976999201416,1068.0613970655718,1.4955051086396054e-14,6.702568239734653e-16,1.0082534468973143e-15,0.0,1.9346724649247987e-14,5.2602992629390905e-17,False,3,True,1,False
1521,mechanistic_target,True,,solved,1,12275,6.864035473385945e-14,0.0017976999201416,1068.0613970655718,3.9128320985015464e-13,0.0,0.0,0.0,2.8745631437533388e-15,0.0,False,0,True,1,False
1522,raw_prediction,True,19149100.0,solved,1,6325,7.45199928593922e-14,0.0009518362980004,2190.0016428604995,9.636828911654754e-15,6.563670608384593e-17,3.758798081042439e-15,0.0,7.692896793248571e-14,7.065610968586979e-16,False,27,True,1,False
1522,mechanistic_target,True,,solved,1,8125,7.45199928593922e-14,0.0009518362980004,2190.0016428604995,4.199200625562598e-13,0.0,0.0,0.0,4.5240302389754824e-14,0.0,False,0,True,1,False
1523,raw_prediction,True,10179000.0,solved,1,2900,9.392010837665952e-14,0.0013535494607063,1940.9679015900588,1.4617143000590303e-14,2.9856744111143854e-15,4.860934157554356e-15,0.0,8.353840162287425e-14,2.9073419329398125e-15,False,23,True,1,False
1523,mechanistic_target,True,,solved,1,4900,9.392010837665952e-14,0.0013535494607063,1940.9679015900588,1.7538329277232236e-13,0.0,0.0,0.0,2.3538750207411087e-14,0.0,False,0,True,1,False
1524,raw_prediction,True,30650700.0,solved,1,11550,8.81943985936011e-14,0.0006442580965823,3829.2614216009056,2.0670964939739636e-14,0.0,3.566703290569408e-15,0.0,5.245809512466308e-14,1.318438737608201e-15,False,27,True,1,False
1524,mechanistic_target,True,,solved,1,24300,8.81943985936011e-14,0.0006442580965823,3829.2614216009056,1.8686775033053708e-14,0.0,2.687152159315057e-16,0.0,1.3645916261162038e-14,5.612661725902826e-19,False,1,True,1,False
1525,raw_prediction,True,3616700.0,solved,1,450,5.709857621483855e-14,0.004995114623837,319.7523308588612,1.3015855303742852e-14,0.0,3.8861441014617066e-14,0.0,1.3940634203793802e-14,4.4122114617146815e-16,False,3,True,1,False
1525,mechanistic_target,True,,solved,1,950,5.709857621483855e-14,0.004995114623837,319.7523308588612,5.598988603460268e-15,0.0,0.0,0.0,8.803338466448689e-17,6.510819660317818e-22,False,1,True,1,False
1526,raw_prediction,True,5439400.0,solved,1,1275,5.723768136797939e-14,0.0062842596492084,254.7779333744142,1.7680301667155618e-14,5.998419516305182e-15,0.0,0.0,1.2066607226555912e-14,1.8270641807497837e-15,False,2,True,1,False
1526,mechanistic_target,True,,solved,1,750,5.723768136797939e-14,0.0062842596492084,254.7779333744142,9.446054352247011e-15,0.0,3.591576397626444e-18,0.0,9.823312758574807e-17,3.613671890612376e-21,False,1,True,1,False
1527,raw_prediction,True,9283600.0,solved,1,2400,8.614510130821729e-14,0.0020269957974063,1188.807773687877,1.7287881495108003e-14,1.5980225505692403e-14,2.2411667698619814e-14,0.0,9.99817422665961e-14,1.462968723447723e-14,False,30,True,1,False
1527,mechanistic_target,True,,solved,1,5325,8.614510130821729e-14,0.0020269957974063,1188.807773687877,4.361771569499596e-12,0.0,0.0,0.0,1.5397700227775313e-15,0.0,False,0,True,1,False
1528,raw_prediction,True,16206500.0,solved,1,5550,8.293480967172738e-14,0.0014735025026528,1574.417371737928,3.873030368639618e-14,0.0,0.0,0.0,5.734305875030689e-14,7.779232631893874e-17,False,1,True,1,False
1528,mechanistic_target,True,,solved,1,4125,8.293480967172738e-14,0.0014735025026528,1574.417371737928,2.524287278622689e-13,0.0,1.5850279656615976e-14,0.0,3.44587690089508e-14,8.477155743330678e-18,False,1,True,1,False
1529,raw_prediction,True,23784000.0,solved,1,8800,9.573226232110459e-14,0.0011975716579505,2236.0973727238293,1.9951054697209255e-14,0.0,0.0,0.0,1.1175819242024829e-13,5.700777450050325e-16,False,5,True,1,False
1529,mechanistic_target,True,,solved,1,4375,9.573226232110459e-14,0.0011975716579505,2236.0973727238293,9.578238163537178e-13,0.0,0.0,0.0,1.4432951851665742e-13,0.0,False,0,True,1,False
1530,raw_prediction,True,83038500.0,solved,1,34625,7.763135462362923e-14,0.000554414831277,3916.843534914138,9.479916653996433e-14,1.105814694886197e-15,3.4045165040998038e-15,0.0,1.2349387910987845e-12,5.623168768799612e-16,False,15,True,1,False
1530,mechanistic_target,True,,solved inaccurate,2,100000,7.763135462362923e-14,0.000554414831277,3916.843534914138,6.42135528456057e-14,0.0,1.7108963930511422e-16,0.0,4.600343893140096e-13,1.6737850457148195e-17,False,1,True,1,False
1531,raw_prediction,True,38866200.0,solved,1,15450,6.242937018378133e-14,0.0009019645667668,1936.1249218875037,1.0124713567538636e-14,1.4979105170973164e-17,1.167091859894732e-16,0.0,9.336158987715049e-14,3.589468898270034e-17,False,12,True,1,False
1531,mechanistic_target,True,,solved,1,14400,6.242937018378133e-14,0.0009019645667668,1936.1249218875037,1.4639330946111134e-14,0.0,2.7257884936677638e-15,0.0,8.211660690358977e-14,1.1694117620508485e-15,False,2,True,1,False
1532,raw_prediction,True,6074300.0,solved,1,425,6.012120959110533e-14,0.0034777258091463,483.5777049663484,7.069563533799252e-15,7.142000542313427e-16,3.5959385634429275e-15,0.0,5.676019788127251e-14,1.1367056598190882e-15,False,25,True,1,False
1532,mechanistic_target,True,,solved,1,2850,6.012120959110533e-14,0.0034777258091463,483.5777049663484,1.7478370990302748e-12,0.0,0.0,0.0,1.485832670515272e-16,0.0,False,0,True,1,False
1533,raw_prediction,True,62279000.0,solved,1,24700,7.75599164366348e-14,0.0007426469779425,2921.3851200689764,4.7828060956156555e-14,0.0,0.0,0.0,3.2601155992994583e-13,0.0,False,0,True,1,False
1533,mechanistic_target,True,,solved,1,19500,7.75599164366348e-14,0.0007426469779425,2921.3851200689764,1.5694680808035722e-14,0.0,2.7781659703003643e-16,0.0,1.2588422029545692e-14,1.3757183877096581e-18,False,1,True,1,False
1534,raw_prediction,True,19886600.0,solved,1,6575,6.556465334860406e-14,0.0009411920398267,1948.6122229800665,1.1071795979036524e-14,1.2676859615892773e-15,1.6934867387608725e-15,0.0,3.8591169064524506e-13,1.6218947538947774e-15,False,15,True,1,False
1534,mechanistic_target,True,,solved,1,11200,6.556465334860406e-14,0.0009411920398267,1948.6122229800665,1.7350115359076778e-14,0.0,0.0,0.0,1.0286607148889271e-14,0.0,False,0,True,1,False
1535,raw_prediction,True,19361300.0,solved,1,7175,7.429666435326503e-14,0.0012302478872228,1689.3147988084424,3.5301622736128024e-14,1.0828329728226533e-15,8.263501895480213e-15,0.0,4.404747256755175e-14,4.2438233680985216e-15,False,26,True,1,False
1535,mechanistic_target,True,,solved,1,6300,7.429666435326503e-14,0.0012302478872228,1689.3147988084424,8.936072440656704e-14,0.0,3.643654255392028e-15,0.0,1.6274425726231365e-14,4.743593114535644e-18,False,1,True,1,False
1536,raw_prediction,True,48357000.0,solved,1,17625,7.293319209574169e-14,0.0008677164947071,2351.1550340157687,1.0155068612277518e-14,0.0,0.0,0.0,1.335876580027482e-13,0.0,False,0,True,1,False
1536,mechanistic_target,True,,solved,1,11350,7.293319209574169e-14,0.0008677164947071,2351.1550340157687,9.317114854603029e-14,0.0,0.0,0.0,8.23939359918354e-15,0.0,False,0,True,1,False
1537,raw_prediction,True,3996800.0,solved,1,525,5.713475925409553e-14,0.0026649777008015,599.7092131617369,5.773159728050814e-15,0.0,0.0,0.0,5.628575399900864e-14,9.865333236174975e-15,False,1,True,1,False
1537,mechanistic_target,True,,solved,1,5225,5.713475925409553e-14,0.0026649777008015,599.7092131617369,6.478296086739882e-13,0.0,0.0,0.0,3.967680367169984e-15,0.0,False,0,True,1,False
1538,raw_prediction,True,13638800.0,solved,1,3925,6.392408110186514e-14,0.001493243357821,1197.4787096929288,1.1413826822374296e-14,0.0,2.5968408929757867e-14,0.0,5.0848185910084016e-14,2.7845821127523018e-15,False,18,True,1,False
1538,mechanistic_target,True,,solved,1,4025,6.392408110186514e-14,0.001493243357821,1197.4787096929288,1.2038676552654133e-13,0.0,0.0,0.0,2.173707115409381e-14,0.0,False,0,True,1,False
1539,raw_prediction,True,27578700.0,solved,1,9375,9.912907407582139e-14,0.0011816356612091,2346.6664202584398,1.8539206628198635e-14,7.266350211563045e-16,3.923556216021528e-15,0.0,7.582274642290589e-14,5.678182207835934e-16,False,16,True,1,False
1539,mechanistic_target,True,,solved,1,6250,9.912907407582139e-14,0.0011816356612091,2346.6664202584398,1.338490043379798e-13,0.0,0.0,0.0,1.6262547601198785e-14,0.0,False,0,True,1,False
1540,raw_prediction,True,10006200.0,solved,1,2475,7.213389301625319e-14,0.0015238215509668,1324.1560175939485,3.8701680749042566e-14,1.162200568844811e-13,8.727397480509424e-14,0.0,2.9811530170787903e-14,6.880558330609906e-14,False,19,True,1,False
1540,mechanistic_target,True,,solved,1,4050,7.213389301625319e-14,0.0015238215509668,1324.1560175939485,1.276087367439729e-13,0.0,6.609806599413612e-15,0.0,1.5545197853279868e-14,7.934769779772189e-18,False,1,True,1,False
1541,raw_prediction,True,4864900.0,solved,1,825,9.080149665287856e-14,0.0018028930644536,1408.8246355906203,8.999745393367675e-15,6.0096503966710686e-15,3.1795156892569997e-16,0.0,4.3367966637388153e-14,7.674544620389474e-15,False,23,True,1,False
1541,mechanistic_target,True,,solved,1,2300,9.080149665287856e-14,0.0018028930644536,1408.8246355906203,1.2878222829792236e-11,0.0,0.0,0.0,1.5384117304320029e-15,0.0,False,0,True,1,False
1542,raw_prediction,True,56648300.0,solved,1,22550,8.988157073968335e-14,0.0008852191373837,2840.231616953744,3.698777395477748e-14,0.0,8.038888817601799e-15,0.0,2.492783499799043e-13,2.3388872990512947e-15,False,6,True,1,False
1542,mechanistic_target,True,,solved,1,12000,8.988157073968335e-14,0.0008852191373837,2840.231616953744,6.118029602739943e-14,0.0,0.0,0.0,5.773066005305742e-15,0.0,False,0,True,1,False
1543,raw_prediction,True,42183600.0,solved,1,16900,6.462741296072907e-14,0.0008330290718252,2170.153791089817,3.1406961009676843e-14,1.1995910740572786e-16,4.021655154591784e-16,0.0,2.393834894384378e-13,1.0698071316758623e-16,False,6,True,1,False
1543,mechanistic_target,True,,solved,1,15850,6.462741296072907e-14,0.0008330290718252,2170.153791089817,1.2773111876146615e-14,0.0,1.043511991785116e-18,0.0,4.4864992090056287e-14,1.594222077928497e-21,False,3,True,1,False
1544,raw_prediction,True,6167900.0,solved,1,875,6.384855368566293e-14,0.0025766024846174,693.1664611317468,7.457841709180657e-15,6.99463657271017e-16,1.4157180889001932e-14,0.0,1.7440415425258964e-14,3.635590533619341e-15,False,18,True,1,False
1544,mechanistic_target,True,,solved,1,3775,6.384855368566293e-14,0.0025766024846174,693.1664611317468,9.503487869685772e-13,0.0,0.0,0.0,1.2586841090846556e-16,0.0,False,0,True,1,False
1545,raw_prediction,True,6728600.0,solved,1,1175,5.719099115034149e-14,0.0023211964030664,689.2069254115193,1.5466496356211782e-14,2.1399822975955248e-14,2.941872195475764e-14,0.0,1.819065028422142e-14,6.8742725102911385e-15,False,20,True,1,False
1545,mechanistic_target,True,,solved,1,8125,5.719099115034149e-14,0.0023211964030664,689.2069254115193,1.9774872690008659e-13,0.0,0.0,0.0,9.381007926238236e-16,5.415281910200797e-19,False,3,True,1,False
1546,raw_prediction,True,81607400.0,solved,1,27025,9.296190220808362e-14,0.0005016853715534,5183.31332821579,5.764993850061735e-14,2.262575408508631e-15,3.926131567641428e-15,0.0,2.731502597542101e-13,2.4266909551047992e-15,False,16,True,1,False
1546,mechanistic_target,True,,solved,1,48600,9.296190220808362e-14,0.0005016853715534,5183.31332821579,2.6801339728462144e-14,0.0,4.766406109145817e-16,0.0,2.45692664320202e-13,2.472737658979454e-16,False,2,True,1,False
1547,raw_prediction,True,11673100.0,solved,1,3225,6.864211410677922e-14,0.0014727619370676,1303.7430247481536,1.1869151494980912e-13,0.0,1.119360684694713e-14,0.0,2.8386475618730972e-14,5.48455251171458e-16,False,11,True,1,False
1547,mechanistic_target,True,,solved,1,3500,6.864211410677922e-14,0.0014727619370676,1303.7430247481536,8.722442302603507e-13,0.0,0.0,0.0,1.0792219562672009e-13,0.0,False,0,True,1,False
1548,raw_prediction,True,9226600.0,solved,1,2225,8.375654439935849e-14,0.0016881049764309,1387.884096849643,2.6259770269639903e-14,2.2556390377794743e-14,3.267802188497832e-14,0.0,6.233617352443553e-13,2.7137842529235203e-14,False,21,True,1,False
1548,mechanistic_target,True,,solved,1,2950,8.375654439935849e-14,0.0016881049764309,1387.884096849643,6.39269585631112e-13,0.0,0.0,0.0,9.555810049954768e-14,0.0,False,0,True,1,False
1549,raw_prediction,True,24319500.0,solved,1,8600,8.072987223904295e-14,0.0021744083349122,1038.5491617952678,1.2842684243602892e-14,0.0,3.928708003152528e-16,0.0,2.01146782872821e-14,7.460318729496987e-16,False,10,True,1,False
1549,mechanistic_target,True,,solved,1,4575,8.072987223904295e-14,0.0021744083349122,1038.5491617952678,2.272334629434006e-12,0.0,0.0,0.0,7.715833632462747e-16,0.0,False,0,True,1,False
1550,raw_prediction,True,10755000.0,solved,1,2725,5.945654724884823e-14,0.0045947147888052,361.9720401322135,8.3019434027055e-15,2.0936350539385552e-15,1.7553013376036148e-15,0.0,1.105933204613028e-14,1.6637534973830186e-16,False,5,True,1,False
1550,mechanistic_target,True,,solved,1,1600,5.945654724884823e-14,0.0045947147888052,361.9720401322135,2.3481041602674404e-13,0.0,0.0,0.0,7.877331128035235e-17,0.0,False,0,True,1,False
1551,raw_prediction,True,7362500.0,solved,1,1450,5.984240288128831e-14,0.0025050061780113,668.2425425995569,1.4097397628664251e-14,1.8178418967381272e-15,1.880846748060312e-14,0.0,3.629678889321993e-14,5.56387709089292e-16,False,26,True,1,False
1551,mechanistic_target,True,,solved,1,5775,5.984240288128831e-14,0.0025050061780113,668.2425425995569,5.923192262995599e-13,0.0,8.523353609364011e-14,0.0,4.794720610522237e-15,1.0308094028989463e-16,False,1,True,1,False
1552,raw_prediction,True,11659600.0,solved,1,3175,9.071131068819381e-14,0.0013153150488778,1929.148020171831,1.3539552923369506e-14,0.0,6.172674783134225e-15,0.0,5.1807757024094054e-14,1.92718081903539e-15,False,24,True,1,False
1552,mechanistic_target,True,,solved,1,4925,9.071131068819381e-14,0.0013153150488778,1929.148020171831,2.1932127241833018e-13,0.0,0.0,0.0,1.596074782927624e-14,0.0,False,0,True,1,False
1553,raw_prediction,True,5556300.0,solved,1,650,5.714154846021077e-14,0.0037730623309138,423.6350879117659,1.3704498414752184e-14,1.6762106968240385e-15,3.078656954037088e-14,0.0,2.4506048445135572e-14,2.0214397713792176e-15,False,20,True,1,False
1553,mechanistic_target,True,,solved,1,1925,5.714154846021077e-14,0.0037730623309138,423.6350879117659,1.831773790392184e-13,0.0,0.0,0.0,1.676259181574203e-16,0.0,False,0,True,1,False
1554,raw_prediction,True,237455400.0,solved inaccurate,2,100000,6.585208706174855e-14,0.0008742126440005,2107.105878176067,2.561319212279756e-14,0.0,1.0672739442612075e-14,0.0,2.3160088564229335e-13,1.2671391465356549e-15,False,14,True,1,False
1554,mechanistic_target,True,,solved,1,12850,6.585208706174855e-14,0.0008742126440005,2107.105878176067,2.8485703009308285e-14,0.0,0.0,0.0,4.675449766207616e-15,6.97991904662098e-21,False,3,True,1,False
1555,raw_prediction,True,8880800.0,solved,1,2500,6.397273815666633e-14,0.0021353237300679,838.040701672885,1.5730939134783194e-14,0.0,5.948706528258469e-15,0.0,6.025963074262967e-14,1.4641926516693253e-15,False,21,True,1,False
1555,mechanistic_target,True,,solved,1,9225,6.397273815666633e-14,0.0021353237300679,838.040701672885,2.1266966336411854e-13,0.0,0.0,0.0,2.406566453402048e-15,0.0,False,0,True,1,False
1556,raw_prediction,True,81353400.0,solved,1,32150,6.282139473139215e-14,0.0013285885645482,1322.6683534535205,1.7704882095098792e-14,0.0,0.0,0.0,2.2543218133049456e-14,0.0,False,0,True,1,False
1556,mechanistic_target,True,,solved,1,30975,6.282139473139215e-14,0.0013285885645482,1322.6683534535205,1.0538369412980557e-14,0.0,0.0,0.0,2.04680620796826e-14,2.229192651375838e-20,False,3,True,1,False
1557,raw_prediction,True,6241700.0,solved,1,1525,5.843253214309025e-14,0.002859121512462,571.6839398815267,1.343794870728636e-14,0.0,7.735543478235083e-15,0.0,4.3947970181559194e-14,9.483239395632084e-16,False,4,True,1,False
1557,mechanistic_target,True,,solved,1,3625,5.843253214309025e-14,0.002859121512462,571.6839398815267,1.515712377478034e-12,0.0,0.0,0.0,1.4898212764658475e-16,0.0,False,0,True,1,False
1558,raw_prediction,True,32762500.0,solved,1,12325,6.334140557511618e-14,0.0007610512697431,2328.1324274388057,1.954564982087348e-13,3.09424617680033e-16,1.0988320408429507e-14,0.0,7.358317162054913e-13,4.051112725848972e-15,False,27,True,1,False
1558,mechanistic_target,True,,solved,1,21175,6.334140557511618e-14,0.0007610512697431,2328.1324274388057,1.1263878025107516e-14,0.0,9.383862027380829e-16,0.0,2.5639868584061362e-14,9.924672755012471e-17,False,2,True,1,False
1559,raw_prediction,True,15013400.0,solved,1,4250,5.719477462260884e-14,0.0017742877993539,901.7085450465069,1.0803829849837075e-14,0.0,0.0,0.0,8.815126460596263e-14,4.716412972372275e-18,False,4,True,1,False
1559,mechanistic_target,True,,solved,1,2950,5.719477462260884e-14,0.0017742877993539,901.7085450465069,1.243437611408838e-13,0.0,0.0,0.0,1.3984653302944902e-14,0.0,False,0,True,1,False
1560,raw_prediction,True,25519800.0,solved,1,9725,8.038826345805466e-14,0.0008614356807165,2610.3797355694337,9.278133816792433e-13,0.0,0.0,0.0,6.523065805272293e-14,1.7578828642691147e-14,False,1,True,1,False
1560,mechanistic_target,True,,solved,1,15625,8.038826345805466e-14,0.0008614356807165,2610.3797355694337,1.812858259874896e-14,0.0,0.0,0.0,1.6512315816518243e-14,2.6277385541310116e-20,False,3,True,1,False
1561,raw_prediction,True,35733000.0,solved,1,12125,6.738411178992951e-14,0.0012032423233624,1566.528523968943,7.796213819823915e-14,7.120968063736114e-16,5.3106339423906774e-14,0.0,1.9162523893016525e-13,5.135308845274776e-14,False,36,True,1,False
1561,mechanistic_target,True,,solved,1,29775,6.738411178992951e-14,0.0012032423233624,1566.528523968943,2.5808879054078462e-14,0.0,0.0,0.0,3.814666763113287e-15,4.876246175166234e-21,False,3,True,1,False
1562,raw_prediction,True,11783500.0,solved,1,3500,9.616525858208649e-14,0.0014261958314405,1886.1357182216252,9.749145934989656e-15,1.2946295695435313e-15,1.9090926892975576e-15,0.0,7.806573162261051e-14,4.563025595368071e-16,False,6,True,1,False
1562,mechanistic_target,True,,solved,1,3875,9.616525858208649e-14,0.0014261958314405,1886.1357182216252,5.624863465685701e-13,0.0,0.0,0.0,7.52598811984321e-14,0.0,False,0,True,1,False
1563,raw_prediction,True,20318000.0,solved,1,7125,8.19964233292548e-14,0.0007949618413824,2885.243854486196,4.696243394164412e-14,0.0,6.080936757692106e-15,0.0,2.0952151612603494e-14,5.6535693954049335e-15,False,31,True,1,False
1563,mechanistic_target,True,,solved,1,16875,8.19964233292548e-14,0.0007949618413824,2885.243854486196,1.8883212458698064e-14,0.0,0.0,0.0,1.433322002312962e-14,7.6324539081234e-21,False,3,True,1,False
1564,raw_prediction,True,16885300.0,solved,1,5750,7.190038631009735e-14,0.0010381029008433,1937.4241890047456,1.4578616092109087e-14,0.0,1.3178860781584822e-15,0.0,2.632865341823637e-14,5.613749028855649e-16,False,23,True,1,False
1564,mechanistic_target,True,,solved,1,7475,7.190038631009735e-14,0.0010381029008433,1937.4241890047456,1.6655571903446478e-13,0.0,0.0,0.0,1.860452803912934e-14,0.0,False,0,True,1,False
1565,raw_prediction,True,46891500.0,solved,1,17750,7.020289802906854e-14,0.0008617769966376,2278.736148070556,6.361909420707683e-14,0.0,8.424610481640771e-15,0.0,4.53613392977974e-13,5.534475801566794e-16,False,16,True,1,False
1565,mechanistic_target,True,,solved,1,16050,7.020289802906854e-14,0.0008617769966376,2278.736148070556,4.1111208492532006e-14,0.0,4.647245956417172e-15,0.0,3.6229806077634445e-13,4.133811687453966e-15,False,5,True,1,False
1566,raw_prediction,True,15766300.0,solved,1,5450,6.512816908365098e-14,0.002712004264752,671.7573076894016,1.821777791202081e-14,0.0,4.900216234143425e-15,0.0,4.161840593109864e-14,4.0207152986976283e-16,False,13,True,1,False
1566,mechanistic_target,True,,solved,1,2975,6.512816908365098e-14,0.002712004264752,671.7573076894016,5.520082576519255e-13,0.0,0.0,0.0,1.5402643871823495e-16,0.0,False,0,True,1,False
1567,raw_prediction,True,9265100.0,solved,1,2425,9.423554277885733e-14,0.0017092759208177,1542.184948787142,2.652014070649264e-14,3.459316383843014e-14,4.77679340729707e-14,0.0,3.6026001402393934e-14,6.654191907726561e-14,False,19,True,1,False
1567,mechanistic_target,True,,solved,1,2400,9.423554277885733e-14,0.0017092759208177,1542.184948787142,1.8896664439153484e-11,0.0,0.0,0.0,3.739768075471885e-15,0.0,False,0,True,1,False
1568,raw_prediction,True,6390200.0,solved,1,1200,6.32020544607665e-14,0.0031834481125037,555.3506936590558,7.116834388335828e-15,1.464660356754577e-16,3.3338904718811202e-15,0.0,4.6562958364388985e-14,8.259654661274103e-15,False,27,True,1,False
1568,mechanistic_target,True,,solved,1,3225,6.32020544607665e-14,0.0031834481125037,555.3506936590558,1.4641735773796325e-12,0.0,0.0,0.0,1.5643318659990372e-16,0.0,False,0,True,1,False
1569,raw_prediction,True,23917000.0,solved,1,8000,8.784329571918732e-14,0.0012527209436135,1961.4994089553609,1.4294960912581973e-14,0.0,3.8790268359797076e-17,0.0,1.598646614485239e-13,1.154801511218175e-16,False,11,True,1,False
1569,mechanistic_target,True,,solved,1,5150,8.784329571918732e-14,0.0012527209436135,1961.4994089553609,2.30805632617587e-13,0.0,0.0,0.0,1.3625374564706918e-14,0.0,False,0,True,1,False
1570,raw_prediction,True,6040300.0,solved,1,1300,8.648893794638983e-14,0.002049098035259,1180.67869270043,1.4462831560605584e-14,0.0,9.846617042130947e-15,0.0,4.7414855300212327e-14,6.716879936435894e-16,False,8,True,1,False
1570,mechanistic_target,True,,solved,1,4950,8.648893794638983e-14,0.002049098035259,1180.67869270043,2.930852066043885e-12,0.0,0.0,0.0,1.1272996889237918e-15,0.0,False,0,True,1,False
1571,raw_prediction,True,8075800.0,solved,1,2275,7.171440005462499e-14,0.0017514224598925,1145.3793615415848,2.2729037339039153e-14,9.33344559257416e-17,1.863056440168861e-15,0.0,1.2859534965055526e-13,3.603791598682959e-16,False,25,True,1,False
1571,mechanistic_target,True,,solved,1,13150,7.171440005462499e-14,0.0017514224598925,1145.3793615415848,3.1320368112363753e-13,0.0,1.6599694722675256e-14,0.0,3.277409640144284e-15,1.3070738593374464e-18,False,1,True,1,False
1572,raw_prediction,True,24538800.0,solved,1,8000,8.602080061360415e-14,0.0012612713581773,1907.782431960248,1.616668101306791e-14,1.7956810364987882e-15,6.256348394933224e-15,0.0,1.182174625694523e-13,5.256786044969207e-15,False,30,True,1,False
1572,mechanistic_target,True,,solved,1,5525,8.602080061360415e-14,0.0012612713581773,1907.782431960248,1.3936097823699582e-13,0.0,0.0,0.0,1.8877719493168242e-14,0.0,False,0,True,1,False
1573,raw_prediction,True,7656200.0,solved,1,1450,5.719597621427376e-14,0.0021715501144797,736.7659033546357,6.325924302125862e-15,0.0,5.262349117233553e-15,0.0,7.238796529775074e-14,1.4100234190126116e-15,False,18,True,1,False
1573,mechanistic_target,True,,solved,1,9400,5.719597621427376e-14,0.0021715501144797,736.7659033546357,9.819716147918177e-14,0.0,0.0,0.0,1.05018058085253e-14,5.554501795374195e-19,False,3,True,1,False
1574,raw_prediction,True,6185800.0,solved,1,1550,5.783989684699453e-14,0.0026848418694354,602.6188277932423,6.2918420473678785e-15,1.093640931626314e-15,0.0,0.0,3.1982703561620515e-14,5.332969212901463e-15,False,4,True,1,False
1574,mechanistic_target,True,,solved,1,5250,5.783989684699453e-14,0.0026848418694354,602.6188277932423,5.351232229599194e-13,0.0,0.0,0.0,4.156465861207196e-15,0.0,False,0,True,1,False
1575,raw_prediction,True,12594600.0,solved,1,4275,8.40801286107341e-14,0.0016654164503508,1412.2266919965232,9.857367941897075e-15,0.0,5.74425292563969e-15,0.0,8.347231350982013e-14,3.9625922132103416e-16,False,4,True,1,False
1575,mechanistic_target,True,,solved,1,3125,8.40801286107341e-14,0.0016654164503508,1412.2266919965232,4.3146963002735306e-13,0.0,0.0,0.0,5.5890185170775645e-14,0.0,False,0,True,1,False
1576,raw_prediction,True,11951700.0,solved,1,4075,8.897375558793322e-14,0.0016612438865035,1498.174584633343,1.1539092531059248e-14,0.0,0.0,0.0,2.3700225730599712e-14,7.40360302151888e-17,False,2,True,1,False
1576,mechanistic_target,True,,solved,1,2800,8.897375558793322e-14,0.0016612438865035,1498.174584633343,9.448908524869126e-13,0.0,9.508159776256368e-14,0.0,1.0300201986898769e-13,1.2292939661516419e-17,False,1,True,1,False
1577,raw_prediction,True,12913300.0,solved,1,3875,7.652328039521501e-14,0.0011589987617619,1846.9047811896507,1.1384296283445394e-13,0.0,2.0084632464108063e-14,0.0,4.7119792623927336e-14,6.6411296277992445e-15,False,9,True,1,False
1577,mechanistic_target,True,,solved,1,7425,7.652328039521501e-14,0.0011589987617619,1846.9047811896507,4.0096134720998076e-14,0.0,0.0,0.0,3.686699527707885e-15,3.2435114929492694e-20,False,3,True,1,False
1578,raw_prediction,True,16310200.0,solved,1,4800,6.653546948203642e-14,0.0015520144723591,1199.1992755177016,1.0158540675320182e-14,3.899131375763614e-15,1.4122287277539024e-14,0.0,5.7243406422381e-14,2.2379957822017708e-15,False,19,True,1,False
1578,mechanistic_target,True,,solved,1,3050,6.653546948203642e-14,0.0015520144723591,1199.1992755177016,7.556653248098107e-13,0.0,0.0,0.0,6.683469284752616e-14,0.0,False,0,True,1,False
1579,raw_prediction,True,5719300.0,solved,1,650,6.24278192433581e-14,0.0019789476301278,882.4249140547427,1.3867668223962292e-14,0.0,3.5082327448223684e-15,0.0,3.996962290729226e-14,1.1464977138174528e-14,False,27,True,1,False
1579,mechanistic_target,True,,solved,1,12125,6.24278192433581e-14,0.0019789476301278,882.4249140547427,4.7243286044494523e-14,0.0,0.0,0.0,2.1855195795799e-15,0.0,False,0,True,1,False
1580,raw_prediction,True,246709900.0,solved inaccurate,2,100000,8.299004319287522e-14,0.0005827185127222,3983.832529376344,2.4813922252769624e-14,1.0635903785384813e-15,1.6358881531839282e-15,0.0,2.923663008401576e-13,4.3622166081007432e-16,False,24,True,1,False
1580,mechanistic_target,True,,solved inaccurate,2,100000,8.299004319287522e-14,0.0005827185127222,3983.832529376344,2.2423721362147235e-14,9.009186971937144e-16,1.2341583280661042e-15,0.0,2.703553112313803e-13,1.1784313684516746e-18,False,5,True,1,False
1581,raw_prediction,True,17311500.0,solved,1,5325,8.613559123997345e-14,0.0013881736119266,1735.6923647747806,1.772193503057906e-14,0.0,6.0467621303726185e-15,0.0,3.67397864114559e-14,6.920728470746754e-16,False,24,True,1,False
1581,mechanistic_target,True,,solved,1,4325,8.613559123997345e-14,0.0013881736119266,1735.6923647747806,4.042360142726891e-13,0.0,2.4482551901574823e-14,0.0,6.110885426265773e-14,1.0150060865209112e-17,False,1,True,1,False
1582,raw_prediction,True,20974600.0,solved,1,6875,8.375994208352358e-14,0.0012675818137295,1848.3927960439532,2.099887010076288e-14,0.0,1.113626893864422e-15,0.0,1.334836063813378e-13,6.474737116717462e-16,False,22,True,1,False
1582,mechanistic_target,True,,solved,1,5200,8.375994208352358e-14,0.0012675818137295,1848.3927960439532,2.73844280307787e-13,0.0,0.0,0.0,5.115384371315912e-14,0.0,False,0,True,1,False
1583,raw_prediction,True,3661500.0,solved,1,275,5.74060098002612e-14,0.0066648516369411,240.93548800805905,1.1617855973120756e-14,5.588616721300048e-15,9.098016918239342e-14,0.0,1.3960350643320621e-14,6.104984178539234e-14,False,16,True,1,False
1583,mechanistic_target,True,,solved,1,700,5.74060098002612e-14,0.0066648516369411,240.93548800805905,7.554709231321288e-15,0.0,0.0,0.0,4.8819805217291103e-17,0.0,False,0,True,1,False
1584,raw_prediction,True,18715600.0,solved,1,6325,5.965922324390408e-14,0.001200884986821,1389.6648660487674,1.499887973017636e-14,0.0,1.7248810995376645e-15,0.0,1.1181875820440641e-13,3.351619971570653e-16,False,16,True,1,False
1584,mechanistic_target,True,,solved,1,9350,5.965922324390408e-14,0.001200884986821,1389.6648660487674,3.0191127146030404e-14,0.0,1.2432568207329174e-15,0.0,3.992026341786004e-15,2.9171217384173374e-18,False,1,True,1,False
1585,raw_prediction,True,9356500.0,solved,1,2225,5.911117870756132e-14,0.0023143412893734,714.4570309523325,1.1521797126290506e-14,0.0,4.703472918278168e-14,0.0,2.712304292575603e-14,1.6750729659830542e-14,False,20,True,1,False
1585,mechanistic_target,True,,solved,1,6950,5.911117870756132e-14,0.0023143412893734,714.4570309523325,6.140187995500337e-13,0.0,0.0,0.0,3.1511197136009227e-15,0.0,False,0,True,1,False
1586,raw_prediction,True,11447000.0,solved,1,2750,6.717502584554767e-14,0.0016534083127839,1136.479546193418,5.479644515915538e-14,1.7970455977562718e-14,2.9138164187985104e-14,0.0,1.1824146412271972e-14,1.8767945421880397e-15,False,18,True,1,False
1586,mechanistic_target,True,,solved,1,3750,6.717502584554767e-14,0.0016534083127839,1136.479546193418,1.3009693838166553e-13,0.0,7.93771034569968e-15,0.0,2.7934809531226888e-14,3.648429227863836e-18,False,1,True,1,False
1587,raw_prediction,True,16030100.0,solved,1,5375,5.710345319843928e-14,0.0033983209067292,470.0368240567292,1.8194826616652722e-14,0.0,2.1429316380831967e-16,0.0,3.617281944405034e-14,8.711912327883003e-16,False,17,True,1,False
1587,mechanistic_target,True,,solved,1,2750,5.710345319843928e-14,0.0033983209067292,470.0368240567292,5.250410155717468e-13,0.0,0.0,0.0,2.798219635542508e-17,0.0,False,0,True,1,False
1588,raw_prediction,True,31015900.0,solved,1,11225,7.559929604759184e-14,0.0007829367655626,2701.002353775586,8.297807900887784e-15,3.232847231796888e-15,4.1987795931720815e-15,0.0,1.3311896378051858e-13,2.381300953555329e-15,False,23,True,1,False
1588,mechanistic_target,True,,solved,1,17475,7.559929604759184e-14,0.0007829367655626,2701.002353775586,1.829453039572612e-14,0.0,0.0,0.0,1.2741626725989288e-14,1.1728263715819748e-20,False,3,True,1,False
1589,raw_prediction,True,8453000.0,solved,1,1925,6.751069528183722e-14,0.0022666711828294,833.1399424650504,2.9990009841764093e-14,1.650114475342848e-13,3.169753047998062e-16,0.0,1.841613996410851e-14,1.2128246666710948e-14,False,9,True,1,False
1589,mechanistic_target,True,,solved,1,7950,6.751069528183722e-14,0.0022666711828294,833.1399424650504,2.0602900670950437e-13,0.0,0.0,0.0,2.579001333232251e-15,0.0,False,0,True,1,False
1590,raw_prediction,True,6642000.0,solved,1,1000,6.690620917834918e-14,0.0033166158227948,564.2936382939669,1.1178091734538762e-14,1.0302407112870152e-15,1.4091401525036514e-14,0.0,1.809356566517666e-14,2.756332515666096e-15,False,24,True,1,False
1590,mechanistic_target,True,,solved,1,3125,6.690620917834918e-14,0.0033166158227948,564.2936382939669,2.2649819936532506e-12,0.0,0.0,0.0,2.848803743357991e-16,0.0,False,0,True,1,False
1591,raw_prediction,True,18553200.0,solved,1,5650,9.012189002366771e-14,0.0014293448842649,1763.7099214789407,1.8581859463818662e-14,4.2429826141331184e-16,6.870289125277139e-15,0.0,1.1078990645087086e-13,2.800089492229946e-15,False,24,True,1,False
1591,mechanistic_target,True,,solved,1,4450,9.012189002366771e-14,0.0014293448842649,1763.7099214789407,1.9611631559978732e-13,0.0,1.2639573610610551e-14,0.0,2.1902271486956912e-14,2.418581642119029e-17,False,1,True,1,False
1592,raw_prediction,True,8251400.0,solved,1,2475,7.247861659578087e-14,0.002145807374362,944.8286640671464,1.7224116479448244e-14,0.0,1.8592877773678942e-14,0.0,6.005529645318173e-14,3.020573215241808e-16,False,6,True,1,False
1592,mechanistic_target,True,,solved,1,6225,7.247861659578087e-14,0.002145807374362,944.8286640671464,1.0148417927142753e-12,0.0,0.0,0.0,4.8254779191487466e-15,0.0,False,0,True,1,False
1593,raw_prediction,True,35543500.0,solved,1,13600,1.037517549962127e-13,0.0009118635725602,3182.727696782487,4.0412118096355704e-14,0.0,8.20394912163909e-16,0.0,2.0096102189870578e-13,9.991812538312982e-17,False,6,True,1,False
1593,mechanistic_target,True,,solved,1,10800,1.037517549962127e-13,0.0009118635725602,3182.727696782487,1.0881119958136927e-13,0.0,3.639409665103924e-15,0.0,1.3842860608180467e-14,2.821889845740494e-18,False,1,True,1,False
1594,raw_prediction,True,14274400.0,solved,1,4975,5.753779916743706e-14,0.003169948306158,507.7325011262728,2.0321945393835846e-14,4.8733137071583325e-15,0.0,0.0,1.1241956254354983e-14,1.6522013023320293e-15,False,3,True,1,False
1594,mechanistic_target,True,,solved,1,3150,5.753779916743706e-14,0.003169948306158,507.7325011262728,2.220433449689812e-12,0.0,0.0,0.0,2.4717276791228496e-16,0.0,False,0,True,1,False
1595,raw_prediction,True,16340900.0,solved,1,4950,8.008064509378439e-14,0.0011938898689649,1876.2780354730728,2.2801205368239152e-14,7.09431500931757e-15,3.237309557818896e-16,0.0,1.6735915316491626e-13,7.307637190723873e-16,False,11,True,1,False
1595,mechanistic_target,True,,solved,1,5575,8.008064509378439e-14,0.0011938898689649,1876.2780354730728,3.7997729314448427e-13,0.0,0.0,0.0,2.5778867212718423e-14,0.0,False,0,True,1,False
1596,raw_prediction,True,13000300.0,solved,1,3650,7.09680707752246e-14,0.0013059664173747,1520.074552431893,8.201772594418345e-14,0.0,2.0113867736981575e-14,0.0,3.9515780988991144e-14,5.764778237196537e-15,False,26,True,1,False
1596,mechanistic_target,True,,solved,1,28175,7.09680707752246e-14,0.0013059664173747,1520.074552431893,9.647683987202181e-15,0.0,0.0,0.0,1.4581893946374185e-14,0.0,False,0,True,1,False
1597,raw_prediction,True,17150200.0,solved,1,4325,8.46200262283474e-14,0.0013049323210905,1813.9239126018808,2.7013113967910843e-14,4.241375097549309e-16,3.595423971619421e-15,0.0,5.1692057140765186e-14,3.1676782565491285e-15,False,34,True,1,False
1597,mechanistic_target,True,,solved,1,5300,8.46200262283474e-14,0.0013049323210905,1813.9239126018808,2.1299430752070166e-13,0.0,1.2000109758360428e-14,0.0,3.881902006173418e-14,2.0735707074478042e-18,False,1,True,1,False
1598,raw_prediction,True,5924700.0,solved,1,675,5.854241842772856e-14,0.0026379592633024,620.778222862444,1.7331657210330202e-14,2.055115172494284e-14,2.8791631496037144e-14,0.0,2.5929450813292796e-14,1.4134558515008394e-14,False,26,True,1,False
1598,mechanistic_target,True,,solved,1,5700,5.854241842772856e-14,0.0026379592633024,620.778222862444,3.5466355712566873e-13,0.0,0.0,0.0,2.9056786275719644e-15,0.0,False,0,True,1,False
1599,raw_prediction,True,8636000.0,solved,1,2200,6.928065955951571e-14,0.0018845236239238,1028.3579883167245,8.979232996104248e-15,0.0,3.647416375292839e-15,0.0,5.950969171800773e-14,4.104949340930468e-16,False,8,True,1,False
1599,mechanistic_target,True,,solved,1,10800,6.928065955951571e-14,0.0018845236239238,1028.3579883167245,5.016177582656159e-13,0.0,4.5297941047700436e-14,0.0,5.247300979677474e-15,1.0720450632242172e-17,False,1,True,1,False
1600,raw_prediction,True,6398400.0,solved,1,1425,5.720216772121359e-14,0.0028643411184297,558.6266469626362,8.815549833048372e-15,0.0,0.0,0.0,4.184762909918311e-14,9.362437770922458e-17,False,5,True,1,False
1600,mechanistic_target,True,,solved,1,3975,5.720216772121359e-14,0.0028643411184297,558.6266469626362,8.68126337469821e-13,0.0,0.0,0.0,4.862278723288357e-15,0.0,False,0,True,1,False
1601,raw_prediction,True,17705000.0,solved,1,5725,8.857496114293964e-14,0.0013115163863478,1889.170467576041,1.1744945294100972e-13,4.613083072951564e-18,3.88257425528702e-17,0.0,2.3359393439649632e-14,2.515722786727077e-15,False,9,True,1,False
1601,mechanistic_target,True,,solved,1,5000,8.857496114293964e-14,0.0013115163863478,1889.170467576041,1.941029293473798e-13,0.0,0.0,0.0,2.1849502807199142e-14,0.0,False,0,True,1,False
1602,raw_prediction,True,39336800.0,solved,1,12300,6.318433686644014e-14,0.0009298101588471,1900.855236197217,6.790032803107111e-15,0.0,6.366229139361266e-16,0.0,1.24613612225969e-13,6.126130489472357e-16,False,14,True,1,False
1602,mechanistic_target,True,,solved,1,10025,6.318433686644014e-14,0.0009298101588471,1900.855236197217,6.056762352387637e-14,0.0,0.0,0.0,3.3415524964450508e-15,0.0,False,0,True,1,False
1603,raw_prediction,True,24357000.0,solved,1,9325,6.452270628677347e-14,0.0024309016754628,742.4702905297266,1.2281842209915794e-14,1.1959645347981642e-15,0.0,0.0,1.9746270640226252e-14,2.661607348610753e-16,False,2,True,1,False
1603,mechanistic_target,True,,solved,1,5300,6.452270628677347e-14,0.0024309016754628,742.4702905297266,1.0408703287870685e-12,0.0,0.0,0.0,5.040142537520006e-15,0.0,False,0,True,1,False
1604,raw_prediction,True,16376000.0,solved,1,5225,7.573110901194779e-14,0.0011040514552086,1918.752243840869,2.57446841622766e-13,7.329844119397524e-14,9.978917734421963e-14,0.0,4.1003416129438247e-14,1.0963013934879045e-13,False,19,True,1,False
1604,mechanistic_target,True,,solved,1,8450,7.573110901194779e-14,0.0011040514552086,1918.752243840869,1.9834264250327333e-14,0.0,0.0,0.0,1.1339836255379096e-14,0.0,False,0,True,1,False
1605,raw_prediction,True,14454700.0,solved,1,4300,7.683966676599955e-14,0.0016437510671233,1307.625326332601,1.5811137121790608e-14,0.0,2.5645350710111005e-15,0.0,1.3258138871577712e-13,9.255307006982575e-17,False,13,True,1,False
1605,mechanistic_target,True,,solved,1,3600,7.683966676599955e-14,0.0016437510671233,1307.625326332601,3.7855689386548285e-13,0.0,0.0,0.0,8.76478464655124e-14,0.0,False,0,True,1,False
1606,raw_prediction,True,8281400.0,solved,1,1975,6.39125362658757e-14,0.0018930941206737,944.3820938363542,1.2255821357776142e-14,3.302262565126673e-16,7.674259129298932e-15,0.0,3.210846853992217e-14,9.150767922366639e-16,False,16,True,1,False
1606,mechanistic_target,True,,solved,1,11350,6.39125362658757e-14,0.0018930941206737,944.3820938363542,3.720908256440581e-13,0.0,0.0,0.0,2.2573938933457767e-15,0.0,False,0,True,1,False
1607,raw_prediction,True,4123900.0,solved,1,575,5.717365447894354e-14,0.0035517619754688,450.2834633395768,4.000931426136929e-14,0.0,2.889633703669652e-15,0.0,1.146716069156078e-14,9.126771862226776e-16,False,6,True,1,False
1607,mechanistic_target,True,,solved,1,1425,5.717365447894354e-14,0.0035517619754688,450.2834633395768,7.112709979047033e-15,0.0,0.0,0.0,4.2214433535238e-18,0.0,False,0,True,1,False
1608,raw_prediction,True,4632400.0,solved,1,950,5.70867062664266e-14,0.0061514851730445,259.59056468907835,2.510433426169799e-13,0.0,1.8085297217102712e-17,0.0,7.234302328489258e-15,2.6490579294207024e-18,False,4,True,1,False
1608,mechanistic_target,True,,solved,1,525,5.70867062664266e-14,0.0061514851730445,259.59056468907835,1.2252720834599983e-16,0.0,0.0,0.0,3.316386560811964e-17,0.0,False,0,True,1,False
1609,raw_prediction,True,5585300.0,solved,1,1025,6.649397111672328e-14,0.0021469330075598,866.3585702398174,8.14808002832672e-15,0.0,1.562352593685466e-14,0.0,1.7064711715128512e-14,1.7246977604428252e-14,False,15,True,1,False
1609,mechanistic_target,True,,solved,1,7850,6.649397111672328e-14,0.0021469330075598,866.3585702398174,5.657257267097722e-13,0.0,0.0,0.0,5.871009893778531e-15,0.0,False,0,True,1,False
1610,raw_prediction,True,3036900.0,solved,1,150,5.829705338711767e-14,0.0053617745955051,304.1388852643524,7.831183618245419e-12,6.91178323882638e-14,4.4406985594173994e-14,0.0,7.541653681467719e-15,4.2916131258100834e-14,False,36,True,1,False
1610,mechanistic_target,True,,solved,1,1325,5.829705338711767e-14,0.0053617745955051,304.1388852643524,2.8790353204522736e-13,0.0,4.2037769199491325e-17,0.0,2.0001242573609955e-16,8.398867902125802e-20,False,1,True,1,False
1611,raw_prediction,True,27587400.0,solved,1,9525,6.615804690352e-14,0.0011404243408933,1622.744313512151,1.4163340770268163e-14,0.0,0.0,0.0,2.198690705260679e-14,0.0,False,0,True,1,False
1611,mechanistic_target,True,,solved,1,7675,6.615804690352e-14,0.0011404243408933,1622.744313512151,3.3639535197350813e-14,0.0,0.0,0.0,5.393764006859181e-15,0.0,False,0,True,1,False
1612,raw_prediction,True,12670600.0,solved,1,4075,7.414422957380061e-14,0.0016141767185474,1284.8729204829556,1.2162146290073397e-13,0.0,0.0,0.0,2.625181472510337e-14,1.3859027617673624e-16,False,2,True,1,False
1612,mechanistic_target,True,,solved,1,3400,7.414422957380061e-14,0.0016141767185474,1284.8729204829556,5.468670464271501e-13,0.0,0.0,0.0,1.0973475547383241e-13,0.0,False,0,True,1,False
1613,raw_prediction,True,4778100.0,solved,1,700,6.698910504414919e-14,0.0029095438911022,644.0404744441884,1.227959192025358e-14,1.6618546394014566e-15,1.10363155097537e-14,0.0,2.865813689078031e-14,3.3123424307074525e-15,False,21,True,1,False
1613,mechanistic_target,True,,solved,1,4825,6.698910504414919e-14,0.0029095438911022,644.0404744441884,2.412121332541066e-13,0.0,0.0,0.0,3.7740744751069e-15,0.0,False,0,True,1,False
1614,raw_prediction,True,4477800.0,solved,1,525,6.010816026498629e-14,0.00600815104075,279.85076097649943,5.5879414716017895e-15,5.911393823220703e-13,1.4444534482781177e-14,0.0,1.83267334169472e-14,5.69245736026733e-13,False,19,True,1,False
1614,mechanistic_target,True,,solved,1,900,6.010816026498629e-14,0.00600815104075,279.85076097649943,1.8812316866588428e-14,0.0,0.0,0.0,5.845117604295286e-17,0.0,False,0,True,1,False
1615,raw_prediction,True,14127000.0,solved,1,4425,8.187413868961778e-14,0.0015018785170305,1524.9157063924806,1.2700586241347634e-14,0.0,2.614816056377349e-15,0.0,4.510616562287733e-14,7.960506394564917e-16,False,10,True,1,False
1615,mechanistic_target,True,,solved,1,3650,8.187413868961778e-14,0.0015018785170305,1524.9157063924806,6.306398062904689e-13,0.0,0.0,0.0,1.1521058691765004e-13,0.0,False,0,True,1,False
1616,raw_prediction,True,51214200.0,solved,1,19625,6.802208777983134e-14,0.0009355484484754,2033.8436932544812,3.6567958302340494e-14,1.533834490867962e-15,2.3868300314130963e-14,0.0,3.0142715290486185e-13,9.432913888025266e-15,False,18,True,1,False
1616,mechanistic_target,True,,solved,1,11800,6.802208777983134e-14,0.0009355484484754,2033.8436932544812,3.5374114446603904e-14,0.0,0.0,0.0,3.8429664992927626e-15,0.0,False,0,True,1,False
1617,raw_prediction,True,10102400.0,solved,1,2050,6.580125526369789e-14,0.002155239322526,854.028914875359,1.0226154903512178e-14,2.898424659862463e-15,4.559085826802997e-15,0.0,3.8708263843083345e-14,8.551526496959286e-16,False,19,True,1,False
1617,mechanistic_target,True,,solved,1,9050,6.580125526369789e-14,0.002155239322526,854.028914875359,2.501262323317671e-13,0.0,2.602554209803693e-14,0.0,2.9017972706525454e-15,2.320948722941181e-17,False,1,True,1,False
1618,raw_prediction,True,30144600.0,solved,1,12025,6.145092321441734e-14,0.0021821705494924,787.7231704298182,1.6278645098566358e-14,1.1513829404831529e-15,7.123708530586392e-16,0.0,1.5107289273140445e-14,2.233766213239032e-16,False,9,True,1,False
1618,mechanistic_target,True,,solved,1,7725,6.145092321441734e-14,0.0021821705494924,787.7231704298182,7.097993917110416e-13,0.0,0.0,0.0,5.555345511537327e-15,0.0,False,0,True,1,False
1619,raw_prediction,True,28048100.0,solved,1,9425,8.253336537988317e-14,0.0021377836831288,1079.940167754875,1.3371248552829228e-14,0.0,0.0,0.0,5.4488284494199007e-14,3.580349415811851e-18,False,2,True,1,False
1619,mechanistic_target,True,,solved,1,4775,8.253336537988317e-14,0.0021377836831288,1079.940167754875,3.790997130331919e-12,0.0,0.0,0.0,1.4321407870545552e-15,0.0,False,0,True,1,False
1620,raw_prediction,True,115371800.0,solved,1,46350,8.788044756801013e-14,0.0005139566828272,4782.991853150539,1.6417082858597774e-13,0.0,1.9447694419306534e-15,0.0,9.189848676870692e-13,1.3928317464342815e-16,False,4,True,1,False
1620,mechanistic_target,True,,solved,1,45950,8.788044756801013e-14,0.0005139566828272,4782.991853150539,9.690601699734898e-15,0.0,1.3974497256219256e-16,0.0,9.638116560238957e-14,2.3962341509045644e-18,False,1,True,1,False
1621,raw_prediction,True,24107700.0,solved,1,8825,7.020919083135268e-14,0.0011161362376976,1759.586647179579,9.490281698537755e-15,4.601136336575485e-17,6.036065968535263e-16,0.0,6.876313769396018e-14,2.8034919775909945e-16,False,25,True,1,False
1621,mechanistic_target,True,,solved,1,7325,7.020919083135268e-14,0.0011161362376976,1759.586647179579,1.709279631172215e-13,0.0,0.0,0.0,1.9413793579545813e-14,0.0,False,0,True,1,False
1622,raw_prediction,True,5068000.0,solved,1,825,6.638834358056141e-14,0.0032672937301237,568.3783828970406,1.2433630514063763e-14,2.951343301710447e-15,1.2088785333200412e-14,0.0,1.9117042059289887e-14,1.2727397015597678e-15,False,33,True,1,False
1622,mechanistic_target,True,,solved,1,3900,6.638834358056141e-14,0.0032672937301237,568.3783828970406,2.15236196210636e-13,0.0,2.7405360448615963e-14,0.0,3.604459840689567e-15,4.6146203035590346e-17,False,1,True,1,False
1623,raw_prediction,True,14945500.0,solved,1,4850,8.921163462592296e-14,0.0013261273056641,1881.78576102721,2.2577257251979183e-14,0.0,1.446823777368217e-16,0.0,1.0144757732136175e-13,6.449085479550599e-17,False,7,True,1,False
1623,mechanistic_target,True,,solved,1,4750,8.921163462592296e-14,0.0013261273056641,1881.78576102721,3.7994462183119996e-13,0.0,0.0,0.0,6.840549943864711e-14,0.0,False,0,True,1,False
1624,raw_prediction,True,7970700.0,solved,1,2300,6.123340369961877e-14,0.0022205648172567,771.3630735186375,1.0070460326757112e-14,8.552413709615306e-16,5.818540253969562e-17,0.0,4.1018406633902226e-14,9.969413514617491e-16,False,11,True,1,False
1624,mechanistic_target,True,,solved,1,8000,6.123340369961877e-14,0.0022205648172567,771.3630735186375,3.8834477590343594e-13,0.0,4.0418702884788594e-14,0.0,2.1012624411484818e-15,5.661495682199327e-17,False,1,True,1,False
1625,raw_prediction,True,104655700.0,solved,1,42875,6.695486370691519e-14,0.0017903967434709,1046.0844577026935,2.26554885962571e-15,1.2566486444748412e-12,5.120602124164356e-13,0.0,3.038452662375641e-14,7.449032388553426e-13,False,21,True,1,False
1625,mechanistic_target,True,,solved,1,2950,6.695486370691519e-14,0.0017903967434709,1046.0844577026935,3.515871470738223e-13,0.0,0.0,0.0,4.552033373874081e-14,0.0,False,0,True,1,False
1626,raw_prediction,True,10464400.0,solved,1,3100,6.752310255579124e-14,0.0012885984917278,1465.7795857562724,9.122085041345032e-15,2.7671983034706306e-15,1.1635931450879203e-14,0.0,4.351660524286625e-14,3.628434833806565e-15,False,21,True,1,False
1626,mechanistic_target,True,,solved,1,5400,6.752310255579124e-14,0.0012885984917278,1465.7795857562724,1.715795573634295e-13,0.0,0.0,0.0,1.8141023569181332e-14,2.714144738911345e-20,False,3,True,1,False
1627,raw_prediction,True,17259700.0,solved,1,5500,8.70717301519213e-14,0.0014739442638926,1652.4564071492694,1.9864969044713912e-14,0.0,5.357329095207992e-17,0.0,5.122403501399522e-14,5.037906051275544e-17,False,3,True,1,False
1627,mechanistic_target,True,,solved,1,3225,8.70717301519213e-14,0.0014739442638926,1652.4564071492694,9.262683233363844e-13,0.0,0.0,0.0,6.516727691377704e-14,0.0,False,0,True,1,False
1628,raw_prediction,True,5006400.0,solved,1,625,6.224636148893406e-14,0.0029137612305557,597.577048031593,9.181457677476247e-14,9.0204813289212e-14,1.2274614109390074e-13,0.0,1.228919510048009e-13,6.507605787899269e-14,False,27,True,1,False
1628,mechanistic_target,True,,solved,1,4100,6.224636148893406e-14,0.0029137612305557,597.577048031593,8.876799743500837e-13,0.0,0.0,0.0,9.963553429536967e-15,0.0,False,0,True,1,False
1629,raw_prediction,True,7985000.0,solved,1,2025,6.689197743334481e-14,0.0019995827609814,935.7687744140748,7.961215136289379e-15,0.0,9.805560211415058e-17,0.0,3.4145753339004144e-14,3.0599511330340517e-16,False,14,True,1,False
1629,mechanistic_target,True,,solved,1,8100,6.689197743334481e-14,0.0019995827609814,935.7687744140748,9.686935342571341e-13,0.0,0.0,0.0,1.039106183243633e-14,0.0,False,0,True,1,False
1630,raw_prediction,True,17494900.0,solved,1,6000,9.582378751237593e-14,0.0010556687135606,2539.09868445858,8.305686316058685e-15,3.9354507340736695e-16,9.542680893572917e-16,0.0,3.410516365918288e-14,6.144934426508845e-16,False,13,True,1,False
1630,mechanistic_target,True,,solved,1,8250,9.582378751237593e-14,0.0010556687135606,2539.09868445858,1.1844237918543548e-13,0.0,0.0,0.0,6.833897021820522e-15,0.0,False,0,True,1,False
1631,raw_prediction,True,15435100.0,solved,1,5275,6.118001097658411e-14,0.0031898798079449,536.4992628194492,2.611452720735485e-14,0.0,1.887585679779825e-16,0.0,1.7797502080489866e-14,1.2872296820073846e-15,False,12,True,1,False
1631,mechanistic_target,True,,solved,1,3250,6.118001097658411e-14,0.0031898798079449,536.4992628194492,1.9444662477977047e-12,0.0,0.0,0.0,5.668469710862235e-17,0.0,False,0,True,1,False
1632,raw_prediction,True,248305700.0,solved inaccurate,2,100000,5.956034119393963e-14,0.0008262502208672,2016.412991452281,1.939244430361989e-14,0.0,1.2132638242510689e-15,0.0,2.6102541161664293e-13,3.361645923337754e-16,False,20,True,1,False
1632,mechanistic_target,True,,solved,1,15150,5.956034119393963e-14,0.0008262502208672,2016.412991452281,9.490673663431158e-15,0.0,0.0,0.0,1.9221659526165983e-14,1.7881228283349554e-21,False,3,True,1,False
1633,raw_prediction,True,15284300.0,solved,1,4950,7.15626373873137e-14,0.0014939016846058,1339.9797006368162,8.927645948897389e-15,3.579929300830524e-16,3.900233012019757e-17,0.0,3.314673812896593e-14,1.5186655073306445e-17,False,3,True,1,False
1633,mechanistic_target,True,,solved,1,3900,7.15626373873137e-14,0.0014939016846058,1339.9797006368162,2.307833319357615e-13,0.0,0.0,0.0,2.9047676876610317e-14,0.0,False,0,True,1,False
1634,raw_prediction,True,35037500.0,solved,1,12275,5.962918565515303e-14,0.0022910538535098,728.0437516922158,8.300065546534682e-15,1.2393043034119856e-15,1.792660767864055e-15,0.0,5.90660462229667e-14,2.5895397267488994e-16,False,17,True,1,False
1634,mechanistic_target,True,,solved,1,6400,5.962918565515303e-14,0.0022910538535098,728.0437516922158,1.0092562306481317e-12,0.0,0.0,0.0,6.596123827115026e-15,0.0,False,0,True,1,False
1635,raw_prediction,True,43446800.0,solved,1,10050,6.19235760236175e-14,0.0008614065717267,2010.859588099633,1.5445567079202616e-14,1.5199891373370894e-17,3.039723665538668e-15,0.0,1.4778762535910212e-13,9.302562366565583e-16,False,34,True,1,False
1635,mechanistic_target,True,,solved,1,13550,6.19235760236175e-14,0.0008614065717267,2010.859588099633,1.2186574765912695e-14,0.0,0.0,0.0,1.588899629779773e-14,3.8862608533627906e-21,False,3,True,1,False
1636,raw_prediction,True,21602900.0,solved,1,7450,6.831265257716198e-14,0.0011439848636526,1670.378031328188,1.7758364223574574e-14,0.0,2.543468739996217e-15,0.0,3.876106057149489e-14,5.699809648177361e-16,False,20,True,1,False
1636,mechanistic_target,True,,solved,1,8825,6.831265257716198e-14,0.0011439848636526,1670.378031328188,9.72989056053286e-15,0.0,0.0,0.0,2.846475874293475e-14,1.289256296412939e-20,False,3,True,1,False
1637,raw_prediction,True,14540400.0,solved,1,5200,8.886552610295593e-14,0.001588003891098,1565.3651203674226,7.171950380534054e-15,0.0,2.136792968071998e-17,0.0,5.684403360954118e-14,8.900614061691325e-19,False,1,True,1,False
1637,mechanistic_target,True,,solved,1,2900,8.886552610295593e-14,0.001588003891098,1565.3651203674226,7.551619861620192e-11,0.0,0.0,0.0,9.898307781352342e-15,0.0,False,0,True,1,False
1638,raw_prediction,True,10477600.0,solved,1,2750,7.032131778317922e-14,0.0018415194758263,1068.180345720233,1.3679516954647216e-14,3.8596906091568395e-14,7.470504125337094e-16,0.0,8.834618605915378e-14,2.7641999146156863e-14,False,18,True,1,False
1638,mechanistic_target,True,,solved,1,10000,7.032131778317922e-14,0.0018415194758263,1068.180345720233,9.986985928119626e-13,0.0,9.153095717319653e-14,0.0,9.951684206507486e-15,2.5486519679978205e-17,False,1,True,1,False
1639,raw_prediction,True,140273600.0,solved,1,51900,9.062461831371737e-14,0.0004911225255494,5161.669997841315,1.9634506750613758e-13,3.47064370001275e-16,2.182708711974267e-14,0.0,1.7923037748222241e-12,1.1211351400005806e-14,False,24,True,1,False
1639,mechanistic_target,True,,solved inaccurate,2,100000,9.062461831371737e-14,0.0004911225255494,5161.669997841315,1.780457677734582e-13,0.0,4.9629055676292675e-17,0.0,3.8269752136520174e-13,6.676708355091874e-17,False,2,True,1,False
1640,raw_prediction,True,9717000.0,solved,1,2450,6.932514834142604e-14,0.0019014216413311,1019.873420302527,1.1684008668540904e-14,1.1152622392885708e-15,1.0899274051797178e-14,0.0,5.828415008190656e-14,6.987515501133611e-15,False,25,True,1,False
1640,mechanistic_target,True,,solved,1,12100,6.932514834142604e-14,0.0019014216413311,1019.873420302527,1.9870751506543617e-13,0.0,1.7139002569473393e-14,0.0,2.350870870862672e-15,2.579245382611321e-17,False,1,True,1,False
1641,raw_prediction,True,29778900.0,solved,1,11200,9.742563331107179e-14,0.00106420295427,2560.841362443892,1.4120983916111463e-14,0.0,1.923401303258325e-15,0.0,8.84372512358495e-14,3.503201783514196e-16,False,9,True,1,False
1641,mechanistic_target,True,,solved,1,6725,9.742563331107179e-14,0.00106420295427,2560.841362443892,3.5392266769599943e-13,0.0,0.0,0.0,3.9612644179968176e-14,0.0,False,0,True,1,False
1642,raw_prediction,True,13202400.0,solved,1,3275,7.199941275936637e-14,0.001975568275863,1019.4614528963668,1.2843025254394291e-14,3.260693920025651e-16,2.532153245483715e-16,0.0,5.829104578806686e-14,2.3258242355945073e-16,False,13,True,1,False
1642,mechanistic_target,True,,solved,1,2500,7.199941275936637e-14,0.001975568275863,1019.4614528963668,5.428275977206347e-13,0.0,0.0,0.0,5.9282743711136e-14,0.0,False,0,True,1,False
1643,raw_prediction,True,3830600.0,solved,1,400,8.521146756172329e-14,0.0019586914158754,1216.9309134585635,1.3048847484313508e-15,4.672644372720596e-14,3.0932153006017006e-16,0.0,3.5123648297376055e-14,6.9454015744898185e-15,False,18,True,1,False
1643,mechanistic_target,True,,solved,1,1975,8.521146756172329e-14,0.0019586914158754,1216.9309134585635,8.07756151443624e-12,0.0,0.0,0.0,1.521074657749519e-15,0.0,False,0,True,1,False
1644,raw_prediction,True,4767500.0,solved,1,475,6.038030850694362e-14,0.0053512202245456,315.6286384218599,1.327523342606182e-15,2.0516603310937307e-16,5.523798919097149e-15,0.0,3.0763311609934974e-14,4.044266815423404e-15,False,28,True,1,False
1644,mechanistic_target,True,,solved,1,750,6.038030850694362e-14,0.0053512202245456,315.6286384218599,4.3657673604731805e-16,0.0,0.0,0.0,7.8821640665450885e-19,0.0,False,0,True,1,False
1645,raw_prediction,True,10725400.0,solved,1,2325,7.000195982054552e-14,0.0016366028278772,1196.4672079047596,1.4008089399174642e-14,5.704452541803739e-16,2.672704545274613e-15,0.0,7.17931048890436e-14,2.626424325460344e-15,False,29,True,1,False
1645,mechanistic_target,True,,solved,1,3450,7.000195982054552e-14,0.0016366028278772,1196.4672079047596,4.51660548710207e-13,0.0,0.0,0.0,9.305206211953667e-14,0.0,False,0,True,1,False
1646,raw_prediction,True,61182200.0,solved,1,25175,9.319163925632878e-14,0.0007018802241581,3714.0508330490634,7.634864962469123e-14,0.0,1.4686630966710663e-17,0.0,1.9099241460626385e-13,6.133415476714255e-19,False,3,True,1,False
1646,mechanistic_target,True,,solved,1,21775,9.319163925632878e-14,0.0007018802241581,3714.0508330490634,1.6101830003521713e-14,0.0,0.0,0.0,1.0715565319779916e-14,0.0,False,0,True,1,False
1647,raw_prediction,True,18003700.0,solved,1,6675,6.971625677681647e-14,0.0010138106482232,1923.58380019722,1.1207588279475586e-14,0.0,7.483695788753273e-17,0.0,7.666657892107551e-14,3.840421344272983e-16,False,4,True,1,False
1647,mechanistic_target,True,,solved,1,11500,6.971625677681647e-14,0.0010138106482232,1923.58380019722,1.2575503649280551e-14,0.0,0.0,0.0,1.7417420899147895e-14,0.0,False,0,True,1,False
1648,raw_prediction,True,241576800.0,solved inaccurate,2,100000,7.101416788160327e-14,0.0006726642591722,2953.1162825592246,3.5790814756353484e-14,0.0,5.500859635123445e-16,0.0,2.1186804931644437e-13,1.680208384145618e-15,False,25,True,1,False
1648,mechanistic_target,True,,solved,1,24400,7.101416788160327e-14,0.0006726642591722,2953.1162825592246,1.3253080641091775e-14,0.0,0.0,0.0,1.3303467795277798e-14,0.0,False,0,True,1,False
1649,raw_prediction,True,5656600.0,solved,1,750,5.7138835549542e-14,0.0024371889005727,655.807067120187,1.1614689189369118e-13,1.274916797336235e-13,1.742766179191945e-13,0.0,1.1889911397211456e-13,1.0630034382857527e-13,False,19,True,1,False
1649,mechanistic_target,True,,solved,1,7750,5.7138835549542e-14,0.0024371889005727,655.807067120187,1.076594462258614e-13,0.0,0.0,0.0,1.321797989227941e-15,0.0,False,0,True,1,False
1650,raw_prediction,True,10222700.0,solved,1,3100,7.340824213837198e-14,0.0019446697452654,1055.9244966857614,9.217514593526287e-15,5.469519968222579e-16,4.701700011438254e-16,0.0,5.3914285479604975e-14,8.708846125816834e-17,False,13,True,1,False
1650,mechanistic_target,True,,solved,1,8500,7.340824213837198e-14,0.0019446697452654,1055.9244966857614,1.0070994650314357e-12,0.0,0.0,0.0,5.307986415026312e-15,0.0,False,0,True,1,False
1651,raw_prediction,True,10043500.0,solved,1,2700,9.038115652764177e-14,0.0016050696021005,1575.1355120373269,1.6281247183780323e-14,0.0,1.274683114212149e-15,0.0,2.2593416646624442e-14,2.0658376624542407e-16,False,12,True,1,False
1651,mechanistic_target,True,,solved,1,2325,9.038115652764177e-14,0.0016050696021005,1575.1355120373269,4.8807038048520114e-12,0.0,0.0,0.0,6.460317368484688e-16,0.0,False,0,True,1,False
1652,raw_prediction,True,6345600.0,solved,1,725,5.966581108842769e-14,0.0029548072869817,564.8462968447913,1.0172602668878591e-14,1.277800362539294e-15,8.244346950332566e-15,0.0,2.4047684965808543e-14,3.356686115837433e-15,False,23,True,1,False
1652,mechanistic_target,True,,solved,1,4425,5.966581108842769e-14,0.0029548072869817,564.8462968447913,4.547998195726712e-13,0.0,0.0,0.0,4.624094943479969e-15,0.0,False,0,True,1,False
1653,raw_prediction,True,11425400.0,solved,1,3150,7.469577779244681e-14,0.0019671126389079,1062.186368327994,5.4713178432308496e-15,0.0,5.759348756083389e-15,0.0,4.81821878671456e-14,2.02671273812572e-15,False,20,True,1,False
1653,mechanistic_target,True,,solved,1,2125,7.469577779244681e-14,0.0019671126389079,1062.186368327994,3.1188593696679436e-11,0.0,0.0,0.0,3.2483111760052603e-15,0.0,False,0,True,1,False
1654,raw_prediction,True,35124700.0,solved,1,13975,9.784966337497984e-14,0.0009562046433021,2862.479506778004,1.4886700365486153e-14,0.0,0.0,0.0,7.182871144322172e-14,6.850057692392615e-17,False,2,True,1,False
1654,mechanistic_target,True,,solved,1,9725,9.784966337497984e-14,0.0009562046433021,2862.479506778004,1.4557615873640445e-13,0.0,0.0,0.0,1.202194616722732e-14,0.0,False,0,True,1,False
1655,raw_prediction,True,31745100.0,solved,1,10475,7.052691680910978e-14,0.0013889752972288,1420.3464004503876,1.2386116529347708e-14,0.0,2.5402511398600914e-14,0.0,6.663234377963255e-14,2.3414672237430317e-15,False,4,True,1,False
1655,mechanistic_target,True,,solved,1,21575,7.052691680910978e-14,0.0013889752972288,1420.3464004503876,2.3183715711641648e-14,0.0,0.0,0.0,6.420261622862134e-15,1.2823118554667238e-20,False,3,True,1,False
1656,raw_prediction,True,25615300.0,solved,1,8250,7.334822126660584e-14,0.0012440137851095,1649.294808947907,6.767856339718961e-15,0.0,0.0,0.0,5.808190512699952e-14,1.992422757820399e-17,False,5,True,1,False
1656,mechanistic_target,True,,solved,1,5225,7.334822126660584e-14,0.0012440137851095,1649.294808947907,2.3003444245177544e-13,0.0,0.0,0.0,2.8629402652791664e-14,6.851267801454893e-20,False,3,True,1,False
1657,raw_prediction,True,35979700.0,solved,1,14000,6.379144416479628e-14,0.0008599823983926,2074.9458635964043,1.6410784107138507e-14,0.0,1.7650008380547108e-15,0.0,9.902028525651672e-14,4.273376281241044e-15,False,16,True,1,False
1657,mechanistic_target,True,,solved,1,14275,6.379144416479628e-14,0.0008599823983926,2074.9458635964043,9.362896161237252e-15,0.0,0.0,0.0,2.987380822415977e-14,0.0,False,0,True,1,False
1658,raw_prediction,True,7471000.0,solved,1,2025,6.220840992946318e-14,0.0030097699570791,578.1622028419996,4.746203430272544e-15,0.0,0.0,0.0,2.9550396124775937e-14,6.066973846922453e-14,False,2,True,1,False
1658,mechanistic_target,True,,solved,1,4000,6.220840992946318e-14,0.0030097699570791,578.1622028419996,7.087652194948655e-13,0.0,0.0,0.0,8.788751388047008e-15,0.0,False,0,True,1,False
1659,raw_prediction,True,35385500.0,solved,1,14125,8.400772385233273e-14,0.0008332102189654,2820.3209186383133,3.0309088572266774e-14,0.0,0.0,0.0,2.9174904175261953e-13,1.15560003853527e-16,False,2,True,1,False
1659,mechanistic_target,True,,solved,1,16325,8.400772385233273e-14,0.0008332102189654,2820.3209186383133,1.517404156670374e-14,0.0,0.0,0.0,1.2698742447698832e-14,5.108274725632635e-21,False,3,True,1,False
1660,raw_prediction,True,46235800.0,solved,1,17800,7.127884995123083e-14,0.0008394487427334,2375.20117518369,3.174097089871915e-14,0.0,3.7874805647697046e-16,0.0,2.020380128014565e-13,1.2565848129253227e-17,False,1,True,1,False
1660,mechanistic_target,True,,solved,1,13050,7.127884995123083e-14,0.0008394487427334,2375.20117518369,5.7205317968723e-14,0.0,0.0,0.0,3.3622228292435545e-15,0.0,False,0,True,1,False
1661,raw_prediction,True,7748600.0,solved,1,1275,7.180679059882427e-14,0.0020954949595405,958.5456361138024,6.012551567735613e-14,4.7085916705109846e-15,3.6193267817417437e-14,0.0,1.5463285712557643e-14,1.4754451287489648e-14,False,32,True,1,False
1661,mechanistic_target,True,,solved,1,10575,7.180679059882427e-14,0.0020954949595405,958.5456361138024,1.1101237302520253e-13,0.0,7.905386158121043e-15,0.0,2.011133019732325e-15,1.2153318104987457e-17,False,1,True,1,False
1662,raw_prediction,True,20636000.0,solved,1,7275,9.519376059248753e-14,0.0011954512666161,2227.463035939162,1.0972125985553303e-14,0.0,0.0,0.0,2.5321897118412855e-14,3.8596026557039845e-17,False,2,True,1,False
1662,mechanistic_target,True,,solved,1,5475,9.519376059248753e-14,0.0011954512666161,2227.463035939162,2.7342107412277923e-13,0.0,0.0,0.0,2.6130861957902584e-14,0.0,False,0,True,1,False
1663,raw_prediction,True,8467700.0,solved,1,2300,7.567971553588855e-14,0.0014960761783469,1415.0105622748615,1.7742751712290783e-14,8.54335228196591e-15,1.4300554682869593e-14,0.0,4.534152656955123e-14,7.780110710611355e-15,False,23,True,1,False
1663,mechanistic_target,True,,solved,1,3900,7.567971553588855e-14,0.0014960761783469,1415.0105622748615,4.2492350448461333e-13,0.0,2.6052642174491748e-14,0.0,7.565848644678996e-14,1.0174056868753757e-17,False,1,True,1,False
1664,raw_prediction,True,17384500.0,solved,1,5300,6.294474178523701e-14,0.0032490744081134,541.9181508857107,1.5731908388207826e-14,1.884901975515373e-15,2.570262672919579e-15,0.0,1.067119809415448e-14,1.1970445527344262e-15,False,13,True,1,False
1664,mechanistic_target,True,,solved,1,3125,6.294474178523701e-14,0.0032490744081134,541.9181508857107,1.5761561551408609e-12,0.0,0.0,0.0,1.8341971281701424e-16,0.0,False,0,True,1,False
1665,raw_prediction,True,234108300.0,maximum iterations reached,7,100000,6.72227797696325e-14,0.0012517958434225,1502.162308297521,5.551760440258846e-12,9.12260795965616e-09,2.0591676443971623e-15,0.0,2.677246287409816e-13,5.0960678733872355e-09,False,22,True,1,False
1665,mechanistic_target,True,,solved,1,5675,6.72227797696325e-14,0.0012517958434225,1502.162308297521,1.093347313511045e-13,0.0,4.02452460701305e-15,0.0,1.8506425278793192e-14,6.455461331618116e-19,False,1,True,1,False
1666,raw_prediction,True,18076000.0,solved,1,6625,7.783480472060952e-14,0.0013809685499463,1576.6088154218824,1.0903711649508288e-14,8.09732261061084e-16,2.38463676694275e-16,0.0,1.1864306499937405e-13,8.355824810832696e-17,False,9,True,1,False
1666,mechanistic_target,True,,solved,1,5075,7.783480472060952e-14,0.0013809685499463,1576.6088154218824,1.4610607288058351e-13,0.0,8.297357745880183e-15,0.0,2.8610832334205705e-14,1.644254655807131e-17,False,1,True,1,False
1667,raw_prediction,True,9739600.0,solved,1,2950,5.713034455127219e-14,0.0040650606749357,393.12775793881343,8.332280439864468e-15,1.1607941113943076e-15,2.3295445531722124e-16,0.0,1.1219730882959445e-12,5.827527043334487e-16,False,9,True,1,False
1667,mechanistic_target,True,,solved,1,1375,5.713034455127219e-14,0.0040650606749357,393.12775793881343,1.616326713209033e-14,0.0,0.0,0.0,1.4576610754804906e-16,1.135047854119969e-21,False,1,True,1,False
1668,raw_prediction,True,11717000.0,solved,1,2825,6.923007362385428e-14,0.0014849961434334,1304.0773929200152,1.4702505148133942e-14,0.0,3.215880016087171e-15,0.0,2.9908694344632854e-14,1.8168566389221106e-15,False,19,True,1,False
1668,mechanistic_target,True,,solved,1,25750,6.923007362385428e-14,0.0014849961434334,1304.0773929200152,1.1462802972157316e-14,0.0,0.0,0.0,1.3628340972882387e-14,5.2967791287355024e-20,False,3,True,1,False
1669,raw_prediction,True,12159900.0,solved,1,3400,6.920956768584078e-14,0.0019758527865498,979.818084928968,7.450637329320386e-15,0.0,1.0067041817052791e-14,0.0,6.508478443095021e-14,9.558984523461277e-14,False,30,True,1,False
1669,mechanistic_target,True,,solved,1,9875,6.920956768584078e-14,0.0019758527865498,979.818084928968,3.8268442071504834e-13,0.0,0.0,0.0,4.0328205890233e-15,0.0,False,0,True,1,False
1670,raw_prediction,True,10181200.0,solved,1,1950,6.059009761789681e-14,0.002609765620126,649.4325396704232,1.8952652314480583e-14,4.086089818068659e-15,5.592692623697554e-15,0.0,8.193333927442457e-14,4.1737724417316125e-16,False,10,True,1,False
1670,mechanistic_target,True,,solved,1,4700,6.059009761789681e-14,0.002609765620126,649.4325396704232,6.69275987696887e-13,0.0,0.0,0.0,5.235357579999944e-15,0.0,False,0,True,1,False
1671,raw_prediction,True,5555400.0,solved,1,675,5.71723213130348e-14,0.0035278184433069,453.3289954583856,2.0481113705880762e-14,3.2872303875301865e-14,4.613204591978677e-14,0.0,8.916406821297848e-14,2.57594030497558e-14,False,22,True,1,False
1671,mechanistic_target,True,,solved,1,1850,5.71723213130348e-14,0.0035278184433069,453.3289954583856,7.082075345004486e-14,0.0,0.0,0.0,1.4028987972367315e-16,0.0,False,0,True,1,False
1672,raw_prediction,True,36253200.0,solved,1,11725,7.00388508309441e-14,0.0009816958109313,1995.7032861991047,8.395833320334382e-15,0.0,1.6335208718079154e-15,0.0,1.1319124524270373e-13,2.28547518505683e-16,False,17,True,1,False
1672,mechanistic_target,True,,solved,1,16975,7.00388508309441e-14,0.0009816958109313,1995.7032861991047,3.128886444642859e-14,0.0,1.8469823672940042e-15,0.0,1.3211441435233772e-13,1.1331058593357369e-15,False,2,True,1,False
1673,raw_prediction,True,11622400.0,solved,1,3000,5.722295151791028e-14,0.0020793884211849,769.7833827931414,1.128505329191632e-14,3.0890690580493344e-15,4.229026483504389e-15,0.0,7.454309954339157e-14,4.458964571109362e-16,False,12,True,1,False
1673,mechanistic_target,True,,solved,1,9150,5.722295151791028e-14,0.0020793884211849,769.7833827931414,4.753728085723179e-13,0.0,0.0,0.0,2.2463514759386818e-15,0.0,False,0,True,1,False
1674,raw_prediction,True,22913400.0,solved,1,7875,9.268360429425587e-14,0.0011881441715885,2182.064937617696,1.4370542480243155e-14,0.0,8.014172096909689e-16,0.0,2.313837490530272e-14,1.875079326591245e-16,False,18,True,1,False
1674,mechanistic_target,True,,solved,1,6150,9.268360429425587e-14,0.0011881441715885,2182.064937617696,1.9143754171644453e-13,0.0,7.942281442933023e-15,0.0,1.687674460222616e-14,3.522959189877371e-18,False,1,True,1,False
1675,raw_prediction,True,13689800.0,solved,1,3725,5.883427448954885e-14,0.0013701923983297,1201.1099013011703,1.0499697420788066e-14,5.906853993005177e-16,1.1451217072287496e-15,0.0,8.377371335396869e-14,6.621857126029033e-16,False,22,True,1,False
1675,mechanistic_target,True,,solved,1,5875,5.883427448954885e-14,0.0013701923983297,1201.1099013011703,1.7405368130937884e-14,0.0,0.0,0.0,1.1317444919273027e-14,0.0,False,0,True,1,False
1676,raw_prediction,True,4979400.0,solved,1,925,5.719087485406093e-14,0.0025195194200513,634.9549721207648,1.6776522730020474e-14,0.0,8.680942664209304e-16,0.0,4.2127594429695896e-14,4.99653441936145e-16,False,6,True,1,False
1676,mechanistic_target,True,,solved,1,400,5.719087485406093e-14,0.0025195194200513,634.9549721207648,1.4923783147258027e-14,0.0,2.4030958851446407e-14,0.0,4.463562204034124e-14,1.4814457994072673e-15,False,3,True,1,False
1677,raw_prediction,True,11601700.0,solved,1,3625,6.264275030060598e-14,0.0010883000728641,1610.1118904054815,2.241089258614437e-14,4.89050692484407e-15,6.773946955043491e-15,0.0,3.836258735824186e-14,4.4742912822049965e-15,False,22,True,1,False
1677,mechanistic_target,True,,solved,1,9525,6.264275030060598e-14,0.0010883000728641,1610.1118904054815,1.7552350968399325e-14,0.0,0.0,0.0,2.1343456112359352e-14,0.0,False,0,True,1,False
1678,raw_prediction,True,33767100.0,solved,1,10525,6.756619716220538e-14,0.0010844046034704,1742.8982028491716,1.1377161746555064e-14,0.0,1.1647722765861062e-16,0.0,8.422283838149111e-14,3.0958960224164163e-16,False,10,True,1,False
1678,mechanistic_target,True,,solved,1,9400,6.756619716220538e-14,0.0010844046034704,1742.8982028491716,1.0003185452483311e-14,0.0,0.0,0.0,2.0653819260262845e-14,1.390220621326226e-20,False,3,True,1,False
1679,raw_prediction,True,26066900.0,solved,1,10075,6.478703755076826e-14,0.0020754626304497,873.1866801463199,1.7393725348924252e-13,0.0,4.7366160709636565e-14,0.0,5.7756549362359405e-15,2.40212113327506e-15,False,1,True,1,False
1679,mechanistic_target,True,,solved,1,11750,6.478703755076826e-14,0.0020754626304497,873.1866801463199,2.7373425513275743e-14,0.0,0.0,0.0,6.712555269793613e-15,8.37140775605295e-20,False,3,True,1,False
1680,raw_prediction,True,5547900.0,solved,1,1050,7.377283931270698e-14,0.002212320693412,932.786636234833,9.931864115953472e-15,6.485952597980171e-16,1.11094036919375e-14,0.0,5.2717209896811123e-14,8.33529536933544e-15,False,19,True,1,False
1680,mechanistic_target,True,,solved,1,4825,7.377283931270698e-14,0.002212320693412,932.786636234833,1.5891830003642432e-12,0.0,0.0,0.0,2.866978973894038e-16,0.0,False,0,True,1,False
1681,raw_prediction,True,65073300.0,solved,1,25300,6.037421648068493e-14,0.0008436887782969,2001.71910138106,1.7508133643437017e-13,1.5255810798947432e-16,1.1921593767030475e-16,0.0,5.835501998877479e-13,2.3745100005009263e-16,False,20,True,1,False
1681,mechanistic_target,True,,solved,1,17025,6.037421648068493e-14,0.0008436887782969,2001.71910138106,2.953504128058805e-14,0.0,1.0724413745578088e-15,0.0,9.194838924103469e-14,2.919111753386939e-16,False,2,True,1,False
1682,raw_prediction,True,17097800.0,solved,1,6050,6.067338875986267e-14,0.0014115043667545,1202.402649329349,1.2718992525861951e-14,0.0,0.0,0.0,8.715970311357349e-14,0.0,False,0,True,1,False
1682,mechanistic_target,True,,solved,1,5000,6.067338875986267e-14,0.0014115043667545,1202.402649329349,3.344477353299773e-14,0.0,0.0,0.0,4.441168198621429e-15,0.0,False,0,True,1,False
1683,raw_prediction,True,7779700.0,solved,1,1175,6.821714558998194e-14,0.0025859428347573,737.9187093690314,9.790779298413101e-15,1.2521615812617984e-14,1.7255211915771312e-14,0.0,3.9431961156713217e-14,8.606168062868217e-16,False,18,True,1,False
1683,mechanistic_target,True,,solved,1,2950,6.821714558998194e-14,0.0025859428347573,737.9187093690314,1.821699999773479e-13,0.0,0.0,0.0,4.9787545899633927e-17,0.0,False,0,True,1,False
1684,raw_prediction,True,15841600.0,solved,1,5500,6.739674027044679e-14,0.0015671019662626,1203.027444084629,1.4153550542332796e-14,0.0,3.125108638871329e-17,0.0,8.41953570402842e-14,5.452768309579247e-17,False,4,True,1,False
1684,mechanistic_target,True,,solved,1,3925,6.739674027044679e-14,0.0015671019662626,1203.027444084629,1.298434516262047e-13,0.0,0.0,0.0,2.6240502266607702e-14,0.0,False,0,True,1,False
1685,raw_prediction,True,6103600.0,solved,1,950,7.652073933581971e-14,0.00171158873008,1250.5862165724986,4.7111620160578133e-14,0.0,2.1480415343154986e-13,0.0,2.099676718488982e-13,1.0808744552267677e-13,False,23,True,1,False
1685,mechanistic_target,True,,solved,1,3500,7.652073933581971e-14,0.00171158873008,1250.5862165724986,2.21789731822508e-13,0.0,0.0,0.0,4.4564102161437584e-14,0.0,False,0,True,1,False
1686,raw_prediction,True,245153000.0,solved inaccurate,2,100000,8.222552248444648e-14,0.0009174407569094,2507.047201465038,1.8766238563117102e-14,0.0,6.250217277742656e-17,0.0,1.0174401916061457e-13,1.1417252315328845e-17,False,4,True,1,False
1686,mechanistic_target,True,,solved,1,10825,8.222552248444648e-14,0.0009174407569094,2507.047201465038,7.902101452771223e-14,0.0,2.1464566579996586e-15,0.0,1.0602015950396376e-14,1.6499829726341874e-19,False,1,True,1,False
1687,raw_prediction,True,5420500.0,solved,1,775,6.558016526278619e-14,0.0028494058082177,643.8016716750136,1.9716820989448097e-14,0.0,3.1164800883172045e-14,0.0,3.093004076460316e-14,1.432954223215002e-14,False,18,True,1,False
1687,mechanistic_target,True,,solved,1,4450,6.558016526278619e-14,0.0028494058082177,643.8016716750136,6.797864320421026e-13,0.0,0.0,0.0,1.1171048099861562e-14,0.0,False,0,True,1,False
1688,raw_prediction,True,31940300.0,solved,1,12950,7.716391558259278e-14,0.0008874777459679,2432.15183706765,1.8436641102681503e-14,0.0,0.0,0.0,3.2564491862252234e-14,6.006255451096148e-16,False,1,True,1,False
1688,mechanistic_target,True,,solved,1,14050,7.716391558259278e-14,0.0008874777459679,2432.15183706765,1.4123440520541542e-14,0.0,0.0,0.0,1.9294423471943592e-14,3.246055650410433e-20,False,3,True,1,False
1689,raw_prediction,True,22500300.0,solved,1,7700,6.088235093350679e-14,0.0026710195720842,637.5999028744034,1.036035746057178e-14,0.0,0.0,0.0,2.708597022133368e-14,0.0,False,0,True,1,False
1689,mechanistic_target,True,,solved,1,4325,6.088235093350679e-14,0.0026710195720842,637.5999028744034,4.976389930356137e-12,0.0,0.0,0.0,6.590332426628246e-16,0.0,False,0,True,1,False
1690,raw_prediction,True,9098200.0,solved,1,1575,6.528760900823311e-14,0.0023293321250166,784.0310206831799,2.4220729588630974e-13,2.9436297501196903e-14,3.381644013280028e-13,0.0,1.3167498039921772e-14,8.445040480542866e-14,False,22,True,1,False
1690,mechanistic_target,True,,solved,1,6200,6.528760900823311e-14,0.0023293321250166,784.0310206831799,1.0022288885815645e-12,0.0,0.0,0.0,1.2420636913734484e-14,0.0,False,0,True,1,False
1691,raw_prediction,True,8125800.0,solved,1,1375,6.966959666030969e-14,0.0026975095138984,722.4606702507252,9.752615381941611e-15,1.0030192883835432e-15,1.1916015272864544e-15,0.0,3.314950122400128e-14,2.905496380375148e-16,False,18,True,1,False
1691,mechanistic_target,True,,solved,1,5700,6.966959666030969e-14,0.0026975095138984,722.4606702507252,2.668208013041357e-13,0.0,3.5796588941252296e-14,0.0,5.162958972588445e-15,4.874151120339953e-18,False,1,True,1,False
1692,raw_prediction,True,5553600.0,solved,1,550,5.712084116674744e-14,0.0045242364990396,353.1695025971828,1.7339084504467883e-14,2.3204058061520176e-14,3.26496010572959e-14,0.0,6.813436362452087e-14,5.5414832037804886e-15,False,22,True,1,False
1692,mechanistic_target,True,,solved,1,1125,5.712084116674744e-14,0.0045242364990396,353.1695025971828,6.136753755781213e-15,0.0,1.5917213580389922e-18,0.0,3.9476361170585e-17,2.875074373004824e-22,False,1,True,1,False
1693,raw_prediction,True,24589200.0,solved,1,7675,7.62646921156e-14,0.0013432770029175,1588.1511748029268,1.0458766252941088e-14,1.200692056131398e-15,0.0,0.0,7.348927534011307e-14,4.930945844241426e-17,False,3,True,1,False
1693,mechanistic_target,True,,solved,1,4975,7.62646921156e-14,0.0013432770029175,1588.1511748029268,1.704692176426857e-13,0.0,0.0,0.0,3.193716748671241e-14,0.0,False,0,True,1,False
1694,raw_prediction,True,8726400.0,solved,1,1800,7.855196730527993e-14,0.0018785691957785,1169.671123022799,2.4019414929243862e-14,1.447114180742923e-13,4.300821236792829e-14,0.0,3.871176723239e-14,8.549328572405894e-14,False,34,True,1,False
1694,mechanistic_target,True,,solved,1,2500,7.855196730527993e-14,0.0018785691957785,1169.671123022799,4.354355487287173e-13,0.0,3.976744396914172e-14,0.0,3.467597228192074e-14,6.726032345398873e-17,False,1,True,1,False
1695,raw_prediction,True,33909500.0,solved,1,9825,7.065606968036419e-14,0.0010612264610573,1862.4100384914443,1.5870985081711808e-14,0.0,1.3703417563794225e-15,0.0,3.944975880655548e-14,6.382409211746511e-16,False,23,True,1,False
1695,mechanistic_target,True,,solved,1,7950,7.065606968036419e-14,0.0010612264610573,1862.4100384914443,1.689402588604838e-13,0.0,0.0,0.0,2.3160043100376243e-14,1.0398069133909012e-20,False,3,True,1,False
1696,raw_prediction,True,27484100.0,solved,1,9975,6.5667279484269e-14,0.0011727538889335,1566.3039425262657,1.3494919764540543e-14,0.0,0.0,0.0,9.280519462276457e-14,0.0,False,0,True,1,False
1696,mechanistic_target,True,,solved,1,7800,6.5667279484269e-14,0.0011727538889335,1566.3039425262657,1.8721957039474602e-14,0.0,0.0,0.0,1.9090182422231112e-14,3.9242154945645726e-20,False,3,True,1,False
1697,raw_prediction,True,8118600.0,solved,1,1225,6.376291245287779e-14,0.0025173112950122,708.5412184522182,1.1043249648068354e-14,1.653217692842922e-15,8.441685042228825e-15,0.0,3.3458696695709273e-14,8.01331863427362e-15,False,28,True,1,False
1697,mechanistic_target,True,,solved,1,6550,6.376291245287779e-14,0.0025173112950122,708.5412184522182,2.505381752434238e-13,0.0,3.368914986320866e-14,0.0,3.256625002652368e-15,4.338999057984708e-17,False,1,True,1,False
1698,raw_prediction,True,10206800.0,solved,1,2050,5.972767273112856e-14,0.0023962775522184,697.2240705666773,9.676827990751576e-15,1.6253582145484513e-15,1.2863520064348684e-14,0.0,5.959503168805425e-14,1.1114272665187611e-14,False,27,True,1,False
1698,mechanistic_target,True,,solved,1,6650,5.972767273112856e-14,0.0023962775522184,697.2240705666773,4.105140492416666e-13,0.0,5.3155555158396223e-14,0.0,2.475695915019873e-15,1.2173170970538591e-16,False,1,True,1,False
1699,raw_prediction,True,18243000.0,solved,1,4825,5.729361179084385e-14,0.001365294791798,1173.8528697383936,3.116951141635127e-14,1.3646756422496031e-14,2.638666167228765e-15,0.0,1.4274285968829982e-13,6.340778719214212e-15,False,30,True,1,False
1699,mechanistic_target,True,,solved,1,4875,5.729361179084385e-14,0.001365294791798,1173.8528697383936,2.447300630448155e-14,0.0,5.868637521885787e-15,0.0,6.937041093943514e-14,3.4108688265018432e-15,False,2,True,1,False
1700,raw_prediction,True,6109000.0,solved,1,850,7.050046782991353e-14,0.0020392199627834,967.0787120555186,2.8570895649338013e-15,3.9122220576282975e-15,5.412063306783496e-15,0.0,3.24293692451178e-14,6.247169377339211e-16,False,23,True,1,False
1700,mechanistic_target,True,,solved,1,8800,7.050046782991353e-14,0.0020392199627834,967.0787120555186,5.148133468425998e-13,0.0,5.31951645321905e-14,0.0,2.4238145699498882e-15,1.5978522722668465e-17,False,1,True,1,False
1701,raw_prediction,True,12422200.0,solved,1,3525,6.723009919095462e-14,0.001703213044729,1104.1515230516327,2.0379408229582423e-14,0.0,3.5953720775188545e-15,0.0,8.960143749146738e-14,4.98262151736801e-16,False,20,True,1,False
1701,mechanistic_target,True,,solved,1,2700,6.723009919095462e-14,0.001703213044729,1104.1515230516327,1.3278281813428615e-10,0.0,0.0,0.0,7.124406533613353e-15,0.0,False,0,True,1,False
1702,raw_prediction,True,9385900.0,solved,1,1650,6.306113685185932e-14,0.0019461843270013,906.382941982532,1.1140394162723055e-14,1.317573783171847e-15,2.6561792445643e-15,0.0,8.586936542286024e-14,1.0951598124659102e-15,False,24,True,1,False
1702,mechanistic_target,True,,solved,1,11925,6.306113685185932e-14,0.0019461843270013,906.382941982532,1.0636616077960457e-13,0.0,0.0,0.0,9.935117598243257e-16,0.0,False,0,True,1,False
1703,raw_prediction,True,37968400.0,solved,1,14225,6.354818514248298e-14,0.0007468514468154,2380.1417589819607,1.582067810090848e-14,6.189538432713555e-16,1.6904177582900594e-15,0.0,1.1885526185635193e-13,9.565781597927416e-16,False,25,True,1,False
1703,mechanistic_target,True,,solved,1,23525,6.354818514248298e-14,0.0007468514468154,2380.1417589819607,1.6592364336167874e-14,0.0,2.353413016390747e-15,0.0,2.338685528307801e-13,1.38787600014786e-15,False,2,True,1,False
1704,raw_prediction,True,6637600.0,solved,1,975,8.00949443952796e-14,0.002152927266352,1040.661875832637,6.394212276654426e-15,2.9158254227816993e-16,9.764581139755592e-15,0.0,4.069841777403071e-14,9.267725730268161e-15,False,23,True,1,False
1704,mechanistic_target,True,,solved,1,1725,8.00949443952796e-14,0.002152927266352,1040.661875832637,5.301438723802077e-13,0.0,0.0,0.0,3.456898469111693e-16,2.604800018415335e-19,False,1,True,1,False
1705,raw_prediction,True,5975000.0,solved,1,1425,5.722057683425964e-14,0.002963797699167,540.0544805105686,1.6125989432680402e-14,0.0,1.6065202134511223e-14,0.0,2.5353941883283682e-14,1.4374806732463252e-16,False,2,True,1,False
1705,mechanistic_target,True,,solved,1,3125,5.722057683425964e-14,0.002963797699167,540.0544805105686,1.2779933412631998e-12,0.0,2.772043965077137e-16,0.0,3.141843281150296e-16,4.38273678383603e-19,False,1,True,1,False
1706,raw_prediction,True,15638300.0,solved,1,5575,6.258215315814015e-14,0.0029468431214203,594.0559954294732,3.3127101924020917e-14,0.0,0.0,0.0,1.3334725904564876e-14,0.0,False,0,True,1,False
1706,mechanistic_target,True,,solved,1,3925,6.258215315814015e-14,0.0029468431214203,594.0559954294732,6.247108216049308e-13,0.0,0.0,0.0,7.649350531186856e-15,0.0,False,0,True,1,False
1707,raw_prediction,True,12658300.0,solved,1,3575,6.408116618139668e-14,0.001801229265041,995.165497821943,1.0258287275188847e-14,2.372463725411553e-15,3.528097372418485e-15,0.0,4.55561296547736e-14,6.204486848387741e-16,False,13,True,1,False
1707,mechanistic_target,True,,solved,1,13050,6.408116618139668e-14,0.001801229265041,995.165497821943,1.515798910321e-13,0.0,1.0294927236850964e-14,0.0,3.1335279650123603e-14,1.197456479612438e-17,False,1,True,1,False
1708,raw_prediction,True,22313700.0,solved,1,8325,7.535772502892933e-14,0.0012016926659909,1754.1562167073691,2.957616790366657e-14,0.0,9.823880592550089e-18,0.0,8.162201931573224e-14,4.040975233927319e-18,False,5,True,1,False
1708,mechanistic_target,True,,solved,1,5825,7.535772502892933e-14,0.0012016926659909,1754.1562167073691,1.794615156045295e-13,0.0,0.0,0.0,1.8128361047235703e-14,3.9922008741330205e-20,False,3,True,1,False
1709,raw_prediction,True,11598100.0,solved,1,3375,6.368871747641452e-14,0.0017561607053477,1014.4535037631206,4.379699727885544e-14,3.0013400873691792e-15,5.0345164527852685e-15,0.0,1.062696833444394e-14,8.901063819515295e-16,False,26,True,1,False
1709,mechanistic_target,True,,solved,1,3100,6.368871747641452e-14,0.0017561607053477,1014.4535037631206,3.042110812150695e-13,0.0,0.0,0.0,5.362268520742153e-14,0.0,False,0,True,1,False
1710,raw_prediction,True,14423300.0,solved,1,3950,6.106937270200877e-14,0.0014447891749506,1182.3685747965271,1.2101430968414206e-14,9.693959749873684e-16,1.1917128902391326e-15,0.0,5.6372119048340185e-14,3.6770309748211453e-16,False,21,True,1,False
1710,mechanistic_target,True,,solved,1,4525,6.106937270200877e-14,0.0014447891749506,1182.3685747965271,6.042069529207015e-14,0.0,0.0,0.0,8.455028205489842e-15,0.0,False,0,True,1,False
1711,raw_prediction,True,46409400.0,solved,1,18175,9.862229018104245e-14,0.0012817972300151,2152.2348189351283,1.49132171455707e-13,0.0,1.9395134179898538e-17,0.0,2.5518795718420275e-14,6.209842234974327e-16,False,9,True,1,False
1711,mechanistic_target,True,,solved,1,4700,9.862229018104245e-14,0.0012817972300151,2152.2348189351283,6.181207860175767e-13,0.0,0.0,0.0,8.83235299292889e-14,0.0,False,0,True,1,False
1712,raw_prediction,True,3905200.0,solved,1,275,5.924149687385041e-14,0.0066196166806308,250.33817410141248,1.0695444646869712e-14,5.839106876335524e-14,8.236526446265123e-14,0.0,1.5855102350171888e-14,1.3410545027735824e-14,False,9,True,1,False
1712,mechanistic_target,True,,solved,1,675,5.924149687385041e-14,0.0066196166806308,250.33817410141248,4.299229420647315e-15,0.0,0.0,0.0,4.538416621925336e-17,0.0,False,0,True,1,False
1713,raw_prediction,True,35538000.0,solved,1,14025,6.220216796362294e-14,0.001976193120132,880.4608245347307,1.40165656858926e-14,0.0,1.8640103395547087e-16,0.0,1.705455092526347e-14,3.9872940568919773e-16,False,6,True,1,False
1713,mechanistic_target,True,,solved,1,12650,6.220216796362294e-14,0.001976193120132,880.4608245347307,3.221662897832001e-14,0.0,0.0,0.0,4.857639299758373e-15,0.0,False,0,True,1,False
1714,raw_prediction,True,59150000.0,solved,1,23325,9.595565469061809e-14,0.0005658548424858,4743.505784798694,2.6569024758060774e-14,3.2569978374792543e-16,1.7976860387594272e-15,0.0,6.982026997873237e-14,5.053377103289306e-16,False,22,True,1,False
1714,mechanistic_target,True,,solved,1,34800,9.595565469061809e-14,0.0005658548424858,4743.505784798694,1.0799630921273351e-14,0.0,0.0,0.0,2.1022975234147024e-14,0.0,False,0,True,1,False
1715,raw_prediction,True,15288800.0,solved,1,5150,5.818309333774367e-14,0.0029583861347721,550.143323991214,9.882808471159536e-15,0.0,0.0,0.0,1.8873114934481028e-14,4.49728829353757e-19,False,1,True,1,False
1715,mechanistic_target,True,,solved,1,2725,5.818309333774367e-14,0.0029583861347721,550.143323991214,4.977149743920509e-13,0.0,0.0,0.0,3.4969298213293235e-16,0.0,False,0,True,1,False
1716,raw_prediction,True,8026600.0,solved,1,1575,5.847893004010091e-14,0.002071143446309,789.810926303226,1.2964672738147163e-14,7.41121868932434e-15,1.007434454335769e-14,0.0,4.4732337815884103e-14,5.868050175561082e-16,False,30,True,1,False
1716,mechanistic_target,True,,solved,1,9850,5.847893004010091e-14,0.002071143446309,789.810926303226,2.731664769209844e-13,0.0,0.0,0.0,1.589246359929533e-15,0.0,False,0,True,1,False
1717,raw_prediction,True,81000700.0,solved,1,28350,6.395564614582176e-14,0.0014034873130155,1274.6891769529852,1.7227439874505508e-14,0.0,4.1792888990562263e-16,0.0,2.0063574131151684e-14,1.8846660266549863e-16,False,14,True,1,False
1717,mechanistic_target,True,,solved,1,27000,6.395564614582176e-14,0.0014034873130155,1274.6891769529852,1.5300649019155362e-14,0.0,0.0,0.0,7.458088282425092e-15,5.516980983716921e-21,False,3,True,1,False
1718,raw_prediction,True,6247000.0,solved,1,1450,6.443580817967694e-14,0.0022810293339546,790.1877781478325,5.896535276785926e-15,7.1247977681495e-17,3.879617602704485e-17,0.0,7.110313297166777e-14,5.767506005065884e-16,False,11,True,1,False
1718,mechanistic_target,True,,solved,1,6725,6.443580817967694e-14,0.0022810293339546,790.1877781478325,6.233522828119297e-13,0.0,8.221885665488243e-14,0.0,3.863171388358967e-15,1.13671579381586e-16,False,1,True,1,False
1719,raw_prediction,True,41110400.0,solved,1,15550,6.549699621990612e-14,0.0019509862523184,939.0767158756006,6.999609225566417e-15,0.0,1.0253574631542123e-16,0.0,2.073516277324292e-14,4.606714247800977e-16,False,10,True,1,False
1719,mechanistic_target,True,,solved,1,12700,6.549699621990612e-14,0.0019509862523184,939.0767158756006,4.191160859662707e-14,0.0,0.0,0.0,3.243322950382879e-15,0.0,False,0,True,1,False
1720,raw_prediction,True,4345400.0,solved,1,700,6.41544320963951e-14,0.0027807121298061,645.3636973609529,7.063793994177559e-15,3.197691992843942e-14,1.3107616800150997e-15,0.0,8.074101391075489e-14,1.1229095302719631e-14,False,2,True,1,False
1720,mechanistic_target,True,,solved,1,3100,6.41544320963951e-14,0.0027807121298061,645.3636973609529,2.0616374191718048e-12,0.0,0.0,0.0,5.133987042726012e-16,0.0,False,0,True,1,False
1721,raw_prediction,True,23879200.0,solved,1,8500,6.148623859141984e-14,0.0025332217689254,678.951282551104,9.791497691560762e-15,0.0,0.0,0.0,2.3143451427244e-14,4.3133007008961473e-17,False,2,True,1,False
1721,mechanistic_target,True,,solved,1,5250,6.148623859141984e-14,0.0025332217689254,678.951282551104,7.20833867592485e-13,0.0,0.0,0.0,6.597093149283751e-15,0.0,False,0,True,1,False
1722,raw_prediction,True,48132500.0,solved,1,20025,9.846004689667433e-14,0.0007824879947401,3519.785952190779,4.6783757423618517e-14,0.0,6.046247615335199e-15,0.0,1.874792202680504e-13,8.004185507838914e-16,False,3,True,1,False
1722,mechanistic_target,True,,solved,1,10725,9.846004689667433e-14,0.0007824879947401,3519.785952190779,9.978115662749484e-13,0.0,0.0,0.0,7.83732167353489e-14,0.0,False,0,True,1,False
1723,raw_prediction,True,35674500.0,solved,1,12525,8.452990848019084e-14,0.0009340071838639,2531.594133866029,1.6502556799303656e-14,7.839195661915848e-16,5.271544312633929e-15,0.0,2.933111171541518e-12,8.104869218508982e-16,False,21,True,1,False
1723,mechanistic_target,True,,solved,1,7875,8.452990848019084e-14,0.0009340071838639,2531.594133866029,9.770462185909022e-13,0.0,0.0,0.0,6.308465153281032e-14,0.0,False,0,True,1,False
1724,raw_prediction,True,24221300.0,solved,1,8925,8.464976983986909e-14,0.0018500659659511,1279.8894706009892,9.210735049885916e-15,1.3076740093583717e-13,0.0,0.0,1.8313613697152825e-13,2.341614996489493e-13,False,1,True,1,False
1724,mechanistic_target,True,,solved,1,2700,8.464976983986909e-14,0.0018500659659511,1279.8894706009892,2.793293951559419e-13,0.0,0.0,0.0,3.519679231060196e-14,3.1209524953870695e-18,False,3,True,1,False
1725,raw_prediction,True,16982200.0,solved,1,5975,6.370119384886347e-14,0.001115788608114,1596.9802569981898,1.4577450016070918e-14,0.0,6.689135597608546e-17,0.0,1.0787296821516473e-13,4.179078633817167e-16,False,16,True,1,False
1725,mechanistic_target,True,,solved,1,6950,6.370119384886347e-14,0.001115788608114,1596.9802569981898,1.0333689932700897e-13,0.0,0.0,0.0,9.298483571135064e-15,0.0,False,0,True,1,False
1726,raw_prediction,True,6968000.0,solved,1,1800,6.884055855574866e-14,0.0023234423337765,828.7935944689016,7.350543784756526e-14,0.0,9.80551052177852e-14,0.0,4.227949988479133e-14,4.193652646455096e-14,False,22,True,1,False
1726,mechanistic_target,True,,solved,1,6600,6.884055855574866e-14,0.0023234423337765,828.7935944689016,8.211709356531299e-13,0.0,0.0,0.0,1.3346762500157831e-14,0.0,False,0,True,1,False
1727,raw_prediction,True,6195500.0,solved,1,725,6.031798067696423e-14,0.0032275293790122,522.7697968033202,2.00876381401227e-14,0.0,5.6248665008651975e-14,0.0,2.7285748559488463e-14,4.8603388472635597e-14,False,21,True,1,False
1727,mechanistic_target,True,,solved,1,2900,6.031798067696423e-14,0.0032275293790122,522.7697968033202,1.0209583049840689e-12,0.0,0.0,0.0,1.5363623352281447e-16,0.0,False,0,True,1,False
1728,raw_prediction,True,20737200.0,solved,1,7925,6.86999285842239e-14,0.0027556278514685,697.3802092884522,9.603429163007604e-15,0.0,1.0253574631542123e-16,0.0,2.374073827006216e-14,8.565669741562708e-18,False,3,True,1,False
1728,mechanistic_target,True,,solved,1,4550,6.86999285842239e-14,0.0027556278514685,697.3802092884522,9.25115295974787e-13,0.0,0.0,0.0,1.7689600226158168e-14,0.0,False,0,True,1,False
1729,raw_prediction,True,20288800.0,solved,1,7025,6.336166894281828e-14,0.0028276893744112,626.7997385210338,1.7299895771485505e-14,0.0,2.361298227966768e-15,0.0,2.0530602452577653e-14,1.6756745756827275e-16,False,13,True,1,False
1729,mechanistic_target,True,,solved,1,3050,6.336166894281828e-14,0.0028276893744112,626.7997385210338,1.0834674736690013e-13,0.0,0.0,0.0,1.1724090884474664e-17,0.0,False,0,True,1,False
1730,raw_prediction,True,34365000.0,solved,1,11550,6.978820937275744e-14,0.002007260835329,972.5504583877917,1.4836742945334438e-13,0.0,7.757492217288543e-15,0.0,1.1730056974111452e-14,1.752635351350434e-15,False,4,True,1,False
1730,mechanistic_target,True,,solved,1,11150,6.978820937275744e-14,0.002007260835329,972.5504583877917,1.4818169412247225e-13,0.0,0.0,0.0,2.1427430246496973e-15,0.0,False,0,True,1,False
1731,raw_prediction,True,24397900.0,solved,1,9025,5.715835281406666e-14,0.002342461277882,682.5605485861329,1.9484414082171494e-14,0.0,0.0,0.0,9.332938108271171e-14,1.142261196662355e-16,False,2,True,1,False
1731,mechanistic_target,True,,solved,1,8375,5.715835281406666e-14,0.002342461277882,682.5605485861329,1.2511087990925278e-13,0.0,0.0,0.0,6.604512474553442e-16,0.0,False,0,True,1,False
1732,raw_prediction,True,5147500.0,solved,1,1000,8.079232980985685e-14,0.0020491016273207,1102.9111628308822,1.3935994952626804e-14,0.0,3.0887065790873605e-14,0.0,2.204086071052433e-14,7.168196065732725e-15,False,11,True,1,False
1732,mechanistic_target,True,,solved,1,1825,8.079232980985685e-14,0.0020491016273207,1102.9111628308822,9.320047070379392e-13,0.0,0.0,0.0,1.5404690792893298e-16,0.0,False,0,True,1,False
1733,raw_prediction,True,7562800.0,solved,1,1250,5.718018985620591e-14,0.0032187443723325,496.92746928345593,3.479055206787379e-14,5.868820006303122e-15,8.964574688475604e-15,0.0,2.0553645550906603e-14,7.823667009381491e-16,False,19,True,1,False
1733,mechanistic_target,True,,solved,1,2775,5.718018985620591e-14,0.0032187443723325,496.92746928345593,8.312537999747662e-13,0.0,1.900270421289628e-16,0.0,2.3556661957143664e-16,1.529892146910564e-19,False,1,True,1,False
1734,raw_prediction,True,12289300.0,solved,1,4225,9.86655991184201e-14,0.001086601270646,2539.9750307306845,7.564435189344466e-14,2.8495803427259e-15,3.163256524914836e-14,0.0,5.570603285142895e-14,1.7192407797642268e-14,False,21,True,1,False
1734,mechanistic_target,True,,solved,1,6950,9.86655991184201e-14,0.001086601270646,2539.9750307306845,1.9420041414190682e-13,0.0,8.687125411758961e-15,0.0,2.9576194587734585e-14,9.831956104499059e-18,False,1,True,1,False
1735,raw_prediction,True,44502300.0,solved,1,16250,5.709924777789138e-14,0.0018806526962621,849.2893623922251,1.5750696355867836e-14,0.0,4.270831680815722e-16,0.0,4.2001506658036286e-14,3.862608631993484e-16,False,23,True,1,False
1735,mechanistic_target,True,,solved,1,14450,5.709924777789138e-14,0.0018806526962621,849.2893623922251,2.5833020929456963e-14,0.0,0.0,0.0,5.064002473604419e-15,1.2112364053169121e-19,False,3,True,1,False
1736,raw_prediction,True,16434200.0,solved,1,4650,5.715983557073269e-14,0.0016541716264297,966.5944609293952,9.909087150899876e-15,0.0,3.5339279025385243e-16,0.0,6.811832720330328e-14,8.613345698697876e-17,False,10,True,1,False
1736,mechanistic_target,True,,solved,1,3975,5.715983557073269e-14,0.0016541716264297,966.5944609293952,1.915238826475782e-14,0.0,0.0,0.0,6.0886605049365335e-15,1.1911211548028078e-19,False,3,True,1,False
1737,raw_prediction,True,59405400.0,solved,1,22275,8.796091643333159e-14,0.0008750753246897,2811.7597266281505,1.5797612839510973e-14,0.0,9.167540004742608e-15,0.0,1.870267300490893e-13,2.088248623228049e-15,False,2,True,1,False
1737,mechanistic_target,True,,solved,1,12425,8.796091643333159e-14,0.0008750753246897,2811.7597266281505,5.0982901453616657e-14,0.0,1.2488074388019766e-15,0.0,5.154608676407397e-15,2.340151477639125e-18,False,1,True,1,False
1738,raw_prediction,True,5058700.0,solved,1,600,6.174828915658383e-14,0.0017963920563588,961.5186264445748,7.913579422257055e-15,3.1882826600212104e-14,9.59943529113866e-16,0.0,1.7635418974221408e-13,2.8172736660189788e-14,False,21,True,1,False
1738,mechanistic_target,True,,solved,1,3275,6.174828915658383e-14,0.0017963920563588,961.5186264445748,9.146399176466596e-14,0.0,0.0,0.0,1.5597038695617866e-14,0.0,False,0,True,1,False
1739,raw_prediction,True,17150500.0,solved,1,6275,7.129665516197176e-14,0.0012886693242027,1547.6101293388372,1.0281101596944532e-14,0.0,6.431760032174342e-16,0.0,4.023694348373922e-14,9.310779918329157e-16,False,18,True,1,False
1739,mechanistic_target,True,,solved,1,33750,7.129665516197176e-14,0.0012886693242027,1547.6101293388372,1.1050501514255007e-14,0.0,0.0,0.0,1.6833166189309058e-14,8.523628966349831e-21,False,3,True,1,False
1740,raw_prediction,True,4769300.0,solved,1,300,5.712745938569683e-14,0.0042170024316833,378.9439321249409,9.17043719247001e-15,5.3056201394950974e-14,7.454197018008099e-14,0.0,5.514485566154462e-15,3.3344541830485273e-14,False,15,True,1,False
1740,mechanistic_target,True,,solved,1,1225,5.712745938569683e-14,0.0042170024316833,378.9439321249409,7.603691899590103e-15,0.0,0.0,0.0,3.1955099320802766e-17,0.0,False,0,True,1,False
1741,raw_prediction,True,4914500.0,solved,1,450,6.274042824496464e-14,0.0035912237920412,488.69613870727983,1.134627895322738e-14,1.3175292593428458e-14,1.831474547104351e-14,0.0,2.329972776545951e-14,1.4316857521194585e-14,False,20,True,1,False
1741,mechanistic_target,True,,solved,1,2425,6.274042824496464e-14,0.0035912237920412,488.69613870727983,3.609099590777175e-13,0.0,0.0,0.0,4.4503488580456944e-17,0.0,False,0,True,1,False
1742,raw_prediction,True,21368900.0,solved,1,7600,5.735442136953859e-14,0.0028675930615928,559.4783433761966,9.59995971605565e-15,0.0,5.9932309390715466e-15,0.0,3.3515742843851965e-14,5.491493169227672e-16,False,7,True,1,False
1742,mechanistic_target,True,,solved,1,3525,5.735442136953859e-14,0.0028675930615928,559.4783433761966,5.14670968608266e-13,0.0,0.0,0.0,2.276196405906669e-17,0.0,False,0,True,1,False
1743,raw_prediction,True,9524600.0,solved,1,2675,7.49951570257122e-14,0.0017738861836983,1182.609507497171,1.1265294252993384e-14,0.0,6.5538084000754995e-16,0.0,2.9315285743914e-14,2.6887734105905023e-16,False,8,True,1,False
1743,mechanistic_target,True,,solved,1,2525,7.49951570257122e-14,0.0017738861836983,1182.609507497171,1.2822270861806194e-10,0.0,0.0,0.0,9.85699238978824e-15,0.0,False,0,True,1,False
1744,raw_prediction,True,236471600.0,solved inaccurate,2,100000,6.427800313378175e-14,0.001320590518307,1361.5327750173974,9.900934239137626e-15,4.134562961070546e-16,6.27217310652175e-16,0.0,8.77753878587936e-14,6.926788305162551e-16,False,16,True,1,False
1744,mechanistic_target,True,,solved,1,5225,6.427800313378175e-14,0.001320590518307,1361.5327750173974,8.177481435838244e-14,0.0,0.0,0.0,1.2700121572645954e-14,3.764927045370835e-20,False,3,True,1,False
1745,raw_prediction,True,15386400.0,solved,1,4825,6.988969355552364e-14,0.0016159833653551,1209.7904414228185,8.585501556124913e-15,0.0,0.0,0.0,2.5086222338174802e-14,3.4009885095702845e-18,False,2,True,1,False
1745,mechanistic_target,True,,solved,1,3450,6.988969355552364e-14,0.0016159833653551,1209.7904414228185,2.32306458210446e-13,0.0,0.0,0.0,1.8194507843632078e-14,0.0,False,0,True,1,False
1746,raw_prediction,True,7181500.0,solved,1,1850,6.416616435271516e-14,0.0021971165821885,816.9338206518479,1.0688179566496095e-14,0.0,1.7874022909296814e-15,0.0,1.7562789648499963e-14,2.2111880825815834e-16,False,2,True,1,False
1746,mechanistic_target,True,,solved,1,8975,6.416616435271516e-14,0.0021971165821885,816.9338206518479,1.4468718234191938e-13,0.0,0.0,0.0,1.583887106362682e-15,0.0,False,0,True,1,False
1747,raw_prediction,True,48062300.0,solved,1,15875,6.410641942705596e-14,0.0017600991168732,1018.8219525335048,1.1549843419224384e-14,0.0,9.725765499122768e-18,0.0,1.2961659028790056e-14,2.148694826255139e-16,False,7,True,1,False
1747,mechanistic_target,True,,solved,1,3250,6.410641942705596e-14,0.0017600991168732,1018.8219525335048,1.8385723315156815e-13,0.0,1.1772860924474243e-14,0.0,2.7991309678650332e-14,8.263251617254272e-18,False,1,True,1,False
1748,raw_prediction,True,16118400.0,solved,1,4550,6.670956654361444e-14,0.0011462484700085,1627.95819498133,1.5275974929451763e-14,4.54173032947567e-16,1.4177697327594045e-15,0.0,3.783517164035153e-14,1.5533680921233629e-15,False,25,True,1,False
1748,mechanistic_target,True,,solved,1,8050,6.670956654361444e-14,0.0011462484700085,1627.95819498133,1.5632682757140248e-14,0.0,0.0,0.0,1.0248546191940508e-14,2.4127591264885913e-19,False,1,True,1,False
1749,raw_prediction,True,52409800.0,solved,1,16825,8.406791604874462e-14,0.0006853493279164,3431.24863589903,1.0557091340758964e-14,5.863333288364132e-16,8.78104234913045e-16,0.0,8.536740876477022e-14,3.828196346247484e-16,False,24,True,1,False
1749,mechanistic_target,True,,solved,1,24250,8.406791604874462e-14,0.0006853493279164,3431.24863589903,1.0802512563743343e-14,0.0,0.0,0.0,2.0653563579972435e-14,7.458452003392949e-22,False,3,True,1,False
1750,raw_prediction,True,19918600.0,solved,1,5325,6.67611593702933e-14,0.0009211497526717,2027.3443854877637,3.7778807859822905e-14,3.26361537491354e-16,9.456776520667272e-15,0.0,3.076747801987027e-13,1.6369151890676245e-15,False,28,True,1,False
1750,mechanistic_target,True,,solved,1,10100,6.67611593702933e-14,0.0009211497526717,2027.3443854877637,1.525995204565413e-13,0.0,3.3988250631731454e-15,0.0,1.1040967973740214e-14,1.8778832776152777e-18,False,1,True,1,False
1751,raw_prediction,True,15670000.0,solved,1,4475,9.310118560294363e-14,0.0012977149246474,2006.8264236712469,1.3413919735065158e-14,5.235550623844515e-15,7.047951459967424e-15,0.0,5.81953655613022e-14,2.906898558935151e-15,False,29,True,1,False
1751,mechanistic_target,True,,solved,1,5250,9.310118560294363e-14,0.0012977149246474,2006.8264236712469,1.6960586385387099e-13,0.0,7.972238455158679e-15,0.0,1.135786454837172e-14,1.2156895219837349e-17,False,1,True,1,False
1752,raw_prediction,True,21225200.0,solved,1,6475,8.828958370950843e-14,0.0008824649097941,2798.632817100612,2.0553702954641616e-14,2.8925075431847938e-15,7.294117222377747e-15,0.0,1.2246795117640884e-13,3.699586433556568e-15,False,28,True,1,False
1752,mechanistic_target,True,,solved,1,12500,8.828958370950843e-14,0.0008824649097941,2798.632817100612,3.6579399190313616e-14,0.0,0.0,0.0,3.728215863790916e-15,3.460351070291372e-20,False,3,True,1,False
1753,raw_prediction,True,5227800.0,solved,1,500,5.951018563566236e-14,0.0034245124214952,486.1009363824948,6.73087227829001e-14,2.025558346764999e-14,1.614079415347025e-13,0.0,1.5424289638902524e-14,8.857108248152307e-14,False,26,True,1,False
1753,mechanistic_target,True,,solved,1,3275,5.951018563566236e-14,0.0034245124214952,486.1009363824948,4.546066026343306e-13,0.0,8.167195752160749e-14,0.0,5.10536467656651e-15,5.4368598935073014e-17,False,1,True,1,False
1754,raw_prediction,True,26288400.0,solved,1,9600,9.379608596777369e-14,0.0011110834949217,2361.4128287458025,9.020716736647951e-15,3.3177573487328874e-16,4.1706053455025903e-16,0.0,4.1676519239339623e-14,1.1110296733965977e-17,False,9,True,1,False
1754,mechanistic_target,True,,solved,1,6950,9.379608596777369e-14,0.0011110834949217,2361.4128287458025,1.9440560701624401e-13,0.0,0.0,0.0,2.716825531963209e-14,0.0,False,0,True,1,False
1755,raw_prediction,True,4144000.0,solved,1,575,6.634406674534337e-14,0.0023231768498868,798.8288044598522,6.0826827413882106e-15,8.93189875748307e-16,2.0458273669983e-14,0.0,1.6907566331061534e-14,1.6455635415399572e-14,False,2,True,1,False
1755,mechanistic_target,True,,solved,1,4025,6.634406674534337e-14,0.0023231768498868,798.8288044598522,2.2987922441915693e-13,0.0,0.0,0.0,2.545299791409415e-17,0.0,False,0,True,1,False
1756,raw_prediction,True,6895000.0,solved,1,1325,6.403840113888931e-14,0.0020609981034912,869.1541068594413,1.1604763745494484e-14,8.250915669337196e-16,7.718112038609211e-15,0.0,4.8770338573465716e-14,7.29362021964108e-15,False,22,True,1,False
1756,mechanistic_target,True,,solved,1,8650,6.403840113888931e-14,0.0020609981034912,869.1541068594413,7.574604218115615e-13,0.0,0.0,0.0,3.259918751223441e-15,0.0,False,0,True,1,False
1757,raw_prediction,True,6648200.0,solved,1,650,6.065290708249758e-14,0.0026617619256684,637.4062408036118,6.766544398040773e-14,1.27486511611347e-14,1.351839017671553e-13,0.0,1.8937840004552182e-14,1.7680955797954151e-13,False,27,True,1,False
1757,mechanistic_target,True,,solved,1,4425,6.065290708249758e-14,0.0026617619256684,637.4062408036118,3.1911239600978668e-12,0.0,0.0,0.0,2.952319510690705e-16,0.0,False,0,True,1,False
1758,raw_prediction,True,8538800.0,solved,1,1850,8.009862747090439e-14,0.0017629073664669,1270.952969852848,1.2077147137042837e-14,0.0,7.484229855621053e-15,0.0,4.9427274454221044e-14,3.784007676359677e-15,False,24,True,1,False
1758,mechanistic_target,True,,solved,1,3275,8.009862747090439e-14,0.0017629073664669,1270.952969852848,2.281310631933884e-13,0.0,0.0,0.0,4.191321196923856e-14,0.0,False,0,True,1,False
1759,raw_prediction,True,10220000.0,solved,1,2675,8.711229594772102e-14,0.0016288276230544,1496.022870510276,8.453276056432946e-15,2.3661809796186543e-15,3.5124169396521803e-15,0.0,1.225542827571106e-13,2.505234416275035e-15,False,10,True,1,False
1759,mechanistic_target,True,,solved,1,3175,8.711229594772102e-14,0.0016288276230544,1496.022870510276,4.967696415704941e-13,0.0,0.0,0.0,6.98023327330702e-14,0.0,False,0,True,1,False
1760,raw_prediction,True,9367500.0,solved,1,2400,6.206216245276422e-14,0.0020468495286809,848.1543327552984,2.1410953251251724e-14,5.409366972278089e-16,4.239114566660362e-15,0.0,3.4839614869380095e-14,1.02730579838265e-15,False,12,True,1,False
1760,mechanistic_target,True,,solved,1,9450,6.206216245276422e-14,0.0020468495286809,848.1543327552984,4.345261492134723e-13,0.0,0.0,0.0,3.2299794734226925e-15,0.0,False,0,True,1,False
1761,raw_prediction,True,5077600.0,solved,1,775,6.951792392096176e-14,0.0032354187313027,601.0356005383558,2.212813265956015e-14,0.0,5.4553019181987836e-14,0.0,5.3457770968368e-13,3.766573990017865e-13,False,8,True,1,False
1761,mechanistic_target,True,,solved,1,3425,6.951792392096176e-14,0.0032354187313027,601.0356005383558,3.658286492075259e-12,0.0,0.0,0.0,5.061400629709498e-16,0.0,False,0,True,1,False
1762,raw_prediction,True,15341800.0,solved,1,4600,7.254187447881748e-14,0.001337993341147,1516.5918575618828,1.6210730674481868e-13,0.0,5.535906731714926e-16,0.0,6.209864115752515e-15,9.965405383689063e-16,False,15,True,1,False
1762,mechanistic_target,True,,solved,1,4925,7.254187447881748e-14,0.001337993341147,1516.5918575618828,1.3030829999632992e-13,0.0,0.0,0.0,2.0450915995957728e-14,0.0,False,0,True,1,False
1763,raw_prediction,True,255859500.0,maximum iterations reached,7,100000,9.345108132901853e-14,0.0004984675926737,5244.224813705251,5.535016889268718e-13,0.0,0.0,0.0,1.3640497407221632e-12,1.5940823273623237e-18,False,2,True,1,False
1763,mechanistic_target,True,,solved inaccurate,2,100000,9.345108132901853e-14,0.0004984675926737,5244.224813705251,5.534429732937753e-14,0.0,0.0,0.0,9.176383361162805e-13,5.003005734282749e-15,False,2,True,1,False
1764,raw_prediction,True,15426800.0,solved,1,4475,7.462102506951249e-14,0.0013858351200175,1506.2031310403631,1.825622986117992e-14,5.490719860120858e-15,9.408259659782623e-15,0.0,5.1366041255450926e-14,3.932063892672085e-15,False,22,True,1,False
1764,mechanistic_target,True,,solved,1,4775,7.462102506951249e-14,0.0013858351200175,1506.2031310403631,1.600005780803944e-13,0.0,0.0,0.0,3.1334621617250544e-14,0.0,False,0,True,1,False
1765,raw_prediction,True,13021800.0,solved,1,3400,7.946065753710951e-14,0.0017487840461708,1271.012642405479,6.9091728785954265e-15,1.09190425539687e-15,8.419758587573684e-15,0.0,1.0531202261158169e-13,3.2778738598723282e-15,False,24,True,1,False
1765,mechanistic_target,True,,solved,1,3050,7.946065753710951e-14,0.0017487840461708,1271.012642405479,2.6571473760356913e-13,0.0,2.2572241391719102e-14,0.0,2.9494127445695586e-14,2.996606284232708e-17,False,1,True,1,False
1766,raw_prediction,True,5303000.0,solved,1,650,6.732116856357219e-14,0.0032627210679551,577.1724556182693,6.397684766451127e-14,0.0,1.433697781717408e-13,0.0,9.588200912499564e-14,1.0107678853872761e-13,False,24,True,1,False
1766,mechanistic_target,True,,solved,1,3025,6.732116856357219e-14,0.0032627210679551,577.1724556182693,1.0773754553406692e-12,0.0,0.0,0.0,1.5458843593893962e-16,0.0,False,0,True,1,False
1767,raw_prediction,True,6275600.0,solved,1,1050,7.983492918286476e-14,0.0021375926308421,1044.724788049705,2.016177667025596e-13,0.0,5.996739171816368e-13,0.0,6.086010841847054e-14,7.707690837267449e-13,False,22,True,1,False
1767,mechanistic_target,True,,solved,1,2100,7.983492918286476e-14,0.0021375926308421,1044.724788049705,2.565770711964677e-12,0.0,0.0,0.0,8.465543960076087e-16,0.0,False,0,True,1,False
1768,raw_prediction,True,17168200.0,solved,1,5825,6.035063530360917e-14,0.0030271556529395,557.6747641138053,2.0478153609551865e-14,0.0,2.0606492778048882e-17,0.0,3.1873152332123594e-14,1.96696689358841e-16,False,9,True,1,False
1768,mechanistic_target,True,,solved,1,2950,6.035063530360917e-14,0.0030271556529395,557.6747641138053,4.2811580650664076e-13,0.0,0.0,0.0,6.705755601635971e-17,0.0,False,0,True,1,False
1769,raw_prediction,True,4215400.0,solved,1,550,5.712836541614042e-14,0.0033594055909862,475.6891610883475,1.3746803392538592e-14,2.8834952101637186e-14,3.975208212236945e-14,0.0,1.3208176060815756e-14,9.450752612179686e-15,False,8,True,1,False
1769,mechanistic_target,True,,solved,1,3100,5.712836541614042e-14,0.0033594055909862,475.6891610883475,2.2726083834847306e-12,0.0,0.0,0.0,1.6735355895055748e-16,0.0,False,0,True,1,False
1770,raw_prediction,True,13023400.0,solved,1,4025,6.197489430007661e-14,0.0033435331247733,518.4943915461608,8.00758419211159e-14,0.0,1.8721255226100463e-14,0.0,1.2039976193118692e-14,4.882613558956067e-16,False,7,True,1,False
1770,mechanistic_target,True,,solved,1,3150,6.197489430007661e-14,0.0033435331247733,518.4943915461608,5.898202649011396e-13,0.0,0.0,0.0,7.726929113458577e-15,4.237600769951143e-18,False,3,True,1,False
1771,raw_prediction,True,266033300.0,solved inaccurate,2,100000,6.914191029639808e-14,0.0010331612395187,1872.005706092569,8.738852626490592e-14,1.7190626156852173e-15,2.869519196233701e-15,0.0,5.707571218129695e-13,9.973194472082565e-16,False,16,True,1,False
1771,mechanistic_target,True,,solved,1,3975,6.914191029639808e-14,0.0010331612395187,1872.005706092569,3.08638660642386e-14,0.0,4.940866093882688e-14,0.0,2.6409764722922683e-13,1.7448503955868918e-13,False,2,True,1,False
1772,raw_prediction,True,15877800.0,solved,1,4275,7.468353813831971e-14,0.0012458722062847,1676.8155222405364,2.4714837961035424e-14,6.422971812719762e-15,1.0788137743217412e-14,0.0,5.3760906973645764e-14,7.218186616281103e-15,False,24,True,1,False
1772,mechanistic_target,True,,solved,1,6225,7.468353813831971e-14,0.0012458722062847,1676.8155222405364,9.067124543154458e-14,0.0,3.8290285735513375e-15,0.0,1.6688097877571853e-14,7.750267304416968e-18,False,1,True,1,False
1773,raw_prediction,True,4269700.0,solved,1,650,6.253912908147835e-14,0.0024091883239815,726.1309994832827,7.614944208446332e-15,0.0,2.9706957389469665e-14,0.0,2.2422008931213104e-14,4.105127329091463e-14,False,2,True,1,False
1773,mechanistic_target,True,,solved,1,6100,6.253912908147835e-14,0.0024091883239815,726.1309994832827,7.491995062731466e-13,0.0,0.0,0.0,7.483669964665808e-15,0.0,False,0,True,1,False
1774,raw_prediction,True,11869600.0,solved,1,3275,7.022930339950121e-14,0.0017097842239285,1148.975990650857,7.559615164917577e-15,8.788638625680161e-16,4.268349839533882e-15,0.0,6.452543849658957e-14,8.572369437040845e-16,False,19,True,1,False
1774,mechanistic_target,True,,solved,1,14375,7.022930339950121e-14,0.0017097842239285,1148.975990650857,2.9592380230118e-13,0.0,0.0,0.0,3.114469492677118e-15,0.0,False,0,True,1,False
1775,raw_prediction,True,18256800.0,solved,1,6125,7.622579898424917e-14,0.0013171259664538,1618.8573150220182,6.137104713310748e-14,2.1998186507527628e-15,4.9451463382387846e-15,0.0,3.718623088520852e-14,2.074228834383814e-15,False,7,True,1,False
1775,mechanistic_target,True,,solved,1,5350,7.622579898424917e-14,0.0013171259664538,1618.8573150220182,1.1031529873678914e-13,0.0,0.0,0.0,1.804492538251446e-14,0.0,False,0,True,1,False
1776,raw_prediction,True,11677900.0,solved,1,3000,7.830873653576676e-14,0.0017433668244789,1256.4792999741508,1.361497720120397e-14,0.0,2.3591639298898676e-14,0.0,2.9376751628221506e-14,1.2869001908307406e-15,False,15,True,1,False
1776,mechanistic_target,True,,solved,1,3025,7.830873653576676e-14,0.0017433668244789,1256.4792999741508,2.9946129325873495e-13,0.0,2.4201266168251624e-14,0.0,3.3460885205600536e-14,4.104934290467662e-17,False,1,True,1,False
1777,raw_prediction,True,15451800.0,solved,1,4675,9.780077746267543e-14,0.0013339147531077,2050.917211872724,2.451511216250424e-14,0.0,2.1977616382668462e-14,0.0,2.500342318609829e-14,1.789549912202274e-15,False,16,True,1,False
1777,mechanistic_target,True,,solved,1,4800,9.780077746267543e-14,0.0013339147531077,2050.917211872724,2.6076541297056054e-13,0.0,0.0,0.0,4.7116726923878685e-14,0.0,False,0,True,1,False
1778,raw_prediction,True,9528600.0,solved,1,2850,7.631683576112889e-14,0.0018876313277334,1130.9335227779682,2.1633302788037767e-14,8.829094148099307e-15,1.9240516059336335e-14,0.0,3.5524887923829737e-14,6.097548332135556e-15,False,18,True,1,False
1778,mechanistic_target,True,,solved,1,2675,7.631683576112889e-14,0.0018876313277334,1130.9335227779682,4.062473868237885e-13,0.0,0.0,0.0,5.0570159026018295e-14,0.0,False,0,True,1,False
1779,raw_prediction,True,6189100.0,solved,1,1350,7.607673793787484e-14,0.0019703509633306,1080.0458446076027,1.06733198668163e-14,5.845946211374901e-16,8.982537590388939e-15,0.0,2.3798055593442537e-14,1.6373139143467445e-15,False,7,True,1,False
1779,mechanistic_target,True,,solved,1,2175,7.607673793787484e-14,0.0019703509633306,1080.0458446076027,5.4700737096526906e-11,0.0,0.0,0.0,6.371009197366175e-15,0.0,False,0,True,1,False
1780,raw_prediction,True,10095600.0,solved,1,2225,6.980353652385439e-14,0.0018187734618098,1073.5758068938787,1.1383997065250664e-14,5.391358080638012e-16,5.730113483209869e-15,0.0,7.291443935296945e-14,1.6474993985970568e-15,False,22,True,1,False
1780,mechanistic_target,True,,solved,1,11300,6.980353652385439e-14,0.0018187734618098,1073.5758068938787,5.928401559650929e-13,0.0,5.0717629831718735e-14,0.0,5.67483948390967e-15,2.3832289720475108e-17,False,1,True,1,False
1781,raw_prediction,True,7344600.0,solved,1,1850,5.998324681827239e-14,0.0022224396616521,754.9772924467293,5.918876500032866e-15,0.0,2.7998352932487752e-16,0.0,3.5735900730349565e-14,2.546445217695214e-16,False,16,True,1,False
1781,mechanistic_target,True,,solved,1,7225,5.998324681827239e-14,0.0022224396616521,754.9772924467293,6.771730848524927e-13,0.0,0.0,0.0,4.851367807674562e-15,0.0,False,0,True,1,False
1782,raw_prediction,True,14235400.0,solved,1,4900,8.26310135524482e-14,0.0012664748265082,1825.0737408770103,1.1844258213100643e-14,1.2745494647999112e-14,1.8913553041334544e-14,0.0,3.8451405575532434e-14,4.774567250792952e-15,False,8,True,1,False
1782,mechanistic_target,True,,solved,1,5700,8.26310135524482e-14,0.0012664748265082,1825.0737408770103,9.268676323806512e-14,0.0,4.2994434549040915e-15,0.0,1.4316754299057472e-14,7.680862535597756e-18,False,1,True,1,False
1783,raw_prediction,True,36311700.0,solved,1,13800,8.506701609645978e-14,0.0009669456563228,2460.894700124741,1.211010458579409e-14,1.925597943528702e-16,1.9398088013522424e-17,0.0,1.425013219527382e-13,1.3274685302451895e-16,False,11,True,1,False
1783,mechanistic_target,True,,solved,1,9375,8.506701609645978e-14,0.0009669456563228,2460.894700124741,9.418443470565278e-14,0.0,2.568303631248146e-15,0.0,9.301487253384232e-15,3.750615350522704e-19,False,1,True,1,False
1784,raw_prediction,True,6649700.0,solved,1,1125,6.139384929483628e-14,0.0037122089636531,462.6220696753773,8.308132827539172e-15,0.0,2.3972923756286183e-14,0.0,4.2052918108875395e-14,2.658664110226196e-13,False,18,True,1,False
1784,mechanistic_target,True,,solved,1,2375,6.139384929483628e-14,0.0037122089636531,462.6220696753773,9.459954657671021e-13,0.0,0.0,0.0,3.991998390072572e-16,0.0,False,0,True,1,False
1785,raw_prediction,True,32501000.0,solved,1,12750,9.571570387946533e-14,0.0009819225727037,2726.7156582628486,2.7290669724067132e-14,0.0,0.0,0.0,9.395727783881958e-14,0.0,False,0,True,1,False
1785,mechanistic_target,True,,solved,1,8325,9.571570387946533e-14,0.0009819225727037,2726.7156582628486,3.216789453846072e-13,0.0,0.0,0.0,3.2280591385030654e-14,0.0,False,0,True,1,False
1786,raw_prediction,True,21438200.0,solved,1,8075,5.715203194420547e-14,0.002717601987668,588.2740925750958,1.430659082663342e-14,0.0,4.817550899271548e-16,0.0,1.3966423236113396e-14,4.285613125757506e-17,False,4,True,1,False
1786,mechanistic_target,True,,solved,1,4575,5.715203194420547e-14,0.002717601987668,588.2740925750958,5.026545606973666e-12,0.0,0.0,0.0,1.8598576701590302e-16,0.0,False,0,True,1,False
1787,raw_prediction,True,6412500.0,solved,1,600,5.714854146886967e-14,0.0038338778768965,416.9661258642605,7.36346776617576e-16,1.5667474265027313e-15,5.250104288084124e-15,0.0,2.7635396841844447e-14,6.919638695341488e-14,False,26,True,1,False
1787,mechanistic_target,True,,solved,1,1600,5.714854146886967e-14,0.0038338778768965,416.9661258642605,8.356490863243437e-14,0.0,0.0,0.0,1.241372697219373e-16,0.0,False,0,True,1,False
1788,raw_prediction,True,27607400.0,solved,1,10450,9.040083427654809e-14,0.000939677933141,2691.0843380713213,1.651630221477518e-13,0.0,1.2655180595259422e-14,0.0,1.2105882302594704e-14,9.912129802596558e-16,False,2,True,1,False
1788,mechanistic_target,True,,solved,1,10450,9.040083427654809e-14,0.000939677933141,2691.0843380713213,7.768027170783148e-14,0.0,0.0,0.0,6.117722129010693e-15,0.0,False,0,True,1,False
1789,raw_prediction,True,49603800.0,solved,1,16025,6.188413769893947e-14,0.001732443917534,999.2037556347428,1.3253287356462806e-14,2.7509594368327178e-17,1.4099165728042241e-16,0.0,2.3762544921287172e-14,1.528359221034988e-15,False,15,True,1,False
1789,mechanistic_target,True,,solved,1,16950,6.188413769893947e-14,0.001732443917534,999.2037556347428,2.5384177047511152e-14,0.0,0.0,0.0,4.117949580137836e-15,6.119677029307013e-20,False,3,True,1,False
1790,raw_prediction,True,15519700.0,solved,1,5000,9.394083083221424e-14,0.0011465088307793,2291.980356609109,2.171526847227767e-14,2.038922753396929e-16,1.0641639325961184e-14,0.0,5.0561935589195584e-14,3.631398239237175e-15,False,24,True,1,False
1790,mechanistic_target,True,,solved,1,6425,9.394083083221424e-14,0.0011465088307793,2291.980356609109,2.278584078590142e-13,0.0,0.0,0.0,3.335767899123713e-14,0.0,False,0,True,1,False
1791,raw_prediction,True,11528600.0,solved,1,3700,6.585830120203713e-14,0.0018298560696599,1006.7635687751358,8.566171974406414e-15,0.0,1.2809716418329385e-15,0.0,3.970270280966874e-14,3.90388032986514e-16,False,1,True,1,False
1791,mechanistic_target,True,,solved,1,12725,6.585830120203713e-14,0.0018298560696599,1006.7635687751358,9.09897274183935e-14,0.0,0.0,0.0,2.5170933290838448e-14,0.0,False,0,True,1,False
1792,raw_prediction,True,10371700.0,solved,1,2925,8.912197843542865e-14,0.0017871353756355,1394.9584302345338,6.65309821124005e-15,1.5277854891970879e-16,3.547238693916515e-17,0.0,3.7115043553962254e-14,3.437275775000008e-17,False,5,True,1,False
1792,mechanistic_target,True,,solved,1,2250,8.912197843542865e-14,0.0017871353756355,1394.9584302345338,2.4057745863611326e-11,0.0,0.0,0.0,4.3927884707769684e-15,0.0,False,0,True,1,False
1793,raw_prediction,True,33297100.0,solved,1,11950,6.572666294104576e-14,0.0020082634323018,915.4925215626258,1.1923313033360515e-14,2.4598833790339272e-15,3.76330386391305e-15,0.0,4.7723513746694986e-14,2.58980800046654e-15,False,21,True,1,False
1793,mechanistic_target,True,,solved,1,10775,6.572666294104576e-14,0.0020082634323018,915.4925215626258,1.5429355422988497e-13,0.0,0.0,0.0,1.851631671692245e-15,0.0,False,0,True,1,False
1794,raw_prediction,True,68830600.0,solved,1,23350,1.0108778752580009e-13,0.0012487123744562,2264.488786202472,2.2069410629931222e-14,6.118123856557045e-17,8.547171872287992e-17,0.0,6.869969488378815e-14,8.69148644058047e-17,False,7,True,1,False
1794,mechanistic_target,True,,solved,1,4850,1.0108778752580009e-13,0.0012487123744562,2264.488786202472,6.587343043311789e-13,0.0,0.0,0.0,1.1241133221603498e-13,0.0,False,0,True,1,False
1795,raw_prediction,True,22905500.0,solved,1,8625,9.405161886081067e-14,0.0011793691990609,2230.747384039539,2.6442389944314474e-14,0.0,1.0990129481626071e-16,0.0,1.1684443710407954e-13,1.5167620842394256e-17,False,5,True,1,False
1795,mechanistic_target,True,,solved,1,6175,9.405161886081067e-14,0.0011793691990609,2230.747384039539,2.1207525334902198e-13,0.0,0.0,0.0,2.4326859931056904e-14,0.0,False,0,True,1,False
1796,raw_prediction,True,22775000.0,solved,1,7900,6.331127635833717e-14,0.0009878962432456,1792.683551079207,2.2357116158389093e-14,0.0,2.3972923756286183e-15,0.0,2.918639241741789e-14,2.7034292144783677e-15,False,22,True,1,False
1796,mechanistic_target,True,,solved,1,10300,6.331127635833717e-14,0.0009878962432456,1792.683551079207,1.826188658072837e-14,0.0,0.0,0.0,8.34426210958037e-15,1.9525175404273928e-20,False,3,True,1,False
1797,raw_prediction,True,24558300.0,solved,1,8375,6.975460248237964e-14,0.0012001609065566,1625.8006409305458,9.745587936722192e-15,2.733507236869192e-17,2.7178019787009145e-16,0.0,8.6774165649849e-14,4.757304359576273e-16,False,10,True,1,False
1797,mechanistic_target,True,,solved,1,4675,6.975460248237964e-14,0.0012001609065566,1625.8006409305458,7.66726973418215e-13,0.0,0.0,0.0,1.3705398990438e-13,0.0,False,0,True,1,False
1798,raw_prediction,True,37177100.0,solved,1,12950,7.874738316882478e-14,0.0020157853171453,1092.7624213430613,8.535607213922868e-15,0.0,6.868830926016294e-18,0.0,6.615213128868625e-14,7.593944550564745e-20,False,1,True,1,False
1798,mechanistic_target,True,,solved,1,6675,7.874738316882478e-14,0.0020157853171453,1092.7624213430613,1.0348983130988464e-12,0.0,0.0,0.0,4.8570187840238616e-15,0.0,False,0,True,1,False
1799,raw_prediction,True,5717500.0,solved,1,1000,6.745675105211534e-14,0.0027355161081871,689.7950003464176,2.0523993964050032e-14,1.3181394915297911e-14,2.0008232209804384e-14,0.0,1.693820601112663e-14,9.73787609101412e-15,False,26,True,1,False
1799,mechanistic_target,True,,solved,1,5175,6.745675105211534e-14,0.0027355161081871,689.7950003464176,3.8760746457233563e-13,0.0,0.0,0.0,6.211027383595949e-15,0.0,False,0,True,1,False
1800,raw_prediction,True,13783300.0,solved,1,4000,9.274417978602515e-14,0.0014649783882872,1770.88086524019,1.97758476261356e-14,2.343889488901019e-15,6.56972534164809e-15,0.0,7.674194184570817e-14,1.4583297463772152e-14,False,24,True,1,False
1800,mechanistic_target,True,,solved,1,4225,9.274417978602515e-14,0.0014649783882872,1770.88086524019,1.8761966420305613e-13,0.0,0.0,0.0,3.183552017397123e-14,6.842587602834458e-19,False,3,True,1,False
1801,raw_prediction,True,30637400.0,solved,1,11175,6.59947160023489e-14,0.0009265458964645,1992.3981316699128,3.687328220536301e-14,0.0,2.1792092053967413e-15,0.0,1.6463923524990913e-13,3.4939909384939557e-16,False,19,True,1,False
1801,mechanistic_target,True,,solved,1,13225,6.59947160023489e-14,0.0009265458964645,1992.3981316699128,1.6414485271110402e-14,0.0,1.0426513363756474e-15,0.0,3.703645719089656e-14,5.3793816992723825e-17,False,2,True,1,False
1802,raw_prediction,True,119268900.0,solved,1,47825,9.160218739329553e-14,0.0005082783921912,5041.248379925008,6.193674045862352e-13,0.0,1.0134775580211348e-15,0.0,2.0050427478230897e-12,9.435758088164304e-17,False,1,True,1,False
1802,mechanistic_target,True,,solved,1,42775,9.160218739329553e-14,0.0005082783921912,5041.248379925008,8.656005909163073e-14,0.0,6.556259460394454e-16,0.0,6.323083276901589e-13,8.721758977766837e-17,False,1,True,1,False
1803,raw_prediction,True,5640300.0,solved,1,925,6.759265715239342e-14,0.0022795945274846,829.422499610132,8.607697887796917e-15,1.6916733988173953e-18,1.0790728181042468e-15,0.0,3.752018230767517e-14,1.3687987640155729e-15,False,23,True,1,False
1803,mechanistic_target,True,,solved,1,5900,6.759265715239342e-14,0.0022795945274846,829.422499610132,1.0213236786514053e-12,0.0,0.0,0.0,5.9969995386542415e-15,0.0,False,0,True,1,False
1804,raw_prediction,True,37227100.0,solved,1,13550,8.0940514764372e-14,0.0010231727041614,2212.844594022766,1.560730711336333e-14,0.0,3.2306461278715725e-14,0.0,2.7408611490552962e-14,3.0295724112218864e-15,False,14,True,1,False
1804,mechanistic_target,True,,solved,1,9350,8.0940514764372e-14,0.0010231727041614,2212.844594022766,6.313624523396246e-14,0.0,0.0,0.0,5.453061836476867e-15,0.0,False,0,True,1,False
1805,raw_prediction,True,13899900.0,solved,1,4075,5.718386866775263e-14,0.0015453917415408,1035.067910868043,2.072695595900904e-14,5.169486416789052e-15,6.816200638266368e-15,0.0,8.518154832729374e-14,7.465490624032387e-15,False,27,True,1,False
1805,mechanistic_target,True,,solved,1,3725,5.718386866775263e-14,0.0015453917415408,1035.067910868043,1.0248610395149701e-13,0.0,0.0,0.0,1.0405454626405776e-14,9.747220631742549e-20,False,3,True,1,False
1806,raw_prediction,True,7055700.0,solved,1,1300,6.665316627512513e-14,0.0022425395067305,831.4087304263941,2.6537797192485184e-14,3.0764265917498047e-15,2.087398483169309e-14,0.0,5.1361808535858115e-14,1.33150149811016e-14,False,26,True,1,False
1806,mechanistic_target,True,,solved,1,8525,6.665316627512513e-14,0.0022425395067305,831.4087304263941,1.6358874978275906e-13,0.0,0.0,0.0,2.335144428703986e-15,0.0,False,0,True,1,False
1807,raw_prediction,True,14051300.0,solved,1,4675,9.22001178526138e-14,0.0014257421360614,1808.9409483469835,8.698911560560196e-15,8.944311393957306e-15,5.948211827494175e-15,0.0,5.83615811690229e-14,1.011091446718684e-15,False,12,True,1,False
1807,mechanistic_target,True,,solved,1,4250,9.22001178526138e-14,0.0014257421360614,1808.9409483469835,2.913534526697508e-13,0.0,0.0,0.0,4.9011213661049636e-14,0.0,False,0,True,1,False
1808,raw_prediction,True,245770600.0,solved inaccurate,2,100000,7.009890740336735e-14,0.0008482363431064,2311.682957763531,8.50569614740948e-14,0.0,1.5977231481897504e-16,0.0,7.140853101848251e-13,1.5808076209185824e-15,False,20,True,1,False
1808,mechanistic_target,True,,solved,1,16925,7.009890740336735e-14,0.0008482363431064,2311.682957763531,1.875407567191464e-14,0.0,1.6533471191099553e-15,0.0,1.52109194648673e-13,1.1768322903018501e-15,False,2,True,1,False
1809,raw_prediction,True,18983000.0,solved,1,5250,6.647953139670033e-14,0.0013360195794704,1391.903174103094,1.387149943521404e-14,0.0,2.536159921777837e-15,0.0,3.6514257390701814e-14,3.509265303246293e-16,False,15,True,1,False
1809,mechanistic_target,True,,solved,1,6275,6.647953139670033e-14,0.0013360195794704,1391.903174103094,1.5192498189807678e-14,0.0,0.0,0.0,1.2043315435349332e-14,0.0,False,0,True,1,False
1810,raw_prediction,True,18085800.0,solved,1,5500,6.493635076838141e-14,0.0016900828602358,1074.765655533965,3.6651988377993194e-14,3.199618988294126e-17,3.2056688387638757e-16,0.0,3.994951741989467e-13,1.0883230937412191e-16,False,24,True,1,False
1810,mechanistic_target,True,,solved,1,3100,6.493635076838141e-14,0.0016900828602358,1074.765655533965,1.856662907354759e-13,0.0,0.0,0.0,1.4946934118030882e-14,2.2976694084140326e-19,False,3,True,1,False
1811,raw_prediction,True,69372700.0,solved,1,26525,8.414305142698685e-14,0.00066091752069,3561.269916248717,1.5647931202984048e-14,0.0,0.0,0.0,1.4055758283141865e-13,7.460281459192527e-18,False,2,True,1,False
1811,mechanistic_target,True,,solved,1,27425,8.414305142698685e-14,0.00066091752069,3561.269916248717,1.1573351542461251e-14,0.0,3.649279677314766e-16,0.0,5.1328819671697414e-14,4.545851717409222e-17,False,2,True,1,False
1812,raw_prediction,True,26304000.0,solved,1,8475,5.788681598498267e-14,0.0009379904911032,1726.2954465111422,8.68613642534599e-14,0.0,1.4559143524893632e-14,0.0,1.0894022452606958e-12,6.649053939539973e-15,False,21,True,1,False
1812,mechanistic_target,True,,solved,1,13800,5.788681598498267e-14,0.0009379904911032,1726.2954465111422,1.4720208561297146e-14,0.0,1.3107616800150997e-15,0.0,5.254640301475328e-14,5.2320384254932046e-17,False,2,True,1,False
1813,raw_prediction,True,5875100.0,solved,1,675,5.713918367967816e-14,0.0039299235000471,406.7090473929647,5.388863067759718e-15,8.261025424729582e-16,2.198492520088684e-14,0.0,2.0053724929054563e-14,7.647436791640312e-15,False,26,True,1,False
1813,mechanistic_target,True,,solved,1,1550,5.713918367967816e-14,0.0039299235000471,406.7090473929647,4.683149406207041e-14,0.0,0.0,0.0,1.445687300295317e-16,2.722791866193791e-20,False,1,True,1,False
1814,raw_prediction,True,21406400.0,solved,1,7525,7.421992886120542e-14,0.0013644540745534,1521.5825173791768,1.3012594474171024e-14,0.0,1.7586837718288802e-14,0.0,3.707408331342898e-14,7.003972726215033e-16,False,12,True,1,False
1814,mechanistic_target,True,,solved,1,4875,7.421992886120542e-14,0.0013644540745534,1521.5825173791768,1.24712599980994e-13,0.0,0.0,0.0,2.04031223545614e-14,0.0,False,0,True,1,False
1815,raw_prediction,True,38274600.0,solved,1,13350,6.815525478712596e-14,0.0020756548760569,918.4977571207868,1.3818807209631244e-14,0.0,1.4286210920554642e-16,0.0,1.3693104908606315e-14,2.365031178910326e-16,False,3,True,1,False
1815,mechanistic_target,True,,solved,1,6550,6.815525478712596e-14,0.0020756548760569,918.4977571207868,4.095702672038165e-12,0.0,0.0,0.0,4.361847034253336e-16,0.0,False,0,True,1,False
1816,raw_prediction,True,8574100.0,solved,1,2325,6.52117243549323e-14,0.0021004385122478,868.4595795590387,1.2525521681217682e-14,6.727044771609097e-17,3.0332611369429844e-19,0.0,4.3400149371190435e-14,8.683355797128697e-18,False,2,True,1,False
1816,mechanistic_target,True,,solved,1,6375,6.52117243549323e-14,0.0021004385122478,868.4595795590387,4.599525704181009e-12,0.0,0.0,0.0,4.523241788507207e-16,0.0,False,0,True,1,False
1817,raw_prediction,True,10288300.0,solved,1,2800,7.141367907998716e-14,0.0014625030690912,1365.8987888553197,1.1053974563447794e-14,5.630288376738596e-16,6.177502933191487e-15,0.0,4.983161735017175e-14,2.206851299202325e-15,False,28,True,1,False
1817,mechanistic_target,True,,solved,1,4400,7.141367907998716e-14,0.0014625030690912,1365.8987888553197,1.618658743234962e-13,0.0,8.388616437074419e-15,0.0,3.5328301135446776e-14,1.174208123762048e-17,False,1,True,1,False
1818,raw_prediction,True,7273300.0,solved,1,1525,5.88714957649536e-14,0.0027352662486617,602.0594285930526,1.663599813461758e-14,9.644400698479048e-15,1.3455180059937811e-14,0.0,1.0518389196107545e-13,4.4233704829507546e-15,False,15,True,1,False
1818,mechanistic_target,True,,solved,1,3775,5.88714957649536e-14,0.0027352662486617,602.0594285930526,1.7452669945729385e-12,0.0,0.0,0.0,2.558230716401713e-16,0.0,False,0,True,1,False
1819,raw_prediction,True,25089300.0,solved,1,9625,6.994704124884095e-14,0.0010815362906247,1809.098237275653,1.672273430841642e-14,0.0,7.345649006955307e-16,0.0,7.101968550981347e-14,1.386683442401414e-16,False,13,True,1,False
1819,mechanistic_target,True,,solved,1,7850,6.994704124884095e-14,0.0010815362906247,1809.098237275653,1.4807288305827353e-13,0.0,0.0,0.0,1.29030035958338e-14,0.0,False,0,True,1,False
1820,raw_prediction,True,17368200.0,solved,1,5200,7.457074487471619e-14,0.001146098857828,1820.037347919932,2.5118795932144167e-14,3.0318347601510362e-15,6.193845533543845e-15,0.0,1.3453112950017164e-13,1.5741276336260197e-15,False,20,True,1,False
1820,mechanistic_target,True,,solved,1,6725,7.457074487471619e-14,0.001146098857828,1820.037347919932,1.195546610153505e-13,0.0,0.0,0.0,1.636119763841575e-14,0.0,False,0,True,1,False
1821,raw_prediction,True,3904400.0,solved,1,500,6.10989891764398e-14,0.0026408138446621,647.1875224918313,5.30608543214406e-16,2.4523704668198945e-14,1.553029702114808e-16,0.0,2.6567790521083697e-14,2.2944862347649374e-15,False,12,True,1,False
1821,mechanistic_target,True,,solved,1,4175,6.10989891764398e-14,0.0026408138446621,647.1875224918313,4.4875408081505855e-12,0.0,0.0,0.0,5.974381780999577e-16,0.0,False,0,True,1,False
1822,raw_prediction,True,12141800.0,solved,1,3050,7.683189190421325e-14,0.0013812687128906,1555.9557831637617,9.769813737026152e-15,1.489110514194321e-15,4.688344350701109e-15,0.0,8.192730589909781e-14,3.0927009951245428e-15,False,24,True,1,False
1822,mechanistic_target,True,,solved,1,3500,7.683189190421325e-14,0.0013812687128906,1555.9557831637617,9.58034946175844e-13,0.0,0.0,0.0,8.310738288387923e-14,0.0,False,0,True,1,False
1823,raw_prediction,True,31840500.0,solved,1,12000,6.48131920451873e-14,0.0021451003365755,845.1809475478484,1.707924219846113e-14,0.0,0.0,0.0,1.3020715513532942e-14,5.410702263572007e-17,False,1,True,1,False
1823,mechanistic_target,True,,solved,1,9625,6.48131920451873e-14,0.0021451003365755,845.1809475478484,1.157484294496946e-13,0.0,0.0,0.0,1.2464871060225966e-15,1.5048040907711168e-19,False,3,True,1,False
1824,raw_prediction,True,14467400.0,solved,1,4975,8.822781998167363e-14,0.001555169987171,1586.9439228925603,9.5813114386889e-15,0.0,0.0,0.0,2.489760096385502e-14,6.911606239212766e-17,False,1,True,1,False
1824,mechanistic_target,True,,solved,1,3450,8.822781998167363e-14,0.001555169987171,1586.9439228925603,4.732917245390608e-13,0.0,0.0,0.0,6.421791987499932e-14,0.0,False,0,True,1,False
1825,raw_prediction,True,15323600.0,solved,1,4400,7.7897055848918e-14,0.0017412707900713,1251.3783222378393,1.0008162493696116e-14,0.0,8.91884746347806e-17,0.0,5.2170756789704263e-14,5.914211437534081e-17,False,8,True,1,False
1825,mechanistic_target,True,,solved,1,2450,7.7897055848918e-14,0.0017412707900713,1251.3783222378393,5.2426656737542535e-11,0.0,0.0,0.0,4.579837321277065e-15,0.0,False,0,True,1,False
1826,raw_prediction,True,5679500.0,solved,1,975,7.865866062361756e-14,0.0020138016019415,1092.6064591493614,8.595715785942654e-15,0.0,1.4559165891012828e-14,0.0,3.1681054408520976e-14,9.558051613270328e-15,False,14,True,1,False
1826,mechanistic_target,True,,solved,1,2050,7.865866062361756e-14,0.0020138016019415,1092.6064591493614,2.4897227613085592e-11,0.0,0.0,0.0,3.824846719215853e-15,0.0,False,0,True,1,False
1827,raw_prediction,True,35224000.0,solved,1,13125,7.086654720942412e-14,0.0010298792547095,1924.814412239699,3.224355010338768e-14,0.0,0.0,0.0,3.121792988232834e-13,0.0,False,0,True,1,False
1827,mechanistic_target,True,,solved,1,11250,7.086654720942412e-14,0.0010298792547095,1924.814412239699,7.740252611782993e-15,0.0,2.22024722762362e-16,0.0,3.5768997026006396e-14,1.023633445604709e-18,False,1,True,1,False
1828,raw_prediction,True,7202500.0,solved,1,1350,7.403498138021752e-14,0.0024431527495741,847.6571886035521,2.492410128031287e-14,1.846360576702045e-14,2.5547119992222343e-14,0.0,1.0102192472837661e-13,1.2581716929867618e-14,False,21,True,1,False
1828,mechanistic_target,True,,solved,1,3750,7.403498138021752e-14,0.0024431527495741,847.6571886035521,3.633222921744838e-12,0.0,0.0,0.0,1.123201346016069e-15,0.0,False,0,True,1,False
1829,raw_prediction,True,13401400.0,solved,1,4000,6.750949288387532e-14,0.0011946836202513,1580.6868300184854,2.1686211854055063e-14,0.0,3.5959385634429275e-15,0.0,1.6962231634830926e-14,3.963056604393402e-15,False,29,True,1,False
1829,mechanistic_target,True,,solved,1,4975,6.750949288387532e-14,0.0011946836202513,1580.6868300184854,9.734077218490048e-13,0.0,0.0,0.0,1.1089307064378701e-13,0.0,False,0,True,1,False
1830,raw_prediction,True,57201400.0,solved,1,19425,8.966617073036651e-14,0.0006251974140185,4011.856115581421,7.401007847571685e-14,0.0,7.002852053297393e-15,0.0,6.19983220769552e-13,4.495386504160273e-15,False,24,True,1,False
1830,mechanistic_target,True,,solved,1,34375,8.966617073036651e-14,0.0006251974140185,4011.856115581421,5.369067128121063e-14,0.0,1.1916015272864544e-15,0.0,2.934123056311045e-13,8.030665554604603e-16,False,2,True,1,False
1831,raw_prediction,True,23099900.0,solved,1,8000,6.878805906043638e-14,0.0009763359444697,1970.823243036912,2.4785729024756623e-14,8.121293657530198e-16,1.0976302936413062e-15,0.0,1.31118764975563e-13,4.443381534755109e-16,False,34,True,1,False
1831,mechanistic_target,True,,solved,1,10925,6.878805906043638e-14,0.0009763359444697,1970.823243036912,2.5750729290327352e-14,0.0,0.0,0.0,5.4788237940590414e-15,0.0,False,0,True,1,False
1832,raw_prediction,True,54826900.0,solved,1,21175,6.433981272329057e-14,0.0015631202806537,1151.3869242721587,2.3196722320761864e-14,0.0,0.0,0.0,8.158375644536232e-15,1.7514634026301852e-16,False,2,True,1,False
1832,mechanistic_target,True,,solved,1,20725,6.433981272329057e-14,0.0015631202806537,1151.3869242721587,2.0819530987657567e-14,0.0,0.0,0.0,7.279339235354047e-15,1.8385842996822564e-20,False,3,True,1,False
1833,raw_prediction,True,251516000.0,solved inaccurate,2,100000,8.300808574313517e-14,0.0006534568291343,3553.345165595702,2.5580156003341662e-14,1.5860055924619802e-15,2.2411512376011283e-15,0.0,1.592432928559523e-13,1.3821960035443193e-15,False,21,True,1,False
1833,mechanistic_target,True,,solved,1,10850,8.300808574313517e-14,0.0006534568291343,3553.345165595702,4.8158904687799564e-14,0.0,1.852824785206008e-14,0.0,9.868134228716623e-14,7.509865683913088e-15,False,2,True,1,False
1834,raw_prediction,True,9610600.0,solved,1,2750,7.356775144622396e-14,0.0018476345858899,1113.795086266082,1.2906262933050564e-14,0.0,9.504263036241062e-15,0.0,4.740503888587623e-14,3.251620325665124e-15,False,24,True,1,False
1834,mechanistic_target,True,,solved,1,2425,7.356775144622396e-14,0.0018476345858899,1113.795086266082,9.245995411839275e-11,0.0,0.0,0.0,7.438641656827142e-15,0.0,False,0,True,1,False
1835,raw_prediction,True,9687500.0,solved,1,2275,6.951557168278649e-14,0.0017087683030096,1137.9752529105035,1.980013375479928e-14,9.702188037568464e-16,1.3389754976072041e-14,0.0,2.94456284173183e-14,6.146565411329918e-15,False,23,True,1,False
1835,mechanistic_target,True,,solved,1,14075,6.951557168278649e-14,0.0017087683030096,1137.9752529105035,3.402891852781843e-13,0.0,0.0,0.0,3.0333345815503597e-15,0.0,False,0,True,1,False
1836,raw_prediction,True,13114100.0,solved,1,3850,5.891118119409547e-14,0.0018055610201252,912.6819441185548,1.0991025101028152e-14,0.0,2.9177296497368304e-17,0.0,5.2537983975188784e-14,1.8941178140980515e-16,False,11,True,1,False
1836,mechanistic_target,True,,solved,1,14275,5.891118119409547e-14,0.0018055610201252,912.6819441185548,4.4955293075059554e-14,0.0,0.0,0.0,5.888883857066393e-15,0.0,False,0,True,1,False
1837,raw_prediction,True,7268700.0,solved,1,1400,6.136468650467334e-14,0.0027902100956453,615.1988466567828,2.0854562531446965e-14,6.140117966445805e-14,8.648395369832368e-14,0.0,3.973700146079621e-14,7.82358313356052e-14,False,21,True,1,False
1837,mechanistic_target,True,,solved,1,3075,6.136468650467334e-14,0.0027902100956453,615.1988466567828,7.532057332439495e-13,0.0,0.0,0.0,5.876201717037796e-16,0.0,False,0,True,1,False
1838,raw_prediction,True,13958300.0,solved,1,4000,7.07295263402397e-14,0.0014963146077008,1322.244388178044,3.260759717793604e-14,1.2516070744306694e-15,1.5812628215464988e-14,0.0,9.323505990973339e-15,1.617883328911527e-14,False,16,True,1,False
1838,mechanistic_target,True,,solved,1,4025,7.07295263402397e-14,0.0014963146077008,1322.244388178044,3.1852388960069753e-13,0.0,0.0,0.0,6.073456418427047e-14,0.0,False,0,True,1,False
1839,raw_prediction,True,12985500.0,solved,1,3275,8.949570521844883e-14,0.0013208670634203,1895.2957212355925,1.0698979598462731e-14,0.0,2.5670678297242747e-15,0.0,1.258577110456088e-13,1.0360220631332457e-15,False,19,True,1,False
1839,mechanistic_target,True,,solved,1,5300,8.949570521844883e-14,0.0013208670634203,1895.2957212355925,9.162741949615308e-14,0.0,0.0,0.0,5.786413638789825e-15,0.0,False,0,True,1,False
1840,raw_prediction,True,50157600.0,solved,1,19950,8.053507887863423e-14,0.0015580225189716,1445.9233009130912,4.1644740315440704e-14,0.0,1.4069324347908122e-15,0.0,3.827935102102663e-14,5.972310253131017e-17,False,7,True,1,False
1840,mechanistic_target,True,,solved,1,3675,8.053507887863423e-14,0.0015580225189716,1445.9233009130912,4.227793023335617e-13,0.0,0.0,0.0,9.115834966680663e-14,0.0,False,0,True,1,False
1841,raw_prediction,True,9989000.0,solved,1,2475,6.71479843329931e-14,0.0013623939758282,1378.6821866832342,1.765866099179281e-13,0.0,5.870442793002765e-14,0.0,1.5326862797657124e-13,3.592694800997002e-14,False,33,True,1,False
1841,mechanistic_target,True,,solved,1,5475,6.71479843329931e-14,0.0013623939758282,1378.6821866832342,2.940325464636694e-14,0.0,0.0,0.0,6.109445337767763e-15,0.0,False,0,True,1,False
1842,raw_prediction,True,4959800.0,solved,1,450,5.71228423874463e-14,0.0024016285524078,665.3311695012161,5.661690819764875e-16,0.0,1.5522047460422628e-14,0.0,3.079332102356892e-13,3.1047420902916575e-14,False,17,True,1,False
1842,mechanistic_target,True,,solved,1,7625,5.71228423874463e-14,0.0024016285524078,665.3311695012161,1.4993444449282406e-13,0.0,0.0,0.0,8.913070630606742e-16,0.0,False,0,True,1,False
1843,raw_prediction,True,79012100.0,solved,1,31875,9.363799218462265e-14,0.0006057243321226,4324.251767384492,1.3831015878172963e-14,1.5022964152982566e-17,4.510557697250927e-15,0.0,6.090667160094423e-14,8.251874149992734e-16,False,21,True,1,False
1843,mechanistic_target,True,,solved,1,25900,9.363799218462265e-14,0.0006057243321226,4324.251767384492,4.068984653519316e-14,0.0,0.0,0.0,5.0063417209430506e-15,1.6812099681653377e-21,False,3,True,1,False
1844,raw_prediction,True,5977300.0,solved,1,900,5.742978103670538e-14,0.0028797720288292,557.844235752767,1.0049226703901727e-14,1.0919917457795266e-14,1.455940456333696e-14,0.0,5.723131633403796e-13,1.1146419409249179e-14,False,22,True,1,False
1844,mechanistic_target,True,,solved,1,4300,5.742978103670538e-14,0.0028797720288292,557.844235752767,7.766827551254787e-13,0.0,0.0,0.0,5.758675399977271e-15,0.0,False,0,True,1,False
